t_s,M_px,Rg_px,R95seed_px,Rmaxseed_px,circ_cx_px,circ_cy_px,circ_R_px,circ_R_raw_px,edge,n_comp
0.0,0.0,0.0,0.0,0.0,0.0,0.0,0.0,0.0,0.0,0.0
0.5,0.0,0.0,0.0,0.0,0.0,0.0,0.0,0.0,0.0,0.0
1.0,0.0,0.0,0.0,0.0,0.0,0.0,0.0,0.0,0.0,0.0
1.5,0.0,0.0,0.0,0.0,0.0,0.0,0.0,0.0,0.0,0.0
2.0,0.0,0.0,0.0,0.0,0.0,0.0,0.0,0.0,0.0,0.0
2.5,0.0,0.0,0.0,0.0,0.0,0.0,0.0,0.0,0.0,0.0
3.0,0.0,0.0,0.0,0.0,0.0,0.0,0.0,0.0,0.0,0.0
3.5,0.0,0.0,0.0,0.0,0.0,0.0,0.0,0.0,0.0,0.0
4.0,0.0,0.0,0.0,0.0,0.0,0.0,0.0,0.0,0.0,0.0
4.5,1016.0,27.986745703048793,63.01383787814044,72.78049189171504,483.0,341.0,45.7056770324707,45.7056770324707,0.0,2.0
5.0,1763.0,32.1866022663489,69.25749002759044,79.30952023559341,488.5127258300781,339.1963195800781,47.93435424620019,49.927490234375,0.0,1.0
5.5,3415.0,36.940216467411304,72.20110105315815,83.19855767980596,480.0252685546875,347.48809814453125,50.163031459929684,61.5198974609375,0.0,1.0
6.0,4981.0,41.26472125937116,77.52418977325722,88.45903006477066,482.8943786621094,351.038330078125,52.391708673659174,69.14817810058594,0.0,1.0
6.5,7474.0,46.8782975712665,81.78630692236935,93.40770846134703,477.5,342.5,54.620385887388665,80.70016479492188,0.0,1.0
7.0,8946.0,49.012687235761035,84.71717653463199,98.0612053770501,477.0,342.5,56.849063101118155,83.66759490966797,0.0,1.0
7.5,10149.0,50.51757803650447,86.28441342444185,98.84331034521254,476.5,338.5,59.077740314847645,85.70015716552734,0.0,1.0
8.0,11562.0,52.17570169625905,88.02272433866155,102.61091559868278,476.1996765136719,338.0523986816406,61.306417528577136,88.74987030029297,0.0,1.0
8.5,12629.0,53.23942663261828,89.56003573022959,103.40696301506973,476.5,337.0,63.535094742306626,90.9465103149414,0.0,1.0
9.0,13700.0,54.50391063830313,91.35288681974885,105.38026380684383,476.616943359375,340.04144287109375,65.76377195603612,92.70518493652344,0.0,1.0
9.5,14641.0,56.027289158234815,92.69843580125827,102.95630140987001,474.5,344.0,67.99244916976562,95.34290313720703,0.0,1.0
10.0,15626.0,57.34454761384759,94.64142856064674,106.38138934982942,473.1795654296875,343.9421081542969,70.22112638349512,96.99653625488281,0.0,1.0
10.5,16563.0,58.62330048375246,96.33275663033837,109.45775440780794,473.3222351074219,342.2398376464844,72.44980359722462,99.92847442626953,0.0,1.0
11.0,17455.0,59.76433213752307,97.87951598441063,112.53888216967503,474.18341064453125,342.8135070800781,74.67848081095411,101.95401763916016,0.0,1.0
11.5,18313.0,60.96892360850169,99.76472322419383,112.61438629233834,473.2734375,342.35040283203125,76.90715802468361,103.080078125,0.0,1.0
12.0,19347.0,62.30521468053739,101.62775121483602,114.12712210513327,471.0652160644531,345.6558532714844,79.13583523841311,105.7799301147461,0.0,1.0
12.5,20137.0,63.365497050362805,103.07764064044152,115.91807451816995,471.0,348.0,81.3645124521426,107.54078674316406,0.0,1.0
13.0,20925.0,64.5142704497633,104.80935072788114,118.37651794169315,471.5,349.0,83.5931896658721,108.79463195800781,0.0,1.0
13.5,21855.0,65.80644020902768,106.85036265731624,120.07081243999309,470.0638732910156,350.3908386230469,85.8218668796016,111.26971435546875,0.0,1.0
14.0,22763.0,67.16121175130048,108.5200440906045,122.2620137246234,473.63616943359375,342.12542724609375,88.0505440933311,112.63511657714844,0.0,1.0
14.5,23184.0,67.83744093194709,109.11003620199197,121.92620719107111,473.5,345.5,90.2792213070606,113.85307312011719,0.0,1.0
15.0,23907.0,68.9790372234269,110.60289327137876,123.68508398347798,474.5,346.5,92.50789852079009,116.37234497070312,0.0,1.0
15.5,24592.0,69.78398676264385,111.97923894896913,126.28935030318273,473.5,348.5,94.73657573451959,120.17705535888672,0.0,1.0
16.0,25209.0,70.63636492841226,113.07077429645558,129.1239714383042,475.0,348.0,96.96525294824909,121.4579086303711,0.0,1.0
16.5,25861.0,71.44115524180943,114.21471008587291,130.11533345459327,476.0,343.0,99.19393016197859,123.0326156616211,0.0,1.0
17.0,26536.0,72.30426563598255,115.26057435220423,132.23085872821065,475.0,348.5,101.42260737570808,124.47198486328125,0.0,1.0
17.5,28041.0,74.88850898876233,120.50311199301038,148.49915824677257,474.8021545410156,347.5995178222656,103.65128458943758,126.49088287353516,0.0,1.0
18.0,28906.0,75.9420967838575,122.01639234135715,149.91330828182,475.8931884765625,348.4658508300781,105.87996180316708,127.710205078125,0.0,1.0
18.5,28784.0,75.05833056075542,118.53269591129698,137.7679207943562,474.5495910644531,350.681884765625,108.10863901689657,130.2160186767578,0.0,1.0
19.0,30529.0,77.84701062907806,123.97580409095961,150.6950563223625,473.02490234375,352.0162353515625,110.33731623062607,132.93788146972656,0.0,1.0
19.5,31190.0,78.75804246567004,125.03419530689256,149.96666296213968,472.7799377441406,353.2052001953125,112.56599344435557,133.96063232421875,0.0,1.0
20.0,32405.0,80.71617203400682,130.034610777285,163.44418007380992,478.6217346191406,344.0791931152344,114.79467065808507,137.74285888671875,0.0,1.0
20.5,32925.0,80.89227572761722,128.3160161476345,153.48289807011074,477.5680847167969,344.1742248535156,117.02334787181456,138.69125366210938,0.0,1.0
21.0,34287.0,83.17694074762206,134.2091650140435,165.0242406436097,478.2217712402344,344.4708557128906,119.25202508554406,140.20045471191406,0.0,1.0
21.5,34919.0,83.62040693103931,133.30678879175449,163.63679292872982,476.9430847167969,345.2610778808594,121.48070229927356,141.70269775390625,0.0,1.0
22.0,35505.0,84.48663043638645,135.35878250043476,165.07574019219177,477.6185607910156,348.962158203125,123.70937951300306,142.99526977539062,0.0,1.0
22.5,35949.0,84.4670494144404,134.08206442324789,156.31058825300352,477.5107116699219,350.85943603515625,125.93805672673255,144.0774383544922,0.0,1.0
23.0,36797.0,85.88371294443193,137.44089638822936,164.7573974060042,477.18603515625,354.64910888671875,128.16673394046205,146.38059997558594,0.0,1.0
23.5,37524.0,86.71602035941383,138.10286011975936,165.0242406436097,477.2421569824219,354.9873962402344,130.39541115419155,146.52438354492188,0.0,1.0
24.0,38326.0,87.68034404627629,139.74262055650738,171.20747647226156,480.4814453125,354.36456298828125,132.62408836792105,149.64678955078125,0.0,1.0
24.5,38923.0,88.34643882282033,140.75581667308026,171.0263137648707,480.3314514160156,356.4229431152344,134.85276558165054,151.03013610839844,0.0,1.0
25.0,39622.0,89.32164771693529,143.0314650697531,172.42969581832475,477.8626403808594,359.7005920410156,137.08144279538004,156.2565155029297,0.0,1.0
25.5,40115.0,89.76882041430542,143.0873858870865,171.64206943520577,478.1401672363281,361.0020751953125,139.31012000910954,156.86793518066406,0.0,1.0
26.0,40933.0,90.80613232935863,145.24806367039804,173.5655495770978,479.5,360.0,141.53879722283904,159.142333984375,0.0,1.0
26.5,41459.0,91.20948122070027,145.27904184706065,173.76996288196645,478.40679931640625,364.4128112792969,143.76747443656853,159.33633422851562,0.0,1.0
27.0,42073.0,91.93018678788572,146.22722010277425,173.5655495770978,478.40679931640625,364.4128112792969,145.99615165029803,159.33633422851562,0.0,1.0
27.5,42595.0,92.56841238821252,147.26235079363326,173.9798838946618,477.8089294433594,364.7357482910156,148.22482886402753,160.08114624023438,0.0,1.0
28.0,43245.0,93.39455594237724,148.33745312630927,175.17134468856486,477.4650573730469,364.6035461425781,150.45350607775703,161.66351318359375,0.0,1.0
28.5,43914.0,94.0682197401616,148.4082207965583,175.6160584912439,477.5966796875,365.1282653808594,152.68218329148652,161.91128540039062,0.0,1.0
29.0,44519.0,94.8928685062431,150.04732585422062,177.02542190318317,477.9359130859375,366.28350830078125,154.91086050521602,162.50978088378906,0.0,1.0
29.5,44915.0,95.24489194476271,150.08331019803634,177.04519197086375,477.9359130859375,366.28350830078125,157.13953771894552,162.50978088378906,0.0,1.0
30.0,45430.0,95.89455279514061,151.21177202850313,177.2935419015594,476.5265197753906,366.35498046875,159.36821493267502,164.37388610839844,0.0,1.0
30.5,45778.0,96.23525217719506,151.5585695366646,180.17769007288334,478.9033203125,357.4339904785156,161.5968921464045,165.03419494628906,0.0,1.0
31.0,46417.0,96.9473626617095,152.7612516314265,181.0994202089007,479.34075927734375,353.7779235839844,163.825569360134,165.77755737304688,0.0,1.0
31.5,47091.0,97.50377934925983,153.16004700965587,181.22361876973983,478.5,353.0,166.0542465738635,167.0906524658203,0.0,1.0
32.0,47282.0,97.945682981019,153.83757668398187,186.26862323000083,481.0,353.5,168.282923787593,169.6357421875,0.0,1.0
32.5,47796.0,98.3398370013818,154.1557653803451,186.3866948041088,481.0,354.5,169.77716064453125,169.77716064453125,0.0,1.0
33.0,48511.0,99.49069188455226,156.259399717265,187.61929538296428,481.5,354.5,170.27194213867188,170.27194213867188,0.0,1.0
33.5,48999.0,99.91838575818062,157.47063218263906,189.38056922503955,482.5,354.5,171.2615966796875,171.2615966796875,0.0,1.0
34.0,49479.0,100.3373705487096,157.62296786953354,189.38056922503955,482.0,354.5,171.7564697265625,171.7564697265625,0.0,1.0
34.5,49839.0,100.76035362284169,158.11388300841898,189.51780918953236,482.0,355.5,171.90196228027344,171.90196228027344,0.0,1.0
35.0,50389.0,101.15114357746606,158.4455742518547,189.51780918953236,481.0,355.5,172.89097595214844,172.89097595214844,0.0,1.0
35.5,50795.0,101.6616303915246,159.3643623900902,190.4442175546425,481.0,355.0,173.80746459960938,173.80746459960938,0.0,1.0
36.0,51009.0,101.87510090132676,159.53620272146122,190.51509126575775,481.0,355.5,173.88009643554688,173.88009643554688,0.0,1.0
36.5,51364.0,102.21986700490507,160.0124995117569,190.4442175546425,481.0,355.5,173.88009643554688,173.88009643554688,0.0,1.0
37.0,51779.0,102.52706698923687,160.5801980320114,191.26160095534075,481.5,353.5,174.09347534179688,174.09347534179688,0.0,1.0
37.5,51951.0,102.83521579938059,161.01086919083804,191.3164917094185,481.5,354.0,174.1616668701172,174.1616668701172,0.0,1.0
38.0,51693.0,103.14531463265656,161.38463371709216,191.26160095534075,481.5,354.0,174.1616668701172,174.1616668701172,0.0,3.0
38.5,52553.0,103.34613746153654,161.7930777258409,192.26024029944412,482.0,353.5,174.5889129638672,174.5889129638672,0.0,1.0
39.0,52854.0,103.62292357666539,162.04937519163718,192.26024029944412,482.0,353.5,174.5889129638672,174.5889129638672,0.0,1.0
39.5,53015.0,103.85579609420812,161.97191108951588,192.16659439142902,482.0,353.5,174.5889129638672,174.5889129638672,0.0,1.0
40.0,53262.0,104.22966275611141,162.85576440519384,193.0932417253385,482.5,351.5,174.82716369628906,174.82716369628906,0.0,1.0
40.5,53719.0,104.56042235722072,162.98588891817855,192.26024029944412,482.5,351.5,174.82716369628906,174.82716369628906,0.0,1.0
41.0,54070.0,104.9031323007057,163.24827717314508,192.31484602078956,482.5,351.5,174.82716369628906,174.82716369628906,0.0,1.0
41.5,54435.0,105.210051365791,164.16302857616748,192.37463450257678,482.5,351.5,174.82716369628906,174.82716369628906,0.0,1.0
42.0,54739.0,105.52972827832538,164.34719346554112,191.3765920900464,482.5,351.5,174.82716369628906,174.82716369628906,0.0,1.0
42.5,54970.0,105.82055582221697,164.91103656069612,191.3765920900464,482.5,351.5,174.82716369628906,174.82716369628906,0.0,1.0
43.0,55343.0,106.06096780390203,165.38742394752995,191.84629264074925,482.5,351.5,174.82716369628906,174.82716369628906,0.0,1.0
43.5,55621.0,106.34251294087935,165.55965692160635,192.3018460649819,482.5,351.5,174.82716369628906,174.82716369628906,0.0,1.0
44.0,55426.0,106.79888790161705,166.71232707871366,192.75113488641253,482.5,351.5,174.82716369628906,174.82716369628906,0.0,3.0
44.5,55648.0,107.03482889025635,166.81516715162468,194.09533739891847,482.5,351.5,174.82716369628906,174.82716369628906,0.0,1.0
45.0,56359.0,107.35343995800348,167.388171471618,195.4405280385826,482.5,351.5,174.82716369628906,174.82716369628906,0.0,1.0
45.5,56548.0,107.55246767345582,167.69317219254933,195.88006534611938,482.5,351.5,174.82716369628906,174.82716369628906,0.0,1.0
46.0,55854.0,106.82985238141211,166.1114083980989,196.33135256499406,482.5,351.5,174.82716369628906,174.82716369628906,0.0,1.0
46.5,56446.0,108.16739490052883,169.04733065032408,197.6689151080665,482.5765380859375,350.88232421875,174.8282928466797,174.8282928466797,0.0,1.0
47.0,56835.0,108.39178676083831,169.10647533432893,198.12369873389704,482.6443176269531,350.3353271484375,174.8311004638672,174.8311004638672,0.0,1.0
47.5,57345.0,108.61429494393211,169.29559947027565,198.15650380444242,482.66534423828125,350.1656494140625,174.8323516845703,174.8323516845703,0.0,1.0
48.0,57690.0,109.01457045463897,169.72124181336187,198.15650380444242,482.66534423828125,350.1656494140625,174.8323516845703,174.8323516845703,0.0,1.0
48.5,58066.0,109.38293457661189,170.2233823434927,199.06029237394384,482.7821350097656,349.2232666015625,174.84219360351562,174.84219360351562,0.0,1.0
49.0,58394.0,109.80986924526775,171.1636643683466,199.80990966416056,482.8292541503906,348.84283447265625,174.84767150878906,174.84767150878906,0.0,1.0
49.5,58824.0,110.20117596257609,171.63857355136258,202.07176942858692,482.9083251953125,348.2049865722656,174.8586883544922,174.8586883544922,0.0,1.0
50.0,59173.0,110.63233561196328,171.95638982020995,204.24005483743878,483.2377014160156,345.7603759765625,174.9491729736328,174.9491729736328,0.0,1.0
50.5,59651.0,111.17092559564452,172.41809649801846,205.54804791094466,482.9361267089844,344.5008544921875,175.48849487304688,175.48849487304688,0.0,1.0
51.0,59978.0,111.52079655866258,173.0028901492689,206.4097865896867,482.8154296875,343.6402893066406,175.77793884277344,175.77793884277344,0.0,1.0
51.5,59816.0,112.12520872581666,174.01149387324966,208.47062143141417,482.48773193359375,341.6040344238281,176.51904296875,176.51904296875,0.0,1.0
52.0,60764.0,112.5331210848449,174.24408167854654,209.78083801910984,482.2938232421875,340.2831115722656,176.9927978515625,176.9927978515625,0.0,1.0
52.5,60577.0,113.03864478608244,175.31685600648902,211.85136298829894,482.4723815917969,338.8123474121094,177.87303161621094,177.87303161621094,0.0,1.0
53.0,61539.0,113.46065873346501,175.80329904018615,213.3565091577944,482.42010498046875,337.8543701171875,178.676025390625,178.676025390625,0.0,1.0
53.5,60945.0,113.81546792147995,176.6131364861664,215.42516101885593,482.8314208984375,336.6725158691406,179.61863708496094,179.61863708496094,0.0,1.0
54.0,61258.0,114.29887687064303,177.341478509682,216.8363438171747,483.5498046875,336.4274597167969,180.36386108398438,180.36386108398438,0.0,1.0
54.5,61649.0,114.73937453741642,178.05897899291685,219.75440837443966,484.3148498535156,335.0473327636719,181.715087890625,181.715087890625,0.0,1.0
55.0,62204.0,115.23358620145872,178.3704011320264,220.51077071199947,484.7475891113281,334.9881591796875,182.11944580078125,182.11944580078125,0.0,1.0
55.5,62681.0,115.57607034681304,178.96647730790255,222.02927734873165,485.77490234375,335.056884765625,182.975830078125,182.975830078125,0.0,1.0
56.0,62929.0,116.0366263055729,179.44637081869334,221.50395030337495,486.19915771484375,335.5779113769531,183.08621215820312,183.08621215820312,0.0,1.0
56.5,63275.0,116.34367653981064,179.80155726106568,221.73181999884454,486.95794677734375,336.5097351074219,183.28961181640625,183.28961181640625,0.0,1.0
57.0,64287.0,116.72549267816223,180.33579788827288,222.48145990171855,487.9388427734375,337.5465087890625,183.896728515625,183.896728515625,0.0,1.0
57.5,64791.0,117.16914651232472,181.1767093199344,223.14345161801185,488.98040771484375,338.16375732421875,184.3313446044922,184.3313446044922,0.0,1.0
58.0,64519.0,117.69277770335727,181.89282558693733,223.23306206742762,489.18267822265625,339.0196228027344,184.9387969970703,184.9387969970703,0.0,1.0
58.5,64728.0,118.02934447830152,182.3896926912264,223.23306206742762,488.9772033691406,339.8294982910156,185.6865692138672,185.6865692138672,0.0,1.0
59.0,65150.0,118.41814691428715,182.60887163552596,223.14345161801185,489.5303039550781,341.16455078125,186.3430938720703,186.3430938720703,0.0,1.0
59.5,65549.0,118.79502456109316,183.14202139323461,222.91253890259293,489.4580993652344,341.6669616699219,186.77325439453125,186.77325439453125,0.0,1.0
60.0,65981.0,119.18902819190441,183.412104289766,223.0425968284982,488.96026611328125,342.1663818359375,187.47605895996094,187.47605895996094,0.0,1.0
60.5,66453.0,119.51450044331644,183.62461696492116,223.0425968284982,487.9803466796875,342.1595764160156,188.1050262451172,188.1050262451172,0.0,1.0
61.0,66725.0,119.83814621175098,184.20097719610501,225.08887133752305,487.6864013671875,340.9089050292969,189.25643920898438,189.25643920898438,0.0,1.0
61.5,67139.0,120.24154913854201,184.35346483685063,227.9056822459677,485.9918518066406,339.084716796875,191.48511642271387,191.74191284179688,0.0,1.0
62.0,67708.0,120.74438868013044,185.15128949051368,230.99134182908242,485.0872497558594,337.0872497558594,193.71379363644337,193.85928344726562,0.0,1.0
62.5,68128.0,121.18494407542863,185.41305239923105,233.03218661807213,484.75250244140625,335.7525329589844,195.10455322265625,195.10455322265625,0.0,1.0
63.0,68569.0,121.5567835015927,186.09674903124989,233.32380932943812,484.3009948730469,335.5887451171875,195.5168914794922,195.5168914794922,0.0,1.0
63.5,68994.0,122.1327617359633,186.9447779382259,233.66856870362346,483.7588195800781,335.376220703125,196.1156463623047,196.1156463623047,0.0,1.0
64.0,69559.0,122.62634357883051,187.55265927200287,234.4397577204003,483.77587890625,335.3147888183594,196.81558227539062,196.81558227539062,0.0,1.0
64.5,70285.0,122.9427418071474,188.28807713141396,236.76359517459605,484.2655944824219,334.1851501464844,197.921875,197.921875,0.0,1.0
65.0,70674.0,123.38880498598789,188.95766721676048,238.32121181296472,484.1600646972656,333.6167907714844,199.08534240722656,199.08534240722656,0.0,1.0
65.5,71056.0,123.71705050493276,189.76301009416983,239.10248848558643,484.1830139160156,333.55389404296875,199.78994750976562,199.78994750976562,0.0,1.0
66.0,71214.0,124.14831928442302,190.37331745809337,239.88538930080756,484.126708984375,333.49334716796875,200.5487823486328,200.5487823486328,0.0,1.0
66.5,71076.0,124.54894871685319,190.93978108293726,240.66989840858787,483.5836486816406,333.0375671386719,201.31430053710938,201.31430053710938,0.0,1.0
67.0,71481.0,124.99834109941048,191.94269978303421,241.91320757660174,483.67742919921875,332.6773986816406,202.260009765625,202.260009765625,0.0,1.0
67.5,72038.0,125.49119569441686,192.85486771144772,242.53865671269807,483.5345458984375,333.07666015625,203.3026885986328,203.3026885986328,0.0,1.0
68.0,72417.0,125.93166900913037,193.43732835210477,242.69528219559604,482.79296875,333.17059326171875,203.97201538085938,203.97201538085938,0.0,1.0
68.5,72872.0,126.37465449761733,194.61474762582958,242.00206610688264,484.0212707519531,334.3861083984375,204.1198272705078,204.1198272705078,0.0,1.0
69.0,73876.0,126.73648182282989,194.85892332659543,241.0082986123092,483.90985107421875,335.18804931640625,204.80953979492188,204.80953979492188,0.0,1.0
69.5,73799.0,127.30865661952788,196.02295783912658,240.41630560342617,485.75341796875,336.9999084472656,205.05413818359375,205.05413818359375,0.0,1.0
70.0,74261.0,127.78485719467426,196.8146336022807,240.6200324162558,486.36187744140625,338.04620361328125,205.4930877685547,205.4930877685547,0.0,1.0
70.5,74745.0,128.2831143167393,197.7154520789678,242.09502266672067,487.5061950683594,339.4280090332031,205.87274169921875,205.87274169921875,0.0,1.0
71.0,75901.0,128.73366325905184,198.66806487203723,244.1823089414956,489.4028015136719,340.4786376953125,206.79681396484375,206.79681396484375,0.0,1.0
71.5,75493.0,129.1505693074623,199.23353093504969,244.85914318236107,490.34771728515625,340.987060546875,207.21127319335938,207.21127319335938,0.0,1.0
72.0,75968.0,129.56157913826368,199.9173578936866,245.66033460858105,490.84014892578125,341.46868896484375,208.0752716064453,208.0752716064453,0.0,1.0
72.5,76428.0,130.0209832035475,200.6363625748932,246.95141222515818,490.8700866699219,341.1614074707031,209.0729522705078,209.0729522705078,0.0,1.0
73.0,76943.0,130.48235693634098,201.42740627829173,247.7458375028731,491.4676208496094,341.7653503417969,209.9551544189453,209.9551544189453,0.0,1.0
73.5,77455.0,130.9013443794526,202.25231766286387,248.421013603922,491.5686950683594,341.9669494628906,210.70046997070312,210.70046997070312,0.0,1.0
74.0,77895.0,131.43707218894673,203.16003544004417,250.4595775769016,491.79705810546875,341.1937255859375,211.97071838378906,211.97071838378906,0.0,1.0
74.5,79120.0,131.868459404382,203.8062805705457,251.87298386289865,491.40716552734375,340.6519775390625,213.24420166015625,213.24420166015625,0.0,1.0
75.0,79057.0,132.35055540111867,204.35263639111682,253.20742485164214,490.8390197753906,339.76922607421875,214.2905731201172,214.2905731201172,0.0,1.0
75.5,79552.0,132.82361299667502,205.0609665440988,253.9310930154084,490.0124816894531,339.37261962890625,215.29689025878906,215.29689025878906,0.0,1.0
76.0,80054.0,133.2551155564508,205.7668583615933,256.00781238079435,489.867919921875,338.03924560546875,216.5135498046875,216.5135498046875,0.0,1.0
76.5,80358.0,133.58743021300913,206.20620747203515,255.98828098176682,489.424560546875,338.12774658203125,216.8865509033203,216.8865509033203,0.0,1.0
77.0,80711.0,133.99918399889717,206.7849124090053,257.390753524675,489.60455322265625,337.6141052246094,217.79644775390625,217.79644775390625,0.0,1.0
77.5,81193.0,134.47782640566444,207.4825293850063,258.0949437706985,489.0989074707031,337.3324279785156,218.68508911132812,218.68508911132812,0.0,1.0
78.0,81581.0,134.8611137875169,208.0600874747485,258.10269274069964,488.44232177734375,337.2648010253906,219.13836669921875,219.13836669921875,0.0,1.0
78.5,82073.0,135.17457457452525,208.47062143141417,258.10269274069964,487.9817199707031,337.33038330078125,219.51705932617188,219.51705932617188,0.0,1.0
79.0,83118.0,135.5609901631354,208.92582415776178,257.42183279589943,487.3169860839844,337.75689697265625,220.2926788330078,220.2926788330078,0.0,1.0
79.5,83142.0,135.96974793711811,209.46837470128995,258.10269274069964,486.5862731933594,338.2459716796875,221.15931701660156,221.15931701660156,0.0,1.0
80.0,83993.0,136.25024968246845,209.4597813391211,258.10269274069964,485.6310729980469,338.33154296875,221.911865234375,221.911865234375,0.0,1.0
80.5,84378.0,136.59230927573915,209.87615395751848,258.11818998280614,485.57275390625,338.8525390625,222.3121795654297,222.3121795654297,0.0,3.0
81.0,84876.0,137.03350842075895,210.63950246807934,258.897663179875,485.8640441894531,338.69134521484375,222.6399383544922,222.6399383544922,0.0,1.0
81.5,85415.0,137.3511293791534,210.8885961829136,261.0,485.3315124511719,337.48480224609375,224.26502990722656,224.26502990722656,0.0,1.0
82.0,85851.0,137.65959296961498,211.312564487823,261.72504656604804,485.6976623535156,337.4552001953125,224.69967651367188,224.69967651367188,0.0,3.0
82.5,86346.0,137.99841297047752,211.70144070321373,262.45190035509364,485.8134460449219,337.05181884765625,225.0452117919922,225.0452117919922,0.0,2.0
83.0,86840.0,138.39510410709772,212.26869764522513,263.1387466717891,487.2999572753906,338.1565246582031,225.49874877929688,225.49874877929688,0.0,3.0
83.5,87159.0,138.69510090500665,212.8497122384712,263.8275952208184,487.76458740234375,338.1484069824219,225.8652801513672,225.8652801513672,0.0,2.0
84.0,87461.0,138.99545317023424,213.45959805077868,263.8275952208184,487.5589294433594,339.2088928222656,226.7705535888672,226.7705535888672,0.0,4.0
84.5,87813.0,139.25060475651435,213.60852018000102,263.8275952208184,487.8564758300781,340.13079833984375,227.2290802001953,227.2290802001953,0.0,3.0
85.0,88442.0,139.61876574514636,214.35006414680993,264.55245226608656,489.06329345703125,341.0722351074219,227.8075714111328,227.8075714111328,0.0,2.0
85.5,88868.0,139.96017691054243,214.67021217454285,265.2413994835648,488.74639892578125,341.567138671875,229.0706329345703,229.0706329345703,0.0,2.0
86.0,89292.0,140.31435112224497,215.23010941780427,265.27909830968593,489.4532165527344,342.5,229.31878662109375,229.31878662109375,0.0,2.0
86.5,89660.0,140.63663830434004,215.74522010927612,265.9059984280159,488.8494873046875,342.0882263183594,230.03094482421875,230.03094482421875,0.0,2.0
87.0,90306.0,140.99946299542458,216.20592036297248,265.9059984280159,488.7065124511719,342.0869140625,230.12893676757812,230.12893676757812,0.0,2.0
87.5,90771.0,141.36092319787636,216.8363438171747,265.9059984280159,487.7667541503906,342.0784912109375,230.7743682861328,230.7743682861328,0.0,2.0
88.0,91249.0,141.7269951372605,217.4235497824465,266.58019431308094,488.7405090332031,342.6925048828125,231.1964874267578,231.1964874267578,0.0,2.0
88.5,91726.0,142.102619636676,217.81643647805828,267.2901045680517,488.374755859375,342.24554443359375,231.84716796875,231.84716796875,0.0,2.0
89.0,92058.0,142.3898606107984,218.40329667841556,268.7042984397533,488.84429931640625,341.8040771484375,232.61175537109375,232.61175537109375,0.0,2.0
89.5,92546.0,142.72796010863934,218.81956036881164,268.71546289709494,488.54022216796875,341.78631591796875,232.8267364501953,232.8267364501953,0.0,2.0
90.0,93022.0,143.07292813098587,219.25783908448975,269.4160351575236,488.5984802246094,341.7635803222656,233.46954345703125,233.46954345703125,0.0,2.0
90.5,93556.0,143.44329440681403,219.7208455648366,270.1184925176357,488.7038879394531,341.3424987792969,233.8009796142578,233.8009796142578,0.0,3.0
91.0,94001.0,143.8077684839515,220.04544985070697,270.84497410880635,488.4202575683594,340.8935546875,234.42160034179688,234.42160034179688,0.0,2.0
91.5,94424.0,144.13690739901142,220.61731573020282,271.56214758320056,488.3265380859375,340.391845703125,234.8621826171875,234.8621826171875,0.0,2.0
92.0,95157.0,144.55513764432604,221.21934815924217,271.56214758320056,487.9395751953125,340.38787841796875,235.13916015625,235.13916015625,0.0,2.0
92.5,95743.0,145.01586536106436,221.8461178291956,272.2590678012396,489.4709777832031,342.0234375,235.9020233154297,235.9020233154297,0.0,2.0
93.0,96429.0,145.42625084100203,222.49089855678997,273.0750812505601,491.1071472167969,343.2441101074219,236.5533447265625,236.5533447265625,0.0,2.0
93.5,96831.0,145.8788957340946,222.86991717113264,274.37201023428025,491.7775573730469,343.53466796875,237.50753784179688,237.50753784179688,0.0,2.0
94.0,97560.0,146.31515443987777,223.46364357541475,275.26895938336384,492.0144958496094,343.89923095703125,238.67218017578125,238.67218017578125,0.0,2.0
94.5,98144.0,146.78961358934217,224.03716198112622,277.9370432310166,491.2528381347656,342.1978454589844,240.4910888671875,240.4910888671875,0.0,2.0
95.0,98770.0,147.2650406121673,224.51057881534223,280.7650263120391,490.44183349609375,340.691162109375,242.719766080917,242.78216552734375,0.0,2.0
95.5,99529.0,147.7828315870525,225.20168735902567,282.17902119044925,490.5707092285156,339.90777587890625,243.54058837890625,243.54058837890625,0.0,2.0
96.0,100081.0,148.17246565002978,225.656819085974,284.27099746544667,490.2449951171875,338.90423583984375,245.13531494140625,245.13531494140625,0.0,2.0
96.5,100707.0,148.67973362088,226.38462845343543,284.2885857715712,489.9331970214844,339.0113830566406,245.44635009765625,245.44635009765625,0.0,2.0
97.0,101316.0,149.16230105777464,227.2003521124032,284.3132075722125,490.5892333984375,339.7130432128906,245.52389526367188,245.52389526367188,0.0,1.0
97.5,101959.0,149.64745042873972,227.86201965129388,286.44894833111186,490.0248107910156,338.471435546875,247.1530303955078,247.1530303955078,0.0,3.0
98.0,102686.0,150.05292077789377,228.32433072276814,287.14108030722457,490.6124572753906,339.2066345214844,247.96926879882812,247.96926879882812,0.0,2.0
98.5,103243.0,150.60487605117592,229.19205919926634,288.5550207499429,491.2121276855469,339.5696105957031,249.23184204101562,249.23184204101562,0.0,2.0
99.0,104022.0,151.1016966830678,229.83646359183973,289.2490276561012,492.64874267578125,340.9632873535156,249.94387817382812,249.94387817382812,0.0,2.0
99.5,104582.0,151.54383938838365,230.52114870440846,290.6286290096005,493.9258728027344,341.5581359863281,250.83473205566406,250.83473205566406,0.0,2.0
100.0,105020.0,151.95675901097954,231.21678139020554,290.6217472936256,493.8626403808594,342.0694885253906,251.24867248535156,251.24867248535156,0.0,2.0
100.5,105742.0,152.47156859979816,231.92455669894036,290.6286290096005,493.3544006347656,342.4187316894531,251.85203552246094,251.85203552246094,0.0,1.0
101.0,106330.0,152.87339022301373,232.1790257439477,289.9275771636772,493.29217529296875,342.7971496582031,252.16909790039062,252.16909790039062,0.0,2.0
101.5,106997.0,153.26801048221324,232.72515979154468,289.2766841624122,492.4818420410156,342.78192138671875,252.71697998046875,252.71697998046875,0.0,2.0
102.0,107668.0,153.6912417052652,233.45235059857504,288.6693610343848,492.3500671386719,343.0864562988281,253.0282745361328,253.0282745361328,0.0,2.0
102.5,108262.0,154.1514138139439,234.07904647789388,288.62432329933665,491.662109375,343.5752868652344,253.8568878173828,253.8568878173828,0.0,1.0
103.0,109036.0,154.65540444967309,234.91381397568415,289.35272592460575,489.4571228027344,344.4172668457031,255.99072265625,255.99072265625,0.0,2.0
103.5,109698.0,155.09807717031322,235.55254190944322,290.03792855418067,489.6537170410156,345.2732238769531,256.4720764160156,256.4720764160156,0.0,2.0
104.0,109972.0,155.60714351686352,236.23928547132036,291.3829095880539,489.7129821777344,344.83135986328125,256.77520751953125,256.77520751953125,0.0,2.0
104.5,110539.0,155.94883671243198,236.9155967850154,292.1044333795706,489.6837463378906,344.6896057128906,257.4118957519531,257.4118957519531,0.0,1.0
105.0,110918.0,156.3407417217651,237.403243444014,292.1044333795706,489.6837463378906,344.6896057128906,257.4118957519531,257.4118957519531,0.0,2.0
105.5,112103.0,156.7564578693252,237.84448700779257,292.7968579066381,489.24005126953125,344.6304931640625,258.3866271972656,258.3866271972656,0.0,1.0
106.0,112616.0,157.17920017786236,238.56707638165506,293.51831288694746,489.8291320800781,344.7804870605469,258.785400390625,258.785400390625,0.0,1.0
106.5,113412.0,157.67834736512958,239.30106560565082,294.27877939124323,489.3592224121094,344.3388366699219,259.5602722167969,259.5602722167969,0.0,1.0
107.0,114004.0,158.06765829224364,239.88538930080756,294.93219559756443,489.2393798828125,344.3102722167969,260.2940368652344,260.2940368652344,0.0,1.0
107.5,114740.0,158.61544747195111,240.66595105909747,295.7363690857112,488.98065185546875,343.7566833496094,260.8857116699219,260.8857116699219,0.0,2.0
108.0,115472.0,159.0089418432075,241.23018053303363,297.20026917888214,488.8074035644531,342.83673095703125,261.84716796875,261.84716796875,0.0,1.0
108.5,116107.0,159.4797651030027,241.95640094045206,297.9345565724124,488.87603759765625,342.3360595703125,262.1926574707031,262.1926574707031,0.0,2.0
109.0,116748.0,159.89466559600785,242.62110378118388,298.67038688159226,489.0354919433594,341.9451904296875,262.5487976074219,262.5487976074219,0.0,2.0
109.5,117157.0,160.46336679165051,243.11807823944443,299.4077487307234,488.3823547363281,341.38311767578125,263.3957214355469,263.3957214355469,0.0,2.0
110.0,118031.0,161.01116550119033,243.97745797511703,300.66592756745814,487.9369201660156,340.52850341796875,264.34136962890625,264.34136962890625,0.0,1.0
110.5,118571.0,161.41697758237814,244.72433471152803,302.3011743278547,488.0878601074219,339.46337890625,265.0802307128906,265.0802307128906,0.0,2.0
111.0,119775.0,161.72179703499572,244.97795816359366,302.8349385391322,488.7570495605469,339.9844665527344,265.5690002441406,265.5690002441406,0.0,2.0
111.5,120521.0,162.2041954506303,245.9044529893674,304.7950130825634,489.07769775390625,339.1326904296875,266.6582946777344,266.6582946777344,0.0,1.0
112.0,121197.0,162.7430573165802,246.75899173079793,305.6550343115585,488.7691650390625,338.6876220703125,267.390380859375,267.390380859375,0.0,1.0
112.5,122061.0,163.22433255678374,247.52373623553763,307.06513966909364,488.4710693359375,338.161865234375,268.593505859375,268.593505859375,0.0,1.0
113.0,122679.0,163.69847320124902,248.3646512690564,308.475282640279,487.91180419921875,337.36370849609375,269.7621765136719,269.7621765136719,0.0,1.0
113.5,122876.0,164.27249954005975,249.0501956466502,309.78218154051405,487.9754943847656,337.0614929199219,270.8022766113281,270.8022766113281,0.0,1.0
114.0,123368.0,164.70161922484775,249.83994876720575,310.4383996866367,488.0003967285156,337.03350830078125,271.4232482910156,271.4232482910156,0.0,2.0
114.5,124097.0,165.1156496663777,250.4595775769016,310.4383996866367,487.9113464355469,337.5428161621094,271.8649597167969,271.8649597167969,0.0,1.0
115.0,124769.0,165.56786743691046,251.08325310827547,311.1928662421425,487.9280090332031,337.1711730957031,272.32708740234375,272.32708740234375,0.0,1.0
115.5,125589.0,166.03422375523786,251.87298386289865,311.94871373352385,488.332763671875,337.48614501953125,273.05413818359375,273.05413818359375,0.0,2.0
116.0,126394.0,166.44438721629913,252.62640394051851,313.35921878891645,489.1062927246094,337.28070068359375,273.80340576171875,273.80340576171875,0.0,1.0
116.5,127099.0,166.95374115165325,253.39692184397188,314.33898899118446,488.760986328125,337.0401611328125,274.8282775878906,274.8282775878906,0.0,1.0
117.0,127788.0,167.41876609745748,254.01771591761076,315.74831749353785,488.95306396484375,336.6385498046875,275.8067626953125,275.8067626953125,0.0,2.0
117.5,128601.0,167.90375207340924,254.61539623518448,316.9369022376536,488.5306396484375,336.06182861328125,276.83575439453125,276.83575439453125,0.0,1.0
118.0,129308.0,168.30126035658856,255.3918557824427,318.90437438203946,488.996337890625,335.0956726074219,277.779052734375,277.779052734375,0.0,1.0
118.5,130100.0,168.7802482676165,255.89450951515158,320.887830869293,488.28662109375,333.8571472167969,279.3317565917969,279.3317565917969,0.0,1.0
119.0,130795.0,169.2299708521915,256.4566240127168,322.9643943223463,488.8470764160156,332.9129943847656,280.3424072265625,280.3424072265625,0.0,2.0
119.5,131661.0,169.69404412867524,257.2800031094527,325.2091634625322,488.5559997558594,331.8567199707031,281.9755554199219,281.9755554199219,0.0,2.0
120.0,132425.0,170.18491642857705,257.96317566660554,326.62057497959313,488.6530456542969,331.34344482421875,282.9429016113281,282.9429016113281,0.0,2.0
120.5,133311.0,170.68051928672546,258.5207922005501,328.2209621581169,488.4429626464844,330.54779052734375,284.04998779296875,284.04998779296875,0.0,2.0
121.0,134017.0,171.15050786979583,259.2103392712512,329.6316125616595,489.5115661621094,330.9498596191406,285.05010986328125,285.05010986328125,0.0,2.0
121.5,134804.0,171.63289380027402,260.2498799231231,331.6986584235758,490.0228271484375,330.11944580078125,286.1681823730469,286.1681823730469,0.0,1.0
122.0,135695.0,172.1116089638955,260.86260751443183,332.4530041975858,490.53271484375,330.5646057128906,286.9073181152344,286.9073181152344,0.0,2.0
122.5,136180.0,172.60945170946658,261.0787237583774,333.208643345277,489.66583251953125,330.1613464355469,287.92919921875,287.92919921875,0.0,2.0
123.0,137084.0,173.09479887043963,261.767072031606,335.9315406448165,490.4024658203125,328.9129333496094,289.2535705566406,289.2535705566406,0.0,2.0
123.5,137917.0,173.52273229610066,262.54523419784255,336.590255355083,491.0992431640625,329.1884765625,289.6612548828125,289.6612548828125,0.0,2.0
124.0,138776.0,174.01400818943625,263.0304164920856,336.68531301498734,492.0836486816406,330.48651123046875,290.05572509765625,290.05572509765625,0.0,4.0
124.5,139593.0,174.46300169258524,263.34236260926315,336.7862823809782,493.4800109863281,332.3904113769531,290.67132568359375,290.67132568359375,0.0,1.0
125.0,140467.0,174.9335391631555,264.41255643406953,337.4403651017465,495.22235107421875,333.8226318359375,291.2770690917969,291.2770690917969,0.0,2.0
125.5,141358.0,175.37397622682315,265.1900261862596,337.37960815674677,496.5078430175781,335.6048278808594,291.8897399902344,291.8897399902344,0.0,1.0
126.0,142165.0,175.90613090291208,265.80067720004024,338.92329515688357,496.66510009765625,335.0,292.8863220214844,292.8863220214844,0.0,1.0
126.5,143037.0,176.3359776209909,266.6927070618917,339.69692374232653,498.20458984375,336.28094482421875,293.736083984375,293.736083984375,0.0,1.0
127.0,143896.0,176.82480780931135,267.29291044915703,340.4717315725345,498.4717712402344,336.3863525390625,294.447998046875,294.447998046875,0.0,2.0
127.5,144880.0,177.31588592631593,268.06715576511795,340.77118422777477,499.3270568847656,337.6348571777344,295.31243896484375,295.31243896484375,0.0,2.0
128.0,145802.0,177.83031923552383,268.9386547151599,341.397129454833,500.3580322265625,338.513916015625,295.9988098144531,295.9988098144531,0.0,1.0
128.5,146525.0,178.31439114423955,269.9859255499462,341.397129454833,500.6524353027344,339.0082702636719,296.22027587890625,296.22027587890625,0.0,1.0
129.0,147213.0,178.71975300230787,269.675731203236,339.365584583941,500.061279296875,339.6269836425781,297.0693664550781,297.0693664550781,0.0,4.0
129.5,148385.0,179.26798616882982,271.7620282038323,341.55233859541937,500.0845947265625,339.4950866699219,297.1601867675781,297.1601867675781,0.0,1.0
130.0,149093.0,179.4839721461652,271.80618092126923,340.77118422777477,501.2496337890625,340.73583984375,297.4751892089844,297.4751892089844,0.0,2.0
130.5,149896.0,180.09986091465674,272.6407893181063,341.09382873338535,501.2496337890625,340.73583984375,297.4751892089844,297.4751892089844,0.0,1.0
131.0,150779.0,180.514181144686,273.40263349134,340.14702703389895,501.2496337890625,340.73583984375,297.4751892089844,297.4751892089844,0.0,2.0
131.5,151538.0,180.96798948128858,274.50746795986856,341.4747428434496,499.7823791503906,340.7543029785156,298.3543701171875,298.3543701171875,0.0,1.0
132.0,152452.0,181.48026709647723,274.8817927764587,341.4747428434496,499.4251708984375,340.7588195800781,298.56915283203125,298.56915283203125,0.0,2.0
132.5,153125.0,181.81116447829274,275.0770800980013,340.70808619696714,498.483154296875,340.7706298828125,299.13671875,299.13671875,0.0,2.0
133.0,154123.0,182.23733823344045,276.69694610022475,342.37406443829826,498.55255126953125,340.3859558105469,299.3981018066406,299.3981018066406,0.0,1.0
133.5,155108.0,182.70281985986165,277.18703071980076,342.7608495729931,498.5827331542969,340.2185974121094,299.5119323730469,299.5119323730469,0.0,1.0
134.0,155560.0,182.96596283185383,276.81221071332817,342.11693907200794,497.6418151855469,340.2145690917969,300.0921936035156,300.0921936035156,0.0,1.0
134.5,156582.0,183.38129358469828,278.0017985553331,342.8833620927093,497.6605529785156,340.10919189453125,300.163818359375,300.163818359375,0.0,1.0
135.0,156722.0,183.90897565310652,278.77230852435827,343.6509857398928,497.74920654296875,339.6102294921875,300.50341796875,300.50341796875,0.0,1.0
135.5,157691.0,184.23038335604423,279.0376318476717,343.6509857398928,497.59735107421875,339.60992431640625,300.5968322753906,300.5968322753906,0.0,1.0
136.0,158462.0,184.59501919899785,279.30807363912703,343.7819076100428,496.8847961425781,339.5,301.12115478515625,301.12115478515625,0.0,3.0
136.5,159153.0,184.94829650696008,280.36476235882566,344.6926166891307,496.9808654785156,338.8868103027344,301.5460205078125,301.5460205078125,0.0,1.0
137.0,159947.0,185.35633493613082,280.88680977250647,345.3259329966401,496.6474304199219,338.5,302.05609130859375,302.05609130859375,0.0,1.0
137.5,160379.0,185.68607277045106,281.22179856131345,345.70073763299956,496.2789001464844,338.31756591796875,302.4263610839844,302.4263610839844,0.0,1.0
138.0,160891.0,186.0201068808749,281.93970986719836,346.09969661934116,496.3271789550781,338.0,302.64739990234375,302.64739990234375,0.0,1.0
138.5,161960.0,186.44598720562539,282.46070523145545,346.7333269243094,495.7090759277344,337.741455078125,303.4393310546875,303.4393310546875,0.0,1.0
139.0,162177.0,186.7627649238505,282.64642223102703,347.10949281170633,495.53216552734375,337.6930847167969,303.8118896484375,303.8118896484375,0.0,1.0
139.5,163906.0,187.1071804537323,283.4872131155125,347.75278575447817,496.0339050292969,338.1896057128906,304.5111083984375,304.5111083984375,0.0,1.0
140.0,164466.0,187.4759663770596,283.97799210092836,348.644518098306,495.90252685546875,337.9637145996094,305.3534851074219,305.3534851074219,0.0,1.0
140.5,165409.0,187.8744226799443,284.3448610402516,348.91402952589914,495.61590576171875,338.2574768066406,306.09442138671875,306.09442138671875,0.0,1.0
141.0,166274.0,188.27616290817167,284.6928169097352,349.5482799271082,495.7625427246094,338.7476806640625,307.0062255859375,307.0062255859375,0.0,1.0
141.5,167472.0,188.69790539682157,285.4100558791887,350.9558376776201,495.8613586425781,338.23699951171875,307.947265625,307.947265625,0.0,1.0
142.0,167446.0,189.1623001144281,286.008304074247,351.5920931989228,496.4512634277344,338.5966491699219,308.4833984375,308.4833984375,0.0,2.0
142.5,168508.0,189.54078327890798,286.4210187817926,352.3634487287238,496.2689208984375,338.2402648925781,309.102294921875,309.102294921875,0.0,1.0
143.0,169230.0,189.83348540732325,286.88917712574346,353.0,496.5960998535156,338.3688049316406,309.6189270019531,309.6189270019531,0.0,2.0
143.5,170049.0,190.24559139387358,287.25598340156466,353.7711124441904,496.7631530761719,338.3891296386719,310.318603515625,310.318603515625,0.0,1.0
144.0,170429.0,190.65473941305217,287.80027797067885,355.0464758309819,496.86566162109375,337.767333984375,311.0039367675781,311.0039367675781,0.0,1.0
144.5,171360.0,191.0424745570206,288.3909672527971,355.6866598566778,496.775634765625,337.8870544433594,311.7756652832031,311.7756652832031,0.0,1.0
145.0,172181.0,191.4043384587153,289.0674661735561,355.6866598566778,496.9261169433594,338.0456237792969,311.8060302734375,311.8060302734375,0.0,2.0
145.5,172729.0,191.80412829742684,289.38348258591344,356.9719876965138,496.63104248046875,337.41314697265625,312.7471618652344,312.7471618652344,0.0,1.0
146.0,173524.0,192.12617230012202,289.917229567337,357.0952253951318,497.1507263183594,337.8493347167969,312.917724609375,312.917724609375,0.0,1.0
146.5,174586.0,192.55510454902037,290.6011011679068,359.5385931996731,496.5987243652344,336.6175231933594,314.8116149902344,314.8116149902344,0.0,2.0
147.0,175187.0,192.88391319499993,290.9931270666027,360.94597933762884,496.9131164550781,335.9193115234375,315.4725646972656,315.4725646972656,0.0,2.0
147.5,175898.0,193.2168570404781,291.3314263858261,363.1266996517882,496.3229675292969,334.8890686035156,317.2186584472656,317.2186584472656,0.0,2.0
148.0,176782.0,193.56562549830724,292.0359566902678,364.3967617858315,496.96453857421875,334.653076171875,317.8780517578125,317.8780517578125,0.0,1.0
148.5,177791.0,193.90972864069116,292.6585040623286,365.3080891521566,497.29168701171875,334.6143798828125,318.59344482421875,318.59344482421875,0.0,2.0
149.0,178288.0,194.27941679500066,292.9846412356798,365.9412521156914,497.5818786621094,334.751708984375,319.14007568359375,319.14007568359375,0.0,1.0
149.5,179109.0,194.6441802427661,293.6153946917634,367.00953666083393,498.080810546875,334.57281494140625,319.83233642578125,319.83233642578125,0.0,1.0
150.0,180080.0,195.03148062982015,294.2668856667362,369.04335788630584,498.4642028808594,333.6877136230469,320.91094970703125,320.91094970703125,0.0,1.0
150.5,180788.0,195.38992667033702,294.76083524462416,371.22769293251815,498.7950439453125,333.0655822753906,322.41015625,322.41015625,0.0,2.0
151.0,181677.0,195.80901556875486,295.10845463998487,371.22769293251815,498.9295959472656,333.5876770019531,322.7411804199219,322.7411804199219,0.0,1.0
151.5,182494.0,196.15082613472555,295.8239340526831,371.7109091753967,499.6297607421875,334.0125427246094,323.0823669433594,323.0823669433594,0.0,2.0
152.0,183284.0,196.53953366472413,296.3848849047468,372.34392703520757,499.6241149902344,333.9667663574219,323.66473388671875,323.66473388671875,0.0,2.0
152.5,184238.0,196.88963497868534,296.7237772744207,372.9785516621566,499.79766845703125,334.112548828125,324.2891540527344,324.2891540527344,0.0,2.0
153.0,185245.0,197.30795818163497,297.3153208227376,373.48360071092816,499.2138366699219,333.9886169433594,325.01153564453125,325.01153564453125,0.0,1.0
153.5,186112.0,197.67464430898414,298.0603965641863,374.7665940288702,499.4212951660156,333.8935852050781,326.0589904785156,326.0589904785156,0.0,1.0
154.0,186816.0,198.08579421993662,298.197920851236,375.41044204976504,498.90155029296875,333.4765930175781,326.6910095214844,326.6910095214844,0.0,1.0
154.5,187829.0,198.46619841026313,298.80428377116687,376.1754909613331,499.31536865234375,333.5389404296875,327.2557067871094,327.2557067871094,0.0,1.0
155.0,188653.0,198.9220997340987,299.4077487307234,377.58442764499705,500.0946044921875,334.1755676269531,328.6685485839844,328.6685485839844,0.0,1.0
155.5,189723.0,199.33333506456557,300.04166377354994,378.22876675366723,500.5491638183594,334.815673828125,329.5091857910156,329.5091857910156,0.0,1.0
156.0,189834.0,199.837869199825,300.6725793949292,378.9934036365277,501.7409973144531,335.7431335449219,330.2716064453125,330.2716064453125,0.0,1.0
156.5,191952.0,200.14422839949856,301.10629352439645,379.75913418902775,502.7594909667969,336.6589050292969,331.14544677734375,331.14544677734375,0.0,1.0
157.0,192868.0,200.61782860152667,301.8873962258113,380.6546991697331,502.6687316894531,336.0572509765625,331.6891174316406,331.6891174316406,0.0,1.0
157.5,193739.0,200.95578874492648,302.29952034364857,381.69359439215117,502.58087158203125,335.4911193847656,332.20233154296875,332.20233154296875,0.0,1.0
158.0,194959.0,201.91735976914393,302.66152712229547,383.64175997928066,502.1800231933594,334.29644775390625,333.409912109375,333.409912109375,0.0,1.0
158.5,197071.0,202.633067269814,303.0264014900352,385.7045501416855,501.588623046875,332.9903259277344,334.8185729980469,334.8185729980469,0.0,2.0
159.0,196915.0,202.88782009971663,303.63794229311986,386.35864167894573,501.657958984375,332.59112548828125,335.1055908203125,335.1055908203125,0.0,1.0
159.5,197426.0,203.03634944159086,304.2449670906653,386.9185960896684,501.71435546875,332.2667541503906,335.3388977050781,335.3388977050781,0.0,1.0
160.0,196676.0,202.91781998987526,304.59973736035954,386.8281272089712,501.71435546875,332.2667541503906,335.3388977050781,335.3388977050781,0.0,2.0
160.5,197649.0,203.3616666734543,305.60104711862493,387.6712524807585,501.797607421875,331.787841796875,335.6836853027344,335.6836853027344,0.0,1.0
161.0,198441.0,203.73230136420585,306.1976485866604,388.4250249404639,501.3296203613281,331.2840576171875,336.36468505859375,336.36468505859375,0.0,2.0
161.5,199236.0,204.14095964713695,306.35232980267506,388.329756778952,500.8830261230469,331.26397705078125,336.6371765136719,336.6371765136719,0.0,1.0
162.0,200114.0,204.52501451156593,306.6023483276017,387.5783791699429,499.55914306640625,331.204345703125,337.4471130371094,337.4471130371094,0.0,1.0
162.5,200962.0,204.91172765043345,307.6117683054405,388.2396167317292,499.5218200683594,331.4060363769531,337.625,337.625,0.0,1.0
163.0,202164.0,205.31545070724658,307.7865331637686,387.4906450483676,498.3110656738281,331.3170166015625,338.342041015625,338.342041015625,0.0,1.0
163.5,202968.0,205.69612818674105,308.58548248418947,387.5783791699429,498.6374816894531,332.33837890625,338.9080810546875,338.9080810546875,0.0,1.0
164.0,203770.0,206.031682738392,308.7005021051958,387.3306081372863,498.2591857910156,332.8377990722656,339.53363037109375,339.53363037109375,0.0,2.0
164.5,204764.0,206.4536013968222,309.23292192132453,387.25831172487443,497.6563415527344,333.5126953125,340.43829345703125,340.43829345703125,0.0,1.0
165.0,205643.0,206.82299513315627,309.78218154051405,387.4906450483676,497.42864990234375,333.49688720703125,340.57366943359375,340.57366943359375,0.0,1.0
165.5,206488.0,207.2529981444635,310.2310429303234,387.44806103528254,496.4725036621094,333.6221008300781,341.2889099121094,341.2889099121094,0.0,1.0
166.0,207542.0,207.5462136811176,310.9418755955758,387.98066962156764,496.7804870605469,333.97747802734375,341.35968017578125,341.35968017578125,0.0,1.0
166.5,208360.0,207.8979488554402,311.1334118991401,387.98066962156764,496.705322265625,333.9722595214844,341.4044189453125,341.4044189453125,0.0,1.0
167.0,209428.0,208.274032749611,311.54445909809755,387.98066962156764,495.9870910644531,334.0732116699219,341.9471740722656,341.9471740722656,0.0,1.0
167.5,210334.0,208.59878224351738,311.94871373352385,388.52541744395563,495.10736083984375,333.94573974609375,342.5333251953125,342.5333251953125,0.0,1.0
168.0,211195.0,208.95441703934947,312.7064118297914,389.08225351460067,494.1300354003906,333.540771484375,343.40643310546875,343.40643310546875,0.0,2.0
168.5,212366.0,209.2802722649045,313.19682309324145,389.74093959962687,493.3382568359375,333.07379150390625,344.2308044433594,344.2308044433594,0.0,1.0
169.0,211926.0,209.79867693096125,313.31294259892934,388.98971708774,492.9342041015625,333.22796630859375,344.6129455566406,344.6129455566406,0.0,1.0
169.5,213946.0,210.00020906043298,314.1591953134589,390.23198228745935,492.7868957519531,333.6003723144531,345.4795227050781,345.4795227050781,0.0,1.0
170.0,214694.0,210.33232176623966,314.0780157858872,389.74093959962687,491.7944641113281,333.7040100097656,346.21875,346.21875,0.0,1.0
170.5,215299.0,210.67824253611994,315.0655487322598,390.40107581818984,491.9947509765625,333.7982177734375,346.3215026855469,346.3215026855469,0.0,1.0
171.0,216082.0,211.00496637099968,315.6263613832026,391.72566931463655,492.1310119628906,332.9646911621094,346.93408203125,346.93408203125,0.0,3.0
171.5,216880.0,211.3216381371208,315.82431825304394,391.72566931463655,491.68878173828125,332.9355163574219,347.206787109375,347.206787109375,0.0,1.0
172.0,217722.0,211.61605598409432,316.1803282938393,392.3901120058965,491.7565002441406,332.51556396484375,347.51605224609375,347.51605224609375,0.0,2.0
172.5,218585.0,211.99318560378967,316.9384798348096,393.1373805681673,492.6119079589844,333.3365478515625,348.3039245605469,348.3039245605469,0.0,2.0
173.0,219507.0,212.28406119230763,317.2333525971063,393.8019806958822,493.052978515625,333.3209228515625,348.6638488769531,348.6638488769531,0.0,1.0
173.5,220271.0,212.65991866208952,317.7915983542177,394.46799616698945,493.4324951171875,333.82733154296875,349.4547424316406,349.4547424316406,0.0,1.0
174.0,221050.0,213.00235078956223,318.27660925679095,395.2138661535043,494.3722229003906,334.2900695800781,349.9250793457031,349.9250793457031,0.0,1.0
174.5,222060.0,213.39690778364448,318.750686273771,395.9608566512604,494.54327392578125,334.6611022949219,350.841064453125,350.841064453125,0.0,1.0
175.0,222802.0,213.73201900071155,319.4010018769509,395.9608566512604,495.1563415527344,335.6158752441406,351.1558532714844,351.1558532714844,0.0,2.0
175.5,222142.0,214.2432984618832,320.0765533431026,396.6257681996973,495.2259826660156,335.6658020019531,351.8056945800781,351.8056945800781,0.0,1.0
176.0,222847.0,214.6319801252562,320.69814461367156,397.29208398859396,496.6063537597656,337.0674743652344,352.6116638183594,352.6116638183594,0.0,1.0
176.5,223817.0,214.98616598960183,320.8613407688748,398.03768665793444,496.3709716796875,337.0285339355469,353.4916076660156,353.4916076660156,0.0,1.0
177.0,224846.0,215.35375876841584,321.7530108639234,400.0412478732662,496.8994140625,336.1358642578125,354.4452819824219,354.4452819824219,0.0,1.0
177.5,226216.0,215.64781491109608,322.13622891234456,402.1243588742169,496.48675537109375,335.1849060058594,356.08001708984375,356.08001708984375,0.0,3.0
178.0,227326.0,216.0439578597715,322.9876158616612,404.3525689296409,496.5760498046875,333.6155090332031,357.0915832519531,357.0915832519531,0.0,3.0
178.5,228249.0,216.3124148679868,323.3032632065442,404.4317000434066,495.5128479003906,334.0537109375,358.21240234375,358.21240234375,0.0,1.0
179.0,228739.0,216.76250378729256,323.74835906920055,405.8435659216492,495.0484313964844,333.09368896484375,359.2108459472656,359.2108459472656,0.0,1.0
179.5,229894.0,217.00283551865834,324.0061727807049,406.01600953656987,494.5278625488281,332.99005126953125,359.6592102050781,359.6592102050781,0.0,3.0
180.0,230932.0,217.3687388616129,325.01869172602846,406.97051490249265,494.7190856933594,333.2765808105469,360.6783752441406,360.6783752441406,0.0,1.0
180.5,232165.0,217.80169592435098,325.4181924701762,408.4470589929618,492.13720703125,332.3262023925781,362.9070524578701,363.1967468261719,0.0,1.0
181.0,232846.0,218.16025968689198,325.73148450832934,409.05989781448875,491.1070861816406,331.916015625,364.22393798828125,364.22393798828125,0.0,1.0
181.5,233786.0,218.46458773038407,326.0552100488505,409.33360477732583,490.9893798828125,332.2245788574219,364.76239013671875,364.76239013671875,0.0,1.0
182.0,232702.0,218.88314620279797,327.0014525959922,410.07926063140525,491.04254150390625,331.72369384765625,365.09661865234375,365.09661865234375,0.0,1.0
182.5,233738.0,219.20055499162214,327.2002444986862,410.7456633976797,490.9244079589844,331.2591552734375,365.5041198730469,365.5041198730469,0.0,1.0
183.0,234597.0,219.55546895084396,328.0060975042995,411.4911906711977,491.288818359375,331.20281982421875,365.9576721191406,365.9576721191406,0.0,1.0
183.5,235528.0,219.76819595577555,328.09754647055803,411.4911906711977,490.90216064453125,331.21453857421875,366.22607421875,366.22607421875,0.0,2.0
184.0,236362.0,220.19246835506922,328.61208133536434,412.23779545306127,490.4076843261719,330.71490478515625,366.9289245605469,366.9289245605469,0.0,3.0
184.5,237226.0,220.46780753533892,328.95136418625776,412.0825160086266,490.0190734863281,330.7266845703125,367.19891357421875,367.19891357421875,0.0,1.0
185.0,237964.0,220.85133152970218,329.57700162480995,412.68510998096355,489.7565612792969,330.3798522949219,367.62896728515625,367.62896728515625,0.0,1.0
185.5,238567.0,221.16349659181577,329.874218453034,412.93340867505503,488.9859619140625,330.3557434082031,368.197998046875,368.197998046875,0.0,2.0
186.0,239462.0,221.46356850057325,330.3647226914834,414.01690786729955,489.61260986328125,330.19842529296875,368.7964782714844,368.7964782714844,0.0,1.0
186.5,240582.0,221.79553681884573,331.074009852782,416.1838536031882,489.7310485839844,329.158935546875,370.1000061035156,370.1000061035156,0.0,1.0
187.0,241280.0,222.09474480868425,331.5448687583628,417.0491577739967,489.537841796875,328.6167297363281,370.6603698730469,370.6603698730469,0.0,1.0
187.5,242408.0,222.40187168086757,331.98200229960935,417.8097653238852,489.46270751953125,328.5712890625,371.4278564453125,371.4278564453125,0.0,2.0
188.0,243190.0,222.8039450797545,332.563377364668,419.2195129046357,489.5164794921875,327.5853576660156,372.06207275390625,372.06207275390625,0.0,1.0
188.5,244254.0,223.06916001938964,332.59119035119653,420.09760770563787,488.7557373046875,327.03375244140625,372.9943542480469,372.9943542480469,0.0,1.0
189.0,245092.0,223.41647889928862,333.09608223454086,420.98574797729196,488.8128967285156,326.91229248046875,373.7201843261719,373.7201843261719,0.0,1.0
189.5,245828.0,223.80821959673634,333.91765451979325,422.5221887664599,488.9190979003906,326.361083984375,374.74896240234375,374.74896240234375,0.0,1.0
190.0,245024.0,224.27660015251206,334.46225497057213,422.5221887664599,488.9190979003906,326.361083984375,374.74896240234375,374.74896240234375,0.0,2.0
190.5,246011.0,224.6297233686257,334.9044639860315,422.654705403832,488.94879150390625,326.7569580078125,375.1413269042969,375.1413269042969,0.0,3.0
191.0,246999.0,224.9059394992103,335.31030404686345,422.79191099168395,489.3593444824219,327.10113525390625,375.25634765625,375.25634765625,0.0,1.0
191.5,247734.0,225.2711539159623,335.5294323900662,422.79191099168395,488.4814758300781,327.1763000488281,375.87969970703125,375.87969970703125,0.0,1.0
192.0,248743.0,225.61082672516937,336.0471693054515,422.93380096653425,488.5156555175781,327.5630798339844,376.2757263183594,376.2757263183594,0.0,2.0
192.5,249256.0,225.9267513175964,336.68531301498734,423.0803706153241,489.3949279785156,328.3917541503906,376.4811096191406,376.4811096191406,0.0,3.0
193.0,250237.0,226.20065536608448,336.7862823809782,422.93380096653425,488.87542724609375,328.89495849609375,377.19989013671875,377.19989013671875,0.0,2.0
193.5,251187.0,226.5470284053099,337.12460604352214,422.45236417849526,488.51611328125,328.9470520019531,377.4688720703125,377.4688720703125,0.0,2.0
194.0,252007.0,226.7897871771736,337.3791635527285,423.0803706153241,488.13397216796875,329.4118957519531,378.0706481933594,378.0706481933594,0.0,1.0
194.5,252888.0,227.18302468364567,338.3681427085003,424.19924563817887,489.1026916503906,329.59564208984375,378.7413330078125,378.7413330078125,0.0,1.0
195.0,254012.0,227.4822694379547,339.15210448063175,425.11645463331575,489.302001953125,329.4675598144531,379.41436767578125,379.41436767578125,0.0,2.0
195.5,254641.0,227.84200195403312,339.29927792437167,425.60662588827256,488.8290100097656,329.18212890625,380.0086364746094,380.0086364746094,0.0,2.0
196.0,253815.0,228.23346002795944,339.60845100777925,425.60662588827256,489.0935363769531,329.6349792480469,380.1860046386719,380.1860046386719,0.0,1.0
196.5,254821.0,228.5291540011339,340.364510488388,426.2417154620134,489.87677001953125,330.1185302734375,380.6960144042969,380.6960144042969,0.0,2.0
197.0,255711.0,228.85335524198484,340.50697496527147,425.74757779698524,490.30010986328125,331.0673828125,381.1537780761719,381.1537780761719,0.0,3.0
197.5,256488.0,229.18141253617102,341.23452345857385,426.38011210655685,491.0334167480469,331.9002380371094,381.4630126953125,381.4630126953125,0.0,3.0
198.0,257463.0,229.55269093740947,341.6736747245934,426.8782027698299,490.7330627441406,332.0426330566406,382.2662353515625,382.2662353515625,1.0,2.0
198.5,258056.0,229.82165501520475,342.23529917295207,426.67083331298846,491.60650634765625,332.99810791015625,382.4452209472656,382.4452209472656,1.0,2.0
199.0,258965.0,230.13413217460044,342.3010371003862,426.82314838818195,490.9132385253906,333.045654296875,382.9234313964844,382.9234313964844,1.0,3.0
199.5,260030.0,230.48390399192888,343.02332282222443,426.8782027698299,491.35260009765625,333.991455078125,383.373291015625,383.373291015625,1.0,3.0
200.0,261142.0,230.74571810609763,343.582595601116,427.6037885706814,491.8677978515625,334.3662109375,384.0945129394531,384.0945129394531,1.0,2.0
200.5,260361.0,231.21569071752216,343.99127895922015,427.6037885706814,491.0546569824219,334.93426513671875,385.0444641113281,385.0444641113281,1.0,1.0
201.0,261074.0,231.49725214463678,344.4488350974641,428.2289107475113,491.2050476074219,335.4649658203125,385.9880065917969,385.9880065917969,1.0,1.0
201.5,261840.0,231.82564559112916,345.02934657432576,429.3366977093852,491.5212707519531,335.1976623535156,386.67303466796875,386.67303466796875,1.0,2.0
202.0,262681.0,232.08511757550718,345.3534421429733,428.8554535038583,491.95989990234375,336.09259033203125,387.09613037109375,387.09613037109375,1.0,3.0
202.5,263369.0,232.4202876890758,345.77593901253454,429.00932390800085,492.2129821777344,336.5791320800781,387.3179016113281,387.3179016113281,1.0,2.0
203.0,264330.0,232.78745545248347,346.4072025207233,429.6347285776605,492.6699523925781,337.24505615234375,387.88336181640625,387.88336181640625,1.0,1.0
203.5,265004.0,233.1016754958262,346.6554485364394,430.11277590883066,491.8429870605469,337.0416564941406,388.6919250488281,388.6919250488281,1.0,5.0
204.0,266163.0,233.4525063456504,347.42653898064515,429.79064671069796,491.8844909667969,337.5012512207031,389.0257263183594,389.0257263183594,1.0,2.0
204.5,267071.0,233.79301632478723,347.8764148372235,430.64254318401936,493.3778991699219,339.0478515625,389.4179382324219,389.4179382324219,1.0,1.0
205.0,268101.0,234.1233906891441,348.5182922028627,433.47087560757757,494.0067443847656,338.0325622558594,391.080078125,391.080078125,1.0,1.0
205.5,266925.0,234.53945733616186,349.11373501911277,434.1727766684595,493.962646484375,338.522216796875,392.15972900390625,392.15972900390625,1.0,5.0
206.0,267883.0,234.88625379936727,349.4507118311007,435.5869603190619,493.9202575683594,338.01361083984375,393.2398681640625,393.2398681640625,1.0,3.0
206.5,268466.0,235.20592242198225,350.0185709358862,437.00114416326187,492.9652099609375,337.53192138671875,394.9792175292969,394.9792175292969,1.0,5.0
207.0,270015.0,235.51082120862148,350.63371201297804,438.40848531934233,492.2532958984375,337.03363037109375,396.53271484375,396.53271484375,1.0,3.0
207.5,270285.0,235.83552625319678,351.2406582387637,438.40848531934233,492.6549987792969,337.5254821777344,396.598388671875,396.598388671875,1.0,4.0
208.0,271968.0,236.23012955008386,351.7931208570586,439.11388044560834,492.1642761230469,337.0274963378906,397.2973937988281,397.2973937988281,1.0,1.0
208.5,271995.0,236.52608223811998,352.17566634523985,439.11843504913344,492.16455078125,337.0253601074219,397.2987060546875,397.2987060546875,1.0,7.0
209.0,272481.0,236.8409293953862,352.5960861949548,439.11843504913344,491.9918518066406,337.02691650390625,397.4214782714844,397.4214782714844,1.0,2.0
209.5,273734.0,237.20344395997313,353.20864938382255,439.8226915474007,491.1424255371094,336.52880859375,398.3778076171875,398.3778076171875,1.0,5.0
210.0,274486.0,237.4199762297465,353.4978781995548,439.11843504913344,490.956787109375,336.52978515625,398.5103454589844,398.5103454589844,1.0,4.0
210.5,275143.0,237.83458802078195,354.0127116361784,439.8226915474007,490.2468566894531,336.52606201171875,399.0228576660156,399.0228576660156,1.0,4.0
211.0,275938.0,238.1798822942342,354.5223546552385,439.84088031923545,490.24920654296875,336.5,399.0392761230469,399.0392761230469,1.0,5.0
211.5,276743.0,238.4650478307744,354.8309456628607,439.82951242498496,489.69610595703125,336.5,399.4369201660156,399.4369201660156,1.0,5.0
212.0,275586.0,238.85732590823807,355.3677672240575,439.84088031923545,489.17742919921875,336.5,399.8101501464844,399.8101501464844,1.0,5.0
212.5,276037.0,239.19803016204938,355.98679747962495,440.5417119865042,489.2217712402344,336.0,400.1254577636719,400.1254577636719,1.0,4.0
213.0,277008.0,239.5242842999399,356.2031021756432,440.55533137166776,488.6877746582031,335.9796142578125,400.5238342285156,400.5238342285156,1.0,6.0
213.5,277826.0,239.79014796755277,356.7397510744843,441.2708918566916,488.73406982421875,335.4576110839844,400.85308837890625,400.85308837890625,1.0,4.0
214.0,278812.0,240.09742302160276,357.0014005574768,441.2912870202628,488.200927734375,335.427978515625,401.2572021484375,401.2572021484375,1.0,2.0
214.5,279682.0,240.40301467327706,357.60453017264757,441.316213162399,488.2036437988281,335.3965759277344,401.27703857421875,401.27703857421875,1.0,6.0
215.0,280656.0,240.72459953957937,357.91339733816244,442.01018087822365,487.1221923828125,334.892578125,402.4054870605469,402.4054870605469,1.0,4.0
215.5,281524.0,241.0827111338774,358.286198450345,442.0373287404583,487.13409423828125,334.8677062988281,402.42950439453125,402.42950439453125,1.0,4.0
216.0,280599.0,241.41213032587174,358.9002646936961,443.4828068820707,487.5914611816406,334.2625732421875,403.1507568359375,403.1507568359375,1.0,4.0
216.5,281453.0,241.73465642017274,359.23446382486054,444.20715887972807,486.2112731933594,333.72393798828125,404.5406188964844,404.5406188964844,1.0,3.0
217.0,281954.0,242.09133687294226,359.70682506730395,444.9325791622816,486.63861083984375,333.665283203125,404.9242858886719,404.9242858886719,1.0,5.0
217.5,282881.0,242.4083036431778,360.02777670618696,444.9730328907585,485.07232666015625,333.619873046875,406.1252746582031,406.1252746582031,1.0,4.0
218.0,284002.0,242.70907701672039,360.50104022041324,445.6590625130381,485.4963073730469,333.61419677734375,406.47637939453125,406.47637939453125,1.0,2.0
218.5,284820.0,242.98773498722844,360.90164865237176,446.38660374164454,485.9727478027344,333.6161193847656,406.86614990234375,406.86614990234375,1.0,4.0
219.0,285665.0,243.27208275398343,361.3876035505369,448.4863431588525,486.11370849609375,332.11724853515625,407.8396911621094,407.8396911621094,1.0,4.0
219.5,286599.0,243.55006658395305,361.53146474408004,449.1736857831278,485.9853515625,331.61566162109375,408.2688903808594,408.2688903808594,1.0,2.0
220.0,285519.0,243.9437763903557,362.21568160325967,449.89998888641907,486.4137268066406,331.5569152832031,408.65399169921875,408.65399169921875,1.0,6.0
220.5,286199.0,244.20860890338577,362.44227126158927,450.5518838047401,486.4410705566406,331.1078796386719,408.93316650390625,408.93316650390625,1.0,4.0
221.0,286781.0,244.5872423330194,363.16662842282193,452.6566027354511,487.0234069824219,330.163818359375,409.9528503417969,409.9528503417969,1.0,4.0
221.5,287690.0,244.93421859598362,363.4350010662154,454.0704791108975,487.323974609375,330.016357421875,411.0440979003906,411.0440979003906,1.0,4.0
222.0,288650.0,245.26826325404397,364.07142156450567,456.2817112267376,487.9304504394531,328.92620849609375,412.160400390625,412.160400390625,1.0,5.0
222.5,288343.0,245.7133059559907,364.1785276481852,458.38193681688637,486.4524841308594,327.3628234863281,414.2999267578125,414.2999267578125,1.0,4.0
223.0,290644.0,245.9271440314632,364.73689147109866,460.5659561886875,486.04986572265625,326.1499938964844,416.04815673828125,416.04815673828125,1.0,3.0
223.5,289674.0,246.32712778737468,365.1369606051954,461.93614277300276,486.4922180175781,325.64208984375,416.7010498046875,416.7010498046875,1.0,6.0
224.0,290656.0,246.60439828338943,365.41072781186926,462.66402496844296,486.3911437988281,325.57110595703125,417.4805603027344,417.4805603027344,1.0,4.0
224.5,291627.0,246.89003984125105,365.9781414237741,463.49217900629134,486.6087341308594,325.5,418.2173767089844,418.2173767089844,1.0,3.0
225.0,292321.0,247.24814526635092,366.3249923223912,464.85374043886105,486.2256774902344,325.0,419.4890441894531,419.4890441894531,1.0,2.0
225.5,293051.0,247.57540026861,366.5596813211057,464.85374043886105,486.2492370605469,325.5,419.7991943359375,419.7991943359375,1.0,8.0
226.0,293911.0,247.86814383716077,367.1961328772404,465.53624993119496,487.0645751953125,326.0,420.1717224121094,420.1717224121094,1.0,3.0
226.5,293082.0,248.28827847139104,367.4914965002592,466.04828076069543,487.0093994140625,327.3522033691406,421.3922119140625,421.3922119140625,1.0,5.0
227.0,293993.0,248.62133355706692,368.0081520685704,467.4237905798121,488.7081298828125,328.4649353027344,422.2037048339844,422.2037048339844,1.0,2.0
227.5,294866.0,248.9647519369789,368.506444991129,468.825127312946,490.0274963378906,329.0301513671875,423.0020446777344,423.0020446777344,1.0,5.0
228.0,295766.0,249.33826792205565,369.1334447034351,469.5274219893871,490.5524597167969,329.13739013671875,423.3844909667969,423.3844909667969,1.0,3.0
228.5,296687.0,249.6629409067073,369.42387578498494,469.52103254273925,491.04595947265625,329.7633056640625,423.45989990234375,423.45989990234375,1.0,5.0
229.0,296143.0,250.09681458555366,369.7688467137274,468.81232918941026,491.3077697753906,330.09527587890625,423.50048828125,423.50048828125,1.0,3.0
229.5,296728.0,250.4270446243218,370.3875672809073,470.2265411479875,490.39404296875,329.9349365234375,424.71368408203125,424.71368408203125,1.0,5.0
230.0,297748.0,250.73538234767645,370.7573330360439,470.2520600699161,490.84197998046875,330.42156982421875,424.81976318359375,424.81976318359375,1.0,5.0
230.5,298433.0,251.02733068899732,371.1940193483726,470.95222687656974,491.249755859375,330.3787536621094,425.1839599609375,425.1839599609375,1.0,3.0
231.0,299170.0,251.30238579070829,371.6019375622253,472.3494469140405,491.1067199707031,329.3735656738281,425.9449462890625,425.9449462890625,1.0,3.0
231.5,299946.0,251.6469693964519,371.97681371658894,473.05919291352956,490.7614440917969,328.9000549316406,426.51507568359375,426.51507568359375,1.0,4.0
232.0,299266.0,252.07816636631406,372.37749663479934,473.79531445551464,490.961669921875,328.79443359375,426.9772644042969,426.9772644042969,1.0,2.0
232.5,300298.0,252.3909451841241,372.8645866799367,474.5324014227058,491.3755187988281,328.7428894042969,427.35308837890625,427.35308837890625,1.0,3.0
233.0,301203.0,252.74457995958517,373.2773767588923,475.2283661567352,491.2370300292969,328.6418762207031,428.0859680175781,428.0859680175781,1.0,2.0
233.5,301803.0,253.0176816920122,373.75125417849773,476.64242362592944,491.31024169921875,327.60479736328125,428.71575927734375,428.71575927734375,1.0,2.0
234.0,302746.0,253.35078136647127,374.2098341839776,477.3604508125909,492.06854248046875,327.9701843261719,429.14947509765625,429.14947509765625,1.0,5.0
234.5,302182.0,253.74875462174413,374.73323845103465,478.0794912982568,492.1070556640625,327.4571838378906,429.4629211425781,429.4629211425781,1.0,4.0
235.0,302882.0,254.02676621704552,375.2026119312071,479.4934827502872,492.0023193359375,326.4314270019531,430.2258605957031,430.2258605957031,1.0,2.0
235.5,303703.0,254.39863192097985,375.598189559002,480.21349418774145,492.0416259765625,325.9170837402344,430.54058837890625,430.54058837890625,1.0,4.0
236.0,304410.0,254.73255569230363,376.25789028271555,480.27596233832065,492.472900390625,326.43194580078125,430.6194152832031,430.6194152832031,1.0,3.0
236.5,305220.0,255.04733726641922,376.70153968349575,481.00103949991626,492.8995361328125,326.3851013183594,431.00225830078125,431.00225830078125,1.0,3.0
237.0,304723.0,255.50577447185344,377.2280477377047,481.00103949991626,490.90325927734375,326.989013671875,432.83013916015625,432.83013916015625,1.0,3.0
237.5,305585.0,255.81467008344288,377.8901956918173,480.9656952423946,491.747314453125,328.0436706542969,432.9940490722656,432.9940490722656,1.0,2.0
238.0,306428.0,256.14591169452547,378.3556527924487,480.9656952423946,491.747314453125,328.0436706542969,432.9940490722656,432.9940490722656,1.0,4.0
238.5,307303.0,256.42743617074956,378.85749299703707,481.00103949991626,491.5215148925781,328.1848449707031,433.25274658203125,433.25274658203125,1.0,4.0
239.0,306719.0,256.8307177205396,379.47740378195704,481.04053883222775,489.7055969238281,328.7242126464844,434.9247741699219,434.9247741699219,1.0,5.0
239.5,307702.0,257.10353210766664,379.98947353841265,481.04053883222775,489.1538391113281,328.9006042480469,435.43603515625,435.43603515625,1.0,2.0
240.0,308683.0,257.3684128267663,380.43383130295405,481.6897341650536,489.5631408691406,328.85870361328125,435.8037414550781,435.8037414550781,1.0,3.0
240.5,309557.0,257.65300193845087,380.741382042982,481.72710116828597,489.1354064941406,329.42254638671875,436.5207214355469,436.5207214355469,1.0,6.0
241.0,310308.0,257.9633968981751,381.3200755271088,481.76861666156714,489.8828430175781,330.3235168457031,436.6684875488281,436.6684875488281,1.0,3.0
241.5,309771.0,258.3939616987654,381.98625617111463,482.4976683881488,489.43072509765625,330.29522705078125,437.6819152832031,437.6819152832031,1.0,5.0
242.0,310369.0,258.6999389322973,382.27346232769025,481.814279572534,489.43072509765625,330.29522705078125,437.6819152832031,437.6819152832031,1.0,6.0
242.5,311121.0,258.972978375602,382.8276374558138,481.814279572534,489.92791748046875,330.90362548828125,437.7760314941406,437.7760314941406,1.0,3.0
243.0,312099.0,259.2509649514182,383.4188310451118,482.5453346577915,490.301513671875,331.3341369628906,437.86187744140625,437.86187744140625,1.0,3.0
243.5,312901.0,259.5480741843153,383.83590243748694,482.59714048054616,490.6156005859375,331.6858215332031,437.9400939941406,437.9400939941406,1.0,4.0
244.0,312398.0,259.8815357530979,384.3300664748299,482.6530845234494,490.85198974609375,332.1887512207031,438.1899719238281,438.1899719238281,1.0,4.0
244.5,313217.0,260.19757334204127,384.96882990704586,483.3311494203534,491.1825256347656,332.30462646484375,438.73187255859375,438.73187255859375,1.0,3.0
245.0,313867.0,260.4687849510066,385.3894134508627,483.3311494203534,491.6955261230469,332.7146301269531,438.95306396484375,438.95306396484375,1.0,4.0
245.5,314579.0,260.750515175716,385.84582413186746,484.0103304682659,491.54925537109375,332.3393249511719,439.55181884765625,439.55181884765625,1.0,2.0
246.0,315609.0,261.0745593924869,386.51778743028115,484.74426247249176,491.40557861328125,332.9498596191406,440.8101806640625,440.8101806640625,1.0,1.0
246.5,314909.0,261.45184435874216,387.2002066115151,485.47914476319164,492.2388000488281,333.4412841796875,441.2630310058594,441.2630310058594,1.0,3.0
247.0,315593.0,261.7349464306286,387.5061289837878,485.42352641791064,489.0448913574219,333.6161804199219,443.4917082195889,443.75701904296875,1.0,4.0
247.5,316368.0,262.02279040269156,388.2331773560833,486.78537365044156,487.88763427734375,333.8709716796875,445.72038543331837,446.048583984375,1.0,2.0
248.0,317313.0,262.3213461466208,388.73770077006935,487.5171791844878,488.363525390625,333.8854675292969,446.4474792480469,446.4474792480469,1.0,1.0
248.5,316703.0,262.7109789210139,389.2351474366106,487.5171791844878,488.01593017578125,334.1372375488281,446.8742370605469,446.8742370605469,1.0,2.0
249.0,317554.0,263.01636285258166,389.84740604498063,489.6631495221996,488.5619201660156,333.0569763183594,447.90191650390625,447.90191650390625,1.0,3.0
249.5,318446.0,263.3339554539395,390.486875579705,491.1313469938566,488.2948303222656,332.1588439941406,448.9952392578125,448.9952392578125,1.0,3.0
250.0,319171.0,263.6512445356143,391.0716046966335,491.92784023675665,488.333984375,331.50433349609375,449.36981201171875,449.36981201171875,1.0,2.0
250.5,318844.0,264.0898142316059,391.7393265925303,492.6662156064692,488.36920166015625,330.91534423828125,449.70745849609375,449.70745849609375,1.0,4.0
251.0,319518.0,264.35178212191715,392.04591567825315,492.73319352363507,487.13818359375,330.8670959472656,450.7032775878906,450.7032775878906,1.0,6.0
251.5,320275.0,264.6279201864322,392.587569849072,493.405512737748,486.6456298828125,330.3645324707031,451.4012756347656,451.4012756347656,1.0,6.0
252.0,321075.0,264.85918649773146,393.0739116035944,494.0789410610414,486.6714782714844,329.8503112792969,451.6997375488281,451.6997375488281,1.0,5.0
252.5,321540.0,265.14607299864775,393.41987742844265,494.0789410610414,486.7673645019531,329.9787292480469,451.71142578125,451.71142578125,1.0,5.0
253.0,321160.0,265.5223478355298,394.224808959022,494.7534739645594,487.9562683105469,331.0193176269531,452.15631103515625,452.15631103515625,1.0,5.0
253.5,321389.0,265.71715094769195,394.4946133979525,494.7534739645594,488.3116760253906,331.4945373535156,452.2026672363281,452.2026672363281,1.0,5.0
254.0,322209.0,265.98834272304356,394.80248226170005,494.7534739645594,488.7611999511719,332.09552001953125,452.2622985839844,452.2622985839844,1.0,4.0
254.5,323103.0,266.220823325001,395.36438888701144,494.7534739645594,489.4698181152344,333.0429992675781,452.3589172363281,452.3589172363281,1.0,6.0
255.0,324110.0,266.4694398173101,395.790348543266,494.0789410610414,489.9170837402344,333.6409912109375,452.4214172363281,452.4214172363281,1.0,5.0
255.5,323370.0,266.777584310118,396.18177646126026,494.01619406655084,490.9769287109375,335.05804443359375,452.57452392578125,452.57452392578125,1.0,9.0
256.0,324151.0,267.09596368084357,396.4454565258631,493.34065309885017,491.683837890625,336.00323486328125,452.68048095703125,452.68048095703125,1.0,7.0
256.5,324730.0,267.28240899728655,396.93072443437785,493.405512737748,492.3909912109375,336.9487609863281,452.78948974609375,452.78948974609375,1.0,6.0
257.0,325713.0,267.63031619610285,397.3675880088863,493.405512737748,492.3735656738281,338.5140380859375,453.8546142578125,453.8546142578125,1.0,10.0
257.5,326391.0,267.883766928323,397.68329107469424,493.405512737748,493.86993408203125,340.5101013183594,454.0984802246094,454.0984802246094,1.0,4.0
258.0,325813.0,268.2807178738547,398.2740262640731,493.4744167634225,494.77789306640625,342.15179443359375,454.5458068847656,454.5458068847656,1.0,4.0
258.5,327166.0,268.4008314867849,398.58876050385567,493.54736348196616,494.9119873046875,343.3426513671875,455.2584533691406,455.2584533691406,1.0,6.0
259.0,326858.0,268.8627238287125,399.06139878469827,493.54736348196616,495.1677551269531,344.4091796875,455.79937744140625,455.79937744140625,1.0,6.0
259.5,327555.0,269.10335038773326,399.50594488693156,494.01619406655084,494.987060546875,344.89312744140625,456.26202392578125,456.26202392578125,1.0,4.0
260.0,328078.0,269.27434036394965,399.8612259271959,494.01619406655084,495.3321228027344,345.3559875488281,456.3269348144531,456.3269348144531,1.0,5.0
260.5,328148.0,269.5993114270862,400.2161915765028,494.01619406655084,494.8055419921875,345.3771667480469,456.7254333496094,456.7254333496094,1.0,3.0
261.0,328991.0,269.8256845986241,400.5621050473946,494.1457274934187,495.15020751953125,345.8401184082031,456.7909851074219,456.7909851074219,1.0,4.0
261.5,328953.0,270.1330486954258,401.1328956465627,494.2165517260627,494.8827209472656,346.2103271484375,457.2394714355469,457.2394714355469,1.0,2.0
262.0,329649.0,270.40259280905263,401.54277480690376,494.7534739645594,495.32647705078125,346.5979309082031,457.4300231933594,457.4300231933594,1.0,2.0
262.5,330286.0,270.65065471419166,401.807167681215,494.88685575593945,495.6339111328125,346.3681945800781,457.8111572265625,457.8111572265625,1.0,2.0
263.0,330791.0,270.8818953757087,402.41272345690066,494.7534739645594,495.5426940917969,346.9482727050781,458.3097839355469,458.3097839355469,1.0,1.0
263.5,331325.0,271.21453377215244,402.7033647736259,495.4916750057462,494.7878723144531,347.0213317871094,458.85858154296875,458.85858154296875,1.0,1.0
264.0,332299.0,271.50172666228355,403.01985062773275,495.4916750057462,495.5648498535156,347.96746826171875,459.0673828125,459.0673828125,1.0,1.0
264.5,332973.0,271.77323924941527,403.53686324795655,495.5582710438804,495.8138427734375,348.27069091796875,459.1349792480469,459.1349792480469,1.0,1.0
265.0,330611.0,271.28910188242867,404.14106448120316,495.5582710438804,495.1271057128906,348.38623046875,460.2222595214844,460.2222595214844,1.0,1.0
265.5,333031.0,272.34896998849047,404.357515077932,496.2993048554471,495.56494140625,348.84075927734375,460.3815612792969,460.3815612792969,1.0,1.0
266.0,333607.0,272.5813365103673,404.6028917246915,496.2993048554471,495.13861083984375,349.312744140625,461.2106628417969,461.2106628417969,1.0,2.0
266.5,334388.0,272.8560368156882,405.0308630215727,496.7293025381128,495.5018310546875,349.39276123046875,461.4938049316406,461.4938049316406,1.0,2.0
267.0,332471.0,272.3577294517225,405.7647101461634,496.7293025381128,496.0829772949219,350.1207275390625,461.6661682128906,461.6661682128906,1.0,1.0
267.5,336135.0,273.34126891702573,405.77087130546965,497.41029341982863,495.6716613769531,349.8755798339844,462.3011169433594,462.3011169433594,1.0,1.0
268.0,333409.0,273.0296643749576,406.43326635500694,497.41029341982863,494.6092224121094,349.9026184082031,463.1175842285156,463.1175842285156,1.0,2.0
268.5,332733.0,273.40258294686737,407.08991628240227,497.46256140537855,494.9678955078125,350.046142578125,463.367919921875,463.367919921875,1.0,2.0
269.0,333226.0,273.66611453461763,407.4125673073917,498.1425498790482,495.22283935546875,350.2970275878906,463.47662353515625,463.47662353515625,1.0,2.0
269.5,334860.0,273.7933524491883,407.7219640868726,498.8236161209692,495.2582702636719,349.92742919921875,463.6801452636719,463.6801452636719,1.0,1.0
270.0,337061.0,274.82409685561953,407.9423978946047,498.8236161209692,495.5981140136719,350.3036193847656,463.8057861328125,463.8057861328125,1.0,1.0
270.5,335153.0,274.3744217905083,408.4176783637065,499.1963541533532,495.6177673339844,350.10107421875,463.9174499511719,463.9174499511719,1.0,1.0
271.0,338288.0,275.27513833501376,408.57924567946424,499.50575572259424,496.0545654296875,350.4241638183594,464.1539611816406,464.1539611816406,1.0,1.0
271.5,339065.0,275.52696385684624,408.8532744151623,499.9399963995679,495.86767578125,350.74224853515625,464.72674560546875,464.72674560546875,1.0,1.0
272.0,337114.0,275.06222437601633,409.59125967237145,500.6845314167395,496.3336181640625,350.762451171875,465.1304016113281,465.1304016113281,1.0,1.0
272.5,336668.0,275.44240500898724,410.1280287910106,500.87323745634484,496.6995544433594,350.8680114746094,465.4060363769531,465.4060363769531,1.0,2.0
273.0,339908.0,276.38686564118365,410.16094402075873,500.9191551538032,496.78692626953125,350.9123840332031,465.4630432128906,465.4630432128906,1.0,1.0
273.5,337957.0,275.9921628980655,410.95133531842913,501.6502765871858,497.5767822265625,351.45245361328125,465.9146728515625,465.9146728515625,1.0,1.0
274.0,338684.0,276.1839400802729,411.0924470237808,501.6502765871858,497.9069519042969,351.90771484375,465.9984130859375,465.9984130859375,1.0,1.0
274.5,341326.0,277.23730024253933,411.5558892622474,502.38232452983453,498.4535827636719,352.0476989746094,466.4197692871094,466.4197692871094,1.0,2.0
275.0,341801.0,277.45820354971625,411.80820778610035,502.38232452983453,498.86541748046875,352.6164245605469,466.52545166015625,466.52545166015625,1.0,2.0
275.5,342789.0,277.7590041781662,412.2671463373781,503.1152949374527,499.33074951171875,352.6449279785156,466.9262390136719,466.9262390136719,1.0,2.0
276.0,343132.0,277.9514669331801,412.4875755704649,503.1152949374527,499.14202880859375,352.779052734375,467.1548156738281,467.1548156738281,1.0,2.0
276.5,342837.0,278.3533878088348,412.9721540249415,503.8491837841955,498.58599853515625,353.0859069824219,468.4796447753906,468.4796447753906,1.0,2.0
277.0,343570.0,278.5692348744373,413.26988760373047,503.8491837841955,498.8523254394531,353.4476318359375,468.5430603027344,468.5430603027344,1.0,2.0
277.5,344120.0,278.7972522315827,413.8272586478566,504.5839870626098,498.2611083984375,353.53790283203125,469.7423095703125,469.7423095703125,1.0,2.0
278.0,344704.0,278.98154274974723,413.93356954951116,504.5839870626098,498.2611083984375,353.53790283203125,469.7423095703125,469.7423095703125,1.0,2.0
278.5,345290.0,279.2054117922118,414.4232739564195,504.6434384790909,498.5914001464844,353.9747009277344,469.827880859375,469.827880859375,1.0,1.0
279.0,342109.0,278.98334831921363,415.31313487536124,504.7068456044558,498.2408142089844,354.58087158203125,470.5216064453125,470.5216064453125,1.0,1.0
279.5,342891.0,279.19505975890024,415.72346577983785,505.38104436157874,497.913330078125,354.2037658691406,471.1903991699219,471.1903991699219,1.0,3.0
280.0,346022.0,280.09390637892153,415.7396420738424,505.38104436157874,497.325439453125,354.2371826171875,471.6356506347656,471.6356506347656,1.0,1.0
280.5,344257.0,279.73765187807777,416.51530584121394,506.0563209762328,496.1778259277344,354.2366943359375,473.1553649902344,473.1553649902344,1.0,1.0
281.0,347082.0,280.64081159207774,416.53451237562535,506.0563209762328,495.2987060546875,354.2864990234375,473.8217468261719,473.8217468261719,1.0,1.0
281.5,344070.0,280.2849525552264,417.3871104861768,506.0563209762328,496.29986572265625,355.6320495605469,474.0398864746094,474.0398864746094,1.0,2.0
282.0,344607.0,280.5271531922975,417.7991144046301,506.67543852055826,496.77069091796875,355.6861572265625,474.4251403808594,474.4251403808594,1.0,2.0
282.5,345420.0,280.74145058689567,418.1160126089409,506.7326711393296,497.1824951171875,356.7210998535156,474.869140625,474.869140625,1.0,2.0
283.0,344899.0,281.02890824288977,418.42729356238675,506.0563209762328,497.2823181152344,356.8541259765625,474.89117431640625,474.89117431640625,1.0,3.0
283.5,345563.0,281.2154054028405,418.71470000466906,506.7326711393296,497.3825988769531,357.3129577636719,475.14141845703125,475.14141845703125,1.0,1.0
284.0,345905.0,281.42651189402613,419.00477324250136,506.7672049373361,496.79498291015625,357.3487854003906,475.5854797363281,475.5854797363281,1.0,2.0
284.5,345711.0,281.7316447904559,419.57716811094474,507.52142811905,497.26898193359375,357.380859375,475.9832458496094,475.9832458496094,1.0,1.0
285.0,346524.0,281.97225315923083,419.697510118895,507.52142811905,496.6772766113281,357.4169616699219,476.4309997558594,476.4309997558594,1.0,2.0
285.5,346013.0,282.2892378980588,420.0773738253466,507.98622028555064,496.5185852050781,357.05145263671875,476.9669494628906,476.9669494628906,1.0,3.0
286.0,346925.0,282.494439767405,420.38458582157654,508.17811837976654,496.5187683105469,357.0491943359375,476.9682312011719,476.9682312011719,1.0,4.0
286.5,346064.0,282.8205834559493,420.7766628509713,508.2764995551142,496.6691589355469,357.5095520019531,477.3660888671875,477.3660888671875,1.0,3.0
287.0,345429.0,283.09395484762445,421.2790049361587,508.93221552580064,497.0304260253906,357.5435485839844,477.6630859375,477.6630859375,1.0,1.0
287.5,346116.0,283.2990588464782,421.58302859547877,508.93221552580064,497.3652038574219,357.9841003417969,477.7362365722656,477.7362365722656,1.0,3.0
288.0,345354.0,283.4821630929942,422.15281593280883,511.85349466424475,497.5990905761719,356.1816711425781,478.8321533203125,478.8321533203125,1.0,3.0
288.5,345225.0,283.95449672187146,422.46538319725084,514.0204276096428,496.42095947265625,355.5065612792969,481.060830534042,481.3948974609375,1.0,5.0
289.0,345575.0,284.08298469187696,422.8711387645177,516.0852642732594,493.8489685058594,354.937744140625,483.2895077477715,484.9999694824219,1.0,5.0
289.5,345574.0,284.5486553657346,423.38162454220895,516.8413683133346,494.5994567871094,355.76177978515625,485.518184961501,485.73870849609375,1.0,4.0
290.0,344899.0,284.75500962288686,423.72750677764594,517.9623538443697,494.6106872558594,355.1549072265625,486.54852294921875,486.54852294921875,1.0,4.0
290.5,345517.0,285.02099581908186,424.12403846018634,518.1515222403578,495.1449890136719,355.7832336425781,486.6985168457031,486.6985168457031,1.0,5.0
291.0,345184.0,285.4019637941487,424.6433797906191,519.3736612497788,494.6083679199219,354.8029479980469,487.72454833984375,487.72454833984375,1.0,5.0
291.5,344715.0,285.7093850803432,425.0,518.6231772684287,494.28076171875,355.0916442871094,488.1611022949219,488.1611022949219,1.0,4.0
292.0,345508.0,285.9878023134996,425.6994244769424,519.3736612497788,494.8570251464844,356.29693603515625,488.5567932128906,488.5567932128906,1.0,5.0
292.5,344971.0,286.3331676600873,425.8878960150066,520.0346142325528,495.5547790527344,357.293212890625,489.40692138671875,489.40692138671875,1.0,5.0
293.0,344786.0,286.6814034918366,426.4325855275863,520.124984979572,496.0666809082031,358.7881774902344,490.1014709472656,490.1014709472656,1.0,4.0
293.5,345174.0,286.8559883480187,426.75519914817676,520.8771448239978,496.34222412109375,358.5418701171875,490.4627990722656,490.4627990722656,1.0,4.0
294.0,346157.0,287.23676863480665,427.29966065982313,520.8771448239978,495.6536560058594,358.5732727050781,490.9879455566406,490.9879455566406,1.0,7.0
294.5,345486.0,287.4245380596413,427.6739412215806,521.6301371661725,495.5881042480469,358.693603515625,491.8501892089844,491.8501892089844,1.0,5.0
295.0,345017.0,287.70415717310243,428.1413318052813,521.7278984298233,495.928955078125,359.11541748046875,491.9405517578125,491.9405517578125,1.0,7.0
295.5,345769.0,287.99774164228154,428.4425282249981,521.7278984298233,495.63189697265625,359.1270751953125,492.1665344238281,492.1665344238281,1.0,7.0
296.0,346522.0,288.3056008694554,428.981351576033,521.7278984298233,495.2100830078125,359.6206970214844,492.8113708496094,492.8113708496094,1.0,7.0
296.5,346121.0,288.69913975009433,429.5776996074168,522.3839584060751,495.2518310546875,359.0962829589844,493.1037902832031,493.1037902832031,1.0,5.0
297.0,346860.0,288.93122858753486,429.9069666800016,523.1386049604828,495.4012756347656,359.0036926269531,493.665283203125,493.665283203125,1.0,5.0
297.5,346336.0,289.1349910934579,430.31383895942736,523.8940732629069,494.9187927246094,358.4554138183594,494.38409423828125,494.38409423828125,1.0,8.0
298.0,346065.0,289.55321243263967,430.76791895404654,523.8940732629069,494.85540771484375,358.4576721191406,494.43231201171875,494.43231201171875,1.0,8.0
298.5,346636.0,289.7626797190697,431.1704999185357,524.5493303779922,494.89697265625,357.93524169921875,494.7248840332031,494.7248840332031,1.0,6.0
299.0,347546.0,290.0345832435328,431.4565447175456,524.4520950477746,493.6086730957031,357.9813232421875,495.7049560546875,495.7049560546875,1.0,5.0
299.5,347165.0,290.42636150434697,432.11526240014143,523.8940732629069,494.37115478515625,359.03582763671875,495.8572082519531,495.8572082519531,1.0,3.0
300.0,347663.0,290.5757758395678,432.4186628718511,524.6503597635286,493.84619140625,359.00860595703125,496.2856750488281,496.2856750488281,1.0,4.0
300.5,347350.0,290.9028442332689,432.96189193503864,524.6503597635286,493.84619140625,359.00860595703125,496.2856750488281,496.2856750488281,1.0,4.0
301.0,347990.0,291.16251246709055,433.3969888835376,524.7551810130129,493.4204406738281,358.97314453125,496.6416015625,496.6416015625,1.0,5.0
301.5,347365.0,291.4416277757083,433.78911927340914,525.4074609291345,492.63165283203125,358.4799499511719,497.56622314453125,497.56622314453125,1.0,3.0
302.0,348161.0,291.7097474102707,434.1658669218482,525.4074609291345,492.1052551269531,358.49798583984375,497.96820068359375,497.96820068359375,1.0,5.0
302.5,347369.0,291.94372595724724,434.62282498736766,526.0608329841712,491.01165771484375,358.0151062011719,499.1258239746094,499.1258239746094,1.0,4.0
303.0,348050.0,292.2377567943501,434.9678149012867,526.1653732430518,491.01568603515625,357.9590759277344,499.15740966796875,499.15740966796875,1.0,4.0
303.5,347370.0,292.4286429503336,435.4050413117349,526.1653732430518,491.01568603515625,357.9590759277344,499.15740966796875,499.15740966796875,1.0,6.0
304.0,348123.0,292.74233492891295,435.92889328421444,526.924093205084,490.0062561035156,357.4127197265625,500.28839111328125,500.28839111328125,1.0,5.0
304.5,347745.0,293.03885198397785,436.28545701180553,526.924093205084,489.70159912109375,357.4222106933594,500.5218811035156,500.5218811035156,1.0,5.0
305.0,348305.0,293.31766172133325,436.6163075284639,526.924093205084,489.70159912109375,357.4222106933594,500.5218811035156,500.5218811035156,1.0,3.0
305.5,348686.0,293.3664623248762,437.0286031829038,527.683617331446,490.0279235839844,357.2333984375,500.8988952636719,500.8988952636719,1.0,4.0
306.0,348330.0,293.70526091547094,437.5065713792194,528.3341745524323,489.8430480957031,356.7191162109375,501.360107421875,501.360107421875,1.0,4.0
306.5,347845.0,294.1445776060096,437.85842460777206,528.4439421547,488.62396240234375,356.6943664550781,502.3390808105469,502.3390808105469,1.0,5.0
307.0,349256.0,294.53014425671375,437.9326432226764,528.7958017987662,488.63775634765625,356.47412109375,502.4629211425781,502.4629211425781,1.0,6.0
307.5,348220.0,294.66275887428907,438.6992135848889,529.2050642236901,489.234375,356.8943176269531,502.763427734375,502.763427734375,1.0,3.0
308.0,348812.0,294.8384621721796,438.6992135848889,529.7442779303992,489.25592041015625,356.42974853515625,503.0178527832031,503.0178527832031,1.0,5.0
308.5,348330.0,295.16748006889117,439.2605718526153,529.8537534074851,489.5400390625,357.18212890625,503.388427734375,503.388427734375,1.0,5.0
309.0,349062.0,295.3717290636904,439.66009598324933,529.9669801034778,490.4007873535156,358.29376220703125,503.566650390625,503.566650390625,1.0,2.0
309.5,348198.0,295.7188589946895,440.028408173836,530.6147378277388,491.32080078125,359.300537109375,504.2152404785156,504.2152404785156,1.0,6.0
310.0,347483.0,296.2709901366178,440.6472512112154,530.6147378277388,491.6772155761719,360.2201843261719,504.56390380859375,504.56390380859375,1.0,6.0
310.5,348916.0,296.4129142730737,440.83216761030496,530.6147378277388,492.2528991699219,361.1293640136719,504.74444580078125,504.74444580078125,1.0,7.0
311.0,347326.0,296.75019423980615,441.6016304317728,531.3605179160379,492.5204162597656,360.9823913574219,505.04962158203125,505.04962158203125,1.0,8.0
311.5,347864.0,297.00505652071604,441.88799485842566,531.0489619611359,492.00238037109375,361.0108337402344,505.45196533203125,505.45196533203125,1.0,6.0
312.0,347603.0,297.3036093184908,442.5573409175358,532.1325022961856,492.6876220703125,361.3725280761719,505.863037109375,505.863037109375,1.0,9.0
312.5,348333.0,297.55386068939924,442.90405281505383,531.4978833447975,492.16876220703125,361.40093994140625,506.2652587890625,506.2652587890625,1.0,9.0
313.0,347602.0,297.76119654568146,443.2649884656537,532.1325022961856,491.867919921875,361.4173583984375,506.49847412109375,506.49847412109375,1.0,9.0
313.5,348475.0,298.08132333016067,443.80626403871315,532.4593881226999,491.71337890625,361.1900939941406,507.13372802734375,507.13372802734375,1.0,7.0
314.0,348056.0,298.27275675581427,444.1643839841281,532.5645500782041,491.7160339355469,361.138427734375,507.16229248046875,507.16229248046875,1.0,7.0
314.5,348766.0,298.4974545205538,444.56608057318675,533.2166539034579,491.82366943359375,361.01446533203125,507.6723937988281,507.6723937988281,1.0,8.0
315.0,348283.0,298.7387277581177,445.18378227220205,533.3235415767806,492.1991271972656,361.4683532714844,507.7667236328125,507.7667236328125,1.0,8.0
315.5,348957.0,299.00323815692263,445.4907406388615,533.8698343229369,492.13232421875,360.9924621582031,508.1040344238281,508.1040344238281,1.0,8.0
316.0,348558.0,299.2952197789982,446.11887428369596,533.9747185026647,492.4700927734375,361.3946533203125,508.1898193359375,508.1898193359375,1.0,7.0
316.5,349134.0,299.4534476664307,446.3507589329271,534.6269727576415,491.97930908203125,360.88897705078125,508.88555908203125,508.88555908203125,1.0,7.0
317.0,348877.0,299.8157521179558,446.8937233839831,535.2803004034429,492.1227111816406,360.5130615234375,509.2004089355469,509.2004089355469,1.0,7.0
317.5,349617.0,300.0754561994909,447.3030292765744,535.9346975145386,491.8689880371094,360.46429443359375,510.0296936035156,510.0296936035156,1.0,7.0
318.0,349308.0,300.28186857433866,447.6438316340347,536.0373121341461,491.6619567871094,360.4241027832031,510.21978759765625,510.21978759765625,1.0,9.0
318.5,349623.0,300.48868185153174,447.93883510231944,536.6907862074772,491.83245849609375,360.5169982910156,510.8301086425781,510.8301086425781,1.0,9.0
319.0,350280.0,300.69980735498893,448.3660335036138,537.3453265824502,491.457275390625,360.63763427734375,511.8632507324219,511.8632507324219,1.0,9.0
319.5,349723.0,300.8954239829419,448.63570967991393,537.4476718714111,491.7917175292969,361.0390319824219,511.9507141113281,511.9507141113281,1.0,9.0
320.0,350109.0,301.2105261844312,449.106891508024,538.1012915799404,491.7541809082031,360.84222412109375,512.5201416015625,512.5201416015625,1.0,8.0
320.5,349842.0,301.48339284643,449.47185673848503,538.2053511439663,491.5397644042969,360.8019104003906,512.7168579101562,512.7168579101562,1.0,11.0
321.0,350637.0,301.65537575457324,449.84552904302603,538.8580518095652,490.6853332519531,360.7825927734375,514.0087280273438,514.0087280273438,1.0,8.0
321.5,350223.0,301.92761220103796,450.24104655173323,538.8580518095652,489.9841003417969,360.9916076660156,514.6682739257812,514.6682739257812,1.0,9.0
322.0,350941.0,302.18490674027913,450.7737791841935,538.9638206781602,490.25457763671875,362.03094482421875,515.2349853515625,515.2349853515625,1.0,10.0
322.5,350739.0,302.4401259906885,451.2704289004543,539.6156039256092,490.21734619140625,362.1418151855469,516.00927734375,516.00927734375,1.0,6.0
323.0,351377.0,302.65472297562275,451.6514142566145,540.0814753349721,489.8307189941406,362.25390625,516.4820556640625,516.4820556640625,1.0,9.0
323.5,351021.0,302.94325252643745,452.01769876853274,540.0814753349721,489.0274963378906,361.95465087890625,517.308837890625,517.308837890625,1.0,12.0
324.0,351545.0,303.1890578964248,452.47430866293394,540.7152670306249,489.2388916015625,362.043701171875,517.446044921875,517.446044921875,1.0,15.0
324.5,351509.0,303.41890655877245,452.9514322750288,541.4886887091918,488.7517395019531,361.4524230957031,518.1876220703125,518.1876220703125,1.0,13.0
325.0,351965.0,303.7103024660441,453.3682829587818,541.4886887091918,488.56378173828125,361.9344482421875,518.644287109375,518.644287109375,1.0,13.0
325.5,351636.0,303.9168873998814,453.78601785197316,542.2628513922008,488.59423828125,361.3205871582031,518.98095703125,518.98095703125,1.0,16.0
326.0,352027.0,304.2001656039197,454.1585626188281,542.2628513922008,488.0770263671875,361.3406982421875,519.3871459960938,519.3871459960938,1.0,10.0
326.5,351934.0,304.47287758917895,454.6669110458776,543.037751910491,488.1335144042969,361.20001220703125,520.0137329101562,520.0137329101562,1.0,12.0
327.0,352644.0,304.7075230498635,455.02747169813824,543.6699366343518,488.3349609375,360.9214172363281,520.32861328125,520.32861328125,1.0,13.0
327.5,352300.0,304.95120967804326,455.4393483220351,544.3032243152708,488.6378479003906,360.7841491699219,520.6592407226562,520.6592407226562,1.0,12.0
328.0,352818.0,305.2070901734082,455.9517518334588,544.4446712017668,487.7896423339844,361.2028503417969,521.6870727539062,521.6870727539062,1.0,12.0
328.5,352471.0,305.43150907290976,456.2439040659039,545.0770587724271,487.53076171875,360.68896484375,522.1993408203125,522.1993408203125,1.0,11.0
329.0,353192.0,305.6476437583054,456.7169801499447,545.7105459856901,487.8865966796875,360.6290283203125,522.5390625,522.5390625,1.0,10.0
329.5,353761.0,305.855077991772,457.05579528105756,546.3451290164487,488.0364685058594,360.27288818359375,522.843994140625,522.843994140625,1.0,10.0
330.0,353537.0,306.1125379611549,457.51874277524047,546.3451290164487,488.3601989746094,360.73614501953125,522.8999633789062,522.8999633789062,1.0,8.0
330.5,353961.0,306.30361553447074,457.90828776076984,546.3451290164487,488.297119140625,361.38812255859375,523.3728637695312,523.3728637695312,1.0,10.0
331.0,353954.0,306.61717374153307,458.41842239022026,547.7526814174441,488.38629150390625,360.7252197265625,524.2832641601562,524.2832641601562,1.0,14.0
331.5,354554.0,306.8257644356414,458.6251192422848,547.1179031982047,488.38629150390625,360.7252197265625,524.2832641601562,524.2832641601562,1.0,8.0
332.0,354322.0,307.0869966600461,459.16881427204964,547.7526814174441,488.6910400390625,361.3620300292969,524.4675903320312,524.4675903320312,1.0,11.0
332.5,354890.0,307.3104228332971,459.66183222016593,548.5252956792422,488.4703674316406,360.9358825683594,525.1153564453125,525.1153564453125,1.0,9.0
333.0,355479.0,307.56524980808496,459.96956421050294,548.5252956792422,487.8306579589844,361.14166259765625,525.7349243164062,525.7349243164062,1.0,9.0
333.5,355129.0,307.75448844212116,460.4091658511122,549.1602680456772,488.0167541503906,361.2626953125,526.3240966796875,526.3240966796875,1.0,9.0
334.0,355713.0,307.9971247688832,460.89586676384937,549.2986437267072,486.5591125488281,361.89593505859375,527.9512329101562,527.9512329101562,1.0,11.0
334.5,356343.0,308.1841379941329,461.24722221385787,549.9327231580241,486.1416015625,361.49285888671875,528.6564331054688,528.6564331054688,1.0,11.0
335.0,356061.0,308.47846610193415,461.79324377907477,550.567888638631,486.4952392578125,361.4285583496094,528.9964599609375,528.9964599609375,1.0,14.0
335.5,356540.0,308.69359029107926,462.1311502150773,550.7059106274419,486.62164306640625,361.5135192871094,529.0652465820312,529.0652465820312,1.0,15.0
336.0,357277.0,309.0085072247119,462.7113571083066,551.4798273735857,486.58197021484375,361.5548095703125,529.8831176757812,529.8831176757812,1.0,12.0
336.5,357707.0,309.1985997843316,463.03887525779083,552.1132130279079,487.0569152832031,361.6663513183594,530.2434692382812,530.2434692382812,1.0,11.0
337.0,358505.0,309.45621354875345,463.62161295608297,552.7476820394636,487.53204345703125,361.77606201171875,530.60498046875,530.60498046875,1.0,9.0
337.5,357996.0,309.6703836623367,464.0056572872329,553.6614489017634,487.7276306152344,361.72113037109375,531.2898559570312,531.2898559570312,1.0,10.0
338.0,358943.0,309.94761989256403,464.4620544242554,554.294145738524,487.3000183105469,361.39862060546875,532.0548706054688,532.0548706054688,1.0,11.0
338.5,359463.0,310.16967741142344,464.85277238235926,554.294145738524,487.1024169921875,361.8797912597656,532.5176391601562,532.5176391601562,1.0,12.0
339.0,360176.0,310.47530165300617,465.3211256474449,555.068464245628,486.5355529785156,361.7588195800781,533.6315307617188,533.6315307617188,1.0,16.0
339.5,360346.0,310.7233325344687,465.79823958447935,555.068464245628,487.29510498046875,362.85980224609375,533.76806640625,533.76806640625,1.0,15.0
340.0,361094.0,310.93844170915617,466.06437323614426,555.8435031553396,487.3328552246094,362.24090576171875,534.098388671875,534.098388671875,1.0,13.0
340.5,361471.0,311.1991579295155,466.63368930977526,555.989208528367,488.0968933105469,363.2505798339844,534.2843017578125,534.2843017578125,1.0,17.0
341.0,361808.0,311.496231142408,467.1241804916547,556.7665579037591,488.0575866699219,363.1077575683594,534.9838256835938,534.9838256835938,1.0,14.0
341.5,362217.0,311.64570231623213,467.2740095490011,556.138471965391,487.9524230957031,363.2975158691406,535.1868286132812,535.1868286132812,1.0,16.0
342.0,362915.0,311.93023868553314,468.0058760250854,556.2912906023247,488.0796203613281,363.48138427734375,535.2088623046875,535.2088623046875,1.0,19.0
342.5,363422.0,312.1205057193853,468.25847563071403,556.2912906023247,488.3972473144531,363.9405517578125,535.2642822265625,535.2642822265625,1.0,20.0
343.0,364076.0,312.3572405898531,468.62458322200723,556.2912906023247,487.60400390625,364.6382751464844,536.3206176757812,536.3206176757812,1.0,19.0
343.5,364773.0,312.60102304947407,469.00106609686935,556.3667854931673,487.43719482421875,365.589111328125,537.0643310546875,537.0643310546875,1.0,19.0
344.0,365303.0,312.74892596357137,469.3591375482105,557.1974515376035,487.59698486328125,366.154296875,537.4219970703125,537.4219970703125,1.0,19.0
344.5,365114.0,313.0829762829355,469.79250739023075,557.7544262486851,487.1048889160156,366.6476745605469,538.116455078125,538.116455078125,1.0,14.0
345.0,365695.0,313.26680063983144,470.15316653192923,558.028673098435,487.025390625,366.8463439941406,538.3057861328125,538.3057861328125,1.0,17.0
345.5,366116.0,313.52015741445547,470.622991306015,558.8604476969183,487.1955261230469,367.2335510253906,538.761474609375,538.761474609375,1.0,16.0
346.0,365829.0,313.62623194177695,470.91931368335275,559.6927728674009,487.67437744140625,367.4168701171875,539.0827026367188,539.0827026367188,1.0,16.0
346.5,366228.0,314.1509509473424,471.5989291627676,559.4157666709082,486.55816650390625,367.477294921875,539.9622192382812,539.9622192382812,1.0,15.0
347.0,367754.0,314.4450612046878,471.96933162834,560.5301062387283,486.55419921875,368.2127380371094,540.4496459960938,540.4496459960938,1.0,15.0
347.5,367828.0,314.287697083646,471.79041955474935,559.9723207445168,485.5242919921875,368.26666259765625,541.2601318359375,541.2601318359375,1.0,14.0
348.0,368148.0,314.8357464352741,473.1691029642574,562.1903592200777,486.49029541015625,368.41888427734375,542.018310546875,542.018310546875,1.0,22.0
348.5,368783.0,314.90423198979914,472.8889933166134,561.9181435049059,486.2742004394531,368.42864990234375,542.189453125,542.189453125,1.0,20.0
349.0,369874.0,315.15432806185635,473.25785783228156,562.4775551077572,485.64739990234375,368.7300109863281,542.862548828125,542.862548828125,1.0,20.0
349.5,369768.0,315.3662746933058,474.04345790634164,563.866118861561,486.4551696777344,369.1898193359375,543.3313598632812,543.3313598632812,1.0,22.0
350.0,370618.0,315.68766793848175,474.4356120696025,564.9893804311723,487.10064697265625,370.0904846191406,543.4408569335938,543.4408569335938,1.0,20.0
350.5,371086.0,315.7800848598395,474.44283110473094,564.727367851072,486.0672912597656,370.1441345214844,544.2523193359375,544.2523193359375,1.0,16.0
351.0,370877.0,316.07814224702514,475.0789408087881,566.1174789741084,486.4156799316406,371.0605773925781,544.5960693359375,544.5960693359375,1.0,20.0
351.5,370833.0,316.09018943648516,475.1178801097681,566.6833330882425,486.6610107421875,371.51531982421875,544.712890625,544.712890625,1.0,23.0
352.0,370984.0,317.19253587061837,478.0713858792568,573.8937183834652,490.6806945800781,374.5525207519531,546.8841552734375,546.8841552734375,1.0,25.0
352.5,371228.0,315.83680701818446,474.23512100826514,560.0366059464327,486.7672119140625,374.7542724609375,549.112832487167,549.9591674804688,1.0,11.0
353.0,373961.0,317.8556726986753,476.68123520860354,566.83154464091,483.7781066894531,374.9083557128906,551.3415097008965,552.3150024414062,1.0,15.0
353.5,371433.0,317.4100130446167,477.60443884034413,572.814978854429,483.7781066894531,374.9083557128906,552.3150024414062,552.3150024414062,1.0,17.0
354.0,371877.0,316.2959399228451,475.94642555649057,566.9118097199952,483.90380859375,371.986572265625,553.89501953125,553.89501953125,1.0,28.0
354.5,374991.0,318.4969336733556,479.28123267821707,574.0400682879201,484.04302978515625,372.17767333984375,553.9185791015625,553.9185791015625,1.0,24.0
355.0,373489.0,317.8454431872481,477.3024198553121,569.2846388231462,484.04302978515625,372.17767333984375,553.9185791015625,553.9185791015625,1.0,21.0
355.5,373807.0,317.93567998968825,478.77447718106276,574.4606165787172,484.2287902832031,372.4327392578125,553.9501342773438,553.9501342773438,1.0,27.0
356.0,375551.0,318.2428855761431,479.432476990454,575.3477209479498,484.7492370605469,373.1472473144531,554.03955078125,554.03955078125,1.0,28.0
356.5,374483.0,318.5083669976835,478.9874737401804,571.7429492350561,484.0072021484375,373.1878967285156,554.6190185546875,554.6190185546875,1.0,25.0
357.0,376258.0,319.3984020664581,481.02770188766823,577.4054035077954,484.8153076171875,374.8299865722656,555.1160888671875,555.1160888671875,1.0,27.0
357.5,375055.0,318.657031346111,479.95208094142066,574.7764782939538,484.8153076171875,374.8299865722656,555.1160888671875,555.1160888671875,1.0,17.0
358.0,376358.0,319.21274150419225,480.6939254695323,575.1008607192307,484.8153076171875,374.8299865722656,555.1160888671875,555.1160888671875,1.0,17.0
358.5,376827.0,319.8821413548461,481.83814709921006,577.4054035077954,484.00238037109375,374.8730773925781,555.7488403320312,555.7488403320312,1.0,18.0
359.0,376533.0,319.4711771319681,481.21201148766016,575.6752556780602,484.00238037109375,374.8730773925781,555.7488403320312,555.7488403320312,1.0,22.0
359.5,377685.0,320.0631227699463,482.5424333528452,578.22141087995,484.4490051269531,375.49420166015625,555.8330688476562,555.8330688476562,1.0,25.0
360.0,378038.0,320.2172256902141,482.3121395942673,576.589975632598,484.4490051269531,375.49420166015625,555.8330688476562,555.8330688476562,1.0,20.0
360.5,377954.0,320.4408739578431,482.99585919550077,578.5646031343432,484.6498718261719,375.77349853515625,555.8712158203125,555.8712158203125,1.0,26.0
361.0,378217.0,320.589290766607,483.41493564018066,578.5646031343432,484.6498718261719,375.77349853515625,555.8712158203125,555.8712158203125,1.0,27.0
361.5,378799.0,320.7665491974156,483.54110476773326,578.3329490872883,484.6498718261719,375.77349853515625,555.8712158203125,555.8712158203125,1.0,26.0
362.0,379793.0,321.2503992169291,484.298461694852,580.3119850563144,485.621826171875,377.1251525878906,556.0591430664062,556.0591430664062,1.0,24.0
362.5,379915.0,321.2163351033069,484.57445246906144,580.5411268807749,485.7406005859375,377.2903747558594,556.0824584960938,556.0824584960938,1.0,21.0
363.0,379751.0,321.485730913442,485.00412369380945,581.1239110551209,486.06378173828125,377.7397766113281,556.146240234375,556.146240234375,1.0,23.0
363.5,380720.0,321.87324949303536,485.61898643598084,582.5195275696773,486.828125,378.8028564453125,556.2992553710938,556.2992553710938,1.0,22.0
364.0,381246.0,321.937205324849,485.64081375773986,581.7078304441156,486.828125,378.8028564453125,556.2992553710938,556.2992553710938,1.0,21.0
364.5,380892.0,322.2450006652863,486.33321909982664,582.7495173743175,486.947998046875,378.96954345703125,556.3235473632812,556.3235473632812,1.0,22.0
365.0,382074.0,322.4847709075183,486.8062756371984,583.3318095218192,487.2693786621094,379.41650390625,556.3889770507812,556.3889770507812,1.0,24.0
365.5,381745.0,322.69435342716963,487.08315511830216,583.3318095218192,487.2693786621094,379.41650390625,556.3889770507812,556.3889770507812,1.0,22.0
366.0,382236.0,322.9336443400809,487.8209200104102,584.377446518943,487.83270263671875,380.1999206542969,556.5050048828125,556.5050048828125,1.0,24.0
366.5,382905.0,323.10555696795495,488.0704867125568,584.377446518943,487.5585632324219,380.00897216796875,556.8389892578125,556.8389892578125,1.0,25.0
367.0,383234.0,323.46614950922356,488.70896245959244,585.1922760939348,487.7146911621094,380.6468505859375,557.150634765625,557.150634765625,1.0,31.0
367.5,383248.0,323.61438161550444,489.0993763896898,585.7721399998467,488.0341491699219,381.0945129394531,557.2141723632812,557.2141723632812,1.0,27.0
368.0,383756.0,323.747285038849,489.5855389989282,586.2465351709978,488.31689453125,380.908447265625,557.5516357421875,557.5516357421875,1.0,25.0
368.5,358289.0,319.3359671731959,491.4682085343873,586.7069114984074,488.5871276855469,381.2864685058594,557.6060180664062,557.6060180664062,1.0,23.0
369.0,358814.0,319.22903552327017,491.5699339870167,586.8236532383472,488.6350402832031,381.353515625,557.61572265625,557.61572265625,1.0,28.0
369.5,358186.0,319.4165675298524,492.33296659391533,588.102882155835,489.3479309082031,382.3509826660156,557.7612915039062,557.7612915039062,1.0,22.0
370.0,358543.0,319.60254622605214,492.7412099671665,588.330689323615,489.4936218261719,382.1162109375,558.0017700195312,558.0017700195312,1.0,19.0
370.5,359468.0,320.2327578449049,492.8941569949535,588.330689323615,489.4936218261719,382.1162109375,558.0017700195312,558.0017700195312,1.0,21.0
371.0,359489.0,320.0804766964784,493.4136195931361,589.7262076591136,490.25384521484375,383.16973876953125,558.1643676757812,558.1643676757812,1.0,22.0
371.5,360394.0,320.63256408088756,493.80431346745746,589.956778077852,490.41314697265625,382.7481384277344,558.505859375,558.505859375,1.0,26.0
372.0,360634.0,320.72469011110866,493.724974049082,590.5387370867385,490.7313537597656,383.20220947265625,558.5682373046875,558.5682373046875,1.0,22.0
372.5,361184.0,320.9472418601726,494.3120471907525,591.3518411233705,490.89581298828125,383.7059326171875,558.9498901367188,558.9498901367188,1.0,22.0
373.0,361582.0,321.1375840352022,494.7401843387733,592.1655174020183,491.35711669921875,384.0003967285156,559.2144165039062,559.2144165039062,1.0,25.0
373.5,360955.0,321.4932968451864,495.5501992734944,592.9797635670209,491.79205322265625,383.96563720703125,559.6931762695312,559.6931762695312,1.0,24.0
374.0,360812.0,321.2920678414832,495.5177090639325,592.7469949312269,491.27105712890625,383.9924621582031,560.1004028320312,560.1004028320312,1.0,24.0
374.5,362108.0,321.95058926328335,496.2358310319802,593.9132933349783,491.5007629394531,384.73785400390625,560.4241943359375,560.4241943359375,1.0,23.0
375.0,361943.0,321.8020203062119,496.4959214275159,594.4981076504786,491.5644226074219,384.7350158691406,560.9625244140625,560.9625244140625,1.0,23.0
375.5,362794.0,322.21950256377136,496.62057951720044,594.4981076504786,491.5644226074219,384.7350158691406,560.9625244140625,560.9625244140625,1.0,22.0
376.0,362908.0,322.1432828013347,497.1032085958783,598.4530056737956,493.4568786621094,387.23236083984375,561.9038696289062,561.9038696289062,1.0,22.0
376.5,363238.0,322.30427098256115,497.31780583445834,599.0300493297477,493.8044128417969,387.1353454589844,562.2554321289062,562.2554321289062,1.0,22.0
377.0,362456.0,322.481945063453,497.8292880094541,599.8466470690655,494.24847412109375,387.7582702636719,562.3480224609375,562.3480224609375,1.0,23.0
377.5,362738.0,322.6370940489122,498.04919435734456,600.0883268319757,494.37872314453125,387.94097900390625,562.3753662109375,562.3753662109375,1.0,21.0
378.0,363244.0,322.74582686455653,498.2164690067944,601.4025274306719,495.09259033203125,388.9423828125,562.5269775390625,562.5269775390625,1.0,22.0
378.5,363813.0,322.9105040055406,498.8236161209692,604.9528907278649,497.0530700683594,391.1004943847656,563.2349243164062,563.2349243164062,1.0,24.0
379.0,364416.0,323.2582931648274,499.51676648537034,606.0833276043815,497.39404296875,391.943115234375,563.6099243164062,563.6099243164062,1.0,22.0
379.5,363371.0,323.31808366290755,499.5447927863927,606.3406633238448,497.56341552734375,391.6300964355469,563.9066772460938,563.9066772460938,1.0,20.0
380.0,364068.0,323.79226875294364,500.2579334703249,607.1655457945551,498.0123596191406,392.2568359375,564.0082397460938,564.0082397460938,1.0,24.0
380.5,363237.0,323.92744843146033,500.4048361077259,606.601186942459,498.0165100097656,392.18035888671875,564.0479125976562,564.0479125976562,1.0,24.0
381.0,363574.0,324.22252825155095,500.6060327207102,606.3406633238448,498.0165100097656,392.18035888671875,564.0479125976562,564.0479125976562,1.0,21.0
381.5,363999.0,324.5481545623903,501.3840843106211,606.601186942459,497.74249267578125,392.158203125,564.286865234375,564.286865234375,1.0,21.0
382.0,364249.0,324.81917115691283,501.54660800368293,609.0262720113147,498.7754211425781,393.0172424316406,564.7946166992188,564.7946166992188,1.0,21.0
382.5,364586.0,324.96034824734755,501.7897966280303,610.6594795792496,499.657958984375,394.2554016113281,564.9949951171875,564.9949951171875,1.0,18.0
383.0,364770.0,325.18271334893745,502.28677067985774,610.6594795792496,499.6925354003906,393.7098083496094,565.280517578125,565.280517578125,1.0,21.0
383.5,365109.0,324.9376919660506,502.3594330755619,611.4769006266713,500.16851806640625,393.7818298339844,565.6677856445312,565.6677856445312,1.0,21.0
384.0,364584.0,325.30675232309517,502.7733087585299,611.4769006266713,499.8924560546875,393.8015441894531,565.88232421875,565.88232421875,1.0,19.0
384.5,365205.0,325.5169175472439,503.21228124148524,612.2948636073962,500.33489990234375,394.4194641113281,565.9840698242188,565.9840698242188,1.0,23.0
385.0,364176.0,325.9402535860302,503.6012807721793,611.4769006266713,500.0682373046875,394.2838134765625,566.2803344726562,566.2803344726562,1.0,22.0
385.5,374303.0,326.62443172127206,503.7955934702089,612.2948636073962,499.8581237792969,393.7560729980469,566.7551879882812,566.7551879882812,1.0,24.0
386.0,374365.0,326.9038951676671,504.43334544813746,612.2948636073962,499.61181640625,392.6445007324219,567.5952758789062,567.5952758789062,1.0,22.0
386.5,374435.0,327.104296996294,504.48448935440507,611.4769006266713,499.61181640625,392.6445007324219,567.5952758789062,567.5952758789062,1.0,18.0
387.0,374453.0,327.1590690677171,504.6047958551326,611.4769006266713,499.0487365722656,392.68170166015625,568.0347290039062,568.0347290039062,1.0,15.0
387.5,374867.0,327.23731146390963,505.1940221340708,612.2948636073962,498.796142578125,392.15740966796875,568.542724609375,568.542724609375,1.0,21.0
388.0,374654.0,327.34502681760245,505.1165706987121,611.4769006266713,498.796142578125,392.15740966796875,568.542724609375,568.542724609375,1.0,21.0
388.5,375191.0,327.4208634062131,505.5620634501762,611.4769006266713,498.5738525390625,391.0436096191406,569.365478515625,569.365478515625,1.0,25.0
389.0,391865.0,328.7435506220632,504.23903061940774,610.9017924347579,497.7132568359375,391.04833984375,570.0664672851562,570.0664672851562,1.0,33.0
389.5,392269.0,328.7203621637688,504.1428369024001,610.0836008286077,497.7132568359375,391.04833984375,570.0664672851562,570.0664672851562,1.0,32.0
390.0,393096.0,328.86369062068593,504.2338247192132,610.6594795792496,497.4484558105469,390.576171875,570.5547485351562,570.5547485351562,1.0,30.0
390.5,392375.0,329.17112417426995,504.8405688927941,610.6594795792496,497.4784851074219,389.9845886230469,570.8709716796875,570.8709716796875,1.0,33.0
391.0,392858.0,329.3498840737658,504.8960289010006,610.4498341387276,497.5059509277344,389.4436950683594,571.160400390625,571.160400390625,1.0,31.0
391.5,378510.0,329.5748133665876,506.4740862077743,611.007364931062,497.2135009765625,389.46209716796875,571.388671875,571.388671875,1.0,32.0
392.0,378757.0,329.321707492101,506.76029836216065,612.3952971733208,496.9698791503906,389.492919921875,571.655029296875,571.655029296875,1.0,28.0
392.5,378400.0,330.00514571607806,507.20419950924634,612.1119178712337,496.9907531738281,388.9453430175781,571.9439697265625,571.9439697265625,1.0,29.0
393.0,378656.0,329.8517812914198,507.20607251885303,613.2250810265347,497.45458984375,389.58416748046875,572.0313720703125,572.0313720703125,1.0,29.0
393.5,378500.0,330.00569300689114,507.83560332060216,613.2250810265347,497.4754943847656,389.0357971191406,572.3204956054688,572.3204956054688,1.0,29.0
394.0,379408.0,330.4574917191974,507.9913877168488,613.2250810265347,497.496337890625,388.487548828125,572.6099243164062,572.6099243164062,1.0,33.0
394.5,377812.0,330.05524146015557,508.03641601759216,613.7833493994441,497.80975341796875,388.9179382324219,572.6693725585938,572.6693725585938,1.0,33.0
395.0,378412.0,330.1226453804532,508.14786233340527,614.055372096035,497.9794006347656,388.62286376953125,572.962646484375,572.962646484375,1.0,30.0
395.5,377770.0,330.1864110040882,508.34476488371126,614.6128862951052,498.29241943359375,389.0509948730469,573.0233154296875,573.0233154296875,1.0,32.0
396.0,378488.0,330.57336752787825,508.93221552580064,615.4429299293315,498.7788391113281,389.0900573730469,573.4269409179688,573.4269409179688,1.0,34.0
396.5,378068.0,330.614102450964,509.070722002356,615.4429299293315,498.7788391113281,389.0900573730469,573.4269409179688,573.4269409179688,1.0,35.0
397.0,378031.0,330.7215553912839,509.2838108559902,616.000811687777,499.0917053222656,389.51837158203125,573.488037109375,573.488037109375,1.0,34.0
397.5,378666.0,330.96374732827263,509.71364508756574,616.2734782545814,499.2652282714844,389.129150390625,573.8308715820312,573.8308715820312,1.0,33.0
398.0,378528.0,331.1502768061641,509.7974597455497,616.5598105617978,499.4289855957031,389.3535461425781,573.8627319335938,573.8627319335938,1.0,37.0
398.5,378971.0,331.1928208373356,509.8676298805407,616.8306088384395,499.57958984375,389.51092529296875,573.916259765625,573.916259765625,1.0,37.0
399.0,378670.0,331.563682273668,510.29893199966625,617.6609102088297,500.0637512207031,389.596435546875,574.2958374023438,574.2958374023438,1.0,36.0
399.5,377876.0,331.73129535620774,510.4559236560024,617.3888563944121,499.7730407714844,389.61846923828125,574.5244140625,574.5244140625,1.0,36.0
400.0,379156.0,331.83802267317833,510.6486071654362,617.6609102088297,499.4813232421875,389.6406555175781,574.7538452148438,574.7538452148438,1.0,31.0
400.5,378696.0,331.44577057789445,510.83069602364344,617.9360808368451,499.63348388671875,389.84881591796875,574.783203125,574.783203125,1.0,38.0
401.0,379054.0,331.6742968234296,511.1653352879086,618.2143641165255,499.7877502441406,390.0597839355469,574.81298828125,574.81298828125,1.0,38.0
401.5,379008.0,331.96213065677705,511.47336196521513,618.7681310474869,499.828857421875,389.9111328125,575.4169311523438,575.4169311523438,1.0,36.0
402.0,378111.0,332.10600241913744,511.61411239331545,618.7681310474869,499.828857421875,389.9111328125,575.4169311523438,575.4169311523438,1.0,38.0
402.5,378577.0,332.28289298481167,511.9535135140588,619.6006778563109,500.29498291015625,390.5485534667969,575.506591796875,575.506591796875,1.0,35.0
403.0,378466.0,332.4020101773814,511.8493430183256,619.3230174957168,500.29498291015625,390.5485534667969,575.506591796875,575.506591796875,1.0,32.0
403.5,378988.0,332.48944300441957,512.0614709173574,619.8790204547981,500.45318603515625,390.76483154296875,575.5372314453125,575.5372314453125,1.0,34.0
404.0,378292.0,332.75589910266063,512.5799937513291,620.4361369230519,500.7886657714844,390.59735107421875,575.9116821289062,575.9116821289062,1.0,35.0
404.5,379754.0,332.9529750204068,512.7957195505845,620.7100772502408,500.94000244140625,390.80450439453125,575.9410400390625,575.9410400390625,1.0,38.0
405.0,378972.0,332.7680122960047,510.63294057473416,617.9813913055958,499.767578125,390.8950500488281,576.8641357421875,576.8641357421875,1.0,29.0
405.5,380261.0,333.8069869218896,514.662025022247,623.7603706552701,501.5448303222656,391.4404296875,578.133056640625,578.133056640625,1.0,37.0
406.0,378737.0,332.72007322701637,516.5510623355642,622.1519107099166,501.6909484863281,387.2192687988281,580.3617338543545,580.37060546875,1.0,21.0
406.5,378498.0,332.359504333942,519.4666495532797,626.8173577685927,503.6126708984375,384.6640930175781,582.590411068084,583.3176879882812,1.0,31.0
407.0,376738.0,330.69135347388624,512.8382298484203,620.5038275466155,503.6126708984375,384.6640930175781,583.3176879882812,583.3176879882812,1.0,25.0
407.5,375787.0,329.5179106630423,511.5993549548038,620.5038275466155,503.6126708984375,384.6640930175781,583.3176879882812,583.3176879882812,1.0,27.0
408.0,374491.0,326.16354419840434,505.24053677431704,607.4273619125171,501.9428405761719,384.7574157714844,584.6377563476562,584.6377563476562,1.0,6.0
408.5,374248.0,330.214301799101,505.3478999439183,606.5723369887552,501.9428405761719,384.7574157714844,584.6377563476562,584.6377563476562,1.0,7.0
409.0,377108.0,328.1599647110883,498.4020967048303,596.8483894591658,501.9428405761719,384.7574157714844,584.6377563476562,584.6377563476562,1.0,39.0
409.5,382643.0,328.46810141871134,496.19048761539153,593.2158123313976,501.9428405761719,384.7574157714844,584.6377563476562,584.6377563476562,1.0,58.0
410.0,379427.0,330.2993067230698,501.93854203788845,602.1378579694189,501.9428405761719,384.7574157714844,584.6377563476562,584.6377563476562,1.0,48.0
410.5,383637.0,332.3615483396157,504.2866248474175,610.5751387012085,501.9428405761719,384.7574157714844,584.6377563476562,584.6377563476562,1.0,51.0
411.0,384483.0,337.5798445108868,514.8368673667417,626.2810870527705,497.0941467285156,385.0282897949219,586.8664335613857,588.4810180664062,1.0,58.0
411.5,377610.0,335.3067523015392,512.967591563172,622.3825190347171,497.0941467285156,385.0282897949219,588.4810180664062,588.4810180664062,1.0,17.0
412.0,380129.0,334.5378647663109,513.9988326815111,620.7422975760553,497.0941467285156,385.0282897949219,588.4810180664062,588.4810180664062,1.0,38.0
412.5,382409.0,337.8815321705464,517.8221702457187,630.4173220970375,499.18463134765625,387.8485107421875,588.747802734375,588.747802734375,1.0,56.0
413.0,382976.0,334.9976797224293,512.3882805045341,620.4361369230519,499.18463134765625,387.8485107421875,588.747802734375,588.747802734375,1.0,58.0
413.5,382638.0,336.1398605840785,515.1718159992839,627.37628262471,499.18463134765625,387.8485107421875,588.747802734375,588.747802734375,1.0,50.0
414.0,382671.0,336.6804630753019,517.4045805729775,628.4775254533769,499.18463134765625,387.8485107421875,588.747802734375,588.747802734375,1.0,60.0
414.5,383297.0,335.61128991542506,514.4179234801035,623.4845627599773,499.18463134765625,387.8485107421875,588.747802734375,588.747802734375,1.0,66.0
415.0,384412.0,336.9711218802242,515.9089066879927,627.936302502093,499.18463134765625,387.8485107421875,588.747802734375,588.747802734375,1.0,65.0
415.5,384793.0,336.019255157266,516.0862331045074,626.2595308655989,499.18463134765625,387.8485107421875,588.747802734375,588.747802734375,1.0,66.0
416.0,384223.0,336.6607937018916,516.7553579723917,628.7646618568826,499.18463134765625,387.8485107421875,588.747802734375,588.747802734375,1.0,59.0
416.5,384752.0,336.9873669504687,517.0145065663052,628.7646618568826,499.18463134765625,387.8485107421875,588.747802734375,588.747802734375,1.0,67.0
417.0,384076.0,336.9899892045296,515.9341043086122,626.8173577685927,499.18463134765625,387.8485107421875,588.747802734375,588.747802734375,1.0,69.0
417.5,384223.0,337.85205248039006,517.5364721447175,630.4228739504937,499.1978454589844,387.8663024902344,588.74951171875,588.74951171875,1.0,74.0
418.0,383846.0,337.81347370748796,517.8897083354962,629.5935196616941,499.1978454589844,387.8663024902344,588.74951171875,588.74951171875,1.0,72.0
418.5,385371.0,337.80998435759375,517.4079628264959,629.6292559911745,499.1978454589844,387.8663024902344,588.74951171875,588.74951171875,1.0,74.0
419.0,384044.0,338.0957656916135,518.058297875924,630.7210159809168,499.3498229980469,388.0713195800781,588.769775390625,588.769775390625,1.0,73.0
419.5,385283.0,337.9054582120825,518.2117327859178,630.4680800801893,499.3498229980469,388.0713195800781,588.769775390625,588.769775390625,1.0,78.0
420.0,385094.0,338.15199435062107,518.1708212549216,631.8172204047623,499.9933166503906,388.9394226074219,588.8565673828125,588.8565673828125,1.0,75.0
420.5,385369.0,338.1020665576567,518.3329046086116,631.8172204047623,499.9933166503906,388.9394226074219,588.8565673828125,588.8565673828125,1.0,75.0
421.0,385771.0,338.2904019671444,518.7051185368073,632.6531435154653,500.4795227050781,389.5953369140625,588.9234619140625,588.9234619140625,1.0,77.0
421.5,385926.0,338.3963565955613,519.0346809221904,633.4698098567918,500.9595031738281,390.24298095703125,588.9906616210938,588.9906616210938,1.0,71.0
422.0,385194.0,338.3641994791973,518.8264160337578,632.9423354461289,500.9595031738281,390.24298095703125,588.9906616210938,588.9906616210938,1.0,87.0
422.5,385383.0,338.7297233273265,519.3476677525374,634.037853759537,501.2857666015625,390.6830749511719,589.0369262695312,589.0369262695312,1.0,81.0
423.0,385403.0,338.8033625915957,519.677784785919,634.037853759537,501.2857666015625,390.6830749511719,589.0369262695312,589.0369262695312,1.0,81.0
423.5,384526.0,338.9242414301774,519.4660720393586,633.2021794024402,501.2857666015625,390.6830749511719,589.0369262695312,589.0369262695312,1.0,78.0
# px_per_mm = 49.526 +/- 0.200
# seed = (463, 367)
