particle,n_frames,R_px_med,R_cv,resid_med,ring_cv_med,ecc_med,n_cores_med,frac_multicore,inlier_med,n_shape,x_med,y_med,sym_med,polarity,rigid_partner,rigid_sep_cv,rigid_corr,med_step,max_step,mislink,reason,proposed
2,1000,18.543775083917787,0.0818202872903742,0.018055154364629695,0.17522826983621675,0.32401848624228935,1.0,0.325,0.6875,80,592.3465270996094,882.7259216308594,48.427745,1,2605,0.0302562649992049,0.7853879891913895,0.8708463769131006,3.021625855814679,False,rigid-doublet;two-cores;not-round,reject
4,1000,26.304437410787838,0.10534992029830191,0.006103013389002572,0.05772433765373325,0.1545480815790029,2.0,0.6125,0.5833333333333334,80,952.3106689453125,256.15895080566406,35.1857325,1,3325,0.019624443313519112,0.7779219518221695,0.7248462919197802,3.157392346595406,False,rigid-doublet;poor-fit,reject
6,1000,14.105201861546714,0.14603551712576202,0.012603519339707492,0.10887819952137148,0.3459991732476831,1.0,0.05,0.7708333333333334,80,170.438232421875,1192.5267333984375,29.545022,1,16,0.02735789387419459,0.8417531768988201,1.0892902307665948,3.597709967981826,False,rigid-doublet;not-round,reject
2455,656,12.78563972802545,0.36952362547285006,0.03731173384604418,0.2414733751749622,0.42178915993657484,1.0,0.46153846153846156,0.84375,52,36.017080307006836,562.5818481445312,23.9983335,-1,-1,,,1.3542133116985335,4.020396564364982,False,two-cores;not-round;defocus,reject
13,1000,14.389899479150316,0.016751600909921654,0.025604900505045186,0.09793556055663473,0.31120594264276746,1.0,0.0,0.7916666666666666,80,1358.898193359375,691.8002014160156,20.5748575,1,3432,0.04391787938350215,0.7011793830483114,1.0163625254664967,3.41854976324083,False,rigid-doublet,reject
31,1000,14.122808801494669,0.02210351164204144,0.021034709642031062,0.07130352566284351,0.25355809357974307,1.0,0.0,0.7916666666666666,80,1364.3441772460938,671.3766174316406,18.324316,1,6322,0.05584797995223976,0.8108247330662293,0.9683652097647945,3.1938577898801075,False,rigid-doublet,reject
4649,101,9.1922685412562,0.030700577319229462,0.027671773260965794,0.10141519016848893,0.3552827014136041,1.0,0.0,0.8333333333333333,8,562.9967041015625,823.2548828125,14.758411,1,-1,,,1.4655067536245006,4.65332694638591,False,not-round,reject
7,804,24.47449278763208,0.09510569417982213,0.014151884634403932,0.1887285447132765,0.37448143181646276,1.0,0.3230769230769231,0.6875,65,613.7029724121094,852.1492919921875,13.89285625,1,1902,0.019771179887627947,0.8134854914502474,0.976589375172459,5.761015403701022,False,rigid-doublet;two-cores;not-round,reject
18,1000,11.888236203904095,0.11031594571897996,0.09651951341304615,0.10006230046829441,0.47015467681976164,1.0,0.025,1.0,80,970.4218444824219,340.88600158691406,13.659376,1,-1,,,1.1732365871027024,4.522489158840507,False,not-round;elongated,reject
16,161,11.61019465952377,0.013807726447431487,0.019781319292199787,0.1019591251681587,0.24672069714745565,1.0,0.0,0.6666666666666666,13,153.58990478515625,1206.0364990234375,13.031819,1,135,0.051648393998442906,0.818004876877415,1.2067707828156267,2.902302469117841,False,rigid-doublet;not-round,reject
11,1000,11.820794228063397,0.17236055231250066,0.029011651541508806,0.18169617437957425,0.3796480378146324,1.0,0.0875,0.75,80,199.67233276367188,552.8148193359375,12.413099500000001,-1,2584,0.01772109101206194,0.7729224565811228,1.1183485908393567,4.200768861240008,False,rigid-doublet;not-round,reject
5284,252,9.148165820351672,0.09944792505712963,0.04541156334807536,0.13242538023896985,0.41507443700580954,1.0,0.25,0.8333333333333334,20,550.0225524902344,848.5474548339844,11.9222495,1,6031,0.10990876284238013,0.7453023598364495,1.2734913313583716,8.636134082082615,False,rigid-doublet;not-round,reject
14,334,12.259399428504441,0.3162858834164112,0.05962991799783364,0.07000885859580905,0.33405928147871,2.0,0.5555555555555556,0.9583333333333334,27,356.49456787109375,1194.8035278320312,11.7558635,-1,-1,,,1.6414667963694622,5.174506176579388,False,defocus,reject
12,473,14.716159321160664,0.1770191129543001,0.05489516183831078,0.07859799907537483,0.35110071243940577,1.0,0.3157894736842105,0.9375,38,600.5309448242188,468.5784912109375,11.387845,-1,-1,,,1.6896532079336155,5.082634956781905,False,two-cores,reject
1625,781,11.280029192533224,0.16681794450622056,0.023505208313145568,0.1287178872582911,0.3381471060224591,1.0,0.016129032258064516,0.7604166666666667,62,156.8209228515625,1201.272216796875,10.960033,1,4546,0.03591777448936401,0.7653293001195286,1.1140473355809402,3.6827336012287564,False,rigid-doublet;not-round,reject
20,562,9.41437277249579,0.07474239402384442,0.028347582376791365,0.10932156855004804,0.39997827359224863,1.0,0.022222222222222223,0.8333333333333334,45,538.4315185546875,779.0468139648438,10.931000000000001,1,1610,0.10629831350445289,0.7668432372880765,1.401480925019026,3.873567955390828,False,rigid-doublet;not-round,reject
2286,682,13.184879694764504,0.25297370971651106,0.06507509035685302,0.07798431031908404,0.34722018861098347,2.0,0.7037037037037037,0.9583333333333334,54,79.65922927856445,704.3339233398438,10.81867325,-1,-1,,,1.6013355926539208,6.170200540767143,False,defocus,reject
26,1000,8.533626939025769,0.3199064940810068,0.03351154969742451,0.03507633432024443,0.27244049541780335,1.0,0.35,0.9583333333333334,80,790.2836303710938,815.0222473144531,9.6923895,1,-1,,,1.5290727254030816,4.929177341063092,False,defocus,reject
1420,63,14.015332604808329,0.1878251033615595,0.1413250328568059,0.17172781450084057,0.4845735795246942,1.0,0.0,0.9761904761904762,5,5.540015697479248,572.0650024414062,8.974175,1,-1,,,1.3377046576518985,3.644538926355974,False,not-round;elongated,reject
1796,757,7.566414782003655,0.26337048302031896,0.013330683968241637,0.014102995792771529,0.17204718335145258,1.0,0.11666666666666667,0.9791666666666666,60,445.4674682617188,279.76080322265625,8.7774725,1,-1,,,1.5867586414475894,4.398829364245283,False,defocus,reject
10,448,23.85877586464633,0.09570842865947943,0.020464242240254643,0.24753386811004777,0.4618333366773611,1.0,0.42857142857142855,0.7083333333333334,35,1001.3020629882812,241.16901397705078,8.3527035,1,-1,,,0.7853254853396879,5.329231685630566,False,two-cores;not-round;elongated,reject
3914,451,9.533146669762331,0.2138033545933461,0.03401299040422277,0.13314301029477008,0.38012066731608696,1.0,0.16666666666666666,0.8125,36,1148.3701171875,234.00616455078125,8.169978,1,4695,0.0896253763777633,0.7782724124194444,1.191826912490681,3.8518181630692623,False,rigid-doublet;not-round,reject
3376,525,11.496255042819314,0.3360748496980705,0.043270439385126695,0.06292335749823486,0.2844552644769671,1.0,0.40476190476190477,0.96875,42,570.8619384765625,518.6558837890625,7.840702,-1,-1,,,1.6950129760659833,6.3620202695521,False,defocus,reject
9,710,12.80785930477414,0.13216831963062667,0.07957851659842055,0.23056483085395724,0.41807379043404264,1.0,0.17543859649122806,0.8958333333333334,57,217.62680053710938,551.2210998535156,7.8117354,-1,2584,0.09519252050738301,0.8192266340448534,1.1175800074135078,7.2673195286353485,False,rigid-doublet;not-round,reject
19,1000,6.908546998204445,0.26848701025856114,0.01779369604543872,0.018763300290036516,0.20756174790195991,1.0,0.1375,0.9791666666666666,80,536.6226196289062,1148.3114013671875,7.6475947,1,-1,,,1.6734720955344267,5.624286206971276,False,defocus,reject
3971,444,12.138690542068662,0.29986300282351186,0.05536545846086738,0.08616245349015886,0.36130147071107466,1.0,0.2857142857142857,0.9791666666666666,35,419.8743438720703,143.1492462158203,6.6979298499999995,-1,6498,0.06031620604403056,0.9056234548411161,1.7710774891270353,5.50534010504673,False,rigid-doublet;defocus,reject
2591,132,18.126502266930775,0.09832867298636543,0.09783939437313492,0.2259454465423844,0.35519541264910476,1.0,0.0,0.8913043478260869,11,333.69664001464844,1212.623046875,6.624022999999999,-1,-1,,,1.7275899476639311,5.032982907237215,False,not-round,reject
30,994,9.544097365691517,0.14354586726665264,0.0365608089538533,0.13857078877994425,0.40375790105145204,1.0,0.01282051282051282,0.84375,78,930.0865173339844,179.6013412475586,6.451091249999999,1,1618,0.07522167564128027,0.7400371846288173,1.397807611511459,5.035733712579519,False,rigid-doublet;not-round,reject
25,1000,8.355423446912509,0.16522664033618495,0.01999950343184369,0.10953774808435016,0.3021986682064546,1.0,0.05,0.8229166666666667,80,502.30372619628906,193.47683715820312,5.9544435,1,-1,,,1.5267845741451516,4.96663981139473,False,not-round,reject
2688,618,7.2835749874371185,0.4101368516594321,0.02316092900721293,0.10003307004873561,0.35856035587552126,1.0,0.22448979591836735,0.8541666666666666,49,562.89111328125,487.8610382080078,5.7423459999999995,1,-1,,,1.547912043922366,6.660178268094178,False,not-round;defocus,reject
5024,291,10.741455624955236,0.04493749746752336,0.08896360705762761,0.1807937850652302,0.45634162260416977,1.0,0.043478260869565216,0.8958333333333334,23,209.78273010253903,559.5591430664062,5.681757,-1,5279,0.07197425645211827,0.7581781391524336,1.1699763838593564,4.948352386568025,False,rigid-doublet;not-round;elongated,reject
5059,57,8.561965346711371,0.06378308971861196,0.06390321656824358,0.1467389624279688,0.48620090032928787,1.0,0.0,0.8854166666666667,4,658.7966918945312,744.0528564453125,5.5205846,1,-1,,,1.6767501760217842,5.03470109448742,False,short;not-round;elongated,reject
3476,64,11.215575624042454,0.03217077216680948,0.04001084798142512,0.1259703163703888,0.3224249898394185,1.0,0.0,0.7708333333333334,5,1137.0751342773438,259.5288391113281,5.06862935,1,3663,0.06630568346620468,0.7699746709806605,1.4976974987500462,3.179913236890807,False,rigid-doublet;not-round,reject
29,359,8.226075291309368,0.10029334639705258,0.03013561513365718,0.13750184378371139,0.41634574994612417,1.0,0.034482758620689655,0.8333333333333334,29,638.2962646484375,762.3448486328125,4.9751463,1,38,0.1089158826361888,0.7091629342697058,1.4285667129313484,4.857978784585585,False,rigid-doublet;not-round,reject
39,305,11.199876138487962,0.10382926748743618,0.05823319395792432,0.16213554818889972,0.41818352431659456,1.0,0.0,0.875,25,1090.866943359375,275.2086181640625,4.9034915,1,-1,,,1.0295265865472634,4.418705967301373,False,not-round,reject
2107,195,11.412321078465954,0.061283296099203625,0.035243816656963974,0.1134761755307212,0.30021631072635513,1.0,0.0,0.7916666666666666,15,1110.113037109375,264.9834289550781,4.7892084,1,-1,,,1.1364988037828294,3.9345841533280024,False,not-round,reject
2501,323,7.963559250400561,0.1595862534216807,0.03402606695371872,0.18164717694368676,0.46462404589810347,1.0,0.11538461538461539,0.8645833333333333,26,658.6973876953125,770.6500244140625,4.702277,1,-1,,,1.4763274790680343,5.434591497465015,False,not-round;elongated,reject
37,1000,12.397665682942115,0.16169941344461755,0.05850080401043821,0.1700223468817749,0.47602360846409664,1.0,0.0375,0.7708333333333334,80,948.0520324707031,232.19063568115232,4.66391895,1,-1,,,0.9008168978062563,5.598166885884589,False,not-round;elongated,reject
5286,255,8.111814675569194,0.2946921657799265,0.029781830157349056,0.20270906387535645,0.45992471163005744,1.0,0.19047619047619047,0.8333333333333334,21,639.1373901367188,725.9596557617188,4.377375,1,-1,,,1.388665382758541,3.651578675297711,False,not-round;elongated;defocus,reject
41,1000,7.842510060144049,0.29450413111066415,0.03890708159908367,0.04992365706795794,0.2919870274992316,1.0,0.2625,0.9791666666666666,80,737.0906677246094,158.7165985107422,4.3057365,1,-1,,,1.7515503263926264,6.004664672641914,False,defocus,reject
2584,312,10.178531527085232,0.03020385814482194,0.026569605284239305,0.2258360025286487,0.42617742529549674,1.0,0.0,0.625,25,209.75406646728516,562.3741455078125,3.9968684000000003,1,3298,0.05709332745288162,0.7477362499556307,1.2345320653028706,4.43509164004836,False,rigid-doublet;not-round,reject
3198,547,10.837539169262564,0.26427476743642564,0.04555722358870386,0.2093416444029657,0.3919072092367145,1.0,0.4186046511627907,0.8333333333333334,43,595.78466796875,130.70712280273438,3.9007902,1,5464,0.05227530006244677,0.7391349549167073,1.3026733690512977,5.975557636457973,False,rigid-doublet;two-cores;not-round;defocus,reject
4634,349,20.039951527604824,0.06475451785584677,0.050508751273023705,0.24952349750368438,0.34527223510864347,1.0,0.0,0.8020833333333334,28,977.4716796875,559.0299072265625,3.5728922,-1,-1,,,1.7186642893452548,5.808222780329826,False,not-round,reject
3768,66,17.345015850332466,0.07422753669714657,0.10495501589774342,0.21622370249485295,0.5359830418476477,1.0,0.0,0.8541666666666666,6,1009.7443542480469,247.75115203857422,3.5724263,1,-1,,,0.8130839212804716,6.219742663107761,False,not-round;elongated,reject
77,1000,10.929713706495082,0.2963657622191077,0.055649547020727164,0.07524540065664012,0.34628420189020614,1.0,0.0375,0.9375,80,1250.6970825195312,153.4114532470703,3.5693937499999997,1,-1,,,1.8017175859256322,5.934996248091971,False,defocus,reject
35,410,8.524728810071784,0.12281775093228639,0.038864020669283135,0.1998536218200157,0.3315199692251938,1.0,0.12121212121212122,0.7291666666666666,33,585.9079895019531,143.16757202148438,3.3230119,1,54,0.08630721425946966,0.7712890968273998,1.2947205750185498,4.154332496426903,False,rigid-doublet;not-round,reject
1028,65,7.391414738225659,0.4039552462318215,0.09737988216916815,0.16927434497509158,0.4884137335783616,1.0,0.2,0.8958333333333334,5,632.3082275390625,764.164794921875,3.2188501,1,-1,,,1.2196461101381357,4.802915753914478,False,not-round;elongated;defocus,reject
3024,446,12.495776200918371,0.08662222472180721,0.05162129238025731,0.14876371344927034,0.4453597632702918,1.0,0.02857142857142857,0.7916666666666666,35,1347.4616088867188,684.9960327148438,3.18449475,1,-1,,,1.1156305218289961,6.90578325356327,False,not-round,reject
40,998,18.567988377465483,0.11545047585960241,0.13314623161035943,0.3350546780120736,0.6262926907204303,1.0,0.4,0.8333333333333334,80,1029.3516845703125,299.01670837402344,3.12004875,-1,-1,,,0.6221784398414223,7.456260025616879,True,two-cores;not-round;elongated;mislink,reject
32,786,9.314352008072103,0.49300168101767694,0.07316669071355096,0.16210417203280394,0.5039637287157326,1.0,0.1111111111111111,0.7708333333333334,63,969.9989013671875,255.34014892578125,3.0654574,1,3325,0.034513601183229214,0.8746773044970161,0.8040647913912611,5.769555395137434,False,rigid-doublet;not-round;elongated;defocus,reject
43,1000,12.606938465492227,0.0800237168745768,0.0620131269597763,0.1817790315473601,0.3924684308553747,1.0,0.0,0.7708333333333334,80,1047.9703369140625,296.76026916503906,3.0301961,-1,-1,,,0.47563654345566136,2.196399605585962,False,not-round,reject
281,291,20.678330482725663,0.11155183408414873,0.06521315242045359,0.25922107708927006,0.43569020436572775,1.0,0.0,0.7916666666666666,23,1052.1689453125,572.6520385742188,3.0068274,-1,-1,,,1.4581715308602257,4.034651356801036,False,not-round,reject
4707,341,9.873891528259621,0.2692861676187417,0.044083898596054896,0.061890734331401895,0.3219336926376648,1.0,0.037037037037037035,0.9166666666666666,27,1589.5296630859375,406.1280822753906,2.9155836,1,-1,,,1.519492352239002,4.870326643476369,False,defocus,reject
3319,156,17.41777790557139,0.12031687758829096,0.0946932557085853,0.21271830397478592,0.5081558363705712,1.0,0.0,0.8229166666666667,14,1006.080810546875,254.06088256835938,2.89867045,1,-1,,,0.9321805032743278,7.58047743797316,True,not-round;elongated;mislink,reject
1631,128,6.833904748986802,0.22295572226420143,0.04645809650311939,0.1800366619020267,0.377501863592388,1.0,0.1,0.875,10,649.5867309570312,768.7841186523438,2.8940805000000003,1,-1,,,1.390149267863333,3.797168123837656,False,not-round,reject
6495,62,17.924717635045166,0.04174185506067988,0.11628439724598708,0.26866449786848984,0.5323721427702418,1.0,0.2,0.8333333333333334,5,1054.0645141601562,243.13497161865234,2.7507224,1,-1,,,1.1784483620030528,7.3833967522994834,False,not-round;elongated,reject
5704,190,12.958446592599945,0.16778312202649617,0.11583506803482246,0.1449915569889674,0.3998876714421955,1.0,0.0625,0.90625,16,1254.396728515625,704.738037109375,2.67336215,-1,-1,,,1.9658909059250094,6.135783256622968,False,not-round,reject
5565,147,17.68710224688663,0.022573340082854783,0.09334037305383308,0.22033704802966622,0.47581639539416354,1.0,0.09090909090909091,0.7916666666666666,11,1039.0093994140625,248.03733825683597,2.6532497,1,-1,,,0.7547829134730556,4.878466341804782,False,not-round;elongated,reject
5512,216,7.286597212099009,0.30765111066456674,0.047386547667595307,0.24312752516236985,0.4438283643970219,1.0,0.3888888888888889,0.8125,18,644.822998046875,726.74560546875,2.604254,1,-1,,,1.4567360515641405,5.747354670970848,False,two-cores;not-round;defocus,reject
2704,283,10.756470850632375,0.2777867039515771,0.08098549950927701,0.18899983495190625,0.418591267300794,1.0,0.22727272727272727,0.875,22,654.1206665039062,760.697265625,2.6025813,1,-1,,,1.5292535656502286,5.144100216409843,False,not-round;defocus,reject
3964,53,12.37268036680484,0.06303482399955838,0.23694478777842665,0.2587645451005579,0.5578594837825299,1.0,0.0,1.0,4,1011.0846557617188,237.95176696777344,2.572737,-1,-1,,,0.8893875215725754,3.5284496691010845,False,short;not-round;elongated,reject
5527,216,13.761153700586352,0.3214071212457092,0.14273228369011248,0.34827718588120027,0.5578406244426324,1.0,0.2222222222222222,0.7708333333333334,18,1005.0026245117188,250.09217834472656,2.56001165,-1,-1,,,0.7844809661752048,3.0166725486549693,False,not-round;elongated;defocus,reject
4599,257,14.716145805928358,0.11851833864539361,0.16571333024029813,0.2340596765442691,0.469757429016609,1.0,0.09523809523809523,0.9166666666666666,21,1037.7777099609375,234.39036560058597,2.5248091,-1,-1,,,1.155683700108996,4.962389019973856,False,not-round;elongated,reject
4734,75,17.679882999783327,0.017318077040117345,0.10092367564080633,0.2386273926105456,0.46940863468306815,1.0,0.2,0.7708333333333334,5,1033.0548095703125,239.32470703125,2.4926717,1,-1,,,0.9542682394983352,7.439041152640417,False,not-round;elongated,reject
5279,121,11.36462252422579,0.07797837811647448,0.0795219223694773,0.24313710483625972,0.48558806395284515,1.0,0.3,0.84375,10,215.1201934814453,558.9682006835938,2.4883294,1,5024,0.07197425645211827,0.7581781391524336,1.1282267448324728,3.182710662167597,False,rigid-doublet;not-round;elongated,reject
6289,50,10.925001566306195,0.007655953200051262,0.10184288379305127,0.19707266643153884,0.4188048405222828,1.0,0.0,0.9375,3,216.29386138916016,583.4189758300781,2.3835421500000002,-1,3298,0.029361392206414764,0.8334967939096339,1.159677303373167,2.86863652541482,False,short;rigid-doublet;not-round,reject
6402,63,16.04551047966999,0.06838237108607643,0.2741799412948883,0.28219837961262995,0.5260673964556066,1.0,0.2,1.0,5,1057.57177734375,233.55337524414065,2.3829355,-1,-1,,,1.3587212510075646,6.409618078028782,False,not-round;elongated,reject
42,406,12.72490225925695,0.1618263105061925,0.05638900256167294,0.16287415661126262,0.38920810237914927,1.0,0.18181818181818182,0.8333333333333334,33,1347.8414916992188,671.8207702636719,2.2741697,1,-1,,,1.1177760781234152,7.415712903454641,False,not-round,reject
4836,74,18.13843283613518,0.019950438027433973,0.10062770211266324,0.2589363869626955,0.5911043363046895,1.0,0.3333333333333333,0.7604166666666667,6,1030.61279296875,247.8896026611328,2.2695432,1,-1,,,0.6754025400136083,6.0591392458525,True,two-cores;not-round;elongated;mislink,reject
53,998,10.355937116446256,0.25404428683517594,0.078294703979855,0.11297190867296367,0.36365228183883946,1.0,0.025,0.9166666666666666,80,1517.395751953125,80.85484313964844,2.1559655500000003,-1,-1,,,2.003278626880691,7.520986986054007,False,not-round;defocus,reject
1972,283,6.487645496573981,0.25846043942547586,0.04105712502644671,0.043118141772926444,0.327584844418924,1.0,0.13636363636363635,1.0,22,440.97015380859375,130.6634979248047,2.0607865,1,-1,,,1.9064318767787274,5.84596534388868,False,defocus,reject
1949,314,17.17698527048009,0.19361470209586867,0.30663877601440453,0.37893670453150036,0.46290844255149965,1.0,0.04,0.9791666666666666,25,1003.5278625488281,546.7977294921875,1.9771024000000001,-1,-1,,,1.9084920065044235,7.029241591222012,False,not-round;elongated,reject
38,71,8.706764935620198,0.14386257651560652,0.11240326173326871,0.19049487326139874,0.5320890287406069,1.0,0.3333333333333333,0.8958333333333333,6,629.2594604492188,764.3222045898438,1.9589704,1,29,0.1089158826361888,0.7091629342697058,1.411335277710079,4.449243540648738,False,rigid-doublet;two-cores;not-round;elongated,reject
4397,72,25.052334978864952,0.06063937983231729,0.20082282969739756,0.26451195890419016,0.4145585489773025,2.0,1.0,0.9270833333333333,6,1082.0005493164062,290.92779541015625,1.8575385999999998,1,-1,,,0.5899885666379305,2.1826210960677477,False,two-cores;not-round,reject
4377,57,17.557101685776935,0.021101378138673254,0.09441276606095328,0.2286256435329121,0.5225059073133801,1.0,0.0,0.8125,5,1017.5693359375,242.82815551757807,1.7718467,1,-1,,,0.7484049596733714,2.7656866585485993,False,short;not-round;elongated,reject
48,980,13.013479719047782,0.22113359473046879,0.1041189362449956,0.15286973612618263,0.4000653354051074,1.0,0.05194805194805195,0.9166666666666666,77,1468.500732421875,266.0209045410156,1.61439125,-1,-1,,,2.1477377362322243,8.001126659919361,False,not-round,reject
6034,135,12.360791615241325,0.11560381182821886,0.08512094186477073,0.23481097028005254,0.416301474635447,2.0,0.6,0.7708333333333334,10,1155.28125,247.61302185058597,1.5932132,-1,6039,0.10544668833178024,0.7056607017535743,1.3953939472912809,6.2057439286765135,False,rigid-doublet;two-cores;not-round,reject
3178,66,8.019612000304981,0.32659944029341237,0.04237150168963443,0.20363457276687857,0.3267789784635066,1.0,0.2,0.7083333333333334,5,918.6204833984374,176.0935287475586,1.54689715,1,-1,,,1.541639423035531,3.389576292960158,False,not-round;defocus,reject
34,220,11.016668894719729,0.13951656143485913,0.1299303344955383,0.15082506729487002,0.412583640830369,1.0,0.0,0.9583333333333334,18,34.61468315124512,750.9443054199219,1.5257692,-1,-1,,,2.1870164265964127,5.713267647150008,False,not-round,reject
1990,54,8.675208899054882,0.05141690538972671,0.0337034592529972,0.20197223321237104,0.449670928922397,1.0,0.0,0.6458333333333334,5,1109.28759765625,280.0727081298828,1.5137277,1,-1,,,1.2261104797505067,3.2159934602548406,False,short;not-round,reject
52,458,15.606194161818095,0.188822685265315,0.10834995610905844,0.18038021117079078,0.4242566213725362,1.0,0.05405405405405406,0.875,37,1184.796142578125,660.9143981933594,1.5030446,-1,-1,,,2.144963305758333,6.346350428807605,False,not-round,reject
49,162,22.78278680559843,0.060462674126514925,0.2582373722709165,0.2680922915911177,0.4773660712679792,1.0,0.23076923076923078,1.0,13,1050.0134887695312,299.9803924560547,1.4217772,1,-1,,,0.5734150008932782,3.287745453466855,False,not-round;elongated,reject
3663,82,10.586530363074129,0.15426695683105682,0.09858324086919987,0.1856452910636331,0.5418981215958643,1.0,0.16666666666666666,0.7708333333333334,6,1150.0805053710938,260.6086883544922,1.4151787,1,3476,0.06630568346620468,0.7699746709806605,1.8503710460887106,3.5836104248588834,False,rigid-doublet;not-round;elongated,reject
3710,202,25.880324955018093,0.19388811504987866,0.028640042012830092,0.3222019225295884,0.5364423596715141,2.0,0.631578947368421,0.6458333333333334,19,964.9877624511719,247.28565216064453,1.3925755,1,-1,,,0.930523447083505,7.773428146333314,True,two-cores;not-round;elongated;mislink,reject
4240,103,19.66519767072637,0.15790851722468605,0.0202442741341951,0.19331018023347935,0.359371623765835,1.0,0.0,0.75,6,615.5811767578125,854.7698974609375,1.3911909,-1,-1,,,1.345684953249496,3.740734192940335,False,not-round,reject
5826,169,17.488471873492088,0.02237503714776024,0.0333202812733036,0.2254488509668731,0.35238928652572676,1.0,0.0,0.6875,13,608.3936767578125,858.4205322265625,1.3738724,-1,-1,,,1.4834162451768549,6.017410937955672,False,not-round,reject
6126,117,10.680695444966121,0.16682758152791377,0.09206795096531858,0.1516827592113176,0.39307660345720175,2.0,0.5555555555555556,0.8125,9,594.9943237304688,148.12771606445312,1.343071,-1,-1,,,1.4916472414472768,5.729031951586605,False,two-cores;not-round,reject
5244,68,12.152660209769328,0.23864617199206348,0.08396520841554343,0.17900925578153257,0.2291706503917255,2.0,0.6,0.7916666666666666,5,1143.8704833984375,233.40608978271484,1.33903035,1,-1,,,1.2157574858282678,7.4309336668154256,False,two-cores;not-round,reject
5773,107,12.707185706562036,0.026252740704522635,0.11495494468580075,0.19655505756358074,0.35995089011473413,1.5,0.5,0.8333333333333333,8,587.2084350585938,132.63352966308594,1.2902586,-1,-1,,,1.2354454383509728,4.452972990294194,False,two-cores;not-round,reject
872,897,11.065543948743798,0.1215767881659784,0.10887985919906776,0.14757109534882565,0.29568810983945537,1.0,0.041666666666666664,0.9375,72,1019.1795043945312,264.5016174316406,1.287578,1,-1,,,0.5512059508345962,4.7167746068495955,True,not-round;mislink,reject
4064,64,23.95616094332027,0.06277242846811178,0.2984766140754086,0.3251566633504959,0.40787599331195545,1.0,0.3333333333333333,1.0,6,1075.913330078125,278.20985412597656,1.25308325,1,-1,,,1.24297288841697,7.782766294545642,False,two-cores;not-round,reject
68,125,24.661654409345786,0.0533438688923957,0.19990862525419686,0.2695903374959422,0.47926598695319755,1.0,0.4444444444444444,0.9583333333333334,9,1027.84521484375,295.2509765625,1.2336537,1,-1,,,0.917500669563139,7.3206576390317855,False,two-cores;not-round;elongated,reject
100,869,14.0252878183317,0.22358433448822748,0.10220661426447207,0.17900837373313863,0.42913696289084696,1.0,0.07246376811594203,0.9375,69,203.92169189453125,797.66162109375,1.2321056,-1,-1,,,2.1076014124722624,7.66847152602325,False,not-round,reject
6174,101,23.05457510976042,0.04645867582942871,0.17966834777662294,0.2328828860146402,0.3411040583121599,1.0,0.1111111111111111,0.9166666666666666,9,1106.52294921875,297.7254943847656,1.2294074,1,-1,,,1.2118641661206029,7.044637702348258,False,not-round,reject
1041,119,23.436869446123847,0.01926983770156562,0.2076603464590454,0.22361774851634847,0.5677120212869284,1.0,0.3333333333333333,0.9791666666666666,9,1041.1468505859375,292.9750366210937,1.2156981,1,-1,,,0.886566263137334,7.70900852591267,True,two-cores;not-round;elongated;mislink,reject
54,152,8.934588060971526,0.13491763708947052,0.10216776145632953,0.26682681330235375,0.5677247985959522,1.0,0.15384615384615385,0.7708333333333334,13,593.9724731445312,141.26366424560547,1.1915867,1,173,0.13638041321674413,0.700844161219667,1.220677769443921,3.3748853457932992,False,rigid-doublet;not-round;elongated,reject
3874,135,15.902595604329258,0.14457416151072264,0.10355387302285217,0.2514801961158881,0.4829952851412512,1.0,0.0,0.7708333333333334,11,625.9969482421875,873.5941162109375,1.1850022,1,-1,,,1.8754349822810874,6.657146783434539,False,not-round;elongated,reject
4263,53,17.779893872667635,0.018635090429475948,0.17844059489835815,0.24995350265942906,0.4468339265969541,1.0,0.0,0.9375,3,989.504638671875,545.44091796875,1.1791726,-1,-1,,,2.236757441335616,6.050198613616254,False,short;not-round,reject
5017,99,16.887244628848844,0.030353099484258315,0.02446077398198208,0.22029249803072504,0.3365998863916988,1.0,0.0,0.75,8,610.7593994140625,850.105224609375,1.1775149,-1,-1,,,1.440979960968885,5.355734482651377,False,not-round,reject
3937,170,10.18073261986469,0.12418501958246674,0.20481564788870743,0.2350945986702152,0.3751627220336886,1.0,0.23076923076923078,0.9583333333333334,13,576.490966796875,141.10874938964844,1.16747915,1,-1,,,1.3385069789839026,7.324828803675356,False,not-round,reject
1149,88,23.396236745216704,0.013901967437492172,0.2045505643437037,0.22507226533197822,0.5655930809547839,1.0,0.0,1.0,8,1047.6533813476562,296.1263427734375,1.1571577,1,-1,,,1.5722120593928226,5.821991532677825,False,not-round;elongated,reject
2892,92,10.07590070400368,0.16398379130002383,0.04887630026336879,0.16048443097261797,0.3880956765731225,1.0,0.2857142857142857,0.875,7,1159.718505859375,522.039794921875,1.1468693,1,-1,,,1.8820241471323262,7.487354963083317,False,not-round,reject
1854,270,22.72433757802503,0.048772352453903774,0.23153982624553368,0.24701719320854898,0.5957436298616823,1.0,0.22727272727272727,1.0,22,1057.2949829101562,292.7113494873047,1.1224132500000001,1,-1,,,1.0036753251495585,8.28369672417031,True,not-round;elongated;mislink,reject
2092,103,22.738839660727272,0.02653732167078899,0.23171250229334023,0.23666262823699047,0.5983474298932969,1.0,0.0,1.0,6,1047.3770751953125,293.9894714355469,1.114586,1,-1,,,1.0170575753442894,2.229947020779139,False,not-round;elongated,reject
2679,600,18.0106083295028,0.23227049034688288,0.11532302782942341,0.3272572440798275,0.633430052791125,1.0,0.2708333333333333,0.8541666666666666,48,1040.0682373046875,236.66266632080078,1.1051256500000002,1,-1,,,0.831030088857595,5.327928056430493,False,not-round;elongated,reject
4723,317,13.32251738604944,0.18434359203267836,0.12484213742193165,0.1873850303332277,0.4804085003188436,1.0,0.037037037037037035,0.9375,27,1348.078369140625,698.5841064453125,1.102755,1,6322,0.05818610810592641,0.7867461883929866,1.3852284308765335,7.221352798755075,False,rigid-doublet;not-round;elongated,reject
873,348,9.199191970137743,0.2338864850596865,0.0987969662439171,0.2286919061697914,0.44890914621247613,1.0,0.42857142857142855,0.8229166666666667,28,567.410400390625,139.44186401367188,1.0978987,1,-1,,,1.3918519661638111,7.575557626616807,False,two-cores;not-round,reject
4961,94,16.257256634898056,0.03200736981315651,0.09980973509709064,0.2172463836304084,0.401105111548947,1.0,0.0,0.8333333333333334,7,623.6899719238281,863.2363891601562,1.0974517,1,-1,,,1.4367603730724918,6.947637898335161,False,not-round,reject
4628,88,23.43661739233808,0.04786971891064752,0.18194226466032232,0.2905537146877495,0.34843360646535004,2.0,0.875,0.875,8,1082.9092407226562,283.7575225830078,1.08653295,1,-1,,,1.2366252405452627,7.308800292052959,False,two-cores;not-round,reject
5100,231,12.464961702642789,0.15111761376868493,0.16406512775528082,0.2205633730134655,0.40884624043460777,2.0,0.5555555555555556,0.9166666666666666,18,588.52978515625,142.3275909423828,1.0823518,-1,-1,,,1.446825728326811,7.00845726278747,False,two-cores;not-round,reject
4127,191,10.240207920769457,0.30156827019361687,0.03952039626678382,0.1755105599459584,0.30988512985016475,1.0,0.4666666666666667,0.75,15,589.24169921875,150.7063446044922,1.0785514,1,4270,0.13007896420232537,0.7703403142086458,1.3247516670415607,5.20686886798304,False,rigid-doublet;two-cores;not-round;defocus,reject
60,71,23.08005824319164,0.039200297644385665,0.22810580500875474,0.2814685920723386,0.5185671875843019,1.0,0.0,0.9545454545454546,7,1246.0894775390625,12.592341423034668,1.0728675,1,-1,,,1.1896916286308117,4.549492594865503,False,not-round;elongated,reject
56,116,24.203468853613387,0.06043487459033906,0.22183002885706968,0.25366982494821677,0.5162397696010592,1.0,0.2,0.9791666666666667,10,1035.4242553710938,298.3066864013672,1.07252685,1,-1,,,1.1770883909150394,6.385249253631067,False,not-round;elongated,reject
746,165,15.680545539273341,0.041249344916379035,0.10677398042949186,0.18925541378280458,0.3610381435838848,1.0,0.0,0.8333333333333334,13,1058.733642578125,268.23736572265625,1.0685002,1,-1,,,0.7325968483584123,6.4389853181773455,True,not-round;mislink,reject
2978,88,11.984393035054065,0.16654779611923262,0.1238391389656344,0.19106922105477656,0.5602811058990186,1.0,0.0,0.9166666666666666,7,1127.7783203125,260.1018981933594,1.060578,1,-1,,,1.3023358590672551,5.757277375409923,False,not-round;elongated,reject
522,57,9.513635307357674,0.17013417838097583,0.07902201296929759,0.18300566728832185,0.41032603681539576,1.5,0.5,0.78125,4,584.0968627929688,144.92413330078125,1.059771,1,-1,,,1.3308323742974673,4.652955106176733,False,short;two-cores;not-round,reject
64,91,10.240414807351584,0.15329993881223097,0.10911698677302831,0.16171405065656796,0.5384567922666588,1.0,0.25,0.9166666666666666,8,1158.7088623046875,460.9928283691406,1.0562166,-1,-1,,,1.8986950761337622,4.913098610679858,False,not-round;elongated,reject
4270,200,12.249744125756239,0.25097905659932573,0.14533892182663632,0.23807860909724116,0.4668957356443886,2.0,0.5625,0.90625,16,588.0314331054688,150.52526092529297,1.0541657500000001,-1,4439,0.0954171031634705,0.7079607286145738,1.3485694531806038,4.829973575688633,False,rigid-doublet;two-cores;not-round;elongated;defocus,reject
1025,230,17.59705832546802,0.06699959867009332,0.21040813605798653,0.29261218562044805,0.49034459317045587,1.0,0.2222222222222222,0.9270833333333333,18,1035.0023193359375,247.91594696044922,1.03414695,-1,-1,,,0.6263687684466597,5.867022363305305,True,not-round;elongated;mislink,reject
5593,66,15.604781624480673,0.12194854555265079,0.1385910679343217,0.2287585842540308,0.42789407514993777,1.0,0.0,0.8333333333333333,6,619.9860229492188,866.1211547851562,1.02080755,1,-1,,,1.3540193479031746,7.422315266500755,False,not-round,reject
3822,71,24.223240449544118,0.035657996012189525,0.2602459740947439,0.2907200802113206,0.3546694319268039,1.0,0.25,0.9583333333333333,4,1074.8521728515625,293.6123352050781,1.018661,1,-1,,,1.0598412140167448,7.61192121577073,False,not-round,reject
76,160,20.194787542199094,0.21891221511236414,0.20603131560303042,0.2764728875677687,0.5129772977237509,1.0,0.46153846153846156,0.9166666666666666,13,1031.364501953125,270.00079345703125,1.0176036,1,-1,,,1.0243764908612523,7.401052105438702,False,two-cores;not-round;elongated,reject
1445,94,12.064027772279339,0.11926184058501975,0.11895795148687419,0.18507951251727228,0.5096116508515033,1.0,0.0,0.9791666666666667,8,1316.7582397460938,669.8102416992188,0.99497125,1,-1,,,1.7533156678665327,6.7969024749838045,False,not-round;elongated,reject
4940,54,11.253670888012396,0.02856818230151299,0.07157514814120211,0.1806793876956729,0.2779060617639387,2.0,0.6,0.7708333333333334,5,526.343505859375,195.17420959472656,0.9910711000000001,-1,-1,,,1.9963282494844012,6.049153187454684,False,short;two-cores;not-round,reject
927,65,7.984720835151191,0.18383664042254563,0.08953190690502473,0.18501283301762447,0.3912499958477731,1.0,0.4,0.8125,5,576.7638549804688,145.2432098388672,0.9771822,1,-1,,,1.3756193899300437,6.793047120024462,False,two-cores;not-round,reject
4882,78,7.148587211177745,0.24860055069259726,0.04206082089550915,0.24017568407156498,0.39384715917422664,1.0,0.0,0.8333333333333333,6,936.651611328125,195.92542266845703,0.9655853649999999,1,-1,,,1.3372944011261698,4.889988438632687,False,not-round,reject
4695,82,7.064555260790845,0.39987130824034217,0.0579840829930581,0.2556182771339142,0.30120065486226844,1.0,0.14285714285714285,0.7916666666666666,7,1151.5825805664062,218.47958374023438,0.953022815,1,3914,0.0896253763777633,0.7782724124194444,1.4530104488753564,5.228345698302805,False,rigid-doublet;not-round;defocus,reject
1237,353,9.360941001377856,0.1574189981220273,0.13085550461506426,0.23286229617374288,0.5145542640350266,1.0,0.35714285714285715,0.8333333333333334,28,569.1719360351562,127.97808074951172,0.95038587,1,35,0.116077704952249,0.7644882057827654,1.2143105409996822,5.808656674607336,False,rigid-doublet;two-cores;not-round;elongated,reject
6410,60,17.802293075537353,0.09689157103989288,0.13199004481833418,0.26466153349519494,0.48000427808774815,1.0,0.0,0.8541666666666666,4,614.83349609375,868.9100341796875,0.940579505,-1,-1,,,1.3098468331453739,6.189129152919585,False,not-round;elongated,reject
6031,59,12.7415936679098,0.11105635910230441,0.12327537509104097,0.2245093054224851,0.46356009298683654,2.0,0.75,0.84375,4,543.0943603515625,851.8607177734375,0.9379375,-1,5284,0.10990876284238013,0.7453023598364495,1.4769112418431476,4.259379916136498,False,short;rigid-doublet;two-cores;not-round;elongated,reject
5265,219,20.87538385405305,0.1657599827000545,0.13368369638096395,0.2950577315733882,0.41778005092743076,1.0,0.10526315789473684,0.8333333333333334,19,985.388427734375,252.2193756103516,0.92133254,1,-1,,,1.1259978258472945,5.8705406941743306,False,not-round,reject
6376,56,12.568728159080994,0.06583199025793206,0.17835472306996678,0.19799051943395343,0.46429452422682926,2.0,0.75,0.96875,4,520.2445373535156,203.50562286376953,0.91717839,-1,-1,,,2.036046588552783,6.868615829797557,False,short;two-cores;not-round;elongated,reject
294,164,15.498210487291798,0.07661845774398941,0.13741351509512628,0.19894261405748423,0.5170320313780491,1.0,0.0,0.7916666666666666,11,1022.5105590820312,280.75779724121094,0.89053485,-1,-1,,,0.7709126893358598,7.788886783628853,True,not-round;elongated;mislink,reject
5576,150,22.60512414763719,0.03577347227871636,0.19841020398164733,0.2789992583737967,0.4631806216901855,1.0,0.2222222222222222,0.9166666666666666,9,1098.0365600585938,284.5003356933594,0.888906725,1,-1,,,1.486147185137378,6.5476992553311195,False,not-round;elongated,reject
3225,56,16.908759706193937,0.2011474495149219,0.1450560840224677,0.28750234718390105,0.6431075423156751,1.0,0.4,0.8541666666666666,5,623.6139831542969,872.3641662597656,0.874484975,-1,-1,,,1.4590897054144807,6.974709006965642,False,short;two-cores;not-round;elongated,reject
1719,328,26.44950056318976,0.07976052913199633,0.17883774099806876,0.3016864745987363,0.5735233248812242,2.0,0.8076923076923077,0.8949468085106382,26,1283.6797485351562,17.18235969543457,0.8684026,1,-1,,,1.3280687614299358,6.522252376011426,False,two-cores;not-round;elongated,reject
2401,54,12.257471300478809,0.038307584849280304,0.12602403354587188,0.18755920263130876,0.3834739459572246,2.0,0.75,0.875,4,532.7641906738281,795.913330078125,0.862219395,-1,-1,,,1.5362169358205633,5.926286412133549,False,short;two-cores;not-round,reject
4948,204,23.509225260513453,0.05048023438555909,0.1729784955766256,0.2600621603721633,0.43168274094823184,1.0,0.4444444444444444,0.8854166666666667,18,1097.4775390625,292.6405792236328,0.846638765,1,-1,,,1.3669143325515554,6.688103057061395,False,two-cores;not-round,reject
4277,134,14.114972548973647,0.0684872805675105,0.17713288967288487,0.21994837373636988,0.3976267373160466,1.0,0.1,0.96875,10,950.9549560546875,911.7732543945312,0.83607475,-1,-1,,,2.2714602122099117,5.931270521580596,False,not-round,reject
2111,243,8.335102321298262,0.25380287935121015,0.1151475389286596,0.24469665927084494,0.5228605069467462,1.0,0.42105263157894735,0.8125,19,551.2989501953125,135.0138702392578,0.82195944,1,-1,,,1.4263766547571088,7.641210945691049,False,two-cores;not-round;elongated;defocus,reject
1377,64,21.49959587095143,0.054497538157744975,0.23253939807818594,0.2620436697450268,0.4221140398919366,1.0,0.0,1.0,5,1053.0143432617188,301.69419860839844,0.8170472099999999,1,-1,,,1.4488136462969587,6.89656677174229,False,not-round,reject
2775,67,18.613593236219945,0.22528821018198786,0.1143141822947905,0.25332935459792555,0.42544388823570256,2.0,0.8,0.875,5,1352.1630859375,683.9713745117188,0.8009656,1,-1,,,1.3265169724209063,6.128368358716718,False,two-cores;not-round,reject
2061,63,10.886453751698523,0.05803795908467706,0.15673546372868505,0.17730156834782318,0.5082135292757588,1.0,0.2,1.0,5,806.886962890625,293.095947265625,0.8001742,-1,-1,,,2.4101614369634667,7.274974958399334,False,not-round;elongated,reject
4604,350,12.420010203746545,0.18538965317176506,0.13241737355074754,0.2575844919611457,0.5268508555787729,1.0,0.0,0.9166666666666666,27,1057.0980224609375,248.16505432128906,0.798716455,1,-1,,,0.6487755430342943,5.197353558421874,True,not-round;elongated;mislink,reject
2450,52,8.078157372679092,0.12804617299984627,0.07223750098183358,0.13955599719820558,0.4908535524367479,1.5,0.5,0.8541666666666666,4,1180.429443359375,488.4315185546875,0.7916588449999999,1,-1,,,1.5677045700941743,7.675740447433537,False,short;two-cores;not-round;elongated,reject
4049,137,9.972213662665553,0.20277547818015543,0.10181165547781125,0.1811556895339216,0.4735972651385571,1.0,0.18181818181818182,0.9583333333333334,11,1154.1810302734375,537.935791015625,0.7879692,1,-1,,,1.9766545800255195,7.7071059037470215,False,not-round;elongated,reject
102,79,13.627149314720468,0.11564116373909934,0.2091244977937315,0.3073777687715263,0.6084988233287969,1.0,0.14285714285714285,0.875,7,603.2444458007812,863.3604736328125,0.78650814,1,-1,,,1.5512744003285484,7.527586722381459,False,not-round;elongated,reject
1618,59,11.772909817822772,0.06771239100304206,0.1476561834847038,0.17205659437422618,0.6027786217701738,1.0,0.4,0.9791666666666666,5,948.0020141601562,176.22694396972656,0.78102607,1,30,0.07522167564128027,0.7400371846288173,1.4949724180955561,4.1893944624551605,False,short;rigid-doublet;two-cores;not-round;elongated,reject
4017,210,11.39357624457548,0.07976790717829196,0.17504549553629967,0.2124139312594786,0.40523062083455524,1.0,0.0,0.9583333333333334,17,839.8929748535156,274.6681823730469,0.78067855,-1,-1,,,2.6083079512330403,6.4247725664866016,False,not-round,reject
377,53,14.014924273165725,0.2586649316085948,0.20784633546055248,0.21854889435719704,0.46566179770774774,1.0,0.25,1.0,4,936.93603515625,177.02676391601562,0.77947384,1,30,0.13212259868379714,0.7939611173656065,1.6925481665983155,5.133195495650774,False,short;rigid-doublet;not-round;elongated;defocus,reject
4074,420,23.834410781173123,0.1646236979117372,0.20138978082834863,0.3218686606967781,0.6368203883779795,2.0,0.6363636363636364,0.875,33,1351.998779296875,19.70765495300293,0.7783191,1,-1,,,1.1422984321734067,8.30478235621872,False,two-cores;not-round;elongated,reject
4955,101,24.242193870008165,0.06810696505095334,0.20799698635580194,0.2654505632267347,0.45526619011706176,2.0,0.8571428571428571,0.9375,7,1090.841064453125,277.1091613769531,0.7740925,1,-1,,,1.3901114648005077,7.3502346760452975,False,two-cores;not-round;elongated,reject
408,154,23.319718256332102,0.06146832685211886,0.23977788047640186,0.2728869443979276,0.4953484348116195,1.0,0.23076923076923078,0.9791666666666666,13,1040.7210083007812,304.89024353027344,0.773816705,1,-1,,,1.0749735731582182,7.754938464773054,False,not-round;elongated,reject
1869,90,11.15187797467544,0.09509780689773166,0.12404874649425214,0.17976047802103737,0.49652190465135704,1.0,0.0,0.9375,7,1621.5873413085938,361.50648498535156,0.77376283,1,-1,,,1.7531746793436145,4.188957876469056,False,not-round;elongated,reject
2981,69,22.962098935364835,0.04204123900500508,0.2594345798219396,0.2662011288519431,0.6004060440753414,1.0,0.0,0.9791666666666666,5,1058.14794921875,288.0147705078125,0.77332276,1,-1,,,1.3594230529151594,7.079922618753142,False,not-round;elongated,reject
4199,50,15.86201866991693,0.070198788379762,0.08475831104828598,0.19375704366616892,0.4514454046420306,1.0,0.0,0.782608695652174,3,1316.266845703125,9.892045497894287,0.7708046500000001,1,-1,,,0.9283334987951128,6.912230169374237,False,short;not-round;elongated,reject
6537,65,11.906691627587774,0.033372504878427155,0.19558524450640252,0.2310856961877261,0.41397727624134256,1.0,0.0,0.9583333333333334,5,1080.5928955078125,240.89108276367188,0.77060586,-1,-1,,,0.5655029801163728,2.918150920883273,False,not-round,reject
78,409,16.868891643655296,0.16223207416684557,0.20783917289328055,0.3742892364120209,0.7246014885441767,2.0,0.696969696969697,0.8541666666666666,33,619.892578125,849.4884643554688,0.76832885,-1,-1,,,1.0764051886439177,6.452440166041703,False,two-cores;not-round;elongated,reject
160,82,11.739640575181362,0.03516387357226712,0.11218734806527625,0.12754482405105727,0.4250259422231858,1.0,0.0,0.9583333333333334,7,1328.608642578125,690.9514770507812,0.736449635,1,-1,,,1.8560638058268601,4.921110200333076,False,not-round,reject
1967,293,23.26055580057203,0.07714589339457949,0.19292041513404606,0.30073060944159,0.5757479657767194,2.0,0.5416666666666666,0.90625,24,1303.868896484375,12.756595611572266,0.7282005,1,-1,,,1.3118462519670242,7.634625482062201,False,two-cores;not-round;elongated,reject
66,388,17.977724950310314,0.05338343809887938,0.21496227482745167,0.2652532308568498,0.5200928242695081,1.0,0.3870967741935484,0.9583333333333334,31,950.6238403320312,233.19251251220703,0.7273225999999999,-1,-1,,,0.8980119619641833,3.942777760142003,False,two-cores;not-round;elongated,reject
6483,72,11.984516739152046,0.08669960221184149,0.09981768836785807,0.16881569989841022,0.307660779567408,3.0,1.0,0.8541666666666667,6,538.9451293945312,850.27587890625,0.7251302,-1,-1,,,1.6822349129073613,3.3707442254724427,False,two-cores;not-round,reject
1533,90,8.104067483464611,0.17608549474130095,0.10135024326018185,0.20873990181896956,0.4783251736183121,1.0,0.375,0.8645833333333333,8,572.1807861328125,123.12004852294922,0.7175514700000001,1,-1,,,1.092091528534346,6.990381936227742,False,two-cores;not-round;elongated,reject
566,182,20.755859504694396,0.10911569109711769,0.2518032627079543,0.3140826587196205,0.47306093325820187,1.0,0.4666666666666667,1.0,15,1274.589111328125,13.810668468475342,0.71555277,1,-1,,,1.3589545896534903,5.962258951164506,False,two-cores;not-round;elongated,reject
117,133,18.258743593385336,0.046470690922069874,0.23175016085104738,0.3103692716947702,0.5669067791221265,2.0,0.5454545454545454,0.9583333333333334,11,1017.209716796875,250.3829040527344,0.7132234,-1,-1,,,0.6411568683815908,3.829769971787729,False,two-cores;not-round;elongated,reject
5423,59,9.549354921916734,0.20212628565120794,0.15273965470015255,0.17439288762790756,0.5435908149202475,1.0,0.3333333333333333,1.0,6,1189.34375,522.1118774414062,0.7028145,1,-1,,,1.6911147875480919,7.7060890092335885,False,short;two-cores;not-round;elongated,reject
896,108,26.8251593371819,0.024435698580144008,0.13030340445882133,0.2855463964686478,0.5309091395963953,2.0,1.0,0.828168362627197,8,1266.7711791992188,9.50590991973877,0.691673395,1,-1,,,1.2601203628280293,6.18014680529403,False,two-cores;not-round;elongated,reject
2130,194,16.932635170284968,0.09080572386174145,0.2641517326309164,0.2889415226618472,0.45285868711493904,1.0,0.4666666666666667,1.0,15,1309.0233154296875,8.263179779052734,0.68919563,1,-1,,,1.1376904616459882,6.141022046738409,False,two-cores;not-round;elongated,reject
3350,110,20.17168648604109,0.11836765916227579,0.26011548122809713,0.32271854696537083,0.54785155653642,1.0,0.25,0.9791666666666666,8,1307.7122192382812,26.07174587249756,0.68755307,1,-1,,,1.3013286769639356,6.762206246071252,False,not-round;elongated,reject
684,83,9.205055360844305,0.3205160933545177,0.0881782468946899,0.17774423112686313,0.43543024454611723,1.0,0.16666666666666666,0.8854166666666667,6,1167.6116943359375,463.7016906738281,0.68605644,-1,-1,,,1.9438415583789581,8.074458007299484,False,not-round;defocus,reject
6192,78,15.859546828686518,0.08558940006743719,0.2731759782701083,0.3082624083576669,0.599696023831182,1.0,0.0,0.9791666666666666,7,1082.660888671875,291.8391571044922,0.67967115,1,-1,,,0.6022715425174089,5.426317608932996,True,not-round;elongated;mislink,reject
1696,147,22.76225792818074,0.07475617177471182,0.1879779070385885,0.3024851821384652,0.49524835424644487,1.0,0.3333333333333333,0.8854166666666667,12,1283.0277099609375,21.052244186401367,0.6789655,1,-1,,,1.3008759550534887,7.3113720369861275,False,two-cores;not-round;elongated,reject
4138,90,17.103016987073254,0.03934777665880104,0.13906707204004243,0.22633636591382847,0.4327310806997329,1.0,0.42857142857142855,0.8333333333333334,7,1313.8212890625,13.964212894439697,0.67769393,-1,-1,,,1.141763708390564,6.565512021092493,False,two-cores;not-round,reject
4883,195,14.830611597440662,0.10140958266589649,0.09652243935474841,0.27024099985741534,0.49627112839743365,1.0,0.0625,0.8020833333333333,16,1341.263916015625,13.774550437927246,0.67751914,1,-1,,,1.0190230832546963,4.8535788731288125,False,not-round;elongated,reject
5376,182,22.802639934124585,0.14843273592989373,0.2179990652208495,0.300382994196005,0.5987749318972253,1.0,0.25,0.9583333333333333,16,1089.1094360351562,286.6781921386719,0.6692057650000001,1,-1,,,1.2641619702979083,7.517143442496656,False,not-round;elongated,reject
1285,59,15.200679999245535,0.04421128000322498,0.19458444986265172,0.25652794917776045,0.5790325896990205,1.0,0.0,0.9270833333333333,4,1038.039306640625,280.2406616210937,0.6686146,-1,-1,,,0.617926853391069,3.2704567255989376,False,short;not-round;elongated,reject
2642,76,26.28107918036547,0.044281762265247104,0.13070588540834124,0.3168302129575294,0.5993958739990745,2.0,1.0,0.7916666666666666,3,1298.3346557617188,19.91897487640381,0.66420579,1,-1,,,1.9377954552804164,7.409169020044378,False,two-cores;not-round;elongated,reject
3571,71,17.964063790279102,0.11249697826777671,0.21728465500039784,0.28109871293229993,0.5925079913887276,1.0,0.3333333333333333,0.9474734042553192,6,1320.760986328125,15.372114181518556,0.66259116,1,-1,,,1.3690204143515377,6.266107191208254,False,two-cores;not-round;elongated,reject
123,997,18.34733766685537,0.16962155775784085,0.29988722391984035,0.36569070876689097,0.6812658653150985,1.0,0.1518987341772152,0.9791666666666666,79,923.6062622070312,256.78668212890625,0.6599692,-1,6493,0.07941466196201981,0.7499679190579712,0.9657800039719867,4.689452934741887,False,rigid-doublet;not-round;elongated,reject
5217,158,16.92230148540819,0.046927251325627875,0.22114250613893757,0.3185535650201812,0.5146296765516146,1.0,0.15384615384615385,0.9166666666666666,13,1017.2914123535156,266.0649108886719,0.6538226,1,-1,,,1.210046057914121,6.760488307067166,False,not-round;elongated,reject
96,997,10.980920996015811,0.06725805239273958,0.1369922199089237,0.1870999001177746,0.4338223504752444,1.0,0.0,0.9375,80,1122.664306640625,318.3064880371094,0.65236956,1,-1,,,0.7236133419760574,3.341861434393262,False,not-round,reject
5323,55,21.21175815643004,0.05749330658908794,0.3354538593800896,0.3720802516440562,0.5699580811322074,1.0,0.0,0.9375,5,1325.1904296875,19.271358489990234,0.6495051,1,-1,,,2.811279123473509,5.550445062177929,False,short;not-round;elongated,reject
4717,100,20.78050806049423,0.06297237341286309,0.12587804673355013,0.278504962292548,0.5263966909253166,2.0,0.5714285714285714,0.7291666666666666,7,1341.6312255859375,33.41366767883301,0.6487078799999999,1,-1,,,1.2685426877331305,6.777931483153494,False,two-cores;not-round;elongated,reject
5550,177,17.61754709949638,0.16098084233817195,0.2779597419405304,0.28633216926396865,0.5102913782548604,1.0,0.07142857142857142,0.9791666666666666,14,1333.22607421875,16.759756088256836,0.6485145,1,-1,,,1.7806405248053698,8.00516653618839,False,not-round;elongated,reject
861,74,13.005281816041842,0.07680729162108775,0.20545168387014245,0.3330915496007786,0.6022383043471045,1.0,0.14285714285714285,0.8541666666666666,7,603.7090454101562,858.628173828125,0.6454058,1,-1,,,1.8510432876525034,7.345026079108268,False,not-round;elongated,reject
1793,758,17.433647435199333,0.05240622558699932,0.22051675315185426,0.26975862824204033,0.5409390882149638,1.0,0.4166666666666667,0.9583333333333334,60,1032.0567626953125,283.5899963378906,0.640819785,-1,-1,,,0.6228697342146231,5.323692257000631,True,two-cores;not-round;elongated;mislink,reject
5168,68,8.321797364623269,0.19224811208958006,0.10040418523680254,0.1933947980804992,0.5749438599561562,1.0,0.2,0.875,5,1186.8395385742188,528.4335327148438,0.6394470299999999,1,-1,,,2.1116199354684224,7.651260883189864,False,not-round;elongated,reject
2521,280,23.73855743642531,0.07009103467828552,0.2941042738427118,0.35094789806712884,0.5091324181817749,1.0,0.043478260869565216,1.0,23,1283.0625,20.036404609680176,0.63838035,1,-1,,,1.6720858397329448,5.632927321308471,False,not-round;elongated,reject
1223,55,12.09855321076561,0.26494475696163405,0.05857775937813866,0.1422109155796144,0.40152142861228757,1.0,0.0,0.8125,3,1065.2880859375,305.67926025390625,0.63456684,1,-1,,,1.46683011718582,6.8955346973627725,False,short;not-round;defocus,reject
5524,108,9.657389099892178,0.11222924149532984,0.15854309942505013,0.18781573879813446,0.4269773691874362,1.0,0.0,0.9791666666666666,9,782.4661865234375,296.17083740234375,0.6223778499999999,-1,-1,,,2.6102844973563326,6.950265087037057,False,not-round,reject
82,142,13.270410932422408,0.07715121086140339,0.2273589143752421,0.3214163113984363,0.46320009624734443,1.0,0.08333333333333333,0.9375,12,580.0889282226562,803.0801391601562,0.61848617,1,-1,,,1.4490610596985583,7.29720681036457,False,not-round;elongated,reject
4169,58,23.211320995814916,0.05111743090502771,0.19416860257487917,0.2723847040325008,0.6253659097516473,2.0,1.0,0.875,4,1323.2396240234375,30.952377319335938,0.61817521,1,-1,,,1.448415244808397,7.523562745457388,False,short;two-cores;not-round;elongated,reject
1734,366,14.567732640441227,0.07989475760181769,0.14203094468558447,0.24436437770888447,0.533105645100705,1.0,0.0,0.9166666666666666,29,1039.2346801757812,281.1527557373047,0.611999725,-1,-1,,,0.7104966724748828,4.5220724893302,False,not-round;elongated,reject
5702,50,12.689692418300915,0.19501654499885857,0.09085612006807786,0.2093957672191161,0.38707144782374375,2.0,0.6,0.875,5,595.1633605957031,137.9229736328125,0.610343225,-1,-1,,,1.6776020912167124,7.306451604930115,False,short;two-cores;not-round,reject
1610,75,12.99289195287619,0.21522817319960247,0.09194641041680526,0.18660423275894014,0.31465012583631935,2.0,0.7142857142857143,0.875,7,544.086669921875,784.8267211914062,0.6096076,-1,20,0.10629831350445289,0.7668432372880765,1.7608585542597197,5.408905196508282,False,rigid-doublet;two-cores;not-round,reject
4746,101,14.649891022839363,0.04809678947272777,0.1792303511601439,0.2278668891811199,0.5027027208157948,2.0,0.75,0.9479166666666667,8,953.5781860351562,246.3765563964844,0.60945636,-1,-1,,,1.0776174173776738,4.324222557176968,False,two-cores;not-round;elongated,reject
57,645,15.435180613269958,0.03196065775204728,0.17009440296427442,0.2227891725053776,0.5054045810310102,2.0,0.6226415094339622,0.9583333333333334,53,931.911376953125,234.88296508789065,0.60826886,-1,-1,,,0.9728662025990981,6.563770743646417,False,two-cores;not-round;elongated,reject
5085,154,19.13057692485217,0.24548051218646708,0.28252137858297544,0.3669760483823785,0.4955451352395164,1.0,0.0,0.96875,12,1087.1075439453125,247.4887237548828,0.60619,0,-1,,,1.0455970885708445,5.697896536188434,False,not-round;elongated,reject
2071,78,24.23798272161941,0.007715881091825662,0.010032780038954452,0.12468550755830052,0.20992644796786464,1.0,0.25,0.59375,4,615.0364685058594,841.274169921875,0.6052902,1,-1,,,1.3829035436768886,7.158273543874077,False,not-round;poor-fit,reject
6217,102,14.876808911501694,0.26260356898712645,0.1839346382058387,0.2244157735916448,0.49867360382485537,1.0,0.1111111111111111,0.9166666666666666,9,985.1879577636719,252.63473510742188,0.60485935,1,-1,,,1.120431285363216,6.72189796539625,False,not-round;elongated;defocus,reject
223,240,12.520701640848891,0.35372166833306434,0.18380412401653365,0.3420373885784635,0.5765620777804542,1.0,0.21052631578947367,0.9166666666666666,19,990.4123229980469,287.8217315673828,0.603296475,1,-1,,,1.493066447782136,5.524882702533324,False,not-round;elongated;defocus,reject
335,155,19.738539302862577,0.08745857604328704,0.07781002813329976,0.26262530977669163,0.39167079246846725,1.0,0.0,0.7395833333333333,14,1055.794189453125,583.1126098632812,0.5902599,-1,-1,,,1.647086436408121,6.284829994130271,False,not-round,reject
3913,68,16.505384577251537,0.06681359082839658,0.35493340648581573,0.41456993153102467,0.5145032584085201,1.0,0.0,0.9791666666666666,5,1052.4076538085938,255.47234344482422,0.5879333,1,-1,,,0.8064285102533717,5.193573268016335,False,not-round;elongated,reject
1295,116,21.3247589576874,0.21967409009673794,0.20929836219909057,0.25871950565817253,0.45252586184904087,1.0,0.1111111111111111,0.9375,9,1070.6200561523438,295.7115173339844,0.5832145150000001,-1,-1,,,0.9849165693112687,7.252232060576105,False,not-round;elongated,reject
3122,62,21.286548415046035,0.04808037772320492,0.27226067595792236,0.29943077555051006,0.5654264981408709,1.0,0.2,0.9791666666666666,5,1063.704345703125,299.62721252441406,0.5828283700000001,1,-1,,,1.301615647451879,4.497863830510086,False,not-round;elongated,reject
4856,182,16.45713052267554,0.10545800539580287,0.2283057871539267,0.27344797153393935,0.5250551933232847,1.0,0.0,0.9583333333333334,13,1338.1737670898438,20.191596031188965,0.57731037,-1,-1,,,1.2780870046610098,6.421408543740406,False,not-round;elongated,reject
116,80,19.408760907625894,0.2527244204932298,0.32099733340002085,0.378605373330889,0.6788289662223631,1.0,0.14285714285714285,0.9375,7,996.0257873535156,268.74757385253906,0.57642165,-1,-1,,,0.7752222379567859,5.716210271420456,False,not-round;elongated;defocus,reject
5904,155,13.547504569307794,0.14291483953062029,0.17605328259512226,0.2593676981271976,0.5051210948032963,1.0,0.25,0.90625,12,595.3944091796875,885.5740356445312,0.5717698,1,2,0.058319800495077206,0.8003492530758818,0.9244808676244026,3.4453398083139253,False,rigid-doublet;not-round;elongated,reject
831,84,20.921528253700572,0.1231805649824724,0.2648581560233705,0.33514185171147015,0.5221262093600907,1.0,0.0,0.9583333333333333,6,1058.8828125,293.6107482910156,0.56592971,-1,-1,,,1.0139404955394642,5.536971480492898,False,not-round;elongated,reject
3332,82,19.422304883647158,0.021743944144470614,0.15749272967852668,0.28232190824026826,0.5306718327725497,1.0,0.3333333333333333,0.8645833333333333,6,1076.28662109375,286.0685272216797,0.5581115999999999,-1,-1,,,1.5501737247110536,5.755339540773891,False,two-cores;not-round;elongated,reject
1713,172,22.988772357364844,0.2036901696414026,0.1882224352077627,0.28206922507132676,0.7247967381542313,1.0,0.0,0.9583333333333334,11,1053.156005859375,269.9102020263672,0.556901825,1,-1,,,1.5413103902193002,7.8899941519197885,False,not-round;elongated,reject
3378,321,12.12406261896582,0.26996195928319133,0.28039389724333474,0.3535022718475831,0.5597741514552677,2.0,0.52,0.9791666666666666,25,1241.79833984375,688.277099609375,0.5558588,-1,-1,,,2.415493594014909,7.164577774478486,False,two-cores;not-round;elongated;defocus,reject
1824,434,11.492763051395855,0.1303815588265643,0.17289457239749167,0.31141523941957233,0.5292365080725017,1.0,0.17142857142857143,0.875,35,1010.8169860839844,296.75062561035156,0.5539878,1,-1,,,0.8837209353666735,6.753204026117993,False,not-round;elongated,reject
5880,70,15.983108676909529,0.03481320744528649,0.14511811152600912,0.25269510766649905,0.35233626846775445,1.0,0.0,0.8229166666666667,8,1360.8419799804688,716.2836608886719,0.55207056,-1,-1,,,1.3941668570609766,7.243542863553984,False,not-round,reject
725,72,14.461426313157816,0.018204672808303825,0.12478149790636339,0.2287176708759665,0.3938807439471874,1.0,0.0,0.7395833333333334,6,1032.38525390625,235.06414794921875,0.550342815,1,-1,,,1.2422475034342597,6.237123652741599,False,not-round,reject
420,474,16.019449492068652,0.13748663523201105,0.24528882000504404,0.32840406836846414,0.6397874187804287,1.0,0.2631578947368421,0.9479166666666667,38,1045.9349365234375,257.8549346923828,0.5444893,1,-1,,,0.7622753871975624,7.688238139800144,True,not-round;elongated;mislink,reject
2345,91,11.599566323434539,0.05496104331749122,0.1810645020973795,0.2372629283713566,0.6534266955691675,1.5,0.5,1.0,8,948.517822265625,185.1297149658203,0.541508,1,-1,,,1.424512140124163,6.12520982642295,False,two-cores;not-round;elongated,reject
2753,60,15.128088959386641,0.11719474221619845,0.20175756927545735,0.31565697018043526,0.6648317361090825,1.0,0.0,0.9375,5,608.2888793945312,888.9241333007812,0.5373288,1,-1,,,2.3779521584881764,6.477951401050188,False,not-round;elongated,reject
4943,106,22.62496451599503,0.06374693917150494,0.18482850414478652,0.3838000603594381,0.589312651199066,1.0,0.0,0.7604166666666667,6,1327.1614990234375,34.301971435546875,0.5344877699999999,1,-1,,,2.1420853565984252,7.463020081141036,False,not-round;elongated,reject
3802,60,11.129471240760424,0.04789313096088184,0.17713458369719054,0.23439979688735244,0.49438197174956217,1.0,0.4,0.9583333333333334,5,202.34650421142578,551.5101013183594,0.53418118,1,3298,0.07247102865587755,0.7231536748721245,1.1799819941796121,5.457523447995544,False,rigid-doublet;two-cores;not-round;elongated,reject
4006,67,24.998506594708225,0.07162001794732531,0.21729287208250642,0.3523313772063628,0.6298251903206291,2.0,0.5714285714285714,0.8958333333333334,7,1307.1920166015625,27.572696685791016,0.5260783,1,-1,,,1.9400852419566426,7.484123331458287,False,two-cores;not-round;elongated,reject
2715,105,20.644142142285702,0.0802841655881889,0.1365778671613884,0.25138808183894923,0.4349744952571109,2.0,0.7142857142857143,0.8541666666666666,7,1074.33203125,283.1604919433594,0.5250121,-1,-1,,,1.437022371402611,6.719427568434021,False,two-cores;not-round,reject
4751,111,22.799644713919168,0.13912949102005953,0.2271260911486891,0.3303776629574823,0.6142808316362192,1.0,0.14285714285714285,0.875,7,1320.5869140625,21.773550033569336,0.5234302,1,-1,,,1.3489134749020681,7.743531753171664,False,not-round;elongated,reject
2017,194,10.61351128522255,0.18682394521505455,0.14566989163119268,0.18785558416852763,0.39830906001061295,1.0,0.13333333333333333,0.9375,15,980.9772644042969,904.7572326660156,0.5233515,-1,-1,,,2.474346558955076,6.844425870251263,False,not-round,reject
6103,65,12.772426196038378,0.0346171120522158,0.156386025843093,0.30592335317448444,0.476770733265749,1.0,0.0,0.875,5,1107.1715087890625,252.1140594482422,0.5218818,1,-1,,,0.7354473381039506,5.716712553945506,False,not-round;elongated,reject
5881,146,14.352391958223507,0.31640521158312823,0.22815672392148934,0.31396580960072895,0.6281869335991417,1.5,0.5,0.9479166666666667,12,963.650634765625,250.1563491821289,0.5216679,-1,6065,0.028264029901347427,0.7064938581836677,0.850286335236236,6.961087673269294,True,rigid-doublet;two-cores;not-round;elongated;defocus;mislink,reject
86,54,12.440043520561291,0.02865832490063526,0.10343000062100598,0.30342733097424407,0.48921409101153557,1.0,0.0,0.6875,5,1003.0865783691406,325.7304992675781,0.5215991849999999,1,-1,,,1.8446384863684027,5.509830939640274,False,short;not-round;elongated,reject
362,76,17.772675508483882,0.17700485486350184,0.13229758318486154,0.2978849902708883,0.4704875170223734,2.0,0.5714285714285714,0.7916666666666666,7,1078.1619873046875,301.8303527832031,0.51879615,1,-1,,,1.2424706969634292,5.588369197095417,False,two-cores;not-round;elongated,reject
6169,80,18.02831540588494,0.03833571331144751,0.13230058711581136,0.2929562383517459,0.5707001382966369,1.0,0.0,0.7553191489361701,8,1366.5635375976562,21.33193016052246,0.517038225,1,-1,,,2.094092935540432,7.375344455976846,False,not-round;elongated,reject
2798,246,23.323744087506718,0.10063573052417252,0.22818559891461415,0.3240176054230207,0.562131481456357,1.0,0.0,0.9261968085106382,18,1279.8374633789062,11.099596500396729,0.51639545,1,-1,,,1.6569414921588477,7.287075616196106,False,not-round;elongated,reject
5443,103,19.693058223308377,0.0943091424370001,0.2014087271286257,0.34621142398943905,0.6142774591042671,1.0,0.0,0.8958333333333334,8,1075.6810302734375,287.85601806640625,0.5161436,1,-1,,,0.7102868995488536,3.338696398862001,False,not-round;elongated,reject
3394,158,23.261352163337733,0.04978198044545737,0.2492691173923473,0.26619532476853985,0.4805166051884852,1.0,0.38461538461538464,0.9791666666666666,13,1059.512451171875,289.83921813964844,0.5149483349999999,1,-1,,,1.1910421513002758,6.86081197885498,False,two-cores;not-round;elongated,reject
856,64,12.256746116205678,0.11687959478957291,0.10789827145486944,0.16200242211641236,0.4606292225620885,1.0,0.0,0.9479166666666666,6,1326.1781616210938,694.7960815429688,0.5147176099999999,1,-1,,,1.9128980394280466,5.742093066652189,False,not-round;elongated,reject
5532,72,21.92334970170391,0.07143589757958119,0.21945371991889367,0.3173215570866188,0.5592524608633382,1.0,0.2857142857142857,0.875,7,1348.4642944335938,37.92962074279785,0.51082805,1,-1,,,1.4339198952490568,6.032854169462488,False,not-round;elongated,reject
2115,83,23.21916018214238,0.048154670784163696,0.1503030718320491,0.297207968053918,0.5559626323078226,1.0,0.0,0.7916666666666667,6,1075.835693359375,279.922607421875,0.5098323,-1,-1,,,0.8831110199999839,7.262717245565588,True,not-round;elongated;mislink,reject
4386,107,13.8941561491587,0.1538401763344197,0.2292724189861126,0.28920343903742907,0.513497801746468,1.0,0.0,0.9375,10,1037.1947021484375,251.5042266845703,0.5089118,-1,-1,,,0.6685088994866916,4.92973199115369,False,not-round;elongated,reject
6380,89,13.313874628961617,0.08309430321439881,0.1425555985068817,0.2302104872561181,0.4780257135690926,1.0,0.125,0.90625,8,978.119873046875,257.9718933105469,0.50647914,-1,-1,,,1.015729689925093,5.956925392226644,False,not-round;elongated,reject
2223,606,12.893645491539132,0.06990084879835114,0.180412650521344,0.27133670449295555,0.5510040507374699,1.0,0.10204081632653061,0.8958333333333334,49,1037.0756225585938,241.49642181396484,0.49848077,-1,-1,,,0.5699129691601257,3.3674790939021757,False,not-round;elongated,reject
453,221,9.451876395507835,0.09459254770795282,0.09780649641894996,0.13615691409462138,0.3848136428713321,1.0,0.0,0.9166666666666666,17,1013.0050659179688,905.9622802734376,0.49683607,1,-1,,,2.4740479353474627,7.313454407780615,False,not-round,reject
3911,63,25.693108518731762,0.10275437117568144,0.0364259256195147,0.28257509256017604,0.5678020307579236,2.0,0.8,0.75,5,940.6913452148438,248.613525390625,0.49630967,1,-1,,,1.5962004405775274,6.861229271452166,False,two-cores;not-round;elongated,reject
3358,75,11.74783700127391,0.03976091717486229,0.21038041794863416,0.24672854202813885,0.43870450079394985,1.0,0.0,0.9583333333333334,6,842.9529418945312,295.8616638183594,0.49545708,-1,-1,,,2.7274990538199644,7.2590045613417375,False,not-round,reject
1081,245,21.79091483602571,0.15869684945714002,0.24532346049503606,0.29848272887698973,0.5344947687219219,1.0,0.42105263157894735,0.9583333333333334,19,1072.396240234375,287.298095703125,0.49440658,-1,-1,,,1.3123572361545324,7.6007995703185545,False,two-cores;not-round;elongated,reject
2649,66,23.26096586632953,0.015827903038495256,0.18208829334752893,0.2278702966186702,0.5747142452121317,1.0,0.16666666666666666,0.90625,6,1062.98876953125,280.96226501464844,0.49087965,1,-1,,,1.1500192828640017,5.872358439180889,False,not-round;elongated,reject
2567,185,16.880722825567574,0.18762717682892133,0.26083108942459127,0.3206465008420887,0.5549116790526984,1.0,0.3125,0.9791666666666666,16,1078.74609375,296.8542175292969,0.4902184,-1,-1,,,0.7790420550812928,5.050036839638355,False,two-cores;not-round;elongated,reject
173,78,11.160568466677141,0.21914811775244947,0.14511460197724507,0.21869926412281174,0.49122129213176674,1.0,0.2,0.9375,5,587.9288940429688,132.65091705322266,0.48823388,1,54,0.13638041321674413,0.700844161219667,1.6897939740256946,6.345951683596185,False,rigid-doublet;not-round;elongated,reject
1143,358,13.777037945821831,0.2713340209618585,0.2469158023500158,0.4243759622831124,0.6241247137159849,1.0,0.10714285714285714,0.9479166666666667,28,577.7189331054688,824.5972595214844,0.488048955,1,-1,,,1.8538155730023829,8.08402469880249,False,not-round;elongated;defocus,reject
4533,198,18.29509122649169,0.09402907627202169,0.2172658811570513,0.30449127926875696,0.6542163630456724,1.0,0.0,0.9270833333333333,16,1361.6541748046875,20.269582748413086,0.487442005,1,-1,,,1.356851239598757,7.33167824777991,False,not-round;elongated,reject
1649,251,16.133572977236124,0.18956731111382685,0.16850360906936607,0.29367173414805553,0.5245108155854941,1.0,0.19047619047619047,0.8958333333333334,21,1067.941162109375,266.2829284667969,0.48684034,1,-1,,,1.1448424466281901,6.52664178003973,False,not-round;elongated,reject
2606,175,14.889156909316062,0.1573839975986646,0.2914270411550439,0.3463473160371766,0.6088557022543504,1.0,0.23076923076923078,0.9791666666666666,13,1057.9234619140625,257.0394592285156,0.48622325,1,-1,,,1.0921263799553524,7.602190487710106,False,not-round;elongated,reject
3602,63,14.418569989839368,0.05198160141012722,0.18163362711187603,0.22771611776413925,0.39774394820963704,1.0,0.2,0.9375,5,945.3048095703124,892.7454833984375,0.48266092,-1,-1,,,2.386993146540874,5.68745672981073,False,not-round,reject
1940,63,15.889790705925067,0.22364024317896958,0.3040965788169523,0.3494025964664149,0.5709120359711115,1.5,0.5,0.9895833333333333,4,1028.1871337890625,315.0014038085937,0.47733152,1,-1,,,1.776137027216441,7.1793846092845195,False,two-cores;not-round;elongated,reject
4694,96,12.154655152213591,0.043558750066506856,0.17224720875465865,0.2664908110352226,0.30061715187066085,1.0,0.3333333333333333,0.8541666666666666,9,511.1231689453125,197.15657806396484,0.475397495,1,-1,,,2.0353700770360037,6.957551813141073,False,two-cores;not-round,reject
3229,55,18.923368174750745,0.16839304874567942,0.07406878820545121,0.2454952072439172,0.4108564910752573,1.0,0.3333333333333333,0.8125,3,933.7622680664062,219.41993713378903,0.47497153,-1,-1,,,1.5709098422298262,4.151832797444914,False,short;two-cores;not-round,reject
3787,63,20.40230330378126,0.04804197236044216,0.3257174355435636,0.36042450364429696,0.6472832548732248,1.0,0.0,1.0,5,1079.284912109375,272.9596252441406,0.47152558,1,-1,,,1.186082803983335,7.652436315240504,False,not-round;elongated,reject
5652,192,13.409573844322587,0.07654833449933719,0.19251595269056404,0.2881300912539844,0.4660454982484003,1.0,0.0,0.9166666666666666,15,588.9052734375,125.55945587158205,0.47053803,1,3198,0.06759544979817748,0.7098090210104857,1.416865513807236,6.169045406394454,False,rigid-doublet;not-round;elongated,reject
5152,67,19.01099655496492,0.04053165833588985,0.2887481136991379,0.31356075869754746,0.5936875230820697,1.0,0.0,1.0,4,1363.6898193359375,8.019922256469727,0.47045246,-1,-1,,,1.2596719995539647,5.199160893244822,False,not-round;elongated,reject
3783,65,22.10628218956611,0.12804328307395263,0.20453137928204673,0.27938786906320634,0.6039164794531826,1.0,0.3333333333333333,0.9583333333333334,6,1069.7156982421875,254.69554138183597,0.47043455,-1,-1,,,1.3928966074958224,6.991585532300548,False,two-cores;not-round;elongated,reject
5930,50,18.466539158256587,0.09173941818450118,0.1511247880055879,0.27322893907367385,0.6154058335124226,1.0,0.0,0.9166666666666666,5,1363.3175659179688,25.134363174438477,0.46842198,1,-1,,,1.512865278371952,6.796886109391345,False,short;not-round;elongated,reject
3796,57,16.909536087659525,0.057488935481560505,0.19393561927168584,0.27552180567774703,0.504699514862974,1.0,0.0,0.9680851063829787,6,1330.75732421875,11.125184059143066,0.4678067,1,-1,,,1.3476374432967622,6.718897481203721,False,short;not-round;elongated,reject
3648,77,16.574744519997623,0.050941483180471106,0.2355378499558479,0.312123950529804,0.5625451604822572,1.0,0.0,0.9375,6,1035.883056640625,250.2685394287109,0.46759877,-1,-1,,,0.7788241435924679,7.551951851960849,True,not-round;elongated;mislink,reject
1434,99,12.464603811902652,0.1356011514270623,0.19204214906296693,0.33424635866479613,0.627880827711771,1.0,0.42857142857142855,0.875,7,599.457763671875,869.4744873046875,0.46620786,1,-1,,,1.8836524329767639,7.98442858087106,False,two-cores;not-round;elongated,reject
62,51,9.234957343093338,0.14379899403372293,0.08514501104843682,0.19607613005047347,0.48305717302294293,1.0,0.0,0.7604166666666667,4,1092.037109375,283.9268798828125,0.46379378,1,-1,,,1.3606462311065268,5.949906449249613,False,short;not-round;elongated,reject
1620,65,11.467351323846323,0.07517488104627439,0.17066253025587202,0.19781778804277206,0.4405827694617776,1.0,0.2,0.9583333333333334,5,817.096923828125,317.6656188964844,0.4611299,-1,-1,,,2.0810027830407583,7.9300919890593295,False,not-round,reject
6340,75,12.49399897181559,0.2633242233328398,0.21722664986982698,0.31698718423508904,0.5341947874873372,1.0,0.2857142857142857,0.8695652173913043,7,1102.7877197265625,248.1763153076172,0.4608698,1,-1,,,0.9670733609125347,5.527418443108565,False,not-round;elongated;defocus,reject
1059,142,13.07863044843109,0.08360583241118147,0.2425194542349944,0.3087125334860718,0.5173098749395934,1.0,0.18181818181818182,0.9375,11,1345.3262939453125,692.779052734375,0.460842865,1,-1,,,1.1449817978464918,6.3607047717073755,False,not-round;elongated,reject
98,67,14.754792522335055,0.042876564887729035,0.11314728673722746,0.2427704499645007,0.38411729676194434,1.0,0.16666666666666666,0.7604166666666667,6,1024.9027099609375,242.5218505859375,0.4605123,1,-1,,,1.260411105571614,5.817846691022028,False,not-round,reject
540,87,11.641354040710361,0.10602572207032952,0.1372659823625047,0.31544838137459336,0.5660808507873794,1.0,0.0,0.7395833333333333,8,1003.2906494140624,316.14776611328125,0.45970258,1,-1,,,1.8320445937879557,7.3387904059096805,False,not-round;elongated,reject
1687,64,18.653372570608546,0.045860177877610646,0.26059423504171925,0.2780914958149103,0.6231693370180563,1.0,0.2,1.0,5,1293.0775146484375,11.60254955291748,0.459607385,1,-1,,,2.0672847560843,7.762351234157371,False,not-round;elongated,reject
877,89,10.300453985039393,0.18500455707328398,0.10722771501340711,0.2216722489544213,0.5417845381567903,2.0,0.6666666666666666,0.8541666666666667,6,488.5916137695313,179.59170532226562,0.45704675,1,-1,,,2.012294160295108,7.100728824110601,False,two-cores;not-round;elongated,reject
3966,65,23.2933972934744,0.17262567296529263,0.2592474806228103,0.32154715537590445,0.48918054603127165,1.0,0.2,0.9791666666666666,5,1066.5968017578125,259.4479675292969,0.45646036,1,-1,,,0.869378898438646,3.252939072775493,False,not-round;elongated,reject
2739,282,11.461012081113058,0.2294507732189101,0.20921858966394571,0.2689472002681465,0.6007631816126817,1.0,0.08695652173913043,0.9166666666666666,23,1018.5636596679688,252.2231216430664,0.45536617,1,-1,,,0.709458346083759,4.402998752008472,False,not-round;elongated,reject
2846,198,13.275475508393756,0.12625204858646008,0.20297387236772915,0.3039849185583904,0.5869511499735645,1.0,0.0625,0.9166666666666666,16,958.0892028808594,220.7286605834961,0.45479103,1,-1,,,1.708844111999847,5.718236672183115,False,not-round;elongated,reject
108,68,18.070646515385,0.08513971622014845,0.3076723039067295,0.3428431912472534,0.6504503358132961,1.0,0.0,1.0,6,1064.5577392578125,278.3167266845703,0.454719085,-1,-1,,,0.8420504510075423,5.045718679147933,False,not-round;elongated,reject
2841,83,12.722419474995135,0.12209536754884424,0.18764460516492396,0.2590074387404613,0.33839582326542483,2.0,0.8571428571428571,1.0,7,474.2913818359375,191.9304656982422,0.45226356,-1,-1,,,1.9920252208963087,6.703085438585482,False,two-cores;not-round,reject
6035,135,13.035649272456173,0.11260660506269317,0.2699066631787108,0.34086417719419904,0.4274765120510545,1.0,0.0,0.9791666666666666,11,1364.1783447265625,689.1700439453125,0.45215467,1,-1,,,1.261274032620886,7.189523142709709,False,not-round,reject
4315,102,23.812705591381082,0.11424620550314603,0.20281344727823666,0.31945390172788707,0.6202994423502861,2.0,0.5555555555555556,0.8541666666666666,9,1321.9241943359375,29.69308853149414,0.44722365,1,-1,,,1.4878861932717424,7.785217679886272,False,two-cores;not-round;elongated,reject
782,65,17.046798241765714,0.3457253537268078,0.20628779836844952,0.24955939678708416,0.5141842252130684,1.0,0.0,0.9479166666666666,6,998.7137451171876,284.8619079589844,0.44471923,-1,-1,,,1.440396986884735,5.591783486985473,False,not-round;elongated;defocus,reject
65,64,22.660047246079486,0.16813297028029875,0.03409835148086547,0.19228610386938177,0.4582424612296111,1.5,0.5,0.75,6,1002.3769836425781,253.71234130859375,0.44425744,1,-1,,,0.9070158478380426,6.056084997517837,False,two-cores;not-round;elongated,reject
1928,109,15.345168340625047,0.08501424798404005,0.14267646318515498,0.2876454441125318,0.5389337932809035,1.0,0.125,0.8229166666666666,8,963.9918823242188,230.6316680908203,0.44370475,1,-1,,,1.5743730187976803,6.373054154032779,False,not-round;elongated,reject
5326,66,12.146342713570647,0.13814915127436103,0.1758002552956002,0.32577436222802986,0.6949719549887785,1.0,0.0,0.9166666666666666,5,1050.5540161132812,251.10643768310547,0.44203314000000005,-1,-1,,,1.1047010589458894,3.594291940576649,False,not-round;elongated,reject
1594,54,23.973920075120695,0.17565150326126924,0.2942426333183446,0.3902969183087398,0.5765287761500075,1.0,0.2,0.9791666666666666,5,974.1001892089844,221.81045532226562,0.441926485,1,-1,,,1.4675232220161463,4.846161840334151,False,short;not-round;elongated,reject
2284,87,10.579799727695793,0.26790673652941355,0.11169169702241344,0.2802615167668296,0.5768420783797557,1.0,0.14285714285714285,0.8333333333333334,7,1027.4691162109375,323.5229187011719,0.44044694,1,-1,,,1.7074765058239612,5.74135332244065,False,not-round;elongated;defocus,reject
351,101,12.243674184406501,0.14085619476799696,0.19757857297057815,0.2694753970278988,0.42211626658666423,2.0,0.625,0.8854166666666667,8,586.8119506835938,149.65704345703125,0.43958473,-1,-1,,,1.2328589613098089,4.259216040187918,False,two-cores;not-round,reject
2498,84,15.10061968587631,0.22552400158476654,0.2812830074008834,0.3515055007240572,0.5889955495803032,1.0,0.3333333333333333,0.9895833333333333,6,1030.0472412109375,316.0865478515625,0.439204025,1,-1,,,1.4077739299685996,6.5828302372665,False,two-cores;not-round;elongated,reject
2191,63,16.775152961443727,0.07131417053287441,0.0984566761100831,0.20348946767227283,0.34800320773082394,1.0,0.0,0.7916666666666667,6,1061.6212158203125,264.2055053710937,0.433234,1,-1,,,1.094778695246743,4.1320068718019245,False,not-round,reject
4097,83,17.21407689917724,0.1717660965412661,0.22007407663347417,0.3479085302215753,0.5559686584164135,1.0,0.125,0.9270833333333334,8,1065.8585205078125,246.43882751464844,0.43193197,-1,-1,,,1.6780992761523863,5.89420583394248,False,not-round;elongated,reject
5276,110,20.411073238662432,0.053701951912484454,0.21334673034296764,0.2783521574211645,0.46894110690041446,1.0,0.0,0.9375,10,1114.4033203125,269.14892578125,0.4311275,-1,-1,,,1.4188841231926728,5.126574562356351,False,not-round;elongated,reject
5121,105,19.983992720304492,0.0678786864917164,0.19508524778176903,0.2691399433231961,0.5422064725802604,1.0,0.1111111111111111,0.9375,9,1107.6842041015625,288.1734924316406,0.4302509,-1,-1,,,1.4996457589017331,5.9927354862058,False,not-round;elongated,reject
127,151,16.344968438280574,0.04447198028876595,0.21801075819612922,0.279937238607917,0.5563187331471718,1.0,0.3333333333333333,0.9375,12,991.7901000976562,260.3780822753906,0.42983413,-1,-1,,,0.684626746930212,8.63011970968969,True,two-cores;not-round;elongated;mislink,reject
1518,64,23.102608569306536,0.05799600351706357,0.1648674388139922,0.21554471890967478,0.7449429470339489,1.0,0.2,0.9375,5,1067.9840698242188,280.0285186767578,0.42613177999999996,1,-1,,,1.5591526115868244,6.484199156732371,False,not-round;elongated,reject
4109,295,23.01251444254256,0.18076568694865014,0.22120167347128858,0.30116614837851086,0.5861524719593771,1.0,0.30434782608695654,0.9583333333333334,23,1072.6102294921875,274.0121154785156,0.42265144,1,-1,,,1.1205860801873138,4.535591155666297,False,two-cores;not-round;elongated,reject
4440,151,19.199419106231336,0.16442735819243987,0.2069506656501599,0.33693807282846355,0.6465020730661443,1.0,0.0,0.84197695035461,10,1099.0667724609375,254.54542541503903,0.42091933,1,-1,,,1.1206605141536075,7.0607617237549025,False,not-round;elongated,reject
5858,74,12.107468884815662,0.11266068854170383,0.3029622569533934,0.34040061805300836,0.5975008399142034,1.0,0.0,0.9789450354609929,6,1344.43701171875,685.8732604980469,0.41466778,1,-1,,,1.342833100773727,6.420814104419315,False,not-round;elongated,reject
671,112,28.892409187102896,0.11962251428087453,0.3290556440890993,0.43813873847163365,0.44308694887618083,1.0,0.3,0.9791666666666667,10,977.74755859375,272.5992889404297,0.41417669,1,-1,,,1.3776666426687512,7.075388294125961,False,not-round,reject
4433,73,14.724026080499895,0.20176879044539195,0.16674531999596684,0.28386323897896015,0.48624687000699635,1.0,0.0,0.9474734042553192,6,1067.6695556640625,251.81224060058597,0.41117764,1,-1,,,0.7129887309318527,7.493726306616662,True,not-round;elongated;mislink,reject
5208,140,10.453697046621217,0.07785183430023215,0.2622831771663544,0.35307555014694575,0.38426658663507385,1.0,0.09090909090909091,0.9583333333333334,11,165.86675262451172,1201.61767578125,0.411124465,1,-1,,,0.4637763830410485,1.9304843651573425,False,not-round,reject
3461,298,15.922777706002188,0.05115839694712738,0.1905601032667217,0.2731153499826645,0.5128364968678645,1.0,0.17391304347826086,0.875,23,961.3143310546875,232.8515167236328,0.410931225,-1,-1,,,0.9910069548792769,5.719130505368113,False,not-round;elongated,reject
1871,114,12.536714440895537,0.1379450162237499,0.16998275616820965,0.3016556196582942,0.6400097693433968,1.0,0.0,0.8645833333333333,8,604.99365234375,876.5670471191406,0.41090086,1,-1,,,1.7238501978219847,7.686570765820068,False,not-round;elongated,reject
3432,513,13.415039616697152,0.07709312555308964,0.17546933432347167,0.2841513403036917,0.46610829021465394,1.0,0.14285714285714285,0.8541666666666666,42,1375.87646484375,704.6038208007812,0.4096085,1,13,0.04391787938350215,0.7011793830483114,1.3015081498602394,6.6764930373676545,False,rigid-doublet;not-round;elongated,reject
2683,168,12.993553142732095,0.10725915570089344,0.18077859478080424,0.31719914398022175,0.47590462396502475,1.0,0.0,0.8333333333333334,13,1026.7423706054688,236.26020050048828,0.40788791999999996,1,-1,,,1.097683592275062,7.149272555422977,False,not-round;elongated,reject
218,61,28.350899734115554,0.029765404436675417,0.49028148151642426,0.5402537705315003,0.44432725553713864,1.0,0.3333333333333333,1.0,3,961.6717529296876,274.6528625488281,0.4056002,1,-1,,,1.368692013187888,6.10114275432818,False,two-cores;not-round,reject
135,997,11.471920395458595,0.06313046879545466,0.15895244471957265,0.28090882785711163,0.41383670561633606,1.0,0.0375,0.8333333333333334,80,154.7943572998047,1190.22802734375,0.4054301,1,1625,0.06205365494290741,0.7531636323905276,1.1838178225328941,5.089642821549742,False,rigid-doublet;not-round,reject
342,62,20.91012482196339,0.13645650617122268,0.37143433144350824,0.3922233899800729,0.6733359372017329,1.5,0.5,0.9791666666666667,4,1055.337158203125,286.5521240234375,0.40410710000000005,-1,-1,,,1.6530417169290623,7.968832450243957,False,two-cores;not-round;elongated,reject
1718,76,23.61750707696417,0.08660188270760799,0.04603314286732608,0.2600312526123534,0.5206129248339453,1.0,0.3333333333333333,0.7083333333333334,3,1012.8266906738281,253.14348602294922,0.40345651000000005,1,-1,,,1.018327557506677,5.84418803565308,False,two-cores;not-round;elongated,reject
4592,84,16.538699878938278,0.08289327682410166,0.1440120781013114,0.23869999243715226,0.5054683461397341,1.0,0.0,0.8958333333333334,7,1081.491943359375,248.729736328125,0.40272981,-1,-1,,,1.1429849253822684,5.624105622462259,False,not-round;elongated,reject
1586,67,15.921279360702595,0.18648296992926688,0.4255611960404931,0.4572174162593885,0.6337321018273169,1.0,0.4,0.9791666666666666,5,998.174072265625,268.0262756347656,0.40200326,1,-1,,,1.0626696946946326,6.635801439392754,False,two-cores;not-round;elongated,reject
1179,117,16.31042391118505,0.03105430971905958,0.2207803973919007,0.2281029510266637,0.5213028392902821,1.0,0.2222222222222222,0.9791666666666666,9,1003.2535400390624,255.9065093994141,0.39895818,-1,-1,,,0.955497839189584,4.526861049042615,False,not-round;elongated,reject
6577,58,11.403694421364719,0.23409953364425012,0.15883930568557098,0.25938861261261353,0.5621680101417414,1.0,0.2,0.9361702127659575,5,588.1841430664062,864.0970458984375,0.39818856,1,-1,,,0.9246174009310807,4.222144052268572,False,short;not-round;elongated,reject
74,191,12.55141063636628,0.07061610164713614,0.1872721143116801,0.2583164284973518,0.39740875686035426,1.0,0.2,0.9583333333333334,15,901.1216430664062,226.27865600585935,0.3966398,1,-1,,,1.62687282662161,5.791446271603583,False,not-round,reject
4306,95,12.580970762769114,0.2701743244636228,0.14963518651779034,0.2654130224279226,0.41719498977470615,1.0,0.14285714285714285,0.8541666666666666,7,1085.7076416015625,245.00538635253903,0.39604148,-1,-1,,,0.7117201169604043,4.7179172934549545,False,not-round;defocus,reject
5744,163,11.33590557290702,0.07368081797495286,0.23528281627783304,0.25957419420144306,0.41344325991559894,1.0,0.0,0.9583333333333334,11,579.6234741210938,138.82781982421875,0.3950058,1,-1,,,1.5316230913047424,5.464044656595421,False,not-round,reject
2146,77,17.89910263091639,0.0883700138163479,0.24793554207007368,0.3203743728718592,0.6714263482815153,1.0,0.3333333333333333,0.90625,6,1073.0474853515625,313.4154968261719,0.3940959,-1,-1,,,0.772896849503007,6.549405593797344,True,two-cores;not-round;elongated;mislink,reject
3132,85,11.47852673297764,0.06028809003940591,0.2544610429703824,0.3192223592650196,0.49142826565252296,2.0,0.6,0.9583333333333334,5,1035.95751953125,325.9904479980469,0.39215901,1,-1,,,1.567830501474188,7.194488383550428,False,two-cores;not-round;elongated,reject
2118,70,23.290784239067445,0.06390018509785046,0.2744995147138312,0.3337686447338844,0.402579724545999,1.0,0.16666666666666666,0.9565217391304348,6,1261.3555297851562,4.891838788986206,0.39102524,1,-1,,,1.3337071554974158,6.64774270553303,False,not-round,reject
6129,101,14.248281678112694,0.20845785367698857,0.24967665271280803,0.2993798505292255,0.4610544108842484,1.0,0.0,0.9583333333333334,9,1095.3685302734375,253.31182861328125,0.39050367,1,-1,,,0.9970601009380738,5.744080548007107,False,not-round;elongated,reject
151,311,16.415051641382423,0.18144539639928128,0.2489510089708095,0.3138956056891916,0.4820249118927973,1.0,0.16666666666666666,0.9479166666666667,24,978.7588500976562,239.6929931640625,0.39022955,1,-1,,,1.0615492563324274,7.152250937853132,False,not-round;elongated,reject
110,664,19.012337169591355,0.06072009614232651,0.11254632369798949,0.272560149947353,0.5051892906390966,1.0,0.05660377358490566,0.8125,53,1034.4102783203125,291.91026306152344,0.388631495,1,-1,,,0.9897393791626454,6.294395987328281,False,not-round;elongated,reject
800,77,14.230324051094504,0.12607918831750822,0.15673856210634945,0.22778517954706556,0.4793502182299959,1.0,0.2,0.9375,5,541.5947265625,755.8280639648438,0.38732514,1,-1,,,1.825559317396202,6.623116001613801,False,not-round;elongated,reject
5587,57,23.096565684556285,0.1303570953117997,0.21529470421721064,0.36210525357226037,0.48540896357278157,1.0,0.0,0.9375,5,1330.7208251953125,28.0411319732666,0.38597944,1,-1,,,2.4798967378461634,7.6598101818915945,False,short;not-round;elongated,reject
4147,68,20.02138860194112,0.020264543221055236,0.11298366329765946,0.19220912274912563,0.376179272836242,2.0,1.0,0.875,6,1095.0939331054688,286.2349853515625,0.38497673499999996,-1,-1,,,1.181300990415354,6.2569192267849525,False,two-cores;not-round,reject
6322,88,15.86032515432672,0.09850779178063386,0.2338249857961402,0.2740245647132034,0.57873368690586,1.0,0.0,0.9791666666666666,7,1358.386474609375,699.4930419921875,0.38409828,-1,4723,0.05818610810592641,0.7867461883929866,1.2250713380838298,4.911753499870623,False,rigid-doublet;not-round;elongated,reject
5186,200,16.034987761610243,0.12369211278353254,0.1753353249013706,0.3003554752334802,0.5013333377496514,1.0,0.17647058823529413,0.8958333333333334,17,615.2620849609375,873.2526550292969,0.384097815,1,-1,,,1.1149741766952495,6.463907998407595,False,not-round;elongated,reject
4828,124,13.221794242622437,0.08353899529754817,0.19608986854778376,0.28364526398478923,0.3820660192384083,1.0,0.0,0.90625,10,598.5456848144531,130.89492797851562,0.3835547,1,3198,0.06357760307411561,0.7542269258008056,1.5037286307453124,5.588086800650855,False,rigid-doublet;not-round,reject
2746,50,23.520651290434753,0.06377824025132137,0.22549856357422288,0.2528498534934341,0.7273405527460732,2.0,0.6666666666666666,0.8958333333333334,3,1071.2274169921875,269.9420928955078,0.38338125,1,-1,,,1.7249023668033474,7.990009598891093,False,short;two-cores;not-round;elongated,reject
5806,91,23.814476789965777,0.0968695862117212,0.18177657344278653,0.30610048154680225,0.6388021831866593,2.0,0.625,0.8645833333333333,8,1342.958251953125,37.9099235534668,0.38289297,1,-1,,,1.4232789143646243,5.431318781011842,False,two-cores;not-round;elongated,reject
6330,83,14.901657874715974,0.07184875944158599,0.14343452293030706,0.2539659539001289,0.5418720688325127,2.0,0.8333333333333334,0.875,6,984.6366577148438,276.554931640625,0.38175988,-1,-1,,,0.8479540790938357,5.890601727976673,False,two-cores;not-round;elongated,reject
4398,132,13.065620071094363,0.09572323742467684,0.17232950574524517,0.3054111074267386,0.4954457632400486,1.0,0.0,0.875,11,1035.25244140625,277.0357666015625,0.38127412000000005,1,-1,,,0.6971451013363117,7.291088848247785,True,not-round;elongated;mislink,reject
144,261,18.12253334054268,0.029845420787543923,0.19811017781884582,0.29913046499744234,0.5989522769154555,1.0,0.25,0.8854166666666667,20,1053.468994140625,314.29718017578125,0.37751994,-1,-1,,,0.7883804944108274,4.850600858726461,False,not-round;elongated,reject
4711,214,12.842369246900526,0.17789475730259988,0.21092579791446403,0.28908110819646105,0.42981131721618104,1.0,0.1111111111111111,0.9375,18,1064.8009033203125,230.40290069580078,0.376453965,1,-1,,,1.1694962548496892,6.281592172610123,False,not-round,reject
739,54,14.498918244091726,0.09070516374460642,0.22134895760983742,0.2850901730014957,0.5006702403505676,1.0,0.0,0.9270833333333334,4,1080.3548583984375,292.9462585449219,0.3763516,1,-1,,,1.5520493262773245,7.281420756671307,False,short;not-round;elongated,reject
6301,55,15.344794987685592,0.035309670691507915,0.20983701877393568,0.3150692599771,0.3973749021250509,1.0,0.0,0.9166666666666667,4,1023.7559814453124,260.09375,0.37607348,1,-1,,,1.1208253036407378,3.7273539121645807,False,short;not-round,reject
410,58,17.444251121500468,0.1260292246626041,0.2677240147420531,0.3669651881287187,0.6646703451032424,1.0,0.25,0.9479166666666667,4,1063.979736328125,298.427734375,0.37490744499999995,-1,-1,,,0.9386386959609735,6.875414025864273,False,short;not-round;elongated,reject
3052,85,11.514157956281345,0.22517104037220076,0.32371732778008616,0.3516785433805956,0.6158876282609476,1.0,0.42857142857142855,1.0,7,1035.3740234375,318.7624816894531,0.373634,1,-1,,,1.6689074875197805,5.912435044514554,False,two-cores;not-round;elongated,reject
4428,99,20.990626335035486,0.056134128114272236,0.13910788784834321,0.28994905982616687,0.47921581255070156,1.0,0.3333333333333333,0.8020833333333334,6,1109.7652587890625,275.9029235839844,0.37219927,-1,-1,,,1.7100009865999448,8.434917174308499,False,two-cores;not-round;elongated,reject
639,154,17.09348373345536,0.04043293859886924,0.18656928994051492,0.21926677760271857,0.39389394905557723,1.0,0.0,0.9375,13,1007.0014343261719,280.36277770996094,0.37119438,-1,-1,,,1.1325258691623883,7.120721641460788,False,not-round,reject
4546,361,9.702328923531775,0.10840133595508512,0.1921948740599598,0.3188318330101214,0.5494890220619435,1.0,0.034482758620689655,0.8936170212765957,29,172.63621520996094,1191.28271484375,0.37094024,1,1625,0.03591777448936401,0.7653293001195286,1.1441610380960374,6.108769829590236,False,rigid-doublet;not-round;elongated,reject
2681,153,10.690330181735145,0.04986813131758987,0.22858409207403796,0.27631559830745855,0.5500266154881803,1.0,0.0,0.9791666666666666,12,910.9832763671876,266.2250366210937,0.37049547,1,-1,,,1.4702145802969668,6.403786720812255,False,not-round;elongated,reject
4117,55,16.363731087908757,0.030773403661122037,0.17419850019267552,0.22136270077871878,0.4184113278097833,2.0,1.0,0.8854166666666667,4,1033.205810546875,291.0518493652344,0.3695362,-1,-1,,,1.0763693931057106,4.316008645755033,False,short;two-cores;not-round,reject
2810,62,17.02367198693437,0.030802161443601678,0.180583603385182,0.21033536561935512,0.5282568311432482,1.0,0.4,0.9375,5,940.2953186035156,227.63540649414062,0.369447965,-1,-1,,,1.0208317234354565,3.4024641567795335,False,two-cores;not-round;elongated,reject
5370,94,23.45657348258105,0.09985757124454162,0.23753221452640577,0.32801423071513625,0.6500179671443124,1.0,0.42857142857142855,0.8958333333333334,7,1337.8399047851562,32.92959022521973,0.368559095,1,-1,,,1.619851485425598,7.3772020345771905,False,two-cores;not-round;elongated,reject
118,205,13.467110107941823,0.1365203936899161,0.25438319267379367,0.32815852467508805,0.4689781951318891,1.0,0.17647058823529413,0.9791666666666666,17,1076.3948974609375,244.06961059570312,0.36817572,-1,-1,,,0.6949132417327768,5.13735671397413,False,not-round;elongated,reject
3412,126,22.43716660445228,0.19655225403255921,0.16749919204429192,0.29045222323199094,0.5341604676046405,1.0,0.1,0.84375,10,1030.88427734375,283.1145324707031,0.367298165,-1,-1,,,1.036892648489814,7.121504678083569,False,not-round;elongated,reject
4776,81,19.747586094903955,0.09547355785545622,0.27433592434374626,0.3253655741684248,0.6374179895858939,1.0,0.0,0.9787234042553191,5,1307.86474609375,16.79730224609375,0.36721668,1,-1,,,1.9591058566223816,6.265415838656996,False,not-round;elongated,reject
2132,75,17.112698211332056,0.22148240511857423,0.2043063583473336,0.27801419495053076,0.5017812176462916,1.0,0.2,0.875,5,1016.680419921875,257.0040588378906,0.36717215,1,-1,,,1.1246043814597362,6.814952979952935,False,not-round;elongated,reject
6493,72,9.820309891582532,0.08052765833744004,0.21827688971240494,0.23744605040408506,0.583925756159869,1.0,0.0,0.96875,6,985.7234802246094,263.1105041503906,0.36662081,1,6065,0.09029027319195611,0.7384755827567935,0.6560477234606571,2.153535372835184,False,rigid-doublet;not-round;elongated,reject
3480,99,17.497866602709855,0.20486520582821052,0.211828996931744,0.3700409394552317,0.6228299174925045,1.0,0.0,0.8838652482269503,8,1073.1451416015625,264.4150085449219,0.3662641,1,-1,,,1.3948137567034462,6.153907287055808,False,not-round;elongated,reject
4380,91,17.031785226467292,0.09911585148668943,0.1864194512694174,0.2774760451545396,0.5817171345458446,1.0,0.0,0.9574468085106382,8,1347.9739990234375,13.040409088134766,0.36607835,1,-1,,,1.5206224747773665,6.917807109789194,False,not-round;elongated,reject
2722,50,15.806192323498625,0.07059534270303576,0.18547153414643613,0.2842099507673326,0.5711571594036073,1.0,0.25,0.8836050724637681,4,1030.2284545898438,273.88685607910156,0.365765735,-1,-1,,,0.5814223194353989,2.8855349526809633,False,short;not-round;elongated,reject
6065,133,10.865810577833237,0.04774097680639192,0.22610567452132188,0.28232664705512267,0.542077432760669,1.0,0.0,0.9583333333333334,11,967.7561645507812,268.6296081542969,0.36542952,1,6493,0.09029027319195611,0.7384755827567935,0.7678507849219883,2.7196161545648287,False,rigid-doublet;not-round;elongated,reject
2032,71,21.16746048415709,0.23069460745291015,0.4111122482838646,0.4498589428844217,0.6537680223260472,1.0,0.16666666666666666,1.0,6,971.236572265625,284.85040283203125,0.3651583,1,-1,,,1.6130705318546759,6.1663158941647005,False,not-round;elongated,reject
4241,106,17.02354949988828,0.04654340169072431,0.20831645547290714,0.2804860566203332,0.4753416192868912,1.0,0.0,0.8541666666666666,9,1371.70068359375,692.3146057128906,0.364682255,-1,-1,,,1.46847405394171,4.150571915650096,False,not-round;elongated,reject
4176,106,14.7509761016953,0.16336884413017924,0.32663645253379636,0.42180197998700497,0.6160973755620746,1.0,0.1111111111111111,0.9166666666666666,9,1067.7654418945312,231.66600799560547,0.364614395,-1,-1,,,2.086279682230646,6.917602668459591,False,not-round;elongated,reject
3956,86,19.866034518013635,0.06811520465560264,0.09992001445857215,0.25132542136443703,0.38573810050339363,2.0,0.75,0.8333333333333334,8,1098.623291015625,278.2527770996094,0.3644035,-1,-1,,,1.0471431008335974,5.954072820811032,False,two-cores;not-round,reject
1975,74,16.15079086567334,0.03982738734478589,0.15563752578873558,0.28433609042019947,0.6155849973499412,1.0,0.3333333333333333,0.8541666666666667,6,993.2380065917969,260.4287872314453,0.363329725,-1,-1,,,1.0534432192292327,6.278570832730864,False,two-cores;not-round;elongated,reject
1579,170,11.137639483610421,0.05270132322522315,0.20533152514030192,0.27410359360695813,0.3957201335544936,1.0,0.0,0.9791666666666666,13,587.6355285644531,127.69799041748047,0.36297232,1,-1,,,1.524805119394109,7.830707031693429,False,not-round,reject
4958,60,20.624023950242567,0.051409910641331914,0.1722991706835793,0.23100638630173698,0.46735954132958957,1.0,0.0,0.9166666666666667,4,1113.9141845703125,280.60426330566406,0.36260368,-1,-1,,,1.6333596900529288,6.915202872894718,False,not-round;elongated,reject
5165,59,18.01330741687299,0.03592968051277025,0.27500534773249335,0.3228502611951453,0.6947529230903932,1.0,0.2,0.9583333333333334,5,1027.791259765625,275.3936767578125,0.36069784,1,-1,,,0.8491009316403476,4.2832988011006465,False,short;not-round;elongated,reject
5829,173,19.695971435164843,0.12929538013903413,0.24806522620857882,0.30614041445618273,0.5953255377975184,2.0,0.5384615384615384,0.8958333333333334,13,1029.5316162109375,234.3548126220703,0.35982597,-1,-1,,,0.7635199102247757,4.978192671746083,False,two-cores;not-round;elongated,reject
330,106,12.646109293887553,0.0476276989601331,0.22372316697972283,0.2903154018023986,0.5342487808140982,1.0,0.0,0.9791666666666666,9,1061.3875732421875,586.8444213867188,0.359634285,1,-1,,,1.8981269035055135,7.648454578461825,False,not-round;elongated,reject
3714,89,21.12970657823861,0.2959967975093809,0.2124321954428335,0.2898090952809556,0.42254222056199486,1.0,0.14285714285714285,0.9375,7,1086.02001953125,286.98516845703125,0.3569294,1,-1,,,1.0618112429049358,6.938694148658619,False,not-round;defocus,reject
500,215,14.600997634608106,0.15664431124644496,0.26519238386926014,0.3402254630452282,0.5288430990261137,1.0,0.0,0.9375,18,1361.847900390625,698.286865234375,0.35676447,1,-1,,,0.814261502169282,6.654597210551479,True,not-round;elongated;mislink,reject
4439,136,10.914811094975214,0.09675874526238949,0.21000590514649328,0.28681828594982406,0.4044118434260943,1.0,0.0,0.8958333333333334,11,582.234619140625,147.27005004882812,0.35580927,1,4270,0.0954171031634705,0.7079607286145738,1.5000409181186483,4.79954911385431,False,rigid-doublet;not-round,reject
4721,80,20.50538402637865,0.058847757259674276,0.1456962055445225,0.28287788935902886,0.3612847322138095,1.0,0.0,0.8125,7,1106.398681640625,277.8290557861328,0.35566098,-1,-1,,,1.7143277230625102,7.982201006050798,False,not-round,reject
1724,71,15.414110830498748,0.1966277061295373,0.21213895508357034,0.2834395756529317,0.5382091088342429,1.0,0.14285714285714285,0.9375,7,1063.91259765625,239.71469116210935,0.35491315,-1,-1,,,1.1951943957572462,8.316764086485477,False,not-round;elongated,reject
6040,116,16.22351801784097,0.17331839402936255,0.18450102808688223,0.2892899048143813,0.5175655299673487,1.0,0.0,0.8958333333333334,9,1108.1520385742188,261.2792053222656,0.35432656,-1,-1,,,1.8273841008959462,8.474938641914619,False,not-round;elongated,reject
2943,86,14.170929975964995,0.05719021320943997,0.223609170031766,0.35899582178237166,0.5770353707759031,1.0,0.125,0.9270833333333334,8,972.0082702636719,264.04083251953125,0.3525508,1,-1,,,1.4083967882630049,7.474582662306027,False,not-round;elongated,reject
4848,183,11.858185787089711,0.11300043868340383,0.14314780385771297,0.29493564311480475,0.44679165999751974,1.0,0.2,0.8333333333333334,15,1046.005126953125,290.3565368652344,0.35180083,1,-1,,,0.8366080149455329,4.896645408648334,False,not-round,reject
6562,61,14.319310802688928,0.06237397876034983,0.1326486123739984,0.2765702085840219,0.5874730684756382,1.0,0.0,0.8229166666666667,6,1011.21875,274.1514892578125,0.35157397,-1,-1,,,0.7909594667652674,3.2792106035436572,False,not-round;elongated,reject
81,71,16.4553049222162,0.14810977452388147,0.28538559268060903,0.3493737925235567,0.5809494283266403,1.0,0.0,0.9583333333333334,6,1050.9273681640625,243.8740997314453,0.35087588,1,-1,,,1.1559228627205211,5.384678939064337,False,not-round;elongated,reject
3807,52,12.519330580344535,0.04782385823143884,0.2773639596189877,0.2877222588241741,0.36506518491430023,1.0,0.0,1.0,4,1338.9300537109375,695.8960571289062,0.35014510499999996,1,-1,,,1.5658166019217314,7.28757407844346,False,short;not-round,reject
94,144,11.235659415832657,0.1486270229284328,0.24763192493004074,0.27342064143180134,0.4026615088870693,1.0,0.16666666666666666,0.9895833333333333,12,585.6746826171875,155.36071014404297,0.34995988,1,-1,,,1.3600184659127375,5.920389091105198,False,not-round,reject
6063,81,11.47533533376652,0.04208318982476818,0.12214714317878617,0.27590526291716855,0.5934527321411593,1.0,0.16666666666666666,0.8020833333333334,6,1054.6231689453125,295.0191955566406,0.34962097,1,-1,,,1.373955464377083,5.019511031808447,False,not-round;elongated,reject
3818,51,18.906957927624816,0.09827878638359175,0.2565513478333299,0.33621403472348,0.4815014115870265,1.0,0.0,0.9361702127659575,4,1279.8927001953125,9.92447280883789,0.34941807,1,-1,,,1.6689548328834034,6.776551936690629,False,short;not-round;elongated,reject
286,131,12.960253993385106,0.04415141407131439,0.06613869355091045,0.23337088316943416,0.26868728652419094,1.0,0.2,0.84375,10,1248.96875,1151.920166015625,0.3491199,1,-1,,,2.0904095445215103,5.369121986043412,False,not-round,reject
1276,53,16.533250875169834,0.12986371874570854,0.32373731808265926,0.37488315268453676,0.7606420421650233,1.0,0.25,1.0,4,966.9500122070312,224.64822387695312,0.34691253,1,-1,,,2.1809103074851195,7.3858605097911,False,short;not-round;elongated,reject
3816,51,13.61570718872401,0.12160862041036034,0.1123871679365048,0.38699576918268563,0.6182999919373829,1.0,0.2,0.8125,5,1060.820068359375,235.9866485595703,0.34662893,-1,-1,,,1.0997185453556142,8.404484617436045,False,short;not-round;elongated,reject
5285,59,21.15345317344445,0.08843914458188963,0.2646140619969378,0.32900001951504493,0.5642874694703798,1.0,0.0,0.8958333333333334,5,1097.238037109375,259.0993957519531,0.34613344,1,-1,,,1.9194597734127554,6.710175486848624,False,short;not-round;elongated,reject
99,90,21.738511508117547,0.0736444415458392,0.28376784551315054,0.29268100238923117,0.5004340860181565,1.0,0.2222222222222222,1.0,9,1027.8222045898438,310.1062316894531,0.345265625,1,-1,,,0.9004750435533859,6.241124993650849,False,not-round;elongated,reject
4243,98,10.968377886095713,0.20150452047284675,0.17985934340562817,0.31002612378009525,0.462074495288684,1.0,0.14285714285714285,0.8541666666666666,7,1054.0890502929688,312.7345886230469,0.34514144,1,-1,,,1.7318230115130908,6.188045250178811,False,not-round;elongated,reject
4616,74,15.013452471492517,0.06484681578941039,0.13410015339722461,0.2777475742560044,0.5387377945635777,1.0,0.2,0.8125,5,1058.0075073242188,241.75936126708984,0.344532925,-1,-1,,,0.9094407090037461,5.599598099565288,False,not-round;elongated,reject
930,68,23.224860149007533,0.1417198735957671,0.42664053448420736,0.47528749559675537,0.5863384051287356,1.0,0.25,0.9895833333333333,4,961.9883422851562,217.77918243408203,0.34448213,1,-1,,,1.6873718460439229,7.291929962012955,False,not-round;elongated,reject
5018,210,15.305594100829389,0.06263850940796858,0.1892235833667939,0.2663245296944189,0.3960332901233182,1.0,0.0,0.9375,17,1041.45947265625,264.13963317871094,0.34439115,-1,-1,,,1.095507989685121,6.811537590490607,False,not-round,reject
6345,63,21.394629961847556,0.05138670065354866,0.21734159462691904,0.34420368516915173,0.5173386158948386,1.0,0.0,0.8125,5,1326.728759765625,19.815534591674805,0.34431055,1,-1,,,2.4762149058517853,6.699106846304176,False,not-round;elongated,reject
328,350,15.497094714945971,0.10396012301640403,0.18023962378218575,0.32407213320815237,0.6061628441395975,1.0,0.2222222222222222,0.8958333333333334,27,1056.6201782226562,251.96319580078125,0.34398263,-1,-1,,,1.0166181427603354,7.486188270763816,False,not-round;elongated,reject
129,237,16.35912191151117,0.04255315687540749,0.1673520038962556,0.2501068766200806,0.5909239241396723,1.0,0.10526315789473684,0.8541666666666666,19,1006.7833862304688,222.610595703125,0.34378377,-1,-1,,,1.0604341945445896,8.245474367801682,False,not-round;elongated,reject
2915,261,12.90576418388517,0.07564839186364779,0.19517000237071633,0.310942234039365,0.5412483113822614,1.0,0.10526315789473684,0.875,19,1009.172119140625,284.8507385253906,0.34333575,1,-1,,,0.7955546604717775,6.942356751751578,True,not-round;elongated;mislink,reject
195,184,16.71151882640872,0.09774269633690222,0.1631833391425382,0.2941508028326624,0.5326974110449325,2.0,0.6,0.875,15,1066.0720825195312,251.47390747070312,0.34328743500000003,1,-1,,,0.8453335179094018,4.719979956045642,False,two-cores;not-round;elongated,reject
1780,98,22.11400606527787,0.06591296157706336,0.24788592366561846,0.26883419959976407,0.5521950628105465,1.0,0.0,0.9895833333333333,6,1050.48681640625,306.0815734863281,0.34303592,1,-1,,,0.8831763756630092,5.85549903623855,False,not-round;elongated,reject
3094,80,12.03493149763129,0.11119488274659198,0.1386665288791748,0.2730618881101051,0.48860123628798025,1.0,0.42857142857142855,0.875,7,159.66690063476562,1205.7057495117188,0.34302266000000003,1,-1,,,1.0124178162614375,6.575655409172565,False,two-cores;not-round;elongated,reject
2332,135,15.85479167453461,0.09718304539311344,0.22665804595760625,0.3499990605252929,0.5457047008771017,1.0,0.2727272727272727,0.9583333333333334,11,969.05029296875,243.16917419433597,0.34176755,1,-1,,,1.3447829346662106,7.273215425596926,False,not-round;elongated,reject
4450,57,13.80376830924909,0.05502059801009945,0.1828685502543083,0.2732597142882026,0.3562634654907775,1.0,0.0,0.9166666666666666,3,1056.2960205078125,302.0995178222656,0.3411375,-1,-1,,,1.2221545089911714,6.300178983021503,False,short;not-round,reject
5538,120,10.425222001046764,0.2716633238477029,0.17182289709042273,0.2760824164405383,0.5924697385847254,1.0,0.18181818181818182,0.9166666666666666,11,955.4480590820312,280.6341857910156,0.34082649,1,-1,,,1.2044458224273078,5.9497830860802905,False,not-round;elongated;defocus,reject
6168,70,21.35420859806642,0.02987148783051834,0.11014365343270086,0.3449415090982643,0.5284636595000847,1.0,0.25,0.6770833333333333,4,1352.1402587890625,24.74400234222412,0.34046418,1,-1,,,1.7402152163502311,5.257452075367485,False,not-round;elongated,reject
1301,182,17.25937939600095,0.10627515935825697,0.24024164513309867,0.2818842491677572,0.5479726057442055,1.0,0.0,0.9583333333333334,15,602.7222290039062,855.6524047851562,0.34033374,-1,-1,,,1.257320252018782,6.550282099910652,False,not-round;elongated,reject
5473,221,11.487422967274442,0.0450283059414141,0.15359140696333512,0.27752248258903717,0.4874799243707534,1.0,0.1111111111111111,0.8541666666666667,18,982.9099731445312,229.96920776367188,0.3399087,1,-1,,,1.4140714841232915,6.512184964631921,False,not-round;elongated,reject
3744,56,10.426084034379707,0.2282103351235292,0.1016215392974071,0.2750662667043491,0.6255043490882652,2.0,0.6,0.8958333333333334,5,553.3353576660156,819.542236328125,0.338557725,1,-1,,,1.6280453678877793,6.037391519961018,False,short;two-cores;not-round;elongated,reject
3771,61,16.846378835010885,0.08737238312404036,0.19405667311917507,0.2869751993419916,0.6130057631369259,1.0,0.0,0.9166666666666666,5,994.0084838867188,261.11773681640625,0.33838776,-1,-1,,,0.7513026871022578,6.395424310061491,True,not-round;elongated;mislink,reject
112,187,18.587766941418984,0.04681325086200964,0.24828267412278443,0.2752875177233901,0.5829996725596993,1.0,0.3125,0.9791666666666667,16,602.1697998046875,843.9105834960938,0.3380684,-1,-1,,,1.0590082086413855,7.797736154035468,False,two-cores;not-round;elongated,reject
3317,74,13.28425130720369,0.09354583954441734,0.0762717928665977,0.28922816733727286,0.46469115148032814,1.0,0.0,0.7708333333333334,7,1229.2654418945312,1192.1425170898438,0.33739733,1,-1,,,1.986766356178938,8.555209277853464,False,not-round;elongated,reject
2352,62,20.70673062302925,0.12556263203899393,0.17419134272873066,0.2841076429507292,0.538758817032951,2.0,0.6666666666666666,0.84375,6,1024.282470703125,284.80902099609375,0.33737462500000004,-1,-1,,,1.9481674801894282,6.57395082610688,False,two-cores;not-round;elongated,reject
3278,208,17.251168574916644,0.19965876834690896,0.22763969513400137,0.3374946642137288,0.5994390832765563,1.0,0.06666666666666667,0.9375,15,1107.662841796875,253.4092559814453,0.335168715,1,-1,,,1.1824729916189225,6.74600511371009,False,not-round;elongated,reject
6203,52,22.325451103233828,0.04442422239824049,0.1430226117083725,0.26972192719849764,0.5435777441178086,2.0,0.6,0.8125,5,1121.9180297851562,292.1829833984375,0.33470120999999997,-1,-1,,,2.8989629576401965,7.169729553967015,False,short;two-cores;not-round;elongated,reject
1454,102,11.968448650221436,0.255165918985969,0.1813409651122052,0.3341804690691972,0.5611201924504776,1.0,0.25,0.8229166666666667,8,1022.5281066894531,313.69960021972656,0.33459224,1,-1,,,1.2005589024362258,5.502769897222876,False,not-round;elongated;defocus,reject
4757,83,15.060349024535038,0.20039974221616216,0.22396756121491782,0.38653316520683495,0.6337941159964948,1.0,0.42857142857142855,0.8958333333333334,7,982.7201538085938,226.8534240722656,0.33457533,1,-1,,,1.9285156917338488,6.947945562603629,False,two-cores;not-round;elongated,reject
3025,52,17.483331155762265,0.030783888285883763,0.20050335922242635,0.23450326262735252,0.5237654435414629,1.0,0.25,0.9479166666666667,4,1019.9566955566406,294.84922790527344,0.33363539,-1,-1,,,1.3742618995920792,4.457534565019071,False,short;not-round;elongated,reject
1951,143,17.119627346399025,0.14046181597387875,0.20530589298293286,0.33211316122954265,0.6034238346093103,1.0,0.09090909090909091,0.875,11,1107.9093017578125,253.97105407714844,0.3334496,1,-1,,,1.4367098598793788,6.9095388294238935,False,not-round;elongated,reject
5934,142,19.252010729706893,0.08876777228085558,0.3222753497562814,0.36099008784451525,0.6150844713044392,1.0,0.0,0.9791666666666666,13,1119.3749389648438,269.9462585449219,0.33282155,-1,-1,,,1.4782995718799408,7.483909360749752,False,not-round;elongated,reject
6407,74,20.235359391689002,0.06821557879210997,0.3293601357577891,0.36880476133785123,0.6146224887412022,1.0,0.0,0.9895833333333333,6,1121.4069213867188,262.7943572998047,0.3318827,-1,-1,,,2.1256228967958655,7.47967308733149,False,not-round;elongated,reject
770,68,16.87964761171942,0.08308569710469607,0.24096834892566915,0.37564897028720673,0.6764261063343806,1.0,0.0,0.9270833333333333,6,1065.1427001953125,300.07618713378906,0.32886854,-1,-1,,,0.854806089284216,6.4303907902612165,False,not-round;elongated,reject
6048,56,20.433665523309084,0.049457835889434566,0.05985700842009378,0.1575077289505873,0.3614973798708834,1.0,0.0,0.7916666666666666,3,989.061279296875,567.4751586914062,0.32780063000000004,-1,-1,,,1.744843513277758,4.423660591276186,False,short;not-round,reject
371,113,12.2532465452925,0.10213403937733499,0.18450832964466812,0.35886042936003304,0.6623272372924435,1.0,0.1111111111111111,0.8541666666666666,9,612.0564575195312,854.812255859375,0.3272852,1,-1,,,1.429166300129578,6.27515627052106,False,not-round;elongated,reject
6319,87,12.221195293567176,0.0870733286615421,0.199924751577562,0.2764900750623757,0.42906951767060353,1.0,0.14285714285714285,0.9166666666666666,7,1167.1741943359375,240.9388885498047,0.3272386,1,-1,,,1.7481326675076065,5.7074432208847945,False,not-round,reject
5504,66,19.975180390196787,0.1291095232672544,0.24846382013586332,0.2801657525587691,0.6442125620205434,1.0,0.16666666666666666,0.96875,6,966.7161254882812,259.7086944580078,0.326376735,1,-1,,,1.4526764013558935,7.084560052905815,False,not-round;elongated,reject
1075,52,11.28335180337449,0.09894844421156834,0.27098059770287547,0.3226336295513205,0.42898200452686014,1.0,0.0,0.9148936170212766,3,626.6001586914062,754.1499328613281,0.32617850000000004,1,-1,,,1.3477460318031775,4.228146272610722,False,short;not-round,reject
6612,59,11.165825462218933,0.06633102341132038,0.21500745521820833,0.3109301672152476,0.4607543417754538,1.0,0.0,0.9583333333333334,5,1321.0233154296875,693.015380859375,0.32483724,1,-1,,,2.324639725133284,6.474324087183873,False,short;not-round;elongated,reject
3724,236,9.834985636048716,0.10709645135541046,0.19353604546719372,0.29128271450283016,0.5764226711372411,1.0,0.05555555555555555,0.8645833333333333,18,929.2329711914062,267.67601013183594,0.32475866,1,-1,,,1.8668212900626138,7.545894960049904,False,not-round;elongated,reject
529,147,16.47824896607494,0.1150321793431178,0.1848889540168531,0.2761658650356742,0.5233608703069909,2.0,0.5454545454545454,0.9375,11,1074.807373046875,260.6181335449219,0.3244286,1,-1,,,0.7307906866623094,8.044858030407484,True,two-cores;not-round;elongated;mislink,reject
1157,55,9.221282758087138,0.09776555062728592,0.25457016469780175,0.3221768863059661,0.6318283575694282,1.0,0.0,0.90625,4,206.08853149414065,534.7692260742188,0.32388103,1,-1,,,1.6616366943885126,7.214820789783401,False,short;not-round;elongated,reject
124,290,18.32613150952166,0.12267910640535751,0.2492820528540243,0.3463987941808152,0.6233387382058214,1.0,0.24,0.9375,25,1107.9120483398438,253.16474914550778,0.32372785,1,-1,,,1.5080560023102887,5.287780950901515,False,not-round;elongated,reject
3438,172,12.799978733255491,0.08384865323445734,0.23678589168086847,0.32051568438535527,0.494487553225625,1.0,0.07142857142857142,0.90625,14,1347.7368774414062,660.8724975585938,0.32372738,1,-1,,,1.949407612366531,7.369231714362582,False,not-round;elongated,reject
6090,61,21.97508063746166,0.10641751718906962,0.1610864282687261,0.28867880737776386,0.4810129973613805,2.0,0.5714285714285714,0.8333333333333334,7,1122.6719970703125,285.3661499023437,0.3229869,-1,-1,,,2.619879009853038,6.195299177783843,False,two-cores;not-round;elongated,reject
673,52,18.195315694057612,0.1296092976632796,0.22349956587359993,0.3699038341337847,0.7253527405511646,1.0,0.3333333333333333,0.8333333333333334,3,950.0904846191406,215.60108947753906,0.32280056,1,-1,,,1.943820731455025,8.415951257215081,False,short;two-cores;not-round;elongated,reject
6313,57,20.75723118705443,0.06978690463111546,0.23852856365796093,0.26927313923110513,0.47811391649651686,2.0,0.8,0.9583333333333334,5,1124.7958984375,291.3955383300781,0.32177588,-1,-1,,,2.3298512465826287,7.87037013356581,False,short;two-cores;not-round;elongated,reject
640,146,13.240285768953331,0.1636772965144782,0.18152836259970126,0.3552754215263167,0.6017233050558359,1.0,0.2727272727272727,0.8333333333333334,11,1079.4972534179688,305.3549346923828,0.321173815,1,-1,,,1.074121716324549,6.6380110096444485,False,not-round;elongated,reject
1960,70,22.85991564543977,0.23420755834805337,0.2313828212043876,0.24307662432616717,0.589659000710498,1.0,0.0,0.9895833333333333,4,1067.6278076171875,301.3251495361328,0.321100905,1,-1,,,1.2004660198770247,5.650459514940334,False,not-round;elongated,reject
1480,75,12.522985340252992,0.14783646405587814,0.2743095049638218,0.3730083939980057,0.6859398561687253,1.0,0.3333333333333333,0.9583333333333334,6,605.2277221679688,865.1094360351562,0.31837448,1,-1,,,1.8327167527290213,7.701259453210464,False,two-cores;not-round;elongated,reject
6358,89,10.569575672023984,0.06685767499396052,0.2558851095360863,0.3052876295065091,0.5294048253307202,1.0,0.0,0.9685283687943262,8,965.7057495117188,242.65614318847656,0.3173451,1,-1,,,0.9405518638487683,3.831760240669137,False,not-round;elongated,reject
1546,162,11.203667497380255,0.0841654016285268,0.19128059131462494,0.27557083092753754,0.5040499723983335,1.0,0.07692307692307693,0.9166666666666666,13,914.7968139648438,267.95204162597656,0.31702979,1,-1,,,1.6989434963799874,7.585063842337186,False,not-round;elongated,reject
6297,97,11.904966043339707,0.1116538573908734,0.2843878568401463,0.31234393141912586,0.5713717992943654,1.0,0.125,1.0,8,603.434326171875,140.97482299804688,0.31573626,1,-1,,,1.4287527714641475,4.320575967373528,False,not-round;elongated,reject
4762,167,15.289975595531086,0.05794522250162211,0.24702457522896512,0.33674957739445566,0.6553769294096852,1.0,0.0,0.9789450354609929,12,1359.8817138671875,678.3386840820312,0.31471607,-1,-1,,,1.277641839427458,5.114797353943018,False,not-round;elongated,reject
5682,50,10.310029064696414,0.14619734721179556,0.35405618038685704,0.3717656311211405,0.510693935220069,2.0,0.6,1.0,5,960.4763793945312,911.3892517089844,0.314638735,-1,-1,,,2.3320602638046664,7.331814163494457,False,short;two-cores;not-round;elongated,reject
3325,53,14.655776379045195,0.021406751066356807,0.12457024319074905,0.2520450182526902,0.5865088920004594,1.0,0.3333333333333333,0.7916666666666666,3,967.1624755859376,258.3669738769531,0.31421778,-1,3323,0.032897661336424376,0.727330447196798,0.9095833430648118,4.289128940268583,False,short;rigid-doublet;two-cores;not-round;elongated,reject
3470,85,16.862183363699103,0.03217742379775719,0.20012302658481632,0.3172323872290063,0.5521499761989439,1.0,0.0,0.8541666666666666,5,1364.9503173828125,681.1485595703125,0.31370234,-1,-1,,,1.2623661977664062,6.09563779614525,False,not-round;elongated,reject
6039,90,11.794442090919805,0.08231919896032458,0.2592392070377713,0.2909174924248646,0.42130050499055544,1.0,0.14285714285714285,0.9791666666666666,7,1142.8514404296875,247.98331451416016,0.31363745,1,6034,0.10544668833178024,0.7056607017535743,1.5273510794573646,7.096911422507124,False,rigid-doublet;not-round,reject
4761,73,11.999378008783408,0.05907141688168265,0.24355668244658704,0.31286699029911813,0.41563098357296274,1.0,0.0,0.9166666666666666,5,1361.926513671875,666.703125,0.312658,1,-1,,,1.9235125882611888,7.287177860622708,False,not-round,reject
5818,76,21.713240549336515,0.11245265061121563,0.19151377707967138,0.3782703354628074,0.5868922426548195,1.0,0.0,0.7708333333333334,7,1322.5731201171875,25.824448585510254,0.312461765,1,-1,,,2.273554425281865,6.976741796810845,False,not-round;elongated,reject
1296,52,20.292755751005878,0.05704947513699424,0.21687773144624356,0.31851320529514227,0.501224585381368,1.0,0.0,0.875,3,1102.1476440429688,261.1246032714844,0.31150304,1,-1,,,1.5095830079141561,6.981077743441694,False,short;not-round;elongated,reject
162,168,14.362560849402001,0.1442682102794678,0.35309908453805994,0.4133119493984238,0.6755444137834903,1.0,0.2857142857142857,0.9791666666666666,14,986.1224365234374,277.7144012451172,0.310426055,1,-1,,,1.2334814257609297,5.178382099620412,False,not-round;elongated,reject
95,874,11.499187135619984,0.05812016713190726,0.22015932544456482,0.3068215974921437,0.4975163789641378,1.0,0.043478260869565216,0.8958333333333334,69,209.96224975585938,541.5993347167969,0.310369685,1,11,0.04444507581911716,0.7272236126767238,1.298964525904796,5.278385909799455,False,rigid-doublet;not-round;elongated,reject
132,70,24.053165295177894,0.14844392828861638,0.30858596323002785,0.4076524677495161,0.6410686898996912,1.0,0.14285714285714285,0.9375,7,947.3563232421875,211.09778594970703,0.30799631,1,-1,,,1.7321329133790386,7.349194599378132,False,not-round;elongated,reject
1587,93,16.668269742940577,0.09629585469913898,0.29398927997842406,0.3039300503330554,0.6084448580797093,1.0,0.0,1.0,7,1336.4127197265625,665.3646240234375,0.3074638,-1,-1,,,1.5849744840228612,5.392719933228077,False,not-round;elongated,reject
2523,73,15.521583631780105,0.09742871955519497,0.17935767280015955,0.2835276015037228,0.4550330953507984,2.0,0.7142857142857143,0.8958333333333334,7,998.2848510742188,267.6700439453125,0.30574206,-1,-1,,,0.7322042239345733,7.485951178535635,True,two-cores;not-round;elongated;mislink,reject
5197,89,20.153887402089058,0.04498033521934944,0.18929684744848163,0.2703360850529365,0.5504677438485699,1.0,0.0,0.9270833333333333,8,1064.7886962890625,270.5915222167969,0.3054236,1,-1,,,0.9352266201142275,4.16411415398877,False,not-round;elongated,reject
4705,75,20.090674037355097,0.09207446126188659,0.45288866207266815,0.4915332064803123,0.6856881844069806,1.0,0.0,1.0,7,1067.5086669921875,222.73106384277344,0.30390015,1,-1,,,1.4252959077637097,6.4695680603368775,False,not-round;elongated,reject
6498,52,12.353391662856893,0.04972911076573143,0.2629745265536654,0.3022932772334634,0.49379356862593643,1.0,0.25,0.96875,4,394.2727966308594,117.98771286010742,0.303552065,1,3971,0.06031620604403056,0.9056234548411161,2.087161530241457,4.468410999459885,False,short;rigid-doublet;not-round;elongated,reject
6502,69,18.060873182510306,0.11269359251180942,0.24225420340762577,0.31163920051583316,0.46648845917873627,1.0,0.0,0.9375,6,1081.44384765625,278.90264892578125,0.30323985,1,-1,,,1.324258596080351,7.483642134733165,False,not-round;elongated,reject
5353,234,12.678733450175976,0.11320400324409215,0.18281720727751033,0.28052289325717017,0.5098797650025679,1.0,0.0,0.90625,18,1049.2109985351562,277.65972900390625,0.30289537,1,-1,,,0.7207001836002047,7.398300359959629,True,not-round;elongated;mislink,reject
6389,68,13.299507552853479,0.05672406545139005,0.1749227303548228,0.2676947563822918,0.4397188822652527,1.0,0.25,0.8645833333333334,4,592.2364807128906,871.8849487304688,0.29972951000000003,1,-1,,,1.4775983870917204,7.487318062204381,False,not-round,reject
3702,58,15.88561192125731,0.13578464449446007,0.23840185764233862,0.3742615443476781,0.6286730826951819,1.0,0.2,0.9375,5,977.4622497558594,275.91307067871094,0.2991834,1,-1,,,1.3369728493674955,6.280281758422407,False,short;not-round;elongated,reject
1841,163,12.074055192035411,0.15758457199656858,0.25835675013741566,0.34607913084057995,0.6848741295695362,1.0,0.08333333333333333,0.9583333333333334,12,1002.888671875,282.7167053222656,0.29877374,1,-1,,,0.8416115334666483,7.537690349848972,True,not-round;elongated;mislink,reject
119,52,15.361301230078892,0.11264641422793688,0.16919401382276325,0.26897867993408303,0.5570691655670427,1.0,0.4,0.9166666666666666,5,1013.2187805175781,246.81225585937497,0.298528975,-1,-1,,,0.9150123734611639,2.643556428738923,False,short;two-cores;not-round;elongated,reject
2588,80,14.986071416378019,0.052215508390864605,0.18947640377639968,0.345826510126833,0.6821115101870199,1.0,0.0,0.84375,6,1071.1923828125,253.2138442993164,0.29811561,-1,-1,,,1.2400470046419885,7.661068467857092,False,not-round;elongated,reject
2190,135,9.629522318060936,0.0534161660154989,0.18184637727341685,0.3007228198740718,0.48839651958546537,1.0,0.0,0.84375,10,195.36329650878903,565.1538696289062,0.29764876,1,-1,,,1.351808444210957,7.616654482098192,False,not-round;elongated,reject
3880,136,19.367780625513078,0.12190880816244068,0.17684450985638825,0.31447503040693425,0.5799873982966248,2.0,0.5384615384615384,0.9166666666666666,13,1100.0065307617188,292.79835510253906,0.29750091999999995,-1,-1,,,1.3628837630297783,7.861147860717094,False,two-cores;not-round;elongated,reject
972,88,11.719795205555869,0.08244991853851787,0.16794243056901675,0.2674572526535276,0.4872568697167975,1.0,0.0,0.8854166666666666,6,917.5831604003906,264.7753143310547,0.29741058,1,-1,,,1.8834557894867447,6.8842686170055565,False,not-round;elongated,reject
613,57,19.061860133488956,0.18238181980068263,0.331669388655141,0.3586421653329794,0.6463252208335598,1.0,0.4,1.0,5,1007.2275390625,307.58221435546875,0.29689127,-1,-1,,,1.4068299451447532,5.60011379270967,False,short;two-cores;not-round;elongated,reject
5562,193,10.530783493360925,0.10286579248564516,0.2578932824404111,0.31043034425529153,0.4321232038303531,1.0,0.0,0.9479166666666667,18,643.1629028320312,716.5263061523438,0.29586548,1,-1,,,1.7046142575751866,6.941074344086624,False,not-round,reject
6075,60,17.02903747690945,0.06665387924446076,0.3190811288526825,0.3508432162839893,0.6599853927553997,1.0,0.0,1.0,4,1029.0923461914062,275.44334411621094,0.29505681,1,-1,,,0.7781152943829789,5.140135738735724,False,not-round;elongated,reject
4197,65,21.84809610806122,0.10112135123489659,0.45862228517683024,0.4991610676854797,0.7595188762325558,1.0,0.0,1.0,4,1051.785400390625,221.0852203369141,0.29420742,1,-1,,,0.9214847600286488,2.8207798376869406,False,not-round;elongated,reject
5647,100,11.642837694255388,0.04673944298219659,0.24209499595924974,0.33476226018191424,0.6159014219605602,1.0,0.0,0.9375,7,1094.6136474609375,239.70043182373044,0.29361148,-1,-1,,,0.7434630836289732,5.174955989727252,False,not-round;elongated,reject
5531,104,11.21242479833635,0.10622042021959881,0.1634671857163023,0.2899451587695532,0.5591468804195472,1.0,0.0,0.8958333333333333,8,949.18701171875,261.8518524169922,0.29239550000000003,1,-1,,,1.0422422218283312,5.543088497000274,False,not-round;elongated,reject
1745,152,12.33871134079953,0.214600415932062,0.2756500424964969,0.3518063579642187,0.4952146434456748,1.0,0.07692307692307693,0.9166666666666666,13,1078.4808959960938,241.51305389404297,0.29147089000000004,1,-1,,,0.6544969691556956,7.338797113486316,True,not-round;elongated;mislink,reject
3785,55,10.680394127377708,0.062431337996647275,0.2446111470609975,0.28674736301756765,0.5131025855143743,1.0,0.0,0.9266400709219859,4,497.35107421875,183.3555145263672,0.29004297,1,-1,,,1.9916297840301538,7.748878275987512,False,short;not-round;elongated,reject
4970,65,14.922093218610854,0.09358625028087121,0.26719582901939953,0.2851862989582108,0.56575293373325,1.0,0.0,1.0,5,1085.2464599609375,256.128662109375,0.28932366,1,-1,,,1.0852299767658888,6.879264397947073,False,not-round;elongated,reject
3838,166,16.02601046068121,0.12830579476523965,0.27768086814649307,0.36362962294081913,0.5736835507480779,1.0,0.14285714285714285,0.936613475177305,14,985.2721252441406,238.91087341308594,0.28889117,1,-1,,,1.160640627775604,5.757844063706852,False,not-round;elongated,reject
6492,62,14.925247358473037,0.12004845584708813,0.17837656961671342,0.24342570550606338,0.4759323362192458,1.5,0.5,0.9375,6,1070.0821533203125,288.1780090332031,0.288562775,-1,-1,,,0.7479146712629879,5.359150439263087,False,two-cores;not-round;elongated,reject
581,57,17.483608117005694,0.04953501541521099,0.2703710544078314,0.3306672994128522,0.6487983764902974,1.0,0.25,0.9479166666666667,4,976.3115844726562,232.7999725341797,0.28799877,-1,-1,,,1.1890321555423065,3.9523742024294286,False,short;not-round;elongated,reject
483,61,14.34648565641264,0.06956639209395821,0.32295308468071987,0.34235478454162704,0.5977000369909957,1.0,0.16666666666666666,1.0,6,1361.6646728515625,698.17431640625,0.2879744,1,-1,,,0.9635736556516558,7.1703900425745415,False,not-round;elongated,reject
697,73,15.793502990012584,0.10770722907799858,0.21560445455923105,0.3470505548862497,0.5408118260163477,1.0,0.0,0.9270833333333333,6,1058.173095703125,233.81491088867188,0.28734997,1,-1,,,1.2577881079788429,6.163049540006499,False,not-round;elongated,reject
720,107,21.120693548684603,0.1702791395741133,0.3164373603820713,0.3504664632555078,0.7018179259190034,1.0,0.0,0.9791666666666666,7,1064.4539794921875,279.1658935546875,0.28685933,-1,-1,,,1.3668247721118,7.066481624766052,False,not-round;elongated,reject
2882,113,10.778202064553009,0.08464474884126216,0.25335951079287494,0.30789849943248676,0.48437006791707865,1.0,0.0,1.0,9,536.1027221679688,127.88223266601562,0.2865622,1,-1,,,1.6289708620237207,7.2170280717775,False,not-round;elongated,reject
2174,82,15.781551804906186,0.04704848772386573,0.19738506364167635,0.27314298391311687,0.5581386163503256,1.0,0.14285714285714285,0.875,7,1078.6005249023438,266.8627624511719,0.28637931,-1,-1,,,1.3154638734214228,4.041526895416034,False,not-round;elongated,reject
146,61,12.188776869949171,0.08233528316840304,0.3061945565627301,0.37095340447769887,0.6187661550283245,1.0,0.16666666666666666,0.9479166666666667,6,587.6939086914062,811.83544921875,0.2862644,1,-1,,,1.620071796421545,5.561338741209697,False,not-round;elongated,reject
5708,63,14.021856766011677,0.1294588166552185,0.17517235355439756,0.397902895448218,0.6946752754386525,1.0,0.16666666666666666,0.875,6,1035.433349609375,277.00323486328125,0.2856962,1,-1,,,0.9033814917679038,6.156513654592692,False,not-round;elongated,reject
2605,384,15.996207147926569,0.1309981846628112,0.28605226933745287,0.3270826213672848,0.6721528225346569,1.0,0.03125,0.96875,32,614.7718811035156,881.2147827148438,0.285142035,-1,2,0.0302562649992049,0.7853879891913895,0.9576662264936211,3.118246033545651,False,rigid-doublet;not-round;elongated,reject
1477,165,9.86183242143586,0.07685686864280125,0.25617103836320726,0.2985131661736888,0.3863171827893537,1.0,0.0,0.9791666666666666,13,572.9259033203125,147.4495849609375,0.28446808,1,-1,,,1.392007739369371,5.538985142971347,False,not-round,reject
790,65,16.96607661712178,0.19237446303919042,0.23722715222404495,0.30171421405164534,0.6618776404669745,2.0,0.7142857142857143,0.8958333333333334,7,1011.9356689453124,245.28500366210935,0.2836032,1,-1,,,0.9145968268289433,5.571990469147592,False,two-cores;not-round;elongated,reject
5683,76,16.50416764592205,0.13952128791477636,0.17689693008364518,0.29295822495104695,0.5180823933581297,1.0,0.2857142857142857,0.9583333333333334,7,1094.4541625976562,260.63340759277344,0.28258704999999995,-1,-1,,,1.1634750946293029,6.976343930432045,False,not-round;elongated,reject
2171,82,13.19694386409329,0.10362495561277044,0.21700482548163116,0.29270420294320354,0.5232177012725625,1.0,0.14285714285714285,0.9375,7,1333.8367919921875,658.2684326171875,0.282008825,1,-1,,,2.0526074934690492,7.0784999996994635,False,not-round;elongated,reject
4442,98,14.393363078282443,0.11731410159537042,0.26604217608927283,0.35923552419051596,0.6244357376070089,1.0,0.25,0.90625,8,1017.1618957519531,268.671875,0.28176012,1,-1,,,1.2013218742739185,7.241266300337115,False,not-round;elongated,reject
3887,99,15.452294320164974,0.12160275119390065,0.2630347925086964,0.3277283670553893,0.6331228055114282,1.0,0.4,0.9479166666666667,10,1353.1011962890625,670.307861328125,0.281612,-1,-1,,,1.4445485928904236,7.232181503758827,False,two-cores;not-round;elongated,reject
897,55,10.179514144289783,0.0975756184538059,0.14169204691489817,0.25408483047445135,0.3979696682601766,1.0,0.0,0.9166666666666666,5,915.4785766601562,232.27847290039065,0.28149006,1,-1,,,1.967442213797682,7.930692789068247,False,short;not-round,reject
3928,85,13.514645211445423,0.037017933037448325,0.17437442421313204,0.2988143096671373,0.5544208198563734,1.0,0.0,0.8541666666666667,8,1040.173095703125,231.7936248779297,0.2812706,1,-1,,,0.9863559064320409,6.975843357930395,False,not-round;elongated,reject
121,132,10.328511440244466,0.06786292106138408,0.16337592256161937,0.31603348389835406,0.5359519924011843,1.0,0.16666666666666666,0.8020833333333333,12,212.84719848632812,549.0197143554688,0.281183005,1,-1,,,1.227821368045756,5.357759366381428,False,not-round;elongated,reject
1313,69,15.471836495505277,0.06495012956691375,0.14354440451238756,0.25789726401466145,0.6133524733651811,1.0,0.0,0.875,5,1079.139404296875,271.7294921875,0.2810068,-1,-1,,,1.0976219313455085,6.009164121851716,False,not-round;elongated,reject
1468,92,15.410877680403193,0.038751625679759226,0.17935709605594835,0.2244200721975717,0.4887526818310478,1.0,0.125,0.9375,8,974.2062377929688,251.4143524169922,0.280928075,-1,-1,,,0.8318471657648377,6.24269668866887,False,not-round;elongated,reject
1861,182,14.829778847214715,0.06362292201878215,0.19386321935076817,0.26396744758564844,0.5205718629774998,1.0,0.0,0.90625,16,1005.904541015625,227.3691177368164,0.27995542,-1,-1,,,0.8570948109982307,5.5808827722492165,False,not-round;elongated,reject
2248,66,12.427348094982792,0.09199005913727423,0.22547977486504772,0.2896864013962087,0.341784052081616,1.0,0.0,0.9270833333333333,6,584.5610656738281,883.4328918457031,0.27994214,1,-1,,,0.6736757988739077,3.604889707736781,False,not-round,reject
3368,99,12.951994446627848,0.2403888623361323,0.14635166671671163,0.2552496020013084,0.5762994039016707,1.0,0.14285714285714285,0.8541666666666666,7,1059.70361328125,246.21507263183597,0.27899432,-1,-1,,,1.1279355620045508,5.205125370871572,False,not-round;elongated,reject
1511,153,12.532033546116319,0.0337595266766048,0.16102029409757876,0.255688402372228,0.48653368924743395,1.0,0.0,0.9166666666666666,11,915.9197387695312,234.66720581054688,0.2786841,1,-1,,,1.840302472801295,6.744612011425459,False,not-round;elongated,reject
4845,87,13.786685974044378,0.2637035158959377,0.1096918364385493,0.3157945274625725,0.530699537690573,1.0,0.125,0.7708333333333334,8,601.5829467773438,854.9945678710938,0.27835026,1,-1,,,1.3114537995323108,7.612110950104038,False,not-round;elongated;defocus,reject
87,196,17.63571909340844,0.03319896659461304,0.23281680235130278,0.3056366152176229,0.5680191084992547,1.0,0.058823529411764705,0.9375,17,591.2672424316406,819.2116088867188,0.27688475,-1,-1,,,1.113178214793212,4.857769278901973,False,not-round;elongated,reject
1897,64,20.214683339078007,0.3958284955203756,0.1779369088389558,0.44366824093550067,0.4986316004071914,1.0,0.4,0.8125,5,990.6588439941406,275.1155242919922,0.276821195,1,-1,,,1.5413124089862882,6.833576896233369,False,two-cores;not-round;elongated;defocus,reject
3809,52,14.713363007376788,0.06309331505630911,0.2995237400238214,0.32459254994233055,0.6254762765087533,1.0,0.0,0.9791666666666666,4,1028.1223754882812,273.5235290527344,0.275681015,-1,-1,,,0.6598832694760731,6.217506346935615,True,short;not-round;elongated;mislink,reject
1762,54,12.99115504836141,0.04890962703920322,0.123584154686066,0.30138067391866175,0.46057425815292813,1.0,0.0,0.8333333333333334,5,1026.3446655273438,253.19196319580078,0.27552595999999996,1,-1,,,0.8348831452027261,5.9174405255651426,False,short;not-round;elongated,reject
122,60,10.557859026915224,0.0879400334557882,0.0881111489285833,0.23841733194142212,0.4137548478006944,1.0,0.0,0.78125,4,900.80615234375,226.28907775878906,0.2740611,1,-1,,,1.648169054002583,7.2785157098495326,False,not-round,reject
467,161,12.99703403669445,0.10951713631571137,0.19306418749982573,0.31031311842721615,0.4478243711083944,1.0,0.0,0.8958333333333333,12,91.89808654785156,23.186975479125977,0.2739841,-1,-1,,,2.207698643643215,6.048077813004887,False,not-round,reject
4811,177,20.06667467154894,0.05739635407489117,0.18792071923289336,0.2668085098500502,0.534947759790916,1.0,0.16666666666666666,0.9166666666666666,12,1116.83203125,294.8907775878906,0.27343184,-1,-1,,,1.3616149238960942,7.665103949562624,False,not-round;elongated,reject
6648,53,13.853541916329997,0.19132909526550246,0.3016842564740091,0.3748814777220674,0.5260826714171954,1.0,0.0,0.9583333333333334,5,114.94078063964844,759.07666015625,0.27299735,-1,-1,,,2.963008844803732,6.616774293002321,False,short;not-round;elongated,reject
1127,92,17.376071988426474,0.04609947366269858,0.21801395204592453,0.22574685904181807,0.5405017311545925,1.0,0.125,0.9791666666666667,8,1010.0325622558594,270.5141296386719,0.272014455,-1,-1,,,0.4647801831209108,2.4963738259338952,False,not-round;elongated,reject
5464,62,10.709074092142888,0.1074503840182121,0.2727003440015924,0.31005655118437025,0.40453712277806286,1.0,0.0,0.96875,6,604.6775207519531,141.54107666015625,0.269152415,1,3198,0.05227530006244677,0.7391349549167073,1.6074687849676321,4.337144767925385,False,rigid-doublet;not-round,reject
6359,53,17.512348185437215,0.13701894750327467,0.24646389034713165,0.2655297945406929,0.6132620876657677,1.0,0.0,1.0,3,601.2926635742188,879.2894897460938,0.2686224,-1,-1,,,1.0326913444639891,4.918172935083051,False,short;not-round;elongated,reject
6022,72,11.634850746415708,0.0701249145799315,0.2587997429839185,0.2971147855619668,0.5494536184355158,1.0,0.3333333333333333,0.9479166666666666,6,1321.9222412109375,711.9028930664062,0.26805435,1,-1,,,2.3117744456907388,7.630687236247854,False,two-cores;not-round;elongated,reject
2528,113,12.509684239104226,0.055429242766094164,0.1720387291388156,0.36513108180557313,0.6906073796530593,1.0,0.1111111111111111,0.8125,9,615.9878540039062,884.3074340820312,0.2675682,1,-1,,,2.369940584905875,7.0795551687010105,False,not-round;elongated,reject
1035,160,20.606034234490092,0.3364144449256909,0.19632216662374743,0.22485191019829276,0.5099617940001294,2.0,0.6923076923076923,0.9791666666666666,13,930.9449462890625,247.96250915527344,0.266727065,-1,-1,,,1.178248952855965,5.393101142440848,False,two-cores;not-round;elongated;defocus,reject
988,71,15.408135810144792,0.0962858159213869,0.17654081939213234,0.3158864487324555,0.6252842366978769,1.0,0.0,0.875,6,1350.51123046875,654.6270141601562,0.2666294,-1,-1,,,1.8560256380716096,5.3927998232975725,False,not-round;elongated,reject
150,114,12.077520571016398,0.06455723436210484,0.25412859972987484,0.2833467264189333,0.4617164692149554,1.0,0.18181818181818182,0.9583333333333334,11,893.5319519042969,259.84519958496094,0.26513556,1,-1,,,2.5987885414574743,6.906057041426612,False,not-round;elongated,reject
1358,59,11.249412097419576,0.04774658070661998,0.18633971260020118,0.2498875333854515,0.3935240477114386,1.0,0.0,0.9583333333333334,5,926.1077880859376,238.06497192382807,0.2641048,1,-1,,,1.9111073836792076,6.04413898180917,False,short;not-round,reject
5296,63,12.346825503138977,0.037119707184323864,0.18790885394898837,0.32530100041629545,0.4858357134491078,1.0,0.2,0.8333333333333334,5,1358.9510498046875,666.7835083007812,0.26216152,1,-1,,,1.5043991456298835,7.652836584799353,False,not-round;elongated,reject
256,152,16.10909600095148,0.03208472971043465,0.19173814960276592,0.22432534340181787,0.5186455889774655,1.0,0.0,0.9583333333333334,12,957.1581420898438,240.86858367919922,0.26148442000000005,-1,-1,,,0.9395307852883533,5.979378411362215,False,not-round;elongated,reject
3794,87,14.851800147152431,0.1900952762016953,0.17383977241025383,0.3549888158969214,0.5215588919876939,1.0,0.0,0.8020833333333333,8,1076.1729736328125,249.3184051513672,0.2613066,-1,-1,,,0.9296761491551419,4.335371403748203,False,not-round;elongated,reject
5727,66,13.148430967838143,0.13124026500366678,0.25922420790990164,0.3020139284816659,0.567267330624413,1.0,0.0,0.9474734042553192,6,1356.9494018554688,694.1005859375,0.26107307,-1,-1,,,1.2679551254299075,5.748952086075709,False,not-round;elongated,reject
4904,69,11.027146145139275,0.10418669276925321,0.2543582529948043,0.3330179498582988,0.6469690814117323,1.0,0.0,0.9166666666666666,5,941.0717163085938,258.1336669921875,0.2609519,1,-1,,,1.560565018627748,6.738459697654851,False,not-round;elongated,reject
6573,51,21.831877900151355,0.056265290035454704,0.2999511171156129,0.4231383636589652,0.7186596541734491,1.0,0.25,0.8958333333333333,4,1045.18798828125,276.2885131835937,0.2608665,1,-1,,,0.919865997254722,4.969920481918904,False,short;not-round;elongated,reject
1674,60,15.381303492193927,0.08048620556251021,0.27983912655141574,0.3218819154269305,0.6494921787605286,1.0,0.2,0.9791666666666666,5,1024.7692260742188,264.92877197265625,0.2603614,-1,-1,,,1.2908783372104857,5.78963517727289,False,not-round;elongated,reject
2324,82,15.184822776206088,0.14103377613670515,0.1988054141514652,0.31372069275426406,0.6039423356922917,1.0,0.3333333333333333,0.8645833333333333,6,1071.8233032226562,305.59422302246094,0.25967743,-1,-1,,,1.0501707612098647,6.6550048323890465,False,two-cores;not-round;elongated,reject
1250,61,12.184156636159909,0.09644117781743221,0.2242767667289899,0.30577447482443565,0.5130669195059421,1.0,0.0,0.9166666666666666,5,1332.767333984375,653.7279663085938,0.2593842,1,-1,,,2.3749439627179263,7.721721287706116,False,not-round;elongated,reject
2583,76,12.707489657302858,0.10333364209126497,0.26187251896860275,0.3358035098013735,0.5184542141980065,1.0,0.25,0.9583333333333334,4,1083.4642333984375,305.4451446533203,0.259007695,1,-1,,,1.2603090256304517,7.461356539850239,False,not-round;elongated,reject
3076,173,14.836761844003377,0.04665830059891414,0.18290008710425995,0.27101127841939165,0.510116638638829,1.0,0.46153846153846156,0.9375,13,1005.7747192382812,272.4517517089844,0.25841525,-1,-1,,,0.9291510787909376,5.164500689076511,False,two-cores;not-round;elongated,reject
5650,114,16.166453798854143,0.17938580637905566,0.2565922207755076,0.3995480098904658,0.5910660157251949,1.0,0.1,0.9266400709219859,10,1099.5352783203125,234.4803009033203,0.257549585,-1,-1,,,1.7150310047891895,6.290098562737788,False,not-round;elongated,reject
1811,61,19.00358048842014,0.027304881634023663,0.1494642422364362,0.27660115391126777,0.5940535834160023,1.0,0.4,0.8333333333333334,5,1031.5181884765625,281.0068664550781,0.2562674,1,-1,,,1.6757255838863925,7.039144343755229,False,two-cores;not-round;elongated,reject
2928,60,20.903461498118286,0.018345400007403326,0.23179752574025358,0.2997054132476587,0.5701206085956888,1.0,0.0,0.9361702127659575,5,1265.44580078125,16.060107231140137,0.25573545,1,-1,,,1.2466528442838696,3.0339149258910987,False,not-round;elongated,reject
1601,57,8.846708011693739,0.13617444405747664,0.14295010805461247,0.30256626846617474,0.6163813767727532,1.0,0.0,0.7916666666666666,5,201.9655914306641,560.3494873046875,0.25564012,1,-1,,,1.2895471228842486,8.053030159012557,False,short;not-round;elongated,reject
1353,79,15.35889247877552,0.2385775922209399,0.23973840422289197,0.28436893785249484,0.6734985686011306,2.0,0.8333333333333334,0.9375,6,1022.6834106445312,245.30340576171875,0.2525992,1,-1,,,1.0670963520174694,7.165039078114028,False,two-cores;not-round;elongated,reject
5644,110,12.473388841969006,0.10564164554432802,0.16286876998891897,0.2592884744624274,0.354899999697301,1.0,0.1111111111111111,0.8958333333333334,9,591.9598083496094,868.8065185546875,0.252146235,-1,-1,,,1.119128482944058,7.073281988708453,False,not-round,reject
3323,86,14.530403265308578,0.03581731018178508,0.12971189060097615,0.2122061274678977,0.3934310000032863,2.0,0.8333333333333334,0.8854166666666666,6,966.4850158691406,246.34008026123047,0.25017529,-1,3325,0.032897661336424376,0.727330447196798,0.9635482453254518,5.413088317470041,False,rigid-doublet;two-cores;not-round,reject
2310,138,15.304530057796285,0.05004441292367207,0.20733922494223875,0.280014576175447,0.5602204395926733,1.0,0.1,0.9270833333333333,10,1347.0538330078125,670.3605651855469,0.24982978500000003,-1,-1,,,1.5044954803656156,7.038071982903449,False,not-round;elongated,reject
3066,114,8.88750155212314,0.12490041292273428,0.223229409060693,0.25606941354726137,0.5593237594173134,1.0,0.2222222222222222,0.9166666666666666,9,169.51175689697266,1210.2343139648438,0.24958046499999997,1,-1,,,1.1904495849411318,4.961242578450094,False,not-round;elongated,reject
3990,55,11.062512107827981,0.055602385237078195,0.20396731819164757,0.26535225594321615,0.4321501448899337,1.0,0.2,0.9166666666666666,5,579.8995971679688,120.14122772216795,0.24930382,1,-1,,,1.5008449922788638,7.566832553631154,False,short;not-round,reject
6143,56,12.570947595324453,0.0916069337033329,0.17059135590199404,0.2552029149474434,0.34109850110202594,1.0,0.0,0.9270833333333333,4,106.01480865478516,790.4897766113281,0.246996315,1,-1,,,2.342392121598886,7.840413344084621,False,short;not-round,reject
1902,55,18.56773548958225,0.029478193709263897,0.2272744353545596,0.28670157489812403,0.6451620122097942,1.0,0.0,0.9583333333333334,5,604.4691772460938,821.7659912109375,0.24453132,-1,7,0.019771179887627947,0.8134854914502474,0.814602988369285,2.88273770457936,False,short;rigid-doublet;not-round;elongated,reject
3298,501,10.008971224384625,0.12725170593641733,0.21767812219782182,0.33276095365548364,0.5474642831750123,1.0,0.023809523809523808,0.875,42,206.9696044921875,569.7784423828125,0.24202275,1,6289,0.029361392206414764,0.8334967939096339,1.2722979289547285,7.628654464624823,False,rigid-doublet;not-round;elongated,reject
2108,51,11.145600802832604,0.07964753822229023,0.23072950902313366,0.30234744623561666,0.5042974915269601,1.0,0.0,0.9375,4,644.0198974609375,767.9090576171875,0.24178348,1,-1,,,1.9719852364583135,5.572477435303376,False,short;not-round;elongated,reject
83,57,17.61839247090846,0.029751169720440333,0.22408001738482802,0.28399827523951704,0.581549051371028,1.0,0.0,0.96875,6,1045.86083984375,259.573486328125,0.24136804,-1,-1,,,1.1482572850185826,4.484880184770882,False,short;not-round;elongated,reject
3221,67,11.18207219639637,0.08446230984836246,0.2460716524319591,0.2974877291656407,0.46298511088465577,1.0,0.0,0.9678442028985508,6,656.976318359375,766.8342895507812,0.239991,1,-1,,,1.872244214633867,5.913955596331786,False,not-round;elongated,reject
4210,66,17.785754399142277,0.09014779182589133,0.24843376898671976,0.343765781185178,0.6384910088115878,1.5,0.5,0.9583333333333333,6,1001.2986450195312,233.79871368408203,0.239167845,-1,-1,,,1.100114868121851,3.925732036541101,False,two-cores;not-round;elongated,reject
4144,73,11.202159444014235,0.051792259296367306,0.2861160730445427,0.3306893690684549,0.6207149487263066,1.0,0.0,0.9791666666666666,6,927.0794677734376,242.5760955810547,0.23914777,1,-1,,,1.308139204050034,5.991761422768952,False,not-round;elongated,reject
3058,62,13.112503727141146,0.12038468439565676,0.1590496825879068,0.33771523505536605,0.7120097467632294,1.0,0.0,0.8229166666666666,4,596.902587890625,842.1593322753906,0.238886265,-1,-1,,,1.2773030208745857,4.545496156595851,False,not-round;elongated,reject
3157,60,11.092028693597314,0.10509882230349422,0.20996492685741383,0.3352661184911284,0.6326379489585775,2.0,0.6,0.9375,5,913.1217346191406,241.71629333496094,0.23882029999999999,1,-1,,,1.4941658611468596,8.213134998310077,False,two-cores;not-round;elongated,reject
4615,54,23.705602583082808,0.09277841401286835,0.2880009389302725,0.34796247461682706,0.45397900741792896,2.0,0.75,0.9895833333333333,4,1052.9314575195312,271.79872131347656,0.238590535,-1,-1,,,1.8767722539837477,4.899387459825029,False,short;two-cores;not-round;elongated,reject
578,74,19.626717663922904,0.14129008815944455,0.14576427837767514,0.28391702529720464,0.5253462272902744,1.0,0.16666666666666666,0.8333333333333333,6,1011.9175720214844,277.8032684326172,0.23855714,1,-1,,,1.2691783677677757,5.439077171521618,False,not-round;elongated,reject
3335,91,10.18273284445106,0.2402513620497932,0.2354842968309064,0.2918935867827653,0.4857836231764742,1.0,0.0,0.9375,7,1078.6832275390625,234.7974853515625,0.23801695,1,-1,,,0.6553543721754825,6.597223799599122,True,not-round;elongated;mislink,reject
2500,73,12.228239074579745,0.41103924164656225,0.29685474768537945,0.426997218283809,0.6577704217387941,1.0,0.0,0.9375,5,989.8637084960938,277.9316711425781,0.23714973,1,-1,,,1.254304226181749,7.159816261261566,False,not-round;elongated;defocus,reject
4612,146,11.042861018452204,0.4459453477823525,0.2456648634857104,0.316402333781299,0.6986237103516548,1.0,0.1111111111111111,0.9375,9,1023.7003173828125,299.9270324707031,0.233695705,1,-1,,,0.5893136268904094,1.9174481501622502,False,not-round;elongated;defocus,reject
2447,58,16.01226517837607,0.017109490070808985,0.19809494799913882,0.25878423035820775,0.5332642734877876,1.5,0.5,0.926418439716312,4,960.835205078125,254.20926666259766,0.23338933,-1,-1,,,1.1712117419300512,5.38850984030763,False,short;two-cores;not-round;elongated,reject
4019,55,23.9526269327232,0.15399516537908903,0.3064788856950603,0.3374392846082129,0.7170833621374074,1.0,0.2,0.9583333333333334,5,1087.7685546875,263.7856140136719,0.23288155,-1,-1,,,1.572035117615245,7.45528092831805,False,short;not-round;elongated,reject
3141,51,12.461337283652558,0.168411345866365,0.15919955364063365,0.2735337337014959,0.5702304885338634,1.0,0.0,0.875,4,1087.3428955078125,284.1952819824219,0.2297071,-1,-1,,,1.108750604169003,7.576199457517536,False,short;not-round;elongated,reject
5581,55,17.715469177649954,0.0355106525167883,0.1637409942846901,0.30826447128395795,0.5314997370632599,1.0,0.3333333333333333,0.9583333333333334,3,1057.35498046875,290.1978454589844,0.22965,-1,-1,,,0.8929217190820112,5.706436790382814,False,short;two-cores;not-round;elongated,reject
4305,67,24.454820108495177,0.15141410226528892,0.19398685148263184,0.35332914454007297,0.6251506738609311,1.5,0.5,0.875,6,1063.073486328125,302.64404296875,0.2285365,-1,-1,,,0.8102663245665197,6.742045172245232,True,two-cores;not-round;elongated;mislink,reject
301,57,11.956915116070384,0.07614197215341952,0.24618382816062945,0.3466903468552419,0.4997368855602886,1.0,0.0,0.9375,5,1109.4912109375,271.2922668457031,0.22843505,-1,-1,,,0.5639112805644991,2.1478134614600446,False,short;not-round;elongated,reject
1641,74,15.226447212130228,0.06952711431114379,0.13279744206511485,0.2712415272937797,0.39762694205970783,1.0,0.0,0.78125,4,1373.9409790039062,669.1496276855469,0.228244895,1,-1,,,2.204071277477362,7.042319727533079,False,not-round,reject
2090,51,16.218900511596456,0.07704926610233948,0.28601148170253476,0.3583508394844262,0.6970308202668828,1.0,0.4,0.9166666666666666,5,989.7711181640624,235.0915679931641,0.228195,-1,-1,,,1.344115833351105,6.104461939884389,False,short;two-cores;not-round;elongated,reject
2266,89,13.297533827569685,0.24562417885568336,0.2900138808383891,0.4076216309087524,0.6691987704907205,1.0,0.0,0.9583333333333334,9,1078.65380859375,235.03466796875,0.22745126,1,-1,,,0.735524471466345,5.946320585902482,True,not-round;elongated;mislink,reject
4674,51,19.950431785393107,0.07192305111516006,0.2744141076423474,0.2846094948993956,0.42482330008280456,1.0,0.0,0.9895833333333333,4,1111.21728515625,260.2998046875,0.22607303,-1,-1,,,1.1464688521438977,6.261994525308814,False,short;not-round,reject
139,116,10.367835760807864,0.1480766319619296,0.28825429443436135,0.3169232585506547,0.43681077598801843,1.0,0.0,0.9895833333333333,10,1079.0364990234375,234.89579010009763,0.22550963000000002,1,-1,,,0.4317458067524438,1.413658982949001,False,not-round,reject
2015,125,11.337857788551315,0.06526651690990504,0.2312055859086446,0.29403132735486837,0.5934076418358638,1.0,0.15384615384615385,0.9375,13,912.241455078125,241.968994140625,0.22490518,1,-1,,,1.9150237721242978,7.173274400854095,False,not-round;elongated,reject
6552,62,12.227716245742053,0.049588322621091585,0.2839369325095662,0.3578022022798937,0.3194896425206544,1.0,0.0,0.9166666666666666,5,197.77986907958984,580.894775390625,0.22456691,1,-1,,,1.4791614865308413,4.490647880515031,False,not-round,reject
2586,58,11.60310957781033,0.08644630501524889,0.2211322399655015,0.31365167685253326,0.6314387726142109,1.0,0.25,0.9166666666666666,4,903.966796875,237.65582275390625,0.224251025,1,-1,,,2.014197319919049,7.255655381982221,False,short;not-round;elongated,reject
307,68,19.056888292703405,0.02788374022712358,0.21924466694929673,0.35703741058655203,0.7230045497355644,1.5,0.5,0.8541666666666666,6,1261.2907104492188,34.43720626831055,0.223139535,-1,-1,,,1.3308703531603872,3.567964219355346,False,two-cores;not-round;elongated,reject
2930,64,15.178733372634206,0.03521530421962939,0.23372738901684398,0.3197900979530751,0.29255894650087755,1.0,0.0,0.9270833333333333,4,1379.8897094726562,680.3682556152344,0.22267219500000002,1,-1,,,2.9482002303616888,7.461670387432058,False,not-round,reject
928,157,18.618310254517425,0.04276037479057088,0.23304512569480965,0.3594243828788889,0.7126741571681335,2.0,0.6923076923076923,0.875,13,1270.3375244140625,30.251665115356445,0.21938105,-1,-1,,,1.0941190625515058,4.014154757463767,False,two-cores;not-round;elongated,reject
5203,77,19.89325707627573,0.19379934147465586,0.18507068630649293,0.33392833600817406,0.636115461984984,2.0,0.6666666666666666,0.84375,6,1023.8078002929688,229.6453399658203,0.21690942,-1,-1,,,1.3097887804863197,7.245160909909591,False,two-cores;not-round;elongated,reject
1651,53,15.670417010466384,0.019435832126431,0.170074910460683,0.2726142294919206,0.6412536778322783,1.0,0.0,0.90625,4,931.8292236328124,261.1751403808594,0.21690458,-1,-1,,,1.315090546131945,3.5574345258492865,False,short;not-round;elongated,reject
4551,96,12.077402915425248,0.0958739507565338,0.1902539061319636,0.3132842528851078,0.5343012786985404,1.0,0.2857142857142857,0.8958333333333334,7,594.0153503417969,864.9028015136719,0.214069045,-1,2,0.04148864993873632,0.7490044402922431,1.1021924172355673,4.336031915414266,False,rigid-doublet;not-round;elongated,reject
3144,65,14.826473662453107,0.3404894122176237,0.3969121060848815,0.4595676264966383,0.6220635831701153,1.0,0.14285714285714285,1.0,7,994.8966674804688,288.9123840332031,0.21110447,1,-1,,,1.9212466737472613,7.9590743475200005,False,not-round;elongated;defocus,reject
1020,67,16.303474368524185,0.015557296719887675,0.18811411499354977,0.2924406916354916,0.6499313857222376,1.0,0.0,0.875,5,927.690673828125,259.1845703125,0.20847909,-1,-1,,,0.9907022043901897,7.316454902503502,False,not-round;elongated,reject
0,1000,11.73874267976446,0.017112628041650924,0.008772104441029875,0.009232777834818696,0.1446228692078234,1.0,0.0125,0.9791666666666666,80,663.8230590820312,651.5657958984375,90.9983,1,-1,,,1.3088030540531967,4.020689179798308,False,,single
1,1000,11.366791121004304,0.11652273630725493,0.008989439899309379,0.009710097699633859,0.14282375370257344,1.0,0.025,0.9791666666666666,80,716.9560852050781,439.9128875732422,79.2804175,1,-1,,,1.2275315558523245,3.9686804925142485,False,,single
3,1000,11.790242174138234,0.029302034768964903,0.014011710602327197,0.0181895922581581,0.19549731162330103,1.0,0.0,0.9583333333333334,80,1042.1552734375,990.85205078125,58.836319,1,-1,,,1.3120481885013375,3.9063361812263038,False,,single
5,1000,10.186304860567251,0.05183794596829905,0.01615224070855263,0.019967661857794583,0.20975167036499964,1.0,0.0,0.9791666666666666,80,1054.5517578125,175.75655364990234,33.370658500000005,1,-1,,,1.2904814466885188,5.059760147926089,False,,single
8,1000,8.693909133233088,0.24738640956814892,0.015169551532656565,0.015578418092012632,0.19562179451878925,1.0,0.1625,1.0,80,141.9634017944336,1125.949951171875,25.426890999999998,1,-1,,,1.4453070631648675,5.406075893714313,False,,single
15,117,9.074844031559934,0.03530243847512578,0.014711938577882538,0.014713143035781896,0.18613301015122552,1.0,0.0,1.0,10,18.956317901611328,554.470458984375,14.601354,1,-1,,,1.3623234334554466,3.911555570786551,False,,single
4018,92,9.38620124227876,0.014828848296688416,0.023301929270021084,0.07116710937574831,0.3483261216584831,1.0,0.0,0.75,7,559.9114074707031,815.6322021484375,12.468491,1,-1,,,1.3761923192904817,5.7365626688252425,False,,single
21,386,7.7757409238150945,0.20056252333351077,0.03334535223524809,0.03401096991198635,0.2770810026961954,1.0,0.0967741935483871,1.0,31,1407.11767578125,1185.5532836914062,9.3934575,1,-1,,,1.4216048240475776,4.656239886857187,False,,single
47,1000,8.558134795517823,0.15082029951395493,0.028131162574015767,0.03778374441873107,0.28345894001550176,1.0,0.0,0.9583333333333334,80,1019.6183776855469,788.6205139160156,7.87111125,1,-1,,,1.5544661585211268,4.733751650669116,False,,single
3459,517,10.798306797460302,0.07304745174042133,0.047708904449711514,0.05196262465230951,0.33803366831347353,1.0,0.0,0.9791666666666666,41,1395.434326171875,1198.144287109375,7.1597466,1,-1,,,1.5142070607481748,4.658492981797742,False,,single
27,245,7.888163013026543,0.24588230727385185,0.0193512379493964,0.02149898838480169,0.20127973173441077,1.0,0.2,0.9791666666666666,20,468.3699340820313,240.83071899414065,7.1461844,1,-1,,,1.476215426157983,5.028999846145288,False,,single
28,1000,13.174452887857655,0.21645406849615306,0.055853365381490036,0.08494577925457358,0.32300252600994683,1.0,0.175,0.9166666666666666,80,756.7108154296875,1084.8131713867188,7.00439365,-1,-1,,,1.8943737222787356,6.0915964481325116,False,,single
23,319,6.946172986409982,0.2037170535628427,0.01574545319383745,0.01749359657000521,0.20042961935138773,1.0,0.07692307692307693,0.9791666666666666,26,141.7930908203125,711.6192626953125,6.214071,1,-1,,,1.670411798352458,5.049548197370003,False,,single
2353,317,11.448802871472434,0.0478119428026374,0.07404475600230703,0.07954582290263784,0.41994486718036106,1.0,0.0,1.0,25,1452.22705078125,22.0205020904541,5.03013,1,-1,,,1.582250254560887,4.157106397883902,False,,single
1635,161,8.487040442830693,0.05144237724563807,0.030646250885909908,0.08936105270807823,0.33400937711660134,1.0,0.0,0.8541666666666666,13,575.9027709960938,488.0367126464844,4.355333,1,-1,,,1.7870402444402764,6.041265929568273,False,,single
45,93,11.704354074708888,0.036378122100695076,0.07743132939721145,0.09318551975391398,0.4122679902314035,1.0,0.0,0.9682971014492754,8,1458.91748046875,12.920598983764648,4.299957,1,-1,,,1.4793139987712958,4.11190968412332,False,,single
2013,604,9.18490893427732,0.21485458400772944,0.05745813832274761,0.06749595030690764,0.36740564634391437,1.0,0.0,0.9583333333333334,48,1324.9450073242188,720.1549072265625,4.140197049999999,1,-1,,,1.565477284706697,5.084420602954765,False,,single
4784,328,10.379178376476503,0.10297852614708518,0.06457476347755031,0.08947892843715188,0.39802018471009043,1.0,0.0,0.9791666666666666,27,1347.9298095703125,770.1521606445312,4.111633299999999,1,-1,,,1.6698796081732075,4.598537463376151,False,,single
24,228,7.820103262144939,0.13096736514288243,0.0291684936631645,0.07574052421813153,0.31629783067259093,1.0,0.0,0.8541666666666666,19,559.5221862792969,463.3245086669922,3.76363275,1,-1,,,1.5154514530623302,5.449709561918118,False,,single
36,675,10.393656341299486,0.1468012048268458,0.067749572005635,0.07080014583818989,0.38741157318815933,1.0,0.0,1.0,54,1375.089111328125,760.7787475585938,3.6532156,1,-1,,,1.6472266065737178,5.9837597503950235,False,,single
6188,115,8.051448555102539,0.054243742251759715,0.04268735596587657,0.042716550961327766,0.29965393902384163,1.0,0.0,1.0,9,1332.6776123046875,749.3800659179688,3.5215547,1,-1,,,1.7043880555601758,4.516716116818569,False,,single
2680,268,8.762083470024834,0.1312540113368383,0.05213038318729124,0.07090626089376156,0.34678307211994897,1.0,0.0,0.9166666666666666,22,1607.3626098632812,392.9678497314453,3.05012455,1,-1,,,1.7623945185050398,6.410630719991325,False,,single
17,730,10.369816740055441,0.23672409366746894,0.061386657976262,0.07578117773060965,0.3498846266007787,1.0,0.034482758620689655,0.9791666666666666,58,923.1057739257812,711.1563720703125,2.8643956,-1,-1,,,2.0143331616142124,7.526158416254113,False,,single
44,182,7.47830434437171,0.23237436452837307,0.0631971420919212,0.06329197423305474,0.3968822509969586,1.0,0.2,1.0,15,438.7600860595703,145.73187255859375,2.42709565,1,-1,,,1.8068983268281729,4.927175089912642,False,,single
5178,271,7.630094287500629,0.09520085835283855,0.05295790780177796,0.06183155575128242,0.3587051359340745,1.0,0.0,0.9895833333333333,22,937.613525390625,785.6131591796875,1.806685,1,-1,,,1.943031476833389,7.191240300789667,False,,single
