particle,n_frames,D_um2_s,D_err,intercept_um2,alpha,r2_msd,fit_npts,v_dx_um_s,v_dy_um_s,v_drift_um_s,v_drift_se,drift_z,drift_flag,lin_flag
77,1000,0.2853854025580738,0.0029310516565774227,0.055455500046640765,1.025431986249851,0.9970551671141616,30,0.07248882363909603,-0.11289235187407372,0.13416151707639432,0.07288971551187766,1.840609695541097,False,False
47,1000,0.23334287368080717,0.001003223490895081,-0.0560691529664612,1.0608363266102763,0.9994827034098324,30,-0.12038160315931624,-0.056903226275918685,0.1331529479201099,0.06590944408455579,2.020240798106063,True,False
43,1000,0.0204244708325548,0.00028365208079392284,-0.007476402582323984,1.0288695937995678,0.9946285778547146,30,0.0559993130371731,-0.03013992780589901,0.06359511230259846,0.019499603664868193,3.2613540970156087,False,False
41,1000,0.33367812991637463,0.0008017879030195451,-0.08907000620186145,1.0965896698973303,0.9998383590704543,30,-0.15554627167421917,0.012842271954096918,0.1560755156348778,0.07881597438338714,1.9802523137717554,False,False
37,1000,0.05813935680296757,0.00016201983889846267,0.0009763070053447902,0.9795694812104707,0.9997825999939888,30,0.043222723614015864,0.002239560738437111,0.04328070550389346,0.032899211478962964,1.3155544938081214,False,False
1,1000,0.12717238793224628,0.0006576264937772654,0.02558348970057538,1.0048177865883552,0.9992518202842597,30,0.03695327610162434,-0.04453840431156348,0.05787239474277159,0.048657163813299584,1.189391041467838,False,False
0,1000,0.2014213497222879,0.0017875871032079446,-0.09474046839942117,1.1174641544592674,0.9977994830018112,30,-0.14790972482193546,-0.08236373794472478,0.169295812190166,0.06123548028864713,2.764668642952621,True,False
4,1000,0.0449768091858504,0.0002620628430280457,-0.013319495586680852,1.0477788801597392,0.9990503162523595,30,0.06769418170767783,-0.00017120371506565717,0.06769439820091581,0.028936413275520125,2.3394191103216135,False,False
5,1000,0.20445934201826943,0.0009663422041039951,-0.08248312961426252,1.1202903984765669,0.999374921652364,30,0.005430224428983302,-0.04569439991559865,0.046015926818828594,0.06169555238459102,0.7458548475582084,False,False
6,1000,0.08179446164914364,0.0011018267882982697,0.059910300880306924,0.9461709143389242,0.9949448285720889,30,-0.015602140569051934,-0.01782109199949256,0.02368582087221876,0.039022251778756414,0.606982421376135,False,False
3,1000,0.21585645430914752,0.0014395395715319861,-0.10988670116914792,1.135723392694587,0.9987562454662703,30,-0.16202445998367304,-0.012065681464983836,0.16247309408703745,0.06339177276347162,2.5629996922985514,True,False
25,1000,0.19600137175408,0.003105054917014952,0.08112486936800946,1.0242562417902896,0.9930218997035869,30,-0.0078017834439220515,0.0643425235491664,0.06481379607445385,0.060405979789062744,1.0729698665725342,False,False
31,1000,0.09379773536878996,0.0007928159076710991,0.0027508487010162053,1.0603654792665205,0.9980035881490141,30,-0.0747642917879257,0.06234284928390996,0.0973464441229694,0.04178751582551448,2.3295580557945477,False,False
28,1000,0.33146564826252417,0.0012397141742696782,-0.0641512928596828,1.0508857230142385,0.9996084799176483,30,-0.1550441428085406,-0.002883676586682329,0.15507095733854134,0.07855424173958848,1.974062175440632,False,False
26,1000,0.20455366259728228,0.000980390273090582,0.026456045569122313,1.0125865627079662,0.9993572201510992,30,0.007137683268105114,0.05821997264302549,0.058655875553864374,0.061709781348651314,0.9505118033471418,False,False
8,1000,0.20102881550768983,0.0009126339169392056,0.006148025989328781,1.048589784816104,0.9994232547002861,30,-0.02050016904522398,0.011243517788608355,0.02338105265263974,0.06117578268562826,0.38219458135567985,False,False
11,1000,0.17148948039416942,0.0009219296160525574,-0.09077421201809016,1.1675968504656156,0.999191412007078,30,-0.04684578734383799,0.08175624633567186,0.09422638487580402,0.05650268940750558,1.6676442460327807,False,False
2,1000,0.0728755826654158,0.00038869922395676394,-0.015714906396512355,1.0488160490531944,0.9992040688678356,30,-0.0259824331110834,0.08572546018021984,0.0895764553522988,0.036833365081059284,2.4319378681575157,False,False
13,1000,0.08788816550789634,0.0005379646152312338,0.012722846808896352,1.0138883846355473,0.9989520289460861,30,-0.091190455033074,0.041321063830018726,0.10011558023196776,0.04044972536863822,2.4750620509673498,True,False
18,1000,0.1068670742122159,0.00046257069222307393,0.020456661072148028,0.9932609103751118,0.999475677314688,30,0.015357127096861626,0.04605998017553522,0.04855268402920542,0.04460384904409416,1.088531260636443,False,False
19,1000,0.23549268350040373,0.0014316378342590416,0.06246051598429365,1.001289013724964,0.998966238535033,30,-0.046424599697123786,-0.09345098332394258,0.10434715971817335,0.06621236292978264,1.5759467733968682,False,False
40,998,0.024300150319655347,0.0002563104033480332,0.002504540679208708,0.9085753544907438,0.9968945695334586,30,0.05741424640226736,-0.03152004885024471,0.06549739818849358,0.02126938133155681,3.079421877274674,False,False
53,998,0.501125820000903,0.007374976002551299,-0.36330280181239794,1.1378473985990691,0.9939721848474689,30,0.06710114613778015,-0.0004545000523846767,0.06710268536579848,0.0965881321262837,0.6947301276937977,False,False
135,997,0.11025023737795668,0.001001189295900737,0.048904500900437776,0.9727226055590528,0.9976962798907953,30,-0.02164367968759358,-0.01718290982834381,0.027635145387497877,0.04530437507742927,0.609988446817044,False,False
96,997,0.04729939998311968,0.00032765985270563825,-0.01392846371855491,1.031951096026698,0.9986581311415533,30,0.013746882891088637,-0.008991667818660284,0.016426407987823646,0.029674143554309054,0.5535596320668985,False,False
123,997,0.06257140494612645,0.00034092293794751275,0.0003791133712503666,0.9667941405762857,0.9991694652341964,30,0.0678524158545386,0.022023501434545293,0.07133712184224046,0.03413016051888864,2.0901490282402975,False,False
30,994,0.1481986209893805,0.0017675770669949768,0.07262629261891665,0.9850285394993926,0.9960326547122305,30,-0.057862235079271795,0.026966003272843646,0.06383732122261966,0.05252577376936554,1.2153523240404185,False,False
48,980,0.4749180007659719,0.002269539029228312,-0.07462586016797858,1.0982322786945593,0.9993609740909954,30,-0.13166243799609526,0.03304697858434208,0.13574645620652345,0.09402854005348661,1.443672911748989,False,False
872,897,0.022593937023211573,0.00019453796279579738,-0.0028358405998212565,0.9648879803937419,0.9979285122850877,30,0.05821777498320617,-0.020420187775854925,0.061695165068232055,0.021631712901916088,2.8520702612860234,False,False
95,874,0.15950746978568006,0.0014452776562312228,-1.9112558834641003e-05,1.0726641127630354,0.997706486228837,30,-0.07961084636047439,0.04878747404085126,0.09337079030145237,0.05806070415633653,1.6081580762444512,False,False
100,869,0.43505261615454893,0.0014509653347539037,-0.09229710394738401,1.0857591788129604,0.999688646827228,30,-0.19506834217725696,-0.08744057344418055,0.2137697640079872,0.09643715454191178,2.2166743204257693,True,False
7,804,0.06028578702580784,0.0003623459947917534,0.019258092685943043,0.9485222906319468,0.9989895007031685,30,-0.05663351113179278,0.05126869939876299,0.07639263132760657,0.03711319869438912,2.058368289854677,False,False
32,786,0.06442094363172612,0.00023124589631214642,0.008978210034143948,0.9800930353529702,0.9996393422438837,30,0.05552287887158886,0.01024442607558194,0.05646005972195913,0.03901748719572308,1.4470449990471972,False,False
1625,781,0.0869981472237741,0.0015639837790631058,0.06513177167504298,0.9633720230026296,0.9910321106871064,30,-0.036349807571585596,-0.04268163079829746,0.05606273377292152,0.04548673315011485,1.2325073684211143,False,False
1793,758,0.01687340268404543,0.00012136160818955927,0.012648677668771868,0.809503270451755,0.9985536056426777,30,0.04427100068212544,-0.023713898556629708,0.050222211083850894,0.020346975137674292,2.468288811679917,False,False
1796,757,0.26534070916944397,0.0010010715452758113,-0.08147221950679101,1.1038582791234717,0.99960161090534,30,-0.0323994592937892,-0.05270190582906077,0.061864495799651455,0.080686422802812,0.7667274573671571,False,False
17,730,0.4500567378067423,0.0022911652281726526,-0.18488951919915986,1.1141124885758054,0.9992748609777867,30,-0.03626940266262242,0.04203830864584945,0.05552196829460518,0.10715266860514537,0.5181575878357458,False,False
9,710,0.1495620401208389,0.000786852270635599,-0.012106578839755215,1.0863710674753,0.9992256002088611,30,-0.10567943711098166,0.02273542831855062,0.10809737799281664,0.06263552102353014,1.7258158984932521,False,False
2286,682,0.23110163794058478,0.0014015128579624215,0.036952176346005595,1.0106288538417332,0.9989712753230767,30,-0.22188464764619742,0.11444076839002645,0.24965873974442965,0.07938573062220196,3.144881804169062,True,False
36,675,0.1859661022674556,0.0028132237058931765,0.12486081140349826,0.9502672550663147,0.9936331435203091,30,-0.03907280393259953,0.09597017159572242,0.10361929281397249,0.07163414270129272,1.4465070552467514,False,False
110,664,0.02321117573432678,0.00032509363328127685,0.029882634640766393,0.643160182990642,0.9945373699813085,30,0.0568450313164462,-0.039215910821946164,0.06905972232034084,0.025067055524030865,2.754999375739836,False,False
2455,656,0.20758574426671225,0.0008698264494505573,-0.053910105537559906,1.1148849515390014,0.999508623090474,30,0.03650562092384831,0.01794715855757468,0.040678751939144324,0.07677348134592439,0.529854205202117,False,False
57,645,0.03972346188888367,0.0002036134093399875,0.036926954781035956,0.7752795483395868,0.9992648817110861,30,0.03690008182652902,0.005592218091620388,0.037321427384128594,0.03348219793362665,1.1146647976370196,False,False
2688,618,0.2644198869011213,0.001461323338615723,-0.08817721945898518,1.1059878413884685,0.9991455410631384,30,-0.1684410502892488,-0.00759541315967823,0.16861221107503294,0.0889886009869535,1.8947619043898998,False,False
2223,606,0.018972181755938206,0.00016902519482818448,0.01142734727482133,0.8457950783570471,0.9977825070169994,30,0.04605974777712064,-0.013796327095364247,0.048081586981028934,0.02395268494198472,2.007356882849931,False,False
2013,604,0.2651781763550536,0.0017957396795051093,-0.10705407872843214,1.08579178437089,0.9987176341366586,30,0.03908326789350248,0.14885914208467152,0.1539043404567256,0.0900637906592505,1.7088370290676633,False,False
2679,600,0.027805812168327344,0.00017360464259977417,0.02893212372445617,0.7427655879734977,0.9989097257035197,30,0.08494777102125099,-0.024243864315441118,0.08833962167920129,0.028834054945647246,3.0637252320467305,False,False
20,562,0.22450542430793427,0.0013604820257128456,-0.10370803064007414,1.126581759526705,0.9989728268792235,30,0.027492065203180285,0.17343964495956032,0.17560502297153763,0.08627105525923408,2.035503361398163,True,False
3198,547,0.1721777072255019,0.003179543177382254,0.06211038191409662,1.0639948533525854,0.9905418440390545,30,0.038999841286358944,0.047537185161946605,0.061487979260034104,0.07630275818891577,0.8058421572100685,False,False
3376,525,0.25441313554703104,0.0015937367822668623,-0.00022387326470767595,1.0563486146933003,0.9989024224166254,30,-0.12320122729418699,0.15978807715306564,0.2017691056803989,0.09466423413938534,2.131418560713336,True,False
3459,517,0.15438883978594856,0.004097638640435127,0.15312340954495296,0.9604098664423886,0.9806575748666334,30,-0.052282402791502376,-0.009253730894642511,0.05309502026671952,0.07459611720597462,0.7117665403430272,False,False
3432,513,0.14456431831872787,0.0018951694885592208,0.031454783699929115,1.029857420111234,0.9952109753278114,30,-0.1529394436983009,0.10568420616616876,0.18590219168078415,0.07190548272788518,2.5853688012122986,True,False
3298,501,0.17899755079159113,0.0017422563421967553,-0.015356935116620802,1.0877696375613473,0.9973543192634524,30,0.008084201399408823,0.08000558957394663,0.08041298822541668,0.07866209851505261,1.0222583651264912,False,False
420,474,0.02761781665582428,0.0006574656615494888,0.02845055285335333,0.6702770857489879,0.9843797433407058,30,0.012890038866511813,-0.025129379390377078,0.02824250007569609,0.03176646593324563,0.8890664808306081,False,False
12,473,0.24306832130931463,0.0007455154922096027,0.0024506050635245105,1.031333964682946,0.9997366700384435,30,-0.004732598774039552,-0.25175728751143894,0.2518017658918884,0.09786475274528317,2.572956645047311,True,False
52,458,0.3344048885007198,0.003065305322023632,0.056560019937995205,0.9542068034520887,0.9976528560540268,30,0.03986980582592576,0.032971369118432306,0.05173695582599478,0.11652971692447665,0.4439807904066711,False,False
3914,451,0.12195956858164064,0.0011900236992663366,0.06168575518571565,0.968312888916577,0.9973412269675421,30,-0.07436598447619626,-0.027079347616904968,0.07914285005274349,0.0706827006931095,1.1196919370181724,False,False
10,448,0.04171930397913666,0.0007803788134866514,-0.018529357241474663,0.9349886447932578,0.9902980111754762,30,0.016868438149040647,-0.024507737453889,0.029751863818872987,0.041385913702477635,0.7188886545494305,False,False
3024,446,0.10237894975563065,0.0006273691867861165,0.017440810843207956,0.9994898524626927,0.9989496678308856,30,-0.06256201271169642,0.017009720608413503,0.0648331399032528,0.0636486985301787,1.0186090430822008,False,False
3971,444,0.29677442658187536,0.0017489806500268238,-0.049556563407758644,1.0576670757722881,0.9990284772842407,30,-0.2474549239433078,-0.07662121662072174,0.25904584578840056,0.1111200933022589,2.3312241565867597,True,False
1824,434,0.024212321778098237,0.0003097015976914305,0.030537192031117898,0.6745815372842107,0.9954397669747215,30,0.05111300343117685,-0.013373851286090067,0.05283369207218013,0.03202720798151593,1.6496502630723346,False,False
4074,420,0.041654517998545616,0.0004942126887243461,0.05023079519296736,0.6832696508910383,0.9960739739193764,30,0.04479013498698068,0.004732480913089155,0.045039455677713336,0.042396064414187695,1.062349920919571,False,False
35,410,0.19822617279996999,0.0010151054610123545,-0.09234243087549901,1.136416603762845,0.9992662643960919,30,-0.12341412409806035,-0.06264059194620884,0.13840119141923193,0.09494059861751933,1.4577661552019416,False,False
78,409,0.10164825317963093,0.0008914319347765428,-0.027775409123395597,0.991157581410447,0.9978511784884694,30,-0.013717302855865655,0.05785640836277863,0.05946030933555712,0.06765627077294908,0.8788588057876086,False,False
42,406,0.06645889146106591,0.0008530041640274339,0.07804731938697833,0.8203821964896052,0.9954084904842478,30,-0.06042237139686315,0.05569906059249071,0.08217814987030565,0.055107722593275926,1.4912274723603398,False,False
66,388,0.05064205672459511,0.00029711293964008496,0.009968115261440555,0.9220696439921376,0.9990371466852321,30,0.03976438873173746,0.029184356203657377,0.04932477327095061,0.04901689033561309,1.0062811600905215,False,False
21,386,0.22401418389733388,0.0020964335883235184,-0.08252490875986833,1.0810110497356085,0.9975537236931175,30,-0.2035423150776913,0.15212397056460347,0.25410859184121753,0.10402566856213423,2.4427489421943895,True,False
2605,384,0.047320472114209,0.0010858829145393054,0.057451593810281185,0.8806549062603375,0.9854698784394867,30,-0.03676499502443542,0.029561247536791672,0.047175546791513,0.04714222357275892,1.0007068656552156,False,False
1734,366,0.024927866608239396,0.00017413681806043425,0.013177403726903453,0.8008630891358987,0.998635492228966,30,0.023560518478464854,-0.048549998453857095,0.05396480687303171,0.03563930657428662,1.514193514414973,False,False
4546,361,0.05234280403754567,0.0036005645749266108,0.17394679239219268,0.7831187210191924,0.8830094880898829,30,0.018679779301068497,0.006324953425559119,0.019721541282874396,0.051856992833891155,0.38030630403206445,False,True
29,359,0.10543369938885937,0.0036731764953927045,0.1649094160032865,0.8745620607140103,0.9671323506363227,30,0.07358387551944924,0.08534516827666185,0.11268710877750626,0.07400845379074761,1.522624821971273,False,False
1143,358,0.13818256884339758,0.001800230657590154,0.028039426473755142,0.8097438440496942,0.9952701345538162,30,0.009595269760165543,0.20508718655186428,0.2053115274151199,0.08234555248533339,2.4932922449173933,True,False
1237,353,0.15911173568010134,0.0006065972517380667,-0.05226491350966164,1.0907264005316926,0.9995932029678344,30,-0.11653214334566042,-0.14114783628199842,0.18303675073553777,0.09091650138430514,2.0132401483624984,True,False
328,350,0.037167958366026176,0.0006105771362200303,0.05411139091342681,0.6102070289573157,0.992500497954567,30,0.035412536458448655,-0.11149877567543222,0.116987284418185,0.04282001346984807,2.7320702386177946,True,False
4604,350,0.025697900976767395,0.00019156052851313318,0.022982177558167716,0.7677210574208945,0.9984465417030086,30,0.06591690760323729,-0.043337047132814124,0.07888687065770499,0.036743482544639786,2.1469622690735712,False,False
4634,349,0.23613641993767595,0.0029585464570127864,0.07206865032312143,1.0134128058395524,0.9956239306561141,30,-0.15238701525184273,0.04567199502807032,0.15908404554577252,0.1120161358019574,1.4201886577040148,False,False
873,348,0.11140120163003868,0.003289611895768848,0.10309356902915512,0.9048241150603056,0.9761663027038701,30,-0.11685615858644059,-0.03454031343680784,0.12185399070975182,0.07462882251724447,1.6328006606508503,False,False
4707,341,0.2241408566385494,0.0036159104416584415,0.10908475483329558,1.0127636249986782,0.9927656742585944,30,-0.19313242249893592,0.02477167908294133,0.19471458267139552,0.11072716404807201,1.7585078092206943,False,False
14,334,0.19192039513781903,0.0033942304259463024,0.14307510120382866,0.9534449919650122,0.9913181659112117,30,-0.07263324764273342,0.12295855124190683,0.1428089422502641,0.10337617355948069,1.381449296612769,False,False
1719,328,0.053685059828854624,0.00033936961399168915,0.07300916157850634,0.6968636785787414,0.9988823356706907,30,0.1351145064071286,0.03096695153114471,0.13861775473861299,0.053952650191381527,2.569248299145757,True,False
4784,328,0.2787207873461889,0.0015662460657506583,-0.06483759654363691,1.0619535127466526,0.9991166039080824,30,-0.17590780831667105,-0.09936546122372186,0.20203230412727974,0.1253316715282853,1.6119812467488264,False,False
2501,323,0.1445894935620944,0.001135000750666679,0.06999622479487619,0.9435467762549665,0.9982776231008272,30,-0.02977047417711244,-0.11544835696770808,0.11922501524123816,0.09124314133039528,1.3066737236667392,False,False
3378,321,0.417024049086334,0.0038890906713244674,-0.018708527758276344,1.000057860860925,0.997570730681395,30,0.05866282658064674,0.11816839807962616,0.13192838029452203,0.1528426750879317,0.8631645593655208,False,False
23,319,0.35506259998633444,0.003961008749245154,-0.22994426109355606,1.1389898503099858,0.9965274457345911,30,0.02421771219885912,-0.19596086226843712,0.19745165769153764,0.14410266948921438,1.3702151278073045,False,False
2353,317,0.22387776943169596,0.0020389197360227,-0.015539115699018039,1.0481079770294734,0.9976829846352417,30,-0.2694969328638194,0.004023438029054938,0.26952696502684037,0.11478762387379034,2.348048996320255,True,False
4723,317,0.07561805092605343,0.0007121802210321252,0.0837519963394467,0.7530424108516307,0.9975225231802457,30,-0.10335075028861881,-0.011596324833377986,0.10399929006902721,0.06440891927650991,1.6146721795246146,False,False
1949,314,0.2589817875889868,0.0018033589103057732,-0.04251241373153267,1.0029367217532732,0.9986442028762912,30,-0.21279359136927203,-0.14848066794259163,0.2594756660662246,0.12062955810563701,2.1510123235218854,True,False
2584,312,0.18246555658251476,0.003675745907431297,0.026632493198219705,1.1319753486312494,0.988764815525976,30,-0.12625175891865423,-0.02297191775970959,0.12832464936875085,0.10412413366693682,1.232419851666901,False,False
151,311,0.07891427126016398,0.0005394301450386329,0.04182718531262775,0.8768835211751211,0.9986933793230816,30,0.08114444232371137,0.04074707438672866,0.09080057594037452,0.06761738649241003,1.3428584074388439,False,False
39,305,0.06781581216026973,0.0021785939583366513,0.10092762685073438,0.8658582588020052,0.9719148401445399,30,0.08986019472094986,-0.033547512314913965,0.09591814311070836,0.06441126276955048,1.489151725745273,False,False
3461,298,0.05898040206542262,0.0004006470381564901,0.02056080920221772,0.9373707396178437,0.9987096554394148,30,0.06994044858235172,0.062316643244494735,0.09367513209578204,0.05882437952531739,1.5924542315905816,False,False
4109,295,0.013645592087729653,0.0005364367611282522,0.06514957543183497,0.4923314722061327,0.9585224940254747,30,0.04076274870660878,-0.03437431653655676,0.05332162150079023,0.028988506608471416,1.839405603778425,False,False
1967,293,0.05536521156513101,0.00039846061764073554,0.03778036898916565,0.7669652592258593,0.9985518100989399,30,0.1533612050849741,-0.005768255772028392,0.1534696452063633,0.058103418388991974,2.6413186945200287,True,False
281,291,0.12239340431595941,0.006162419587332422,0.22545494052664816,0.897708761013486,0.9337230360140598,30,-0.04041946655990295,-0.030567484833130484,0.05067646797095053,0.08844344171871805,0.5729816364690998,False,True
5024,291,0.11441297063496947,0.001918125180254883,0.029034847488481678,0.963312829483757,0.9921916910859387,30,0.029728533175081923,0.1566167334688961,0.1594132581914352,0.08565875416480254,1.8610270455805746,False,False
124,290,0.008105986251024365,0.0003964672357144864,0.10865550911548004,0.2131365528826857,0.9372225540762068,30,-0.02720684394684839,0.0039057049740093687,0.02748575792828283,0.02226892544442101,1.234265119656628,False,True
2704,283,0.28053607271749675,0.0036964802272497336,-0.19707004869670364,1.1344803088819615,0.9951621629543845,30,-0.06744731726295365,-0.12818238528726938,0.14484427673851494,0.1348299985282797,1.0742733688314534,False,False
1972,283,0.21722335730564565,0.003861998131116862,0.17961150240162238,0.9348278062387799,0.9912271181276412,30,0.162795274306048,0.13204434466849505,0.20961395539255903,0.11969109174816085,1.7512911974568894,False,False
2739,282,0.027036018295576097,0.00020428631891969195,0.019002596477890894,0.7887064063660294,0.9984039098890062,30,0.05806984428623812,-0.02960006977942258,0.06517876146701952,0.04200316898074474,1.5517581898856019,False,False
2521,280,0.06387551436655675,0.0005176513372701285,0.0883066883202688,0.6936096963137284,0.9981644509690232,30,0.1472235207677409,0.07924188225577636,0.1671946200410999,0.06102460617314055,2.7397902342332388,True,False
5178,271,0.389707427198717,0.0061207661669421065,0.03949463738381397,1.0225126146029893,0.9931403356903648,30,-0.2727368678696008,0.05834684987688918,0.2789081461447053,0.1638402420951099,1.7023177125360818,False,False
1854,270,0.07992495511798324,0.0011819871736603578,0.012293473047812071,0.8608037517433085,0.9939135038998863,30,0.06450422323461076,-0.05350948109297288,0.08380966162644805,0.07062625695939723,1.1866643545137883,False,False
2680,268,0.37634058237187534,0.00391608111028026,-0.16478548118825542,1.1425613370305876,0.996977372810775,30,-0.07078611092218771,0.23694558881631914,0.24729311668342174,0.16100589074744528,1.535925893986867,False,False
144,261,0.043411281209698935,0.0011614268758907043,-0.02542607241596471,0.9298085124435412,0.9803519885921751,30,0.06689476537148896,-0.05984399266793678,0.08975640975744646,0.05561784657823356,1.6138059144593577,False,False
2915,261,0.03374941525556991,0.0007335002427545559,0.006548396307021786,0.8379126945606414,0.9869467169145636,30,0.01721189482800687,-0.03786044166908659,0.04158920974181498,0.048485359191117884,0.8577684157784641,False,False
4599,257,0.022730320089366058,0.0002902476944805395,0.06418187827489054,0.5282027431940673,0.995455289285073,30,0.05672849137564504,-0.03020450244701345,0.06426845028338769,0.03942316116333651,1.6302206212513792,False,False
5286,255,0.1815764434961732,0.001387240626913531,-0.01353745255910615,1.0572215970905932,0.9983683259260295,30,-0.26267784766248653,-0.0523050316923107,0.2678347774149767,0.11507812684862212,2.32741690145249,True,False
5284,252,0.1720510439060414,0.0024207693739031278,-0.021647775226504046,1.0933120772037912,0.9944874878044434,30,-0.09165021822768843,0.047273986018222185,0.10312415941589041,0.11179999780866635,0.9223985817278485,False,False
1649,251,0.02890540762409381,0.0006865652188259666,0.040673635209539254,0.6110475416630982,0.9844490587756466,30,0.024179127655281796,-0.11275518955214718,0.11531852836864966,0.043431041166626216,2.6552098515488516,True,False
2798,246,0.038417524457015885,0.0015762494567832168,0.15441407397173557,0.5445292865893473,0.954986140888193,30,0.08956776441340929,0.0784998668633692,0.11909917514232697,0.05232118315107082,2.2763089052944983,True,False
27,245,0.2573938681305969,0.0032510371893300066,-0.1325136353029509,1.0906045767292172,0.9955529717699689,30,-0.1019581244615744,0.36787017446319537,0.3817380311199078,0.14006747729092142,2.725386638662981,True,False
1081,245,0.025187253387321536,0.0011968424089609253,0.11439029968259258,0.47513206119183093,0.9405370751003214,30,0.05109497879355375,-0.03798241461587053,0.06366600881133984,0.040684624269302236,1.5648665793228855,False,True
2111,243,0.11081385253098712,0.0008198540923791924,0.06809626273147143,0.8519222612573173,0.9984696951679831,30,-0.01812465100556711,-0.099256315232614,0.10089756730283266,0.09190417384185824,1.0978562026622378,False,False
223,240,0.032247914566802566,0.0005570857164449925,0.08782994342122945,0.5243134894565822,0.9917132369860832,30,0.043930453668202286,-0.03516993366417251,0.05627440797943913,0.048979453451968774,1.1489390757417104,False,False
129,237,0.0680197997980186,0.0016182841207295475,-0.04376963431252584,0.9393007689980621,0.9843984481631635,30,0.06074653995839176,-0.0741178896887057,0.09583112066976798,0.0723008017697148,1.3254503176188774,False,False
3724,236,0.10128426461785564,0.0008346555941378357,0.09780710934945552,0.7466042307360513,0.9981021421627868,30,0.08236095661635004,0.12461370637837141,0.14937169407928416,0.08715218320704046,1.7139179832642149,False,False
5353,234,0.023340064830781403,0.00021790344757770545,0.015246602282060163,0.7606646984387996,0.9975654230503859,30,0.0735009568616068,-0.06040924349028037,0.09514025099104882,0.042178316127167145,2.2556673600767287,False,False
5100,231,0.11768602082983265,0.002576206533204652,0.11954141051390227,0.8784459362780055,0.9867602051804236,30,-0.10180442939272909,0.03759458946661731,0.10852416782054887,0.09139973055636258,1.18735763398806,False,False
1025,230,0.014936499129052525,0.000852213653286639,0.05784503675968806,0.6357187926729944,0.9164641577520035,30,0.010671004004212612,-0.032627961553444364,0.03432862073534218,0.03333400730798017,1.0298377995232484,False,True
24,228,0.1937246222693746,0.0013387144641085254,0.04391419344093728,0.9964537204439932,0.9986646841948068,30,0.09829253457290597,0.02627439452396003,0.10174362958125004,0.1259831910500851,0.8075968606065984,False,False
453,221,0.6598920125030325,0.009036278143336317,-0.3522213439681412,1.107784760239955,0.9947770337545606,30,-0.2839639842852512,-0.28423160987650414,0.40177500223899404,0.22852600437281026,1.7581150265225427,False,False
5473,221,0.08249613476410357,0.0007187474221238891,0.029803530373406863,0.8262461409947737,0.9978790943255121,30,0.02161914484048889,-0.07059815162399129,0.07383418203215975,0.0822123369399171,0.8980912692716626,False,False
34,220,0.32844640217544924,0.001513539867467649,0.003971301814169816,0.9928947732753162,0.9994057644996072,30,-0.24246660334540263,0.18161602319736475,0.3029429543988151,0.16701032406852848,1.8139175292810645,False,False
5265,219,0.04648779824880449,0.00038642880516039584,0.03189159462245557,0.7861761817349078,0.9980690117461056,30,0.06928966786815612,-0.08945897255707284,0.11315461035347388,0.06039881770964264,1.873457372914914,False,False
5512,216,0.19203384520749747,0.0018974744217049712,-0.05270024970859394,1.0413239867494384,0.9972737309388352,30,-0.3236590882166399,0.1326103189798157,0.34977235752008073,0.12712350949341844,2.751437235440621,True,False
5527,216,0.04408827328778832,0.001093661231529423,-0.009546234552271405,0.953344707224283,0.9830621431512118,30,0.09152107500416316,-0.1303881258878522,0.159302136026056,0.061188894842802176,2.603448492333657,True,False
500,215,0.034787045085801015,0.0013504439392143604,0.06917934561225714,0.6998548763018907,0.9595119858973912,30,0.04661618878281436,0.06984259433209027,0.08397057246245207,0.05213788540554631,1.6105481035393023,False,False
4711,214,0.036217271531008045,0.0006856982503171641,0.04295842843761665,0.6525803367001037,0.9900629955499096,30,0.04398406961649721,-0.001813219706141309,0.04402142825638,0.0541161719754539,0.8134616076751938,False,False
5018,210,0.02137164127086298,0.0008884316417028616,0.11546773143291608,0.44893831092899633,0.9538460778404988,30,0.057516591743717954,-0.028251590418766737,0.06408050161323081,0.041844572085515064,1.5313934022858116,False,False
4017,210,1.2894001135843103,0.0336114962124052,-1.66734255919277,1.2974170364329456,0.9813287735169401,30,-0.34925927037075044,-0.327845651892172,0.47902485259588795,0.337120953109988,1.420928744347738,False,False
3278,208,0.054320040373340865,0.0009426133478400019,0.09122670087801851,0.6726492241247377,0.9916389921905476,30,-0.13192765913544893,0.07720344852848168,0.15285705646010955,0.06685885644577129,2.28626489572239,True,False
118,205,0.011846172278081159,0.00023517230824241964,0.017811497506240562,0.6180502232913238,0.9890853932019695,30,-0.04784033111020246,0.003501283730706776,0.047968283985324274,0.03262398217101126,1.4703381007836474,False,False
4948,204,0.015124555248156722,0.000509717594901966,0.0983137251457242,0.38259916573208846,0.9691783585227036,30,0.020743138020825377,-0.05717540205262629,0.06082190703053033,0.034234879783223204,1.7766064147342528,False,False
3710,202,0.07107874875131441,0.0009039841207449807,-0.019300350844784896,1.0364819333483106,0.9954914424469433,30,0.08965431107702553,0.0921841814168667,0.128591674684615,0.07390865954466944,1.7398729117377085,False,False
5186,200,0.05188855682941225,0.0009820320974186808,0.03826150521856093,0.7892430776405512,0.9900703878679665,30,-0.06692335578092369,0.011315753250750488,0.06787327766221374,0.06394593120971151,1.0614166746531917,False,False
4270,200,0.1816811911492885,0.0013964408551981353,0.01699134362218988,1.0221310166841844,0.9983485501934851,30,0.03509224823912822,-0.0028524638124349322,0.03520798824525264,0.1290149644391449,0.2728984842828826,False,False
4533,198,0.062481676115871874,0.001653699209667028,0.04274457030434858,0.6900495633019144,0.9807633277781083,30,0.13985053411494167,-0.0015217433640560536,0.139858813076261,0.07031945986537,1.9889062479152635,False,False
2846,198,0.03346735862057664,0.0018137227339116698,0.18475075986594944,0.4940806035748097,0.9240136899376935,30,0.10832514836931034,0.023713638993451885,0.11089037128418706,0.054703129552291875,2.027130297512222,True,True
87,196,0.05350962839566293,0.0010228722532771271,0.010741956545188617,0.8351769104836398,0.989872177645952,30,-0.10781985854908462,0.011571253755917285,0.1084389958042237,0.06725703981073246,1.6123069958086333,False,False
4883,195,0.056187077564466094,0.0007451059529279516,0.011792254419671334,0.8315453880708804,0.995100091434344,30,0.07868811545301778,-0.006121592040403239,0.07892587283430309,0.0721029966926438,1.0946268040806046,False,False
2107,195,0.11490628428651327,0.0027324671445885748,-0.06480465675899277,1.018825944891702,0.9844131706026015,30,0.1061443096672615,-0.07580514330498335,0.1304340225026759,0.10415302767276584,1.2523305891066485,False,False
2130,194,0.05747800117076058,0.0013017330834206788,0.06769810471253912,0.7688602660985279,0.9858418710862936,30,0.11210531374486256,-0.05463473598739427,0.12470988632119887,0.07256645894904189,1.7185610008719523,False,False
2017,194,0.8554292602752782,0.017357028447190878,-1.011575156635128,1.2490109803554383,0.9886037275659606,30,-0.3111829522624041,0.12386859315856126,0.33493022877881123,0.2772298561711115,1.2081318852327578,False,False
5562,193,0.17131738794137066,0.003669659231780254,0.13461379834681153,0.8944990265551445,0.9873158108666699,30,-0.22780561267976737,0.1251698586571539,0.25992862613543755,0.12173476278146131,2.1352046054590206,True,False
5652,192,0.23151880775142575,0.0029634625064983056,0.030005066249886827,1.0943822858874863,0.9954333624554125,30,-0.19111075612413536,0.12354128919168135,0.22756487260005967,0.14636196503450366,1.554808809422674,False,False
4127,191,0.20944269720474326,0.002183288810112728,-0.09215965343380987,1.1147550587120112,0.9969665937917777,30,0.1465885666359426,0.23209050357631672,0.27450721250759236,0.14318216741755413,1.9171885539842568,False,False
74,191,0.06246647714014852,0.0010463014071328911,0.04261262764889554,0.7133720951362185,0.9922056604360449,30,0.15235005173927943,0.13245465087465322,0.20187811373025902,0.07640646207288285,2.642160208094583,True,False
5704,190,0.18487264417735078,0.0060682024254596545,0.33958625491091143,0.8358399046091053,0.9707163511651772,30,0.22310601657859316,0.10565632767889954,0.2468593814546218,0.1334721922176695,1.8495191946202387,False,False
112,187,0.10264320949451673,0.0015679630928105155,-0.06636104396398305,1.0232100039833765,0.9935085626344174,30,-0.12498290276024812,-0.003899964967325045,0.12504373518543022,0.09997272953236772,1.2507784449852934,False,False
2567,185,0.02998659026532629,0.0006234656184364102,0.026297030662060093,0.6887559510454069,0.9880407557086592,30,0.019890167572542986,-0.02536501280057696,0.032233563880484484,0.05320636033859007,0.6058216287556468,False,False
195,184,0.008431197558253544,0.0002627139510360821,0.031290150617943116,0.46459466713780245,0.9735334905387201,30,-0.007956747173327136,-0.04360992893015742,0.04432985141948516,0.028284578998537115,1.5672798743717524,False,False
4848,183,0.015141035064964744,0.00021863543969542762,0.039899712651084066,0.5691747094931664,0.9941955664528355,30,0.03971784254959444,-0.011521007702413663,0.04135505574018066,0.038909390893045584,1.0628553876327116,False,False
4856,182,0.05511775410845191,0.0012276113348814988,0.105141903189104,0.7101705836865776,0.9863004588878798,30,0.09295793233923177,-0.005111638235995655,0.0930983674950366,0.06675978973672142,1.3945275720937085,False,False
44,182,0.3025506980655806,0.0030981903015831636,0.02458933881058093,1.059416284208546,0.9970724480625223,30,-0.14703268903286973,-0.06927545951569872,0.16253522982832916,0.1753503578339065,0.9269170125234876,False,False
5376,182,0.03073291458090313,0.0006845238518632531,0.07629758146277561,0.5353239250594023,0.9862994968732276,30,0.013206393976034842,-0.07025100729461824,0.07148155613694175,0.05074094005029422,1.4087550618118134,False,False
1861,182,0.039903367951741965,0.0010800253860091984,-0.018839039683362327,0.917991117793473,0.979900337718519,30,-0.12740180431790837,0.029351163515437272,0.13073909340043838,0.05755908599176655,2.271389323644572,True,False
1301,182,0.07272731646544606,0.0010107166202929568,0.08655739450595816,0.7302697890212146,0.9946212734723067,30,0.1564635279135149,0.08955109279990704,0.18027821218550183,0.08482091997901846,2.1253979823620868,True,False
566,182,0.05865141196511133,0.0011587869819779841,0.04006680217801923,0.6851192879917476,0.9891884652971471,30,0.10697855273250306,-0.022537384484720344,0.1093267782574473,0.07498449873233734,1.4579917196979237,False,False
5550,177,0.152881268488571,0.0034022956707031415,0.10059576655464614,0.8834299169149873,0.9863223198857307,30,0.16058003475692653,-0.07928878634563903,0.17908841169294043,0.11473168843142738,1.5609324166790908,False,False
4811,177,0.014576366564158939,0.0009783853215574044,0.10875432016099396,0.34912877829006755,0.8879829908924627,30,0.05728332095866885,-0.03544150879070664,0.06736081505902082,0.034557700287548065,1.9492273646256626,False,True
2606,175,0.014100923650798671,0.0009922710015219756,0.10207978317142195,0.4072097792125484,0.8782321003016694,30,0.017322029478470245,-0.03365710121915494,0.03785304700720185,0.03806427960087312,0.9944506346662495,False,True
3076,173,0.03970861608231582,0.0006674820090639318,0.08786263710411162,0.6372521871559998,0.9921504422702035,30,0.015286347033601303,-0.0713382495386026,0.07295764698003647,0.06423163572078958,1.1358522348267488,False,False
5829,173,0.04821493905716654,0.000753611574719023,-0.02687846045409637,1.0111390237039906,0.9932059425218921,30,0.11834076753582201,-0.1149868812229127,0.16500460634279185,0.07158217801281398,2.305107373419879,True,False
1713,172,0.04716008615846691,0.0005432821225882805,0.06222225171442153,0.6781443655550131,0.9962978936352801,30,-0.07039336959344551,-0.07968002650792279,0.10632089685016158,0.06885485251993098,1.5441307759592622,False,False
3438,172,0.21169503514404045,0.004827627812487166,-0.07994575051810948,0.9286042592881952,0.9856475548401438,30,0.07749658255393094,0.034615693771105474,0.08487618371954045,0.14510008096219165,0.5849492512802692,False,False
3937,170,0.17528226113924947,0.002129664640502999,0.022436124632660925,0.9766776372005669,0.9958836420156524,30,0.07828353754647188,0.14273227533141622,0.1627907081871477,0.137271080962451,1.1859067987646816,False,False
1579,170,0.19063838718944756,0.002075311937884391,0.08749875448983928,0.9096745483334988,0.9966927624204908,30,-0.23000254034490755,-0.11917695768780358,0.25904500730342467,0.14034664871408273,1.8457512856695057,False,False
5826,169,0.1055402700288916,0.0024084651344999353,-0.02777502808533613,0.8754909572361792,0.9856280593350653,30,-0.11297983443258895,0.15362172637708524,0.19069367531067005,0.10590664196080098,1.800582775358425,False,False
162,168,0.032134149408636785,0.0004935167930438085,0.02563998280348254,0.6791755602046511,0.9934390082253602,30,0.031914627491712394,-0.14340056776373053,0.14690904084805345,0.05860597585854482,2.506724590725059,True,False
2683,168,0.014453713966438783,0.0007342026447403103,0.08127805822412992,0.4510343458724864,0.9326193160809296,30,-0.003881933363590468,0.017203354278265894,0.017635895357562263,0.03897052140642073,0.4525445059777054,False,True
4762,167,0.093469178602484,0.0006057467424007294,0.006849310993173538,0.9316293825242403,0.9988253920715782,30,-0.12167514166634798,0.048333078028945486,0.13092336128925952,0.10082524351044983,1.2985176800062996,False,False
3838,166,0.06404788147284492,0.0006717752549033644,0.0469827383540766,0.8237122639083503,0.9969291345646759,30,0.06156446447157121,0.040752519276305584,0.07383055677046607,0.08024161148822263,0.9201031160908635,False,False
1477,165,0.11275500657731989,0.0038617760957815215,0.1100733886229531,0.9350600255613096,0.9682001063190897,30,-0.00869085700076397,0.060513618433773925,0.061134515712125435,0.10854030505784722,0.5632425270920643,False,False
746,165,0.04584404990959453,0.0008297035749095308,-0.007464465412984253,0.8666675714966645,0.9909119010888465,30,0.09253134174331182,-0.05573716118110275,0.10802166607373628,0.07102827340288863,1.5208262977337583,False,False
294,164,0.027061178941796427,0.0007389988819915742,0.03625026740506487,0.784821384212629,0.9795460575817111,30,-0.034331274986888274,-0.08239569782150098,0.08926190375360275,0.05332364703491959,1.6739647176636023,False,False
5744,163,0.13567195051864178,0.0019999610147021537,0.06841041322027659,0.9361780599418831,0.9939523518032568,30,-0.06294215431891492,0.18228308100896806,0.19284407279568672,0.1204213611799151,1.6014108369657831,False,False
1841,163,0.01569426029610336,0.0011881821143166944,0.06497887228571099,0.6478140881150103,0.8617065134752417,30,-0.017999889001849564,0.02708417424108956,0.032519970762603774,0.041314784532612545,0.7871267182074632,False,True
1546,162,0.11823761359537775,0.0018685274391576385,0.04305113665950202,0.8194946254002923,0.9930558458679262,30,-0.05986776635767821,-0.026151877307609647,0.0653304686602646,0.11274256156709422,0.5794658889436868,False,False
49,162,0.021064256222103454,0.00020080056692186606,0.0025287366248121514,0.8874597923684734,0.9974619977576064,30,0.008697597093960308,-0.010078887636485708,0.013312857364133788,0.049175488048484754,0.27072140801140454,False,False
16,161,0.08795363550544148,0.0011317711475442114,0.031520647229070234,0.9010163029124597,0.9953851368343337,30,0.03376427018525316,0.10487925998695093,0.11018023922897073,0.10111137773299181,1.089691800263343,False,False
467,161,0.2654267761509448,0.0025849429869427465,0.08067871076443993,0.9252220540482136,0.9973513858187498,30,0.025237359819036076,-0.14748026847972864,0.14962404192337653,0.16941086671399347,0.8832021512290479,False,False
1635,161,0.31652280922874276,0.003717514505321223,-0.14942807945978553,1.07256536299085,0.9961524951243097,30,0.3411082616759162,0.254803770277518,0.42576966487903234,0.18888334071648336,2.254140906572162,True,False
1035,160,0.03909390766232087,0.0008243973339934772,0.07511207862012817,0.6571421917799314,0.9877018750505928,30,0.08916993385156091,0.054014223851526384,0.10425360176691523,0.06699311254003282,1.5561838794191984,False,False
76,160,0.054151304574663224,0.0009248653561317027,0.07438806764440288,0.6647783456083589,0.9918985184189789,30,0.003628308883029966,0.05117573181110136,0.05130419234090374,0.07629824210581078,0.672416440076756,False,False
3394,158,0.042232112746469416,0.0007582579151858434,0.038316313352719115,0.6767879917492134,0.9910545155717341,30,0.07746371326276744,-0.09053937663965057,0.1191553842457518,0.06738007256136481,1.76840688524391,False,False
5217,158,0.0341867400008292,0.0007536467512646285,0.08041088117390753,0.5653598329921634,0.986575179085614,30,-0.03384918724282926,-0.12223262918082184,0.12683289444563037,0.062075466804548105,2.0432048436297485,True,False
928,157,0.029564835316763585,0.0007490091782694308,0.031606913787161385,0.7511979829355909,0.982345890553586,30,-0.023803099450677122,0.005086708067388241,0.024340545236737367,0.05243313872071598,0.46422064043098343,False,False
3319,156,0.06805194837502579,0.001175438820477494,0.04165989234289179,0.7564093806884463,0.991715542338305,30,0.09611382853281174,-0.07987986730482194,0.12497464237144548,0.08248916956863005,1.515043041710682,False,False
335,155,0.1291153087280956,0.010603932772545035,0.4607616640542371,0.8064607208232456,0.8411430107374309,30,0.10993359673388002,-0.0334901304748992,0.11492164517649896,0.11614806783316324,0.9894408690601213,False,True
5904,155,0.08125019958853674,0.0014789633068390672,-0.0470323316130158,1.034576916898097,0.9908079277398879,30,-0.1168954082668118,0.16870677873484022,0.20524744496570704,0.09718189170145093,2.111992690945351,True,False
408,154,0.027450277018835175,0.000828769084733506,0.07014803860761136,0.617509212468289,0.9751122148095356,30,-0.014006992992417658,-0.048384576210419285,0.05037125239411374,0.050777801361346936,0.9919935689152806,False,False
639,154,0.04078558812810452,0.0014637173906071528,0.010264397549764239,0.6653170178413834,0.9651924887662288,30,0.12223524302420623,-0.02280855098674405,0.12434502255941596,0.06821701063457049,1.8227861555751221,False,False
5085,154,0.05383906914191234,0.000686781764443452,0.017046053136543088,0.7807712068230025,0.9954644889554649,30,0.0513297183046741,-0.022273546186240074,0.0559540064780688,0.07813758222197334,0.7160959539177267,False,False
1511,153,0.09980200842656262,0.0023591485510986382,0.14174147723255157,0.729481611712356,0.984595490014945,30,0.01195002627661971,-0.08679055795974915,0.08760938350985285,0.10703979162947559,0.8184749070992009,False,False
2681,153,0.0875889404716442,0.004739251654707513,0.15564022131199623,0.83444097287839,0.9242361593497288,30,0.046308900001217186,-0.12177620255014993,0.13028414226934096,0.10352278909075625,1.25850687963134,False,True
1745,152,0.018717377752852444,0.0005359119438054265,0.060646272835349714,0.5553248753767159,0.97756123933191,30,0.027831858586216788,0.009163252619174564,0.029301494005015832,0.04593181979172052,0.6379345329204135,False,False
256,152,0.07865701915017291,0.0024892025938645854,-0.045094942645025504,0.8825417574991432,0.9727232361761117,30,0.2085335407285625,0.09068838094487722,0.2273996922759444,0.09303760269756288,2.444169730116027,True,False
54,152,0.14992813480495074,0.0013270389692270372,-0.012653940562730653,1.072173697839242,0.997811192948989,30,-0.08453141499032732,0.29788661314921633,0.30964817844414616,0.13588959901288963,2.278674605661136,True,False
127,151,0.10883218112690055,0.0028396934995292837,-0.12470870124517895,1.1571343253123345,0.9812938092406183,30,0.1526213506413064,-0.12169529885037056,0.195199955004753,0.10911572121047873,1.7889260396146045,False,False
4440,151,0.05029203852948781,0.0010764524455592988,0.0310199549197829,0.6987949804640817,0.9873347527213211,30,0.16881983397902267,0.043494561683099425,0.1743327658264783,0.07461533627990415,2.3364200245979547,True,False
5576,150,0.015842328357502683,0.001103848352557879,0.14195964169979203,0.35696944091696203,0.8803302306849492,30,0.03268799494503223,0.03024309124538205,0.04453256765113547,0.04079960831157081,1.091494979830627,False,True
5565,147,0.011376214167469412,0.00041825509132150133,0.05609451346323255,0.4629072121981855,0.9635320662290159,30,0.027898756340498394,-0.011467549076992815,0.030163641808968262,0.03780951823951249,0.7977790570588658,False,False
1696,147,0.10714312077604034,0.0018885737768384086,-0.0075148772111127,0.8650490632129351,0.9913754682434149,30,0.13878950446950636,-0.04852082642318997,0.14702651851853277,0.10890821168569513,1.3500039734638705,False,False
529,147,0.03684395315074348,0.0013201817744927275,0.0064991878738795816,0.7047934590024467,0.9652980034519286,30,0.07595691771914119,-0.08863467677011663,0.11672857094788507,0.06564742115085735,1.7781135785919688,False,False
640,146,0.02002303701196151,0.0007374366997787131,0.0991763485468954,0.4306360329547412,0.9634102949768608,30,0.002403273001917821,0.016441479555879608,0.016616196048077736,0.04561120870453451,0.3643007173021006,False,False
4612,146,0.010190707057456682,0.00028928461862521074,0.006026325680310879,0.8461303210166807,0.9779346949534059,30,-0.0490058466982526,-0.026450739698170165,0.055688550359952724,0.029418005378201106,1.8930090481667472,False,False
5881,146,0.057977956650730925,0.0007189257346086113,-0.01318265317874251,0.9707693770223427,0.9957131869955982,30,0.1168338410560938,-0.04330063326598231,0.12459972414558422,0.08108539753767785,1.5366481256712914,False,False
94,144,0.2202470992719589,0.0008886883315245903,-0.05764894815491407,1.1243382358249765,0.9995443423585586,30,-0.17795389010846938,0.26763603573323924,0.32139793811992773,0.16525042717564337,1.9449144163380372,False,False
1951,143,0.07834808374543452,0.0014444051662537698,0.05708120102973246,0.8030654685908737,0.9905731651537469,30,0.1281358612694689,-0.08345825414957404,0.15291853755828128,0.09603261779397926,1.5923603986964152,False,False
1059,142,0.04503500030367846,0.0006547972079759249,0.02749673363315088,0.74689809471818,0.9941155187598426,30,-0.08726160107957111,0.07615078702863283,0.1158167923405341,0.07350931192483917,1.575539061757957,False,False
5934,142,0.04195577001795918,0.001037450662973995,0.09544243779434713,0.5700312255043045,0.983167940691695,30,0.07612767020665846,0.10624901076556448,0.1307068263701433,0.07095175147507407,1.8421930911185707,False,False
82,142,0.06024132794303332,0.001190903112438672,0.12160658265677173,0.6639227966418143,0.9891758124966475,30,-0.10070457390042563,0.1012668224578571,0.14281589734752023,0.08613743127575255,1.658000421330448,False,False
5208,140,0.009334972796546916,0.0005339542751024821,0.017466095743706944,0.8196065681411687,0.9160785873040973,30,-0.005219385190571571,-0.05953888157561526,0.05976721844826557,0.034965961725190134,1.709297142117734,False,True
2310,138,0.10333514239646292,0.0011134779610023065,0.017423046798431454,0.8773079895120798,0.996759473555917,30,0.04023970242693532,0.11145373357586809,0.11849543611215113,0.11135027494757013,1.0641683297858522,False,False
4049,137,0.5186944096856315,0.013654841480077964,-0.4971944429668829,1.156495504284614,0.9809646193399607,30,0.36809166265706605,0.4225590638827385,0.5603995312159884,0.2606422002644348,2.15007213201636,True,False
4439,136,0.15124586210056845,0.002814489856551494,0.05459393646428578,0.9287681007117773,0.9903971578762215,30,0.24262974625100509,-0.03852403599402808,0.24566907643229396,0.13928067775356429,1.7638417646629174,False,False
3880,136,0.06527162767223124,0.005598201057179108,0.18934735697009647,0.7227837203619094,0.8292073188450579,30,0.04012608489991822,-0.1324397622439603,0.13838494611998872,0.08450275774992257,1.6376382239444196,False,True
3874,135,0.11715588833852736,0.0016253631550334363,0.05091820183924186,0.7668788397962268,0.99463961034711,30,-0.10889241306327403,-0.0930404987435978,0.14322741367908629,0.11818242123069014,1.2119180855121314,False,False
2332,135,0.08871323240335965,0.00236406012956192,-0.016349435122930824,0.8257576271605089,0.9805039069238467,30,-0.1554704947001203,-0.26067082973554934,0.30351335423226417,0.10974052662629546,2.7657362650156796,True,False
2190,135,0.17078086652877947,0.0012710675405271938,0.004983876236995336,0.9692881128742759,0.9984513838452309,30,0.07163081076935432,0.03655158354971219,0.08041760573075175,0.14314852552286136,0.5617773947515007,False,False
6035,135,0.08663013810735495,0.0057912772799330915,0.19784325132362182,0.8695396462056081,0.888784525222601,30,-0.06415541711124453,0.053454242005515455,0.08350612871581331,0.10805082367351947,0.7728412045069728,False,True
6034,135,0.13881337132600982,0.0017215511729328,0.12175321047783472,0.8709201852794295,0.9957118597556405,30,0.23800676413704805,-0.10043626394142659,0.25833053030855707,0.13777782306609376,1.874979039149375,False,False
4277,134,0.230925001732874,0.01645700436850082,0.6156663296359873,0.8207712624279093,0.8754988735751957,30,0.0933440532131096,0.1726557029411902,0.19627303438926183,0.1796978077829971,1.09223944805315,False,True
6065,133,0.09817450335843708,0.0024935302508987036,-0.12528269183361995,1.2307484105292652,0.9822574828348075,30,0.19115268268204222,-0.08596855064071743,0.20959470364445548,0.11629621864048569,1.8022486551552435,False,False
117,133,0.03544654775739134,0.0005627350184392751,-0.017429171903518073,1.0066549984998105,0.9929924857739165,30,0.04710225510903833,-0.0799600873534767,0.09280214440373968,0.07066968056708813,1.3131818859099098,False,False
121,132,0.23149780349957003,0.0032502822274894194,-0.20587534054892723,1.195983617062283,0.9945107135516612,30,-0.16490296423209905,-0.09465364501548192,0.1901375821010928,0.17599452553382938,1.0803607755659699,False,False
4398,132,0.02136291834012172,0.00035196399349012134,0.01813894231164604,0.7616977152674866,0.9924569838751008,30,0.04593730836801221,0.010920213394713767,0.047217447629916746,0.05095862446261145,0.9265840302373228,False,False
2591,132,0.31690544527219533,0.0031412029765422156,-0.1628159529903643,1.1170766437523203,0.997256546996569,30,-0.023553219653010608,0.023735128395747686,0.033438158980206925,0.20972276424978123,0.15943981617742675,False,False
286,131,0.12586237023435223,0.005236328689137482,0.33565068039299234,0.7465647104651041,0.9537761132648985,30,-0.15782145014780657,0.013017371338351999,0.1583573872079138,0.12794197662201187,1.237728159193291,False,False
1631,128,0.13337561206883736,0.0032223285821414223,0.09869838128369578,0.9351126236118503,0.9839193234190345,30,0.2595151573111485,0.09625954429766789,0.276792371178515,0.13920869094569618,1.988326801280595,False,False
3412,126,0.02196975170751058,0.0007808670671538865,0.05387829695810924,0.49961147352262436,0.9658362565309825,30,0.06861633199921921,-0.06758733676667242,0.09631328624981428,0.056720994339559676,1.6980182976559919,False,False
68,125,0.015641478584285592,0.00019010412548373787,0.03334354821737111,0.5864574124669591,0.9958809890371411,30,-0.00697787153882571,-0.07691082875839327,0.07722671993238639,0.04642000037583923,1.66365185926585,False,False
2015,125,0.07205513680625693,0.0021209645697583845,0.2189297257694465,0.5723142293159249,0.9763143856776041,30,-0.15981675781477025,0.055514370443281426,0.16918404595037562,0.08750776077657395,1.9333604751050448,False,False
4828,124,0.1541291669020672,0.0022521570277071455,0.10604803089843576,0.9445202761876296,0.9940571188564891,30,0.04587537387525031,-0.11164035323279167,0.12069846062869441,0.15143300158273681,0.7970419879893201,False,False
5279,121,0.08987322706442735,0.0018512188004291379,0.0011213971135274664,0.9946385752025526,0.9882595729756032,30,0.054639288176158,0.1346622324915906,0.14532504488909143,0.11802055883560499,1.2313536414576702,False,False
5538,120,0.09585069427395981,0.001055481918260583,0.04394576443443475,0.8488960916265468,0.9966162593474891,30,0.15447090070866415,-0.009797396204906285,0.1547812913053186,0.11710058832234475,1.321780646218869,False,False
1041,119,0.03856515668572815,0.0009701139833273742,0.0057358573500931745,0.7563910974676512,0.9825905148614698,30,0.12779406055323048,-0.07929521360363449,0.15039631914754018,0.07288930135593859,2.063352458450842,True,False
1179,117,0.029461133216495135,0.0005120069726314844,0.03931794670547627,0.6716396687362509,0.9916140253152586,30,-0.037230214007870945,-0.0353752753276632,0.05135658613634522,0.06843289529630978,0.7504663643701571,False,False
15,117,0.08240120814623987,0.0017337200063722404,0.016955047381860645,0.8730405952100572,0.9877566919981211,30,-0.18284639792140844,0.03110861955100835,0.1854738564952037,0.11493992692976056,1.6136590778289446,False,False
6126,117,0.27040298193212425,0.005449413104811987,-0.1274646189644659,1.1380762889767866,0.9887559273808141,30,-0.046740586363497316,0.2129971889609832,0.21806532259596972,0.19978072618585208,1.0915233253938013,False,False
1295,116,0.14648140214366798,0.0013363098341525048,-0.01759267340549303,0.9255337204939106,0.9976751414492182,30,-0.1826726567871682,-0.13349098533440876,0.22625017724464633,0.14762821185851807,1.5325673487224576,False,False
6040,116,0.0590185744863217,0.002119692341978418,0.1268514856066023,0.5845752699657395,0.9651408370998663,30,-0.16823567687194377,0.0852182154173912,0.18858787662913534,0.09016969386155199,2.0914773972582874,True,False
139,116,0.0041932662291018176,9.558006107058743e-05,0.0077296115297957125,0.6803561767358788,0.9856611147483433,30,-0.03451450187833643,0.04997493740452866,0.060735041026546165,0.02430649703157006,2.4987163287108602,False,False
56,116,0.025644454522839723,0.0012757672175138447,0.05206630793264974,0.5868798669355716,0.935193934179729,30,-0.03772631966359833,-0.11645707986487683,0.1224153856588881,0.0603384579307751,2.028811969297134,True,True
6188,115,0.22068875465060359,0.0072290811550597125,0.22322515876281543,0.9964245502877078,0.9708319181383392,30,-0.3358573493000058,-0.019096512395543445,0.33639981549415165,0.1872967721187016,1.7960790871556194,False,False
1871,114,0.08365593009023732,0.002809241545015903,0.07787738066882598,0.667267717157435,0.9693915073567965,30,0.12640913721526448,0.21082893052539892,0.24582129264567593,0.10504416456590616,2.3401708572915942,True,False
150,114,0.06795518984165162,0.0021117520936323165,0.1237155444457494,0.5431762672066978,0.9736723866263596,30,0.19842583586435614,0.11640602293780783,0.23005037386334726,0.09535358736597914,2.41260324040442,True,False
5650,114,0.025061758218225042,0.0017047187646000985,0.1770408258779232,0.365453324334249,0.8853076012240223,30,0.07128850488670349,0.004183281998175284,0.07141113902787019,0.05347429744058454,1.3354292145159146,False,True
3066,114,0.10111153664007301,0.0010800526891494426,0.031003573843362678,0.8899731675141401,0.9968153536332388,30,0.00580584515384758,-0.05705437522522501,0.05734901542564811,0.12168347859932387,0.47129664672461763,False,False
2882,113,0.121692865420468,0.0025477613782306173,0.12632098710084538,0.8590564299245476,0.9878759502679868,30,0.21686754971723307,-0.08811889152662665,0.2340864651453346,0.1356479155782742,1.7256915754835724,False,False
2528,113,0.039075035160852326,0.0027179960519048614,0.2325171422122254,0.45495464785732176,0.8806892405711658,30,0.09438058961214248,0.021370586022490857,0.09676981782808283,0.0725676847432561,1.3335111650654652,False,True
371,113,0.11451512436956734,0.0014840189432026832,-0.04376167173832545,0.9740115147182354,0.9953196985959617,30,-0.08612324560481308,-0.04607208725905971,0.09767215907265164,0.12799496032822824,0.7630937876161898,False,False
671,112,0.05286524754286753,0.0017430299081661865,0.16926171479880697,0.5948528564560853,0.9704603750721534,30,0.08425088897768435,0.06610037190659668,0.1070862804458185,0.09051647519477003,1.1830584456077655,False,False
4751,111,0.4282413945272298,0.021464655315852708,-0.8346685012960755,1.2708809861286592,0.9342788580352434,30,0.20878246402085113,0.33305850851109586,0.3930878875954507,0.2534350055927908,1.5510402230189484,False,True
5276,110,0.01601311050094051,0.000448972273336168,0.08800440450415825,0.420788383591224,0.9784627635441165,30,-0.004420789239989759,-0.04579368147444422,0.04600657170978147,0.04881080446757595,0.9425489338194114,False,False
5644,110,0.018836999590751285,0.0032946013957914117,0.19131790041606145,0.4982080593474126,0.5386405757064294,30,-0.06605744047847255,0.003088469113005321,0.06612960066436914,0.05315304427818456,1.2441357134366526,False,True
3350,110,0.05347220440079289,0.0015375748474496978,0.15397425548411253,0.6223982996710883,0.9773726054989622,30,0.15442633183141447,0.054716087331272305,0.16383327554483415,0.09180284962186336,1.784620806648864,False,False
1928,109,0.044465212558575405,0.002605874549132031,0.233799609626901,0.5357771514670161,0.9122700813833554,30,-0.08455267263930218,-0.009004065843075367,0.08503074533458728,0.08336232665648836,1.0200140608475814,False,True
896,108,0.028837933834977823,0.0005249456388448589,0.06979987638065235,0.5660290269376314,0.9908072051278343,30,-0.007880442885123158,-0.0733274301777715,0.07374966709444622,0.06713387436997567,1.0985462672392603,False,False
5524,108,0.6874407617144452,0.0030062052102981284,-0.05889499803117249,1.077448606006564,0.9994648294163592,30,-0.4171722814624222,0.5232076433569908,0.6691628729149118,0.3378638684859054,1.9805694995255974,False,False
4386,107,0.019328728570198128,0.0003739852499356838,0.03318334215177761,0.6373327387204755,0.989626348497067,30,0.10222320227940197,0.0017283701333950527,0.10223781270925912,0.052994375729628194,1.9292200597072005,False,False
720,107,0.04563349351253244,0.0018276904525159833,0.1917140392207186,0.5220524566405474,0.9570152182600327,30,0.002916490817296081,0.013657629401142799,0.013965556184639858,0.08079850114499355,0.17284424818201213,False,False
5773,107,0.1333193458377966,0.0016493107772187715,-0.06859185088129202,1.1041669803500727,0.9957330299894569,30,-0.17042697874564716,0.20403382226107797,0.2658479936182224,0.14812913506095168,1.7947042862893392,False,False
330,106,0.195909086224354,0.009933096533326349,0.4137921598699027,0.8370668625806202,0.9328523099685702,30,0.10502809518153812,-0.05185915002497816,0.11713356572210812,0.18282987494019437,0.6406697251224603,False,True
4943,106,0.13469093822195286,0.00284391127324539,0.20837074027978617,0.7198498085809885,0.9876710613957583,30,0.056058082634709745,0.19462259700638204,0.2025350929942476,0.13989343234929869,1.4477812831737482,False,False
4241,106,0.05083799131115155,0.0006820494552742308,0.06313512880101764,0.7271641664992952,0.9949854757000495,30,-0.008291043213664943,0.14236200277801045,0.14260323009152742,0.0895130405424779,1.5931000581290262,False,False
4176,106,0.08099505970930908,0.0021940019862070506,0.14305392756181656,0.6076982778714206,0.9798681972439164,30,0.017489746036199478,-0.0841903644639962,0.08598784033217295,0.10933950768257418,0.786429737563901,False,False
2715,105,0.21297880841711625,0.005536994814947718,-0.21595300658899794,1.08257288161657,0.9814266045338859,30,-0.10118601268498771,-0.30430641468273545,0.3206883271654075,0.18092918753021361,1.7724521485061957,False,False
5121,105,0.013184347394736357,0.0009571350054802012,0.1421243447691251,0.30162177605347984,0.8714093551950459,30,0.05716236685930834,0.011348178964707214,0.05827793193630995,0.045976239445079295,1.2675663046762575,False,True
5531,104,0.10234257677912922,0.003052670634673981,-0.09797397489738416,0.9777801596187808,0.9756937064779105,30,0.10576292471561584,0.03551975637899652,0.11156813764522686,0.12542052381041174,0.8895524771836829,False,False
4240,103,0.031578219917999,0.0015193309070657421,0.12193187980750544,0.5994427009623049,0.9391286970177843,30,-0.09515240682329226,-0.08317836038786111,0.12638283174972073,0.07209210763051761,1.753074447447852,False,True
5443,103,0.010358524359122169,0.0001992842929831565,0.018617424356952232,0.601595515556015,0.989742755215849,30,0.08588818369114255,-0.031314147020876364,0.09141857525365676,0.04243167526400356,2.1544889445176043,False,False
2092,103,0.005219486094560012,0.00020674970050007157,0.0359284141970634,0.36709185868296756,0.9579157461145863,30,0.015893967772139257,-0.040322845008308315,0.04334224314806349,0.02918062358595426,1.4853090106314846,False,False
1454,102,0.06133425668228041,0.0015346745553092267,0.017365847296783234,0.7773303325343004,0.9827719097347046,30,0.17916835291333993,-0.11369542743185672,0.21219790033030891,0.09790642530382537,2.167354182034649,True,False
6217,102,0.1010863477789314,0.0010877055692422577,-0.013890120371172788,0.9411878711042042,0.9967686048074217,30,0.12031030116295673,-0.13638133504868324,0.18186378725733868,0.1289852806307884,1.4099576817444108,False,False
4315,102,0.028821766250849774,0.002145467330235684,0.21813762883512525,0.39263212541778514,0.8656860614010451,30,0.1159210590774976,0.06792267280529057,0.13435468513849172,0.06372450225285024,2.1083677453515515,True,True
4649,101,0.31023172156393924,0.00693655527170152,-0.2710917598905471,1.1524239783420005,0.9861950089886327,30,-0.14000789112758932,0.3145141662152805,0.3442693281837463,0.2402017809602198,1.4332505229874264,False,False
6174,101,0.02110957646896935,0.0012602031545280688,0.0735714163677697,0.45868545063727406,0.9092658079390339,30,-0.026071809140382148,-0.02322334372041985,0.0349150816325736,0.057926855083921196,0.6027442985121595,False,True
6129,101,0.01108270036800809,0.0006808988902117351,0.07304442341041642,0.3754317272070133,0.9044129870288187,30,0.007422066661533318,0.0745356081155678,0.07490423186099528,0.04044554063792157,1.8519775154338123,False,True
351,101,0.2665301318642414,0.002933791874339176,-0.23321311527522412,1.2500895429055399,0.9966189379488679,30,-0.06800675593044746,0.304386777905838,0.31189137438550846,0.21132203750493153,1.4759055802603172,False,False
4955,101,0.03339934398034771,0.0017697979177697903,0.13734406049003708,0.5784892160468097,0.9271111151941555,30,0.011494281680137067,0.0005660375216654645,0.011508210539361356,0.07480671787451791,0.15383926559464123,False,True
4746,101,0.12434396373027529,0.003849815645592252,-0.019052511466865228,1.101803815834002,0.9738612058333317,30,0.12205723013981151,0.05073758623629831,0.1321827147795381,0.1513159777529239,0.873554245509833,False,False
5647,100,0.006576533364594566,0.0003273723171269077,0.04806843930494886,0.31386265438046723,0.935119387428289,30,-0.009032402559987695,-0.03832072672614126,0.03937083175175842,0.03179354468430357,1.238327847451239,False,True
4717,100,0.07950610125233597,0.0023625778053974478,-0.005808106274508787,0.7898267640625888,0.9758719517956057,30,0.2118951308592476,0.17955506540574023,0.2777401087252565,0.11866938751927335,2.3404528710502372,True,False
3887,99,0.11976444178718766,0.0032163864267890255,0.04884505005249614,0.787724391227459,0.9802049959359408,30,0.047214719964023225,0.10013229388105736,0.11070549245255887,0.1379761867338887,0.8023521672335665,False,False
4428,99,0.12829531140480263,0.005467860449906596,0.11690295285343379,0.8335934011520124,0.9516020810361143,30,0.11223726491684717,0.013859142167524423,0.11308969651402459,0.14042545157651123,0.8053361783380651,False,False
5017,99,0.0605760139543785,0.0012420656740977224,0.10632503170729365,0.7035781913970315,0.9883650864195591,30,-0.14438490607379126,0.01401328807726967,0.1450633425255122,0.10561431362654988,1.3735197204277945,False,False
1434,99,0.11341281526011143,0.0030847934721526873,0.146024832551734,0.6951665447373729,0.9797053559860145,30,0.2686520994991651,0.15787710907380306,0.3116073364585802,0.13484510712510983,2.3108538611598983,True,False
3368,99,0.018679804665027753,0.0004939422638364288,0.05736613240571161,0.5079155720583027,0.9807980497698036,30,-0.04197550349723078,0.011514518285360596,0.043526164834383665,0.055694239183383655,0.7815200543644318,False,False
3480,99,0.1015363210379703,0.002754666631959291,0.008135176017982065,0.8112176484706518,0.9798073201098412,30,0.12550425682099597,-0.15446879597965704,0.19902745391426638,0.12870381129132807,1.5463990686628302,False,False
4243,98,0.013091461438447437,0.0012939801181805293,0.16432439301921037,0.2938122676735204,0.7852066056309082,30,0.08326695474935233,-0.06269102578267717,0.10422835730699674,0.04726220048613101,2.2053217208450193,True,True
1780,98,0.008941556412942017,0.0005291217706325493,0.04703407873196203,0.4381561499378621,0.9107061926444648,30,0.05259939747123856,-0.02436467248261913,0.05796838689771033,0.03422122170915104,1.6939309587012525,False,True
4442,98,0.0629245134174313,0.0016738932525937442,0.10371814287390929,0.6939300218060092,0.9805708941153,30,0.09338673445319143,-0.01516775297829768,0.09461047987533701,0.09916754774382727,0.954046782721075,False,False
6297,97,0.1305884571750577,0.007159824889895079,0.24576121812009236,0.9089501279154409,0.9223652459294712,30,0.06168479669934289,-0.07450943735912803,0.09672988369378456,0.15430693014762986,0.6268667492849499,False,True
4694,96,0.2517520552679307,0.005724976292188589,0.19607049688907924,0.9712769920377917,0.9857269755868981,30,0.023109065484745676,-0.18198997700200428,0.18345130317544303,0.20725565305584617,0.8851449910802244,False,False
4551,96,0.031336585155373964,0.002538784465276991,0.14544744538973853,0.6636553795497399,0.8447491089259587,30,-0.13434905576732198,-0.08617632013133811,0.15961211400438835,0.06998185903705853,2.2807641323141556,True,True
4306,95,0.012741970267637674,0.0004010590757649441,0.030235823177006346,0.5503960433769662,0.9730090340999763,30,-0.007670931393364432,0.06624320033782971,0.06668586641440259,0.04706082393969973,1.4170144258385478,False,False
5370,94,0.0765302321989849,0.0025742739280045267,0.13274675469136593,0.6929935217528876,0.9692916859544464,30,-0.14196330494915277,-0.10056357698134173,0.17397302367714482,0.10982687680211892,1.5840660204751293,False,False
4961,94,0.04934168236289958,0.0011493861947273528,0.13324292457327216,0.5942988905442677,0.9850337434355501,30,-0.1345281825158935,-0.09413875326558525,0.16419481343035258,0.09438902193577542,1.7395541352475792,False,False
1445,94,0.1808250296438722,0.0034757035149727156,0.213243308460502,0.8662897112754557,0.989761019094397,30,-0.14885538272611307,-0.32757937289619626,0.3598140777034757,0.185246220631715,1.9423558357976771,False,False
1587,93,0.10678968464753708,0.0039616670256363866,-0.015415714733944654,0.810634045320378,0.9628948469571578,30,-0.08369372326528063,0.02967868932498033,0.0888001346511033,0.13688152689960367,0.648737171935802,False,False
45,93,0.1842555757406819,0.0029577949794918536,-0.056963002166355345,0.9995927247185414,0.9928364122520588,30,0.09289513058611865,-0.2787428335640154,0.2938146908340501,0.18604835902314232,1.579238281792654,False,False
1127,92,0.014033736613143439,0.00018971768915257764,-0.002969671418737616,0.9568096358964533,0.9949089148224995,30,0.05108248573412856,-0.03955849497178539,0.06460878325127488,0.04938873396178579,1.3081684438654675,False,False
1468,92,0.032975456502363894,0.0009323386500578213,0.04711060403070405,0.7723843592949126,0.9781067601305283,30,-0.00260672220582021,0.030341341084785544,0.03045311116259899,0.07500932908529015,0.40599098184136484,False,False
4018,92,0.21614600045002258,0.0018780236413639332,-0.0839247315165901,1.0894064194320872,0.997890649806224,30,-0.16538675493395558,-0.15943628344476035,0.2297231098219381,0.20903201638404997,1.098985283670004,False,False
2892,92,0.49048525979130186,0.010428176164398246,-0.5382629813075773,1.17874151662715,0.9875014233150304,30,-0.043977170905619756,0.41370229261072705,0.4160331458817118,0.3131876496418039,1.3283829881463507,False,False
2345,91,0.17846855548883034,0.005065421891366529,0.20204231567855782,0.9429320960098619,0.9779413629163063,30,-0.30072505627373736,0.029670410761451823,0.3021851961059571,0.1909823705971706,1.58226748972208,False,False
4380,91,0.07274744254702667,0.0035527564569951767,0.17605600075740457,0.7018062713896497,0.937399451176749,30,0.21116764332960833,-0.06417145913763321,0.22070285398524778,0.11461022745707786,1.925682017059971,False,True
3335,91,0.010461040660864599,0.0011462355660320713,0.052909418127148986,0.6047916483759103,0.7484090386247129,30,-0.03744023348862822,0.019422089124605663,0.042178058628238486,0.04205563784611132,1.002910924394373,False,True
5806,91,0.05253611445704166,0.0011160074893059708,0.04209588272697973,0.7123137804031356,0.9875226199688444,30,-0.00792268977771043,-0.18922641287066677,0.18939219714976085,0.09467795034428583,2.0003833676273852,True,False
64,91,0.14550631139340595,0.021433270998296665,0.6410819753947296,0.8670738661561495,0.6220704499562176,30,0.0009048150748430637,0.015176104080251919,0.01520305315962232,0.1696719732399363,0.08960261891999924,False,True
1869,90,0.146264263158265,0.0032985457190536464,0.175370983371464,0.8381254837401201,0.9859594013764648,30,0.16347089078043733,-0.20020521030482422,0.2584663582862353,0.17102545764776683,1.5112741801197587,False,False
1533,90,0.09843637088057637,0.0024840893702733455,0.11165739018225278,0.8499946708230363,0.9824811536072766,30,-0.12262759475581024,0.22525428843407222,0.25647031300627254,0.1426230317085708,1.798239105801172,False,False
6039,90,0.12706210801407505,0.0024794998964205437,0.15030379754577336,0.7992584558498558,0.9894501081339593,30,0.197161146760617,0.1199245399679837,0.23076917705467961,0.1522092562709849,1.5161310337383884,False,False
99,90,0.01822783947959519,0.0006847326366563708,0.0354653376081896,0.5336329530407797,0.9619897991892353,30,-0.03016380060637967,-0.12679803609476847,0.13033647541847845,0.05526360732043891,2.358450375176184,True,False
4138,90,0.03352872251597674,0.0018675249352716474,0.13295216222147718,0.570388414302312,0.9200754365173816,30,-0.010181012292840587,0.06059143602871058,0.061440826258509065,0.07857437552176284,0.7819448242575179,False,True
2266,89,0.012094310369466841,0.0005884964883312281,0.05923535746980358,0.49281982779441524,0.9378263995951287,30,-0.0022682809521226,0.06209570351999231,0.062137118489036386,0.04606496481604266,1.3489018983771461,False,True
3714,89,0.1018679060781014,0.0032992738407311407,-0.07654021816584307,0.9057235273255725,0.9714669606654543,30,-0.21182015893496148,0.06767447458523435,0.22236819521150022,0.13833568151495612,1.6074536430245507,False,False
5197,89,0.01449630517360545,0.0002873037224989169,0.026003806082326202,0.5992765405487255,0.9891213385300847,30,0.10078135884758083,0.006804667524924573,0.10101082016937404,0.053554732752569,1.886123130070677,False,False
877,89,0.33491987520764716,0.0076389181612631024,-0.12489469053232718,1.000088536952857,0.9856431353513081,30,0.07327831230517047,0.6151630759929694,0.6195121638187793,0.2534064792032432,2.4447368740003808,True,False
6380,89,0.09557675799692768,0.002595641688890107,-0.0939172069425318,1.058511634140711,0.9797667512703294,30,0.150136668383887,-0.26669271576413905,0.3060490546220738,0.14132346136748164,2.1655926882958116,True,False
6358,89,0.1371754492839992,0.002679777788363933,-0.15468073321158665,1.2740223835208608,0.9894272808557713,30,0.20795099171187595,-0.28155364490895285,0.35002295626925584,0.16562650707884236,2.113326921171115,True,False
1149,88,0.041508945403621524,0.0011615995929689167,0.035757134685058284,0.6634668985984129,0.978543075042643,30,0.11021622522701159,-0.13383566663335275,0.17337705144131757,0.08699692166159477,1.9929101872791408,False,False
972,88,0.05596115774322709,0.0014858647246814957,0.1654897589745518,0.5355982619333188,0.9806422972776385,30,0.1596211325279486,0.1316238737323979,0.20689067181926582,0.10253186800527868,2.01781822417021,True,False
6322,88,0.1395265053899682,0.005830781268561848,-0.03266693979776969,1.1540401455535496,0.9533808325228733,30,-0.18951287745103895,0.04197361438346026,0.19410542244920395,0.1627228126212602,1.1928593128548437,False,False
2978,88,0.12358879473117398,0.0037982832310683215,0.11279441945128536,0.8743001429755742,0.9742345312080166,30,0.29903492895433514,0.1332456277723457,0.3273778948786414,0.16254104360219807,2.0141244797213433,True,False
4628,88,0.09157334386128756,0.004457531825052461,0.21011959199392255,0.7363029242059492,0.9377827205962559,30,0.06789965641960605,0.10725811144443759,0.12694355364699675,0.1298544901236363,0.9775830895499414,False,True
6319,87,0.18370947325968331,0.004961524485946208,0.016783108887521162,0.8705797774262534,0.9799854950202859,30,0.14126079998646018,-0.39493146428539566,0.4194347089779546,0.19593133352559766,2.140722984071137,True,False
540,87,0.02012240818644161,0.002019279024437706,0.21608975291323343,0.3259245351412502,0.7800542408357954,30,-0.015984370931253294,-0.11605279746064824,0.11714841830989499,0.062113675922559876,1.8860326098869047,False,True
3794,87,0.08370244052092735,0.0020236326497626847,-0.06490457557289778,0.9960577139732382,0.9838974381916762,30,-0.04603604704298713,-0.04247747807454157,0.06263907543153302,0.1235384352673926,0.5070411916417263,False,False
2284,87,0.02596593884449746,0.0022113930205366955,0.21347651760541508,0.39651999782717523,0.8311951755963571,30,0.004817537710787241,0.10857355060401601,0.10868037799141887,0.07092502868566301,1.5323275859793601,False,True
4845,87,0.10279326530505184,0.0020609893167880824,0.08902400099844715,0.8092685739188074,0.9888693860377048,30,-0.18909983615605938,0.18915521706135113,0.267466716014863,0.13690375709704897,1.9536842646711292,False,False
3323,86,0.013803014216774184,0.0027287716570498716,0.11099031770622896,0.5516249997663382,0.4774818275136613,30,-0.01599509685229092,0.06790298721817703,0.06976144204692217,0.047453435939744375,1.4701030740008827,False,True
2943,86,0.06624278440533568,0.005023502017356337,0.18548035411085526,0.7283822583091436,0.8613076959339794,30,0.047333940544592695,0.027708374935230217,0.054847570311093365,0.11328353552271107,0.48416188687982403,False,True
3956,86,0.14457481958103666,0.00238637818250448,-0.09104895870245307,1.0566221939174716,0.9924290440616611,30,-0.10168179426214354,0.0834212733741312,0.13152298710008992,0.16823550205990598,0.7817790269574414,False,False
3470,85,0.09471340574756955,0.0018716335274627943,0.05669336420933989,0.9629160725136147,0.9891843162762348,30,-0.1259707324847531,-0.012632660317228164,0.12660256533512937,0.13014340906851188,0.9727927540954572,False,False
3052,85,0.034052319627972824,0.0029413801949509486,0.21063606535627988,0.466727159448336,0.8271888933840057,30,-0.08853581461629507,0.0043876471636729265,0.08864446918676797,0.07587699618108236,1.1682653985829343,False,True
3928,85,0.037576358136570245,0.00143083514197107,0.12603190966151312,0.6217535344718956,0.9609856170634868,30,-0.005449422864068784,-0.061923794786765116,0.06216311261789289,0.08487984889654519,0.7323659670230995,False,False
3132,85,0.015046887429219927,0.0018801160503740877,0.18038050806587996,0.2567406447534953,0.6958198764566038,30,-0.08070860562921292,-0.007082715620651754,0.08101878722354985,0.050903140811981065,1.5916264877015305,False,True
4592,84,0.07156367451044542,0.004292125440239616,0.1613148532444503,0.7261669719736323,0.9084959004320047,30,0.07205259951666941,0.0453989216296379,0.08516242823125438,0.11899138260168361,0.715702485081045,False,True
831,84,0.03835217095419903,0.0010126485025844054,0.025621362472343357,0.711385991591175,0.9808530534755971,30,0.16360547159224786,0.030060634309935646,0.16634419758451902,0.09107074144083623,1.8265383036612688,False,False
2498,84,0.07341671032919206,0.002071694390084975,0.15368267245729397,0.6513482823064075,0.9781906325497264,30,0.11934039583669812,-0.10040657884203233,0.15596028710290658,0.11192248213135396,1.3934670151424016,False,False
6330,83,0.10191642728221294,0.0015918472495410035,-0.09108126256236822,1.1556959266205014,0.9932155298841135,30,0.16391230676772264,-0.2250872954695849,0.2784448507186445,0.13978782576796156,1.9919105915621316,False,False
2841,83,0.12267702937641513,0.007314435734439793,0.3864403823903301,0.7502676838336791,0.9094720770633583,30,0.051031992337683504,0.1754280930040431,0.1826999727886914,0.1638344714263748,1.1151497679216704,False,True
4097,83,0.10149624444637774,0.0030513514625815077,0.021793611316057393,0.8407654147367261,0.9753175319193127,30,0.009182097768366017,-0.2524894606820088,0.2526563648019172,0.13344588169606056,1.893324556672144,False,False
684,83,0.24934184488051403,0.00824934609330467,0.2769403962941345,0.9504282286434595,0.9702630624104316,30,0.2921219747589891,0.055598563313843226,0.2973658493836421,0.21978350216481501,1.3529944079271623,False,False
4757,83,0.11195942379264275,0.002166854350822938,0.01940750893821533,0.8087621605938379,0.989620774055752,30,0.0803926225215293,0.17936307869721904,0.19655555895378254,0.1556016591236787,1.2631970639692984,False,False
2115,83,0.0071802629899508025,0.0008048711068915617,0.11125055322028071,0.24323531141688196,0.7397392547725519,30,0.04450422408343912,-0.06741590202143856,0.08078075146118144,0.03987159913652362,2.0260223620472693,False,True
3332,82,0.019477758046086025,0.0010769740194260095,0.13701408453776376,0.3532737519216889,0.9211467872024416,30,-0.0650328771339415,0.029206400953979923,0.07129017439313058,0.062410998491452485,1.1422694094999,False,True
160,82,0.12612140674947409,0.004849849532030845,0.12539923275518888,0.7728589482313534,0.9602426050890392,30,-0.27622715090190036,-0.1490595806980635,0.3138792721625048,0.16810803764843804,1.8671282857927118,False,False
3663,82,0.2057645541700589,0.004295489214284953,0.041652570598612305,0.9552068748018924,0.9879447882129277,30,0.23424358016058763,-0.43644831810031237,0.49533543101522737,0.21735813248806837,2.2788907198695143,True,False
4695,82,0.3199290956391515,0.003837334163218803,-0.18745682216681248,1.1383484522281135,0.995987972613852,30,-0.42579573925310155,-0.08846704556281511,0.43488898550861055,0.26937238076813735,1.6144527670895177,False,False
2171,82,0.06050699242468605,0.0019030041227010765,0.2438519454257202,0.5080593698121517,0.9730498342824376,30,0.1907093144254072,0.023901638144028303,0.1922012770888292,0.11120266841580119,1.728387275475834,False,False
2324,82,0.06311768112254522,0.002878220042258474,-0.0015184233402913785,0.7769842578284741,0.9449792842728681,30,-0.11133079246380258,0.18410622242662178,0.21515028814021844,0.10425496850746073,2.0636933780745594,True,True
2174,82,0.009220809063156863,0.0007938998544026289,0.09124906669758737,0.35192877660265204,0.8281136593244558,30,-0.02314525674615585,-0.07184070210261273,0.0754770785632421,0.04465482694247835,1.6902333685105781,False,True
6063,81,0.009765749329880438,0.0009666440169547138,0.12606049210859485,0.30383272710330367,0.7847234784616284,30,0.011181834685618324,-0.07855827160344361,0.07935008169029766,0.04677856141092948,1.6962916194288538,False,True
4776,81,0.07189717764121266,0.0017207553717792268,0.07840667312292851,0.6680019750920152,0.9842143557877845,30,0.04541243555834447,0.11793601378436422,0.1263771840590165,0.12055774864513438,1.048270936371015,False,False
3094,80,0.05279305635475158,0.001531522426501517,0.13871158879571127,0.638315953292313,0.9769783689188097,30,0.15363562440477985,-0.017471514064812423,0.15462586746713347,0.10811398647931011,1.4302115064152627,False,False
2588,80,0.022519357720062118,0.0013870396785593377,0.17568631368517174,0.34144242123411983,0.9039758183011091,30,0.137031393077992,-0.05457510891242355,0.14749930576683418,0.06784071639402117,2.1742002975050148,True,True
6169,80,0.051740070691322804,0.0022766839069913074,0.1719437849714675,0.5558353423810172,0.9485742311150223,30,-0.1066127233335686,-0.0706804288278191,0.12791401719860276,0.09760811901778618,1.3104854236079915,False,True
116,80,0.04429497494388251,0.0021013760299671514,0.07154668074906956,0.8291901689375131,0.9407188647456155,30,-0.06773209712967992,-0.14157988316538173,0.1569474443841235,0.09411717382428236,1.6675749813434244,False,True
4721,80,0.029987792812077543,0.0020464866321377386,0.22841018990842363,0.3473022871204518,0.8846404282316135,30,-0.00011014216963891177,-0.06304942912291213,0.06304952532749673,0.07322994413798291,0.860980109566876,False,True
102,79,0.15192712175428125,0.0024426831309719193,-0.0704629883084324,0.9841673891942267,0.9928139612794495,30,0.20505332634935114,-0.05045304879186235,0.2111690715500912,0.18677049395494555,1.1306340047536165,False,False
1353,79,0.027579997269835663,0.0019773169078563103,0.09813663547180629,0.6866936815995679,0.8741867520048296,30,-0.003518607883174167,-0.007213122696206222,0.008025567921714992,0.0746683092390144,0.10748292017735431,False,True
173,78,0.22683320984024793,0.003916575592866437,-0.03301215953733173,0.9778425159049373,0.991721578330585,30,0.007359888685559072,0.4011370520701674,0.40120456441198177,0.21072916108769946,1.9038872567096297,False,False
2071,78,0.05065724221725192,0.002047802693207563,0.11897292467794592,0.6542593621519405,0.9562457077181671,30,0.05130878973232346,0.13586507188617908,0.1452305397030266,0.09171595275030885,1.5834817755031994,False,False
4882,78,0.046217025294853366,0.008923612820736273,0.3553723871698939,0.6902150922798183,0.4892741950181223,30,0.08030212924191713,-0.025742835471264307,0.0843274898172959,0.09997349860661812,0.8434984370119215,False,True
6192,78,0.010834143081878515,0.00034679400224735637,0.03499528645559426,0.5470733406582411,0.9721113140967232,30,-0.06794655000527616,0.05952841715973739,0.09033474473956968,0.04840399188765523,1.8662664217702325,False,False
2146,77,0.009808453023537172,0.0008061720969939228,0.06836601454188486,0.4743682939304497,0.8409349008771781,30,0.06989790650300046,0.010232804497850016,0.07064295875310866,0.04660083911616066,1.5159160241088976,False,True
3648,77,0.03536684586113117,0.0011972827257719434,0.09790738097214033,0.6306874762422034,0.9689085071998622,30,-0.09755949806035186,-0.0686751043198004,0.11930685485387361,0.08902095322087504,1.3402109339118675,False,False
800,77,0.08616104844989837,0.00653607828545467,0.27141128443885476,0.7422564970308663,0.8612316144805177,30,0.16862714464278383,0.09762927894357515,0.1948501732547876,0.13979179548970055,1.3938598654678813,False,True
5203,77,0.021274596391938246,0.00243285700091764,0.2104409992665422,0.386987437173509,0.7319797518717684,30,0.02311562170913207,-0.007303541875806298,0.024241981992637357,0.06386720628081488,0.3795685360973653,False,True
2642,76,0.0781217969825303,0.0023332406055156254,0.052074027624818636,0.7349383950653661,0.9756320665396736,30,0.07697284772563234,0.015790128507321036,0.07857574336441939,0.11934909991204244,0.6583689648462193,False,False
2583,76,0.04105817334666861,0.0011098634218934982,0.14835650418492705,0.4639923511458817,0.9799505700033059,30,-0.11155668210332202,0.12025927982361699,0.1640341053122693,0.09211103854113267,1.7808300493650282,False,False
1718,76,0.05281232430793091,0.0015193415850954703,0.029562845469460395,0.7468204867524225,0.9773510077534603,30,-0.09303962388111167,0.13560688565060364,0.16445546220115226,0.09960546451070301,1.6510686738826548,False,False
5683,76,0.00812147955956239,0.0017605162651314727,0.19901290107994,0.196877137130491,0.43182869201367,30,-0.028499174046441148,-0.014175656363147734,0.031830051125554225,0.0426590965240697,0.7461492089405747,False,True
5818,76,0.034270335339383506,0.00577269016853225,0.3777060464720359,0.37604512260116846,0.5572674247437118,30,0.1493719930077657,0.043980196397526525,0.15571207393865452,0.0768210822145182,2.0269445502451795,True,True
362,76,0.03406287288566111,0.0021560874608622153,0.14281836276069557,0.519456879409667,0.8991323600212842,30,-0.011291436781928203,-0.11343887507419201,0.11399945141402401,0.0863305078600992,1.3205001828410767,False,True
1610,75,0.16280632397482495,0.004033646446208438,-0.0922843732619388,0.9692306448381093,0.9831029783481425,30,0.159420497915129,-0.27180666621721117,0.31510912229832716,0.18763745390500025,1.679350874468085,False,False
6340,75,0.13183220620601352,0.0050381012943303514,-0.11454258734469575,1.0066199199309935,0.960713557777745,30,0.1616762855210172,0.06499619304879178,0.17425190504183674,0.15981158733996467,1.090358389790306,False,False
4705,75,0.024592933542085568,0.0009668342870305854,0.047195771704283275,0.5312540779284127,0.9585196450351505,30,0.0692068409378446,0.06674956155318483,0.0961513952064063,0.07050897090747817,1.3636760538254926,False,False
4734,75,0.017382667942727983,0.0007241425888969335,0.05655293379642197,0.4964535350094703,0.9536588927025559,30,0.06973705513955954,-0.013377969752877061,0.07100863985633622,0.05396719544105909,1.3157741341939688,False,False
2132,75,0.02901283465273922,0.0015438081086924138,0.10240409035062058,0.5151923543711694,0.9265435120689397,30,-0.11870395512627349,0.014658504585527596,0.11960560488248151,0.07617048640136038,1.5702355404723447,False,True
3358,75,0.8098883798205886,0.01760545644107189,-0.45627778318586926,1.0742697651876547,0.9869414883781988,30,-0.05957334390627314,0.7708605019370911,0.7731590371656268,0.44814140756243903,1.7252568589255022,False,False
1480,75,0.07378763981328874,0.0025832776654843136,0.22541765696196195,0.5777823107811381,0.9668198363539018,30,0.17630916223218696,-0.03514350438036988,0.17977760312994692,0.12559296255851538,1.4314305472823465,False,False
1975,74,0.030467953595487967,0.0007327535285258773,0.07685231382605073,0.5902336409337005,0.9840628690009238,30,-0.13709688511713497,0.047861047567838225,0.14521100434578563,0.08070401441174468,1.7993033606101927,False,False
5858,74,0.025577551109444253,0.0013259808683605207,0.08003873822366257,0.4963517823467907,0.930015058251151,30,-0.07010787787525599,-0.11007318077478295,0.130503715142711,0.07310845380138818,1.7850701027988778,False,True
4616,74,0.07116496698027332,0.004216691234322936,-0.03412565970224771,0.784871948779998,0.9104951130523478,30,0.056346459562198505,0.23210239348770592,0.23884397536449678,0.12862377579102177,1.85691932844945,False,True
3317,74,0.6234611044229893,0.013593746348440511,-0.6905673295448367,1.2601848449866841,0.9868636479808991,30,-0.08384865445727314,0.7593110017360385,0.763926563363051,0.36299151035744176,2.1045301103896454,True,False
1641,74,0.06951884117995975,0.002860222183592696,0.18907780152384485,0.5598005110585286,0.9547476515000177,30,-0.061737524409200426,0.16843547097984726,0.17939350546878666,0.10941390189723893,1.6395860339326191,False,False
4836,74,0.019404087492801102,0.0014332726128850153,0.058246297695272585,0.7492200080711073,0.8674780858332762,30,-0.012151871988456207,-0.08592416310585912,0.08677920141523607,0.0655450789252923,1.3239621164259523,False,True
6407,74,0.1344120219727936,0.004281125478325388,-0.054112849855340484,0.893585572914428,0.9723793778563393,30,-0.03746398060144028,-0.09578644918542219,0.10285229064078526,0.17149154616962095,0.5997513751439086,False,False
578,74,0.014944903336038887,0.0013262781561659777,0.13463550179596967,0.3682460404471841,0.8193252769180234,30,0.03088961335139725,0.038892169805628894,0.049666579157303464,0.056849997672746594,0.8736425891027468,False,True
861,74,0.2939633929419649,0.004630039818720633,-0.11957316164332049,1.0115836263544387,0.9931018162808065,30,-0.3604579495531864,0.07343151019005116,0.3678615501583158,0.2551174141900778,1.44193038066871,False,False
4761,73,0.23443182873364776,0.006891401249922486,-0.22575364215340626,1.0253073957452532,0.9763758079005994,30,-0.41446437645875756,0.044864389814753325,0.4168855152518457,0.23642538669027469,1.7632857498419996,False,False
2523,73,0.05601707512483223,0.0007998669719093735,0.020740762003942804,0.8327894766636612,0.9943235030701224,30,-0.1615985680203748,-0.09468719183824469,0.18729591956166117,0.11070924097523788,1.6917821666174486,False,False
4433,73,0.03648361452055925,0.0023023378023320253,0.16349545910934457,0.5744840681265001,0.8996798034445409,30,0.09905986775426678,0.017311918427405298,0.10056122472966386,0.09041552423300796,1.112211930226823,False,True
4144,73,0.030888657443024797,0.0014333640761872448,0.11644563076180059,0.4924353323530809,0.9431347756749989,30,0.12188600071803295,0.06767981475738921,0.13941576129201047,0.08370004889159739,1.6656592575300915,False,True
697,73,0.00976529768806608,0.002612292114690593,0.18051176309063197,0.2984306295908746,0.3329238341283731,30,0.06927646664146749,-0.06012674329539893,0.09173033353061111,0.046223880561338186,1.9844792868241936,False,True
2500,73,0.19222652709666505,0.0034114976256304184,-0.10142384335194464,1.0077855578969959,0.9912580510450943,30,-0.04639502549732708,-0.29226119180321036,0.2959207708578946,0.20630043253375982,1.4344166283290218,False,False
4397,72,0.008593596011137666,0.0009188634326968801,0.03794867313389439,0.6518102900373433,0.7575080381010495,30,-0.017274519636308956,0.011810800299489119,0.020926156655717648,0.04647343016192566,0.45028216300809754,False,True
6493,72,0.09058776745214613,0.0022380513162891065,-0.11865472733098122,1.2945631302388032,0.9831965162701997,30,0.053172679541443904,-0.2968785068225999,0.30160268842109744,0.15088707514880006,1.99886364106181,False,False
6022,72,0.14008877269595588,0.0034671902461421693,0.188684380535241,0.6734543563422963,0.9831375376410793,30,-0.1980051926056219,-0.2724035128785236,0.3367636116437603,0.17824931137962244,1.889284222403225,False,False
725,72,0.07005795706982886,0.002149324515768607,-0.021003825726414727,0.7825984578041806,0.9743226686552315,30,0.19949620333178852,0.09600639346173773,0.22139548940601364,0.13359814439613846,1.6571748837284965,False,False
6483,72,0.23777035740729502,0.003408024204552755,-0.16533344297392333,1.1194447145004336,0.9942805155955535,30,-0.025819305167658478,0.48444725904192154,0.4851348094216404,0.24281826145112104,1.9979337901622252,False,False
5532,72,0.05345242468852738,0.002430402532511553,0.14880677760436076,0.6882608387303585,0.9452807134861454,30,-0.08664731495360664,-0.0619213739652429,0.1064988908036744,0.10509827117497816,1.0133267618300243,False,True
3571,71,0.02139207295593464,0.0027550124876759854,0.17235050146358266,0.4799174298750011,0.6828699308062834,30,0.09990609540467184,0.046826163087289235,0.11033547683535337,0.07433499370664985,1.4843006144693194,False,True
1724,71,0.04669776371650625,0.0015671986847572172,0.10195373635016718,0.6423801537884767,0.9694276116971968,30,-0.042567052248249394,0.0037572507210084714,0.04273255047485128,0.09878389815565479,0.4325861934251386,False,False
81,71,0.0407765211835348,0.0012432774068803641,0.06153788012406927,0.6711433703358578,0.9746303940109677,30,0.001519356434202142,-0.1448978966607488,0.1449058622026148,0.09675996397930448,1.4975807786948745,False,False
3822,71,0.05236194251785719,0.0014219902575988675,0.10585733126630643,0.6174139015581475,0.9797678079011252,30,0.049974129156640235,-0.19098124205341088,0.1974113684700759,0.10831832866446911,1.8225112121290636,False,False
988,71,0.3877184698980427,0.015971158351605813,-0.6171271341656941,1.219094320988741,0.9546435430692058,30,-0.5909192160250598,0.1913879616073342,0.621139977554079,0.30601731771647656,2.0297543360914037,True,False
60,71,0.041020721018125934,0.0006222567994053432,0.0427941767593793,0.684189516954963,0.9935982080899556,30,0.06424063609987228,-0.16105248056710678,0.1733919283684639,0.09953811313998728,1.7419651920125403,False,False
38,71,0.037842972562001136,0.015135616560364908,0.5627112180938688,0.6567103695372871,0.18251274982661958,30,-0.023146254744242586,0.14765031442478377,0.1494535528464375,0.09818933371947944,1.5220956002554882,False,True
2032,71,0.051393210846400444,0.007417741734948386,0.2942384229649687,0.6055192825622141,0.6315933324801914,30,-0.16621440728962733,0.0002454356259359987,0.16621458849718515,0.11442596070758673,1.452595088294196,False,True
2118,70,0.05502945416166852,0.002391613228475359,-0.004355313341350496,0.7678382745660309,0.9497694744242651,30,0.20686567136102896,-0.09317219161991086,0.22687984326269844,0.11104312569918369,2.043168740380354,True,True
132,70,0.07589750394011346,0.002140376841703922,0.13902084033929196,0.673025434846521,0.9782169486869386,30,0.06503301413063424,0.023001293497289257,0.06898081203830318,0.12523496930340494,0.5508111066900522,False,False
1960,70,0.11055401914605743,0.003048203853718451,-0.0641115198311186,1.003058103977823,0.9791575131579008,30,-0.0828305908716053,-0.15233215135790773,0.17339547606978611,0.1361002428683145,1.2740276755975892,False,False
6168,70,0.07508646429028741,0.0013481211734314067,0.022517382286248645,0.8262687093102545,0.9910547960008855,30,-0.1585778964017606,-0.17726355511576403,0.23784305161069355,0.12669349668377938,1.8773106578969707,False,False
5880,70,0.11187720883719784,0.0030456621877858526,0.12630422621471288,0.7714380585759962,0.9796708860358394,30,-0.2255088912517545,0.11002958248750055,0.2509198458790562,0.14799332595030676,1.695480821637255,False,False
1313,69,0.046925833954827974,0.001122140242804132,0.04621935431687634,0.7291581659641291,0.9842409605677916,30,-0.05284797264892629,-0.1904459221818054,0.19764249919685778,0.1071599063311148,1.8443698390903742,False,False
6502,69,0.12855383713569463,0.0017319201682726374,0.006511618680225082,0.8430715420526649,0.9949435916330941,30,-0.25358327528634406,-0.17244145767954774,0.30666029060117483,0.18097317832942184,1.6945068514129054,False,False
4904,69,0.06631771620736489,0.0036304646710768437,0.12079235089589342,0.7510061286206304,0.9225842421219537,30,0.025282895350735256,-0.08873006434555564,0.09226185081648143,0.12494945236326832,0.7383933988621775,False,True
2981,69,0.06959629181210643,0.001981664797608826,0.0604419909725175,0.6973160918362883,0.9778028349231453,30,0.05631735444966914,0.10224063463482631,0.11672528339113902,0.12197379759705673,0.9569701500706217,False,False
307,68,0.09554946580929702,0.0024094007099048098,0.007954254862070718,1.0040587403487493,0.982507358952067,30,-0.011198151123999923,0.03662403325264607,0.03829775972934795,0.14721102180374854,0.26015551865677455,False,False
5168,68,0.1182183234603666,0.01395016431119578,0.4784116093098204,0.7305092490567702,0.7194790793829905,30,-0.004867681156432648,-0.26710676667155747,0.26715111663920577,0.1608296277839634,1.6610814830589558,False,True
5244,68,0.21274232787913339,0.006913006686683394,0.05465661695126985,1.1155710201921625,0.971283585052575,30,-0.07887519332232992,0.186297590066786,0.2023069158143813,0.22816723477517314,0.8866606812048471,False,False
6389,68,0.21081138849648395,0.005170362321537467,-0.1742253029854169,1.0149894636127168,0.9834362726696451,30,-0.2611219903483794,0.28903246247031583,0.38951823860398843,0.23335327900636482,1.669221192273729,False,False
770,68,0.02291686873879605,0.0006154316044737906,0.05712162611291069,0.5514121226777302,0.9802064084424316,30,0.06321914060373486,0.1372252769859553,0.15108751233158535,0.07538416498656543,2.0042340769909885,True,False
4147,68,0.03015561199982667,0.007440935967296026,0.2873532664600979,0.5619509568599214,0.36971125924457837,30,0.13657099552403798,-0.02739037144969911,0.13929059288616474,0.08534377174855716,1.6321119869947582,False,True
3913,68,0.03902904894456518,0.0015829719512739163,0.08449924336624584,0.7580231218204813,0.9559676630681044,30,0.10185219823726711,-0.030136472825692054,0.1062171232906316,0.1040853734165805,1.020480782304726,False,False
108,68,0.010225508529883437,0.0004244481140772783,0.05751496617865679,0.4257877355238998,0.9539769598968837,30,0.019130357957139313,-0.07477024540522524,0.07717875480678532,0.05288361355772807,1.459407737380437,False,False
930,68,0.2722023169244945,0.009164948990599758,-0.3909983549409072,1.1964284631867101,0.9692345420534612,30,0.4089872000481989,0.17667129010622815,0.4455146176626133,0.23849760769915887,1.8680045555198437,False,False
2775,67,0.11114924215217434,0.0021277321417528154,0.06402494315168719,0.8344493258716564,0.9898434678117245,30,-0.1090410799025392,-0.07829959103342334,0.1342415102057232,0.17184517972150473,0.781177047987481,False,False
3221,67,0.12489805743371056,0.006419888176167171,0.24764421491873645,0.8294662644138909,0.9311179166155532,30,0.22816815261167647,-0.15480473756037308,0.2757266991739488,0.168307720217411,1.6382296594462789,False,True
1586,67,0.043845286203449574,0.0027637874126483224,0.0536304242553962,0.5115492386056307,0.8998830618632006,30,-0.02993529567928606,-0.2287700772276362,0.23072032888790905,0.10642124323308001,2.1679912945819813,True,True
98,67,0.008691678857789953,0.0012753361938036922,0.09113625793210268,0.3260119108227084,0.6238936727515539,30,-0.025805667201759516,-0.029123969995907162,0.038911927323771404,0.04948949129302183,0.7862664639928942,False,True
4305,67,0.014135526517318652,0.0008166444037578876,0.08473222998364564,0.42391125243515876,0.9145328283193372,30,0.010301934528999326,-0.07113656353444686,0.07187865139615646,0.059603705010122306,1.2059426739319232,False,True
1020,67,0.03637525950195871,0.00198868485981859,0.04024345347106622,0.652410842561272,0.9227724289699544,30,0.14741173885700892,0.13468098687991367,0.1996727046438608,0.08718487886994285,2.290221736061829,True,True
4006,67,0.12617649104493464,0.002923587765818239,0.06758153019053789,0.7328192111474852,0.9851900554885964,30,-0.2018937364198711,0.18838520142430112,0.27613414298353417,0.16058376953463474,1.7195644602425246,False,False
5152,67,0.13930118030594923,0.0049965021590761645,-0.16162325858045515,1.0129656037928434,0.9652294808003355,30,0.3364939422950895,-0.06500979725003964,0.3427162776113534,0.17458264017634081,1.9630604581600195,False,False
5326,66,0.022469677325083676,0.0004919920048133941,0.04008890942433913,0.6710260300199367,0.9867538617040879,30,0.08006300794097783,0.03134858704315731,0.08598150469815871,0.06891126201763084,1.2477133951800283,False,False
5727,66,0.1619822570621528,0.005184646489416332,-0.15418706070473462,1.128325607403819,0.972114473556419,30,0.07750911390775231,0.282826284494221,0.29325478672916994,0.18608322253988038,1.5759335136531243,False,False
5504,66,0.04861964452136392,0.0026579177003155027,0.1291482567603663,0.5848282007516478,0.9227823121999666,30,-0.0077713275897362925,0.049233519823281405,0.04984308384015218,0.10194815838354733,0.48890617182738627,False,True
5593,66,0.06684170772728579,0.0024068415049879064,0.07091655220283065,0.6698853274839489,0.9649675391273254,30,0.13256891724830788,-0.1737326307993527,0.21853499679651517,0.12789397748834883,1.708719996736545,False,False
2649,66,0.018852303199550537,0.0012972551761817191,0.10066268093472164,0.4087547104036551,0.8829393582524709,30,0.05261786807186871,-0.10257708773892324,0.11528529381246914,0.06661956367782142,1.7305020844927754,False,True
2248,66,0.013819903156303878,0.001023842758652016,0.04456825824138867,0.7409216139232818,0.8667922274511304,30,-0.019644523717379944,-0.008119457562384821,0.02125636147580463,0.06059497373084663,0.35079413632922846,False,True
3178,66,0.25455406618214704,0.0026195054295593033,-0.07736228144310651,1.1097763172188613,0.997043684728614,30,-0.23138400195188882,-0.4529562540131064,0.5086333890031773,0.2678250368175024,1.899125619647588,False,False
3768,66,0.08643704553546779,0.0020607314685079175,-0.06050582421995465,0.9444086753084993,0.9843345193355906,30,0.21268130195418009,0.025512220436988958,0.2142059980312191,0.14738972849487272,1.45333056935966,False,False
4210,66,0.045098591731086865,0.0014031541642711353,0.019677522071957405,0.9837250816398595,0.973610681249596,30,0.03290313332547872,-0.05298327335356321,0.062368609395212826,0.09347145336360016,0.6672476692172686,False,False
4970,65,0.10072498957911663,0.0034724040149542775,-0.13837809679569876,1.1387354254965165,0.9677947029538079,30,0.32510011513691645,-0.01262745841349446,0.32534525902189027,0.15699829684763475,2.0722852766844633,True,False
6103,65,0.0032041878359816063,0.0005153822008042864,0.07264484133876137,0.1661054115440627,0.5799104586866246,30,0.04295173037949689,-0.007726207982895265,0.04364109797413386,0.028970962969887944,1.5063737446178047,False,True
4197,65,0.010176507919451253,0.0008564342905125582,0.050911767449853616,0.5364764678626849,0.8345073396731975,30,0.011643087556472748,-0.029445857114839095,0.03166417516808563,0.052756752325838985,0.6001918952955958,False,True
3966,65,0.01234223570549136,0.0006683435583611069,0.04247741084104088,0.504335820681565,0.924124692034122,30,-0.009620791683126483,-0.06679549034411231,0.0674847920862213,0.05356548558198743,1.2598558820666144,False,True
927,65,0.14000184764426915,0.0026146932114263005,0.06556847606648881,0.9687464087494447,0.9903281158791948,30,-0.2615134185190412,-0.09996188273154702,0.2799672231971999,0.18632424649834198,1.5025807347069626,False,False
1028,65,0.10935328231967455,0.003514343900566793,0.08090233245347868,0.9568603126346594,0.9718938264463448,30,-0.18204947390133774,-0.08504666840443742,0.200935180479796,0.17826211146534454,1.1271895010559172,False,False
782,65,0.03027901514645286,0.0016226101629239543,0.09673875229372635,0.5283013626729081,0.9255756825459817,30,0.11860742971429325,-0.024484936380620458,0.12110835847700209,0.08496825377704086,1.4253365591670732,False,True
790,65,0.035861069083048716,0.001373738342529371,0.04846194578996629,0.69540671503154,0.960533193715881,30,0.06190573598650807,-0.0060522504190445,0.06220088329892161,0.09306778445832391,0.6683395727205196,False,False
6537,65,0.040244792102946715,0.0005904287776464273,-0.026849210363704322,1.0807928749555074,0.9940094842141547,30,0.034269635321299396,-0.16530240552986664,0.16881733672527632,0.10415099431299517,1.6208903029571229,False,False
3783,65,0.12302439998275189,0.002801988086846434,-0.05132691098849136,0.9345978216896382,0.9856832167153459,30,0.12708685075809162,-0.28603653357267256,0.3129983485162184,0.18079221660234396,1.7312600862937835,False,False
1620,65,1.0570053578376184,0.02665340883915892,-0.7717911435943762,1.230714804784613,0.9825077703762471,30,-0.922589876784435,-0.07696152212426312,0.9257943381943976,0.5499396560611695,1.683447134591476,False,False
3144,65,0.044106427977320825,0.003690726300523459,0.24522285345364755,0.519198478730593,0.8360819484597,30,-0.13479837057574917,-0.012765762458543588,0.13540149704129922,0.09292279463830021,1.4571397423887902,False,True
65,64,0.05379570451297526,0.002269430896788763,0.1140567151547263,0.6927141260518868,0.9525345610906671,30,-0.095096729442339,-0.16350983568532432,0.18915299182532425,0.11325558301358751,1.6701427584601385,False,False
1377,64,0.10806962201534207,0.004725055118252722,-0.11975169213123359,0.9420728419176593,0.9491934997838005,30,0.28228184985583665,-0.11964004705424415,0.306588948948221,0.15752243932807888,1.946319205416028,False,True
1687,64,0.08198528895650085,0.0048658477803340166,0.3361096575967311,0.5651848555653067,0.910225648940677,30,0.16057501741207844,-0.10300706354321248,0.19077418944051291,0.13636225087454815,1.3990249370115135,False,True
1897,64,0.10448328735761664,0.003053848860611694,0.08950846919262699,0.8065918356593506,0.9766388903651282,30,0.028740503659602033,-0.20274537257059516,0.20477231905068868,0.15031672678733263,1.3622723393944012,False,False
1518,64,0.2715173141471852,0.008860430034629246,-0.31412787352356053,1.0564308960418893,0.971045753464843,30,0.19155878854551525,-0.40912162021506726,0.4517469087845839,0.2528240246683164,1.7868037239626946,False,False
3476,64,0.25786436517664985,0.0037397283105691514,-0.22382315965421665,1.1998669711335468,0.9941452907210022,30,0.4714118647355283,-0.2501191244687424,0.5336559965356318,0.26956085116001377,1.979723666248734,False,False
2930,64,0.11503941915211145,0.0028246246156870855,0.13635445848329175,0.6825127521707146,0.9833996892974497,30,-0.09575379489581173,0.3017852831965638,0.3166119808077063,0.18004642151362843,1.7585019360339837,False,False
856,64,0.14944867223423283,0.009970701298408944,0.3708587050860313,0.8405411378478329,0.8891807121894086,30,-0.23998144889228332,-0.08324984987789666,0.25401108896489527,0.20521409390329268,1.2377857881661785,False,True
4064,64,0.05529745245016198,0.0014607818077252376,0.0698812089098609,0.7225858084714842,0.9808347568311754,30,0.02926501981828352,-0.19924637994156208,0.2013841138341896,0.12482848965001833,1.6132864732947607,False,False
2061,63,1.075993868457261,0.026429375420309438,-0.31022247945067416,1.121720762484398,0.9833874274774781,30,1.0602867207771471,-0.2034528261905836,1.0796300212300933,0.5635957963609068,1.9156104928411077,False,False
2191,63,0.005670601554535787,0.0012812630565631317,0.1031839372618966,0.30994168689023993,0.41161166822527506,30,0.03170680854316658,-0.025557173595490985,0.0407245728054093,0.04059361243457379,1.0032261324622584,False,True
6345,63,0.09237826361291085,0.011442392259166401,0.4272140288329646,0.6398053280920734,0.6995022516055653,30,0.09592386389704075,0.11105658346830394,0.146747921268379,0.13447954047766272,1.0912286043448673,False,True
1420,63,0.12379333517589816,0.004274586028321499,0.14955875533464588,0.9212968543914808,0.9676935330018983,30,0.0009037153835623527,-0.2931655933609038,0.29316698625893284,0.18966699632189873,1.5456931988387488,False,False
5708,63,0.019711860643391085,0.0008373256592978334,0.07207716476431653,0.5370697153401142,0.9519065527521432,30,0.027900998391594465,-0.05320011893260329,0.0600726091133962,0.07397066625598984,0.8121139385915936,False,False
3787,63,0.04359214450435989,0.0018731189454282802,0.029703532445689247,0.60042473878706,0.9508434608047542,30,-0.20211416800220072,-0.06510120587657461,0.21234006667090874,0.10761881828884265,1.9730756204830306,False,False
3602,63,0.820736883825115,0.02544617373958021,-1.181602340071686,1.2690027883756592,0.97379038816782,30,-0.5314427586993816,0.6238190167773858,0.8195008062638581,0.4636667174431435,1.767435046412078,False,False
1940,63,0.05726344180430123,0.0021610251828690853,0.11284099996971067,0.5530982999485293,0.9616521687883823,30,0.1577459761231682,-0.2024535036101719,0.2566538799766819,0.11837637848229744,2.168117349654037,True,False
6402,63,0.08444077775949191,0.0017241683893788413,0.10461706025351168,0.7730426009840108,0.9884608869576157,30,0.15164594094917697,0.08781057734747369,0.17523466808955906,0.15543633793397071,1.127372597802701,False,False
5296,63,0.15402650045636782,0.004003932859221552,0.05198083821705885,0.9841839626852654,0.9814304979893012,30,-0.30657042188345757,-0.028063539199642613,0.30785221422983305,0.2022934521745056,1.5218100779864525,False,False
3911,63,0.03221896271863705,0.0021207712851566813,0.21519662199055342,0.33736027271763797,0.8918082651513135,30,0.0454218868853184,0.15305786059297666,0.15965543052938017,0.08821522298769631,1.8098399020274298,False,True
342,62,0.042684001367831646,0.0042739878001946665,0.26053318246486595,0.5136449792276172,0.7808025252354986,30,-0.07298565350495287,-0.15489906801688383,0.17123266887496744,0.10428077597951355,1.6420348550974238,False,True
6492,62,0.017743398809181306,0.000812766875639156,0.051409736560731625,0.5954417098104992,0.94450900679465,30,-0.0003291613932362715,-0.07477239736826127,0.07477312187825223,0.06677834766550092,1.1197210546867362,False,True
5464,62,0.1878560519139104,0.0026863951735960124,-0.010325416747401932,1.084445486923888,0.9943066511991905,30,-0.16998183521336074,-0.189482522470336,0.2545534337309625,0.22666854699859548,1.1230205385864136,False,False
2352,62,0.0179775090039767,0.0015546435063105882,0.19836044085439825,0.29287189339973146,0.8268615804039486,30,-0.012605800090285293,0.010203547662598575,0.0162178476013051,0.0691112676833482,0.23466285809734408,False,True
6495,62,0.06671104298098603,0.0015888742454888737,0.02083010676989415,0.7647561063587178,0.9843650035749598,30,-0.23141154807300687,0.08957110873777117,0.248141669419022,0.13127007663170664,1.8903140440392374,False,False
6552,62,0.19070387507032147,0.0027191661283426853,0.014635912104379747,0.9964564963650764,0.9943396247214642,30,0.2265434423529394,0.2760732365042132,0.3571251365936467,0.23359105187543988,1.528847675141598,False,False
2810,62,0.022183102179275067,0.0011506756211006417,0.03928154217754295,0.6524344028601163,0.9299393861787224,30,0.05622470361786905,-0.12792468801431986,0.1397352607629094,0.0731979467395443,1.9090051973741926,False,True
3122,62,0.011153563482842447,0.0012445598054257575,0.09593106324733022,0.40563800205280887,0.7414943091852069,30,0.038232660587167525,0.077753744543308,0.08664514485001194,0.04999204438562463,1.733178667022608,False,True
3058,62,0.13391321837270698,0.0011666906863203926,-0.017997362754316366,1.062971056382141,0.9978791958420369,30,-0.1885026054252235,0.3224769382857374,0.37352992915995475,0.1847070258950868,2.0222832745524197,True,False
1811,61,0.010153378339902494,0.001233294150267397,0.14669095332373447,0.26224735178123126,0.7076568364290866,30,0.06505124271822647,0.030077273064974132,0.0716680300706712,0.05269676437850176,1.3600081696839244,False,True
483,61,0.03222231965219462,0.0028913715855489754,0.08272741403487976,0.5191615726567443,0.8160260722605808,30,-0.1376529880507278,-0.0876048864004144,0.1631654413180785,0.0931937906816552,1.7508188058949394,False,True
6090,61,0.13269132825611463,0.005805078510991807,0.2065466083408105,0.7143670207237535,0.9491352130230003,30,0.11341974787099686,-0.3109398988705865,0.3309798482034383,0.17454679668622528,1.8962241329379736,False,True
146,61,0.05170317387697502,0.0013133116766725489,0.04967813985579767,0.6633597129432187,0.9822546998094357,30,-0.10413485096509947,0.05626420694853133,0.11836269754052854,0.11477050524189217,1.0312989150920389,False,False
218,61,0.10001168540669227,0.004936781317304817,0.008335540013185556,0.7815421611093865,0.936132262490309,30,0.25730791218436405,-0.05395031435267414,0.26290302031629226,0.1607282612393449,1.6356987768616256,False,True
6562,61,0.050080279111237254,0.0019637319410410795,-0.08157837983918285,1.1680450851434923,0.9587253709525463,30,-0.21656943367509363,-0.0812567723483032,0.23131144082127617,0.1197043171839416,1.9323567124637233,False,False
1250,61,0.06977710132038296,0.0033932253713872765,0.2740527404675183,0.5702991913373819,0.9378969783944012,30,-0.08338269602510306,0.11961058062470818,0.14580591549657565,0.12982078207735115,1.1231323148993209,False,True
3771,61,0.031265368877765196,0.0015266551211644715,0.041325834853647735,0.6339450003682683,0.9374184531482108,30,0.12160095761655923,-0.12863468775320608,0.17701320794400924,0.09049732159982377,1.9560049382097289,False,True
2928,60,0.04095220017642911,0.0013838302875493667,0.05835007947882368,0.7941104253859605,0.9690185799388081,30,-0.013562910829219886,-0.1156802937763299,0.11647267026362607,0.10010711492677997,1.1634804414133415,False,False
1674,60,0.024731563779304175,0.0009434298725760653,0.04230104149036758,0.5490163253073119,0.9608501774708195,30,0.08881536938568253,0.04456659515470257,0.09936977026640643,0.0772882631811062,1.2857032384536526,False,False
3157,60,0.17389036552806056,0.0038317205815120194,-0.05068123609284717,1.1124792522107951,0.9865868745218592,30,0.24714432927177002,-0.10297833062522203,0.2677402772642746,0.19739304006513264,1.3563815480825963,False,False
2753,60,0.04178874909289978,0.001696440411381469,0.18861499961697767,0.45607222078815707,0.9558912263577544,30,0.16544974558001146,0.04712942674028734,0.17203139590597594,0.11196104994017181,1.5365289625088696,False,False
3802,60,0.1013017769526541,0.007494575184628388,0.20553321717641176,0.9275913185435979,0.8671100426476551,30,-0.009531566747445198,0.21259683990842154,0.21281040177516705,0.17024915893909323,1.2499938507848967,False,True
6075,60,0.09275798147126946,0.001930162109255013,-0.08589537981278798,1.0528656485298613,0.9880213097206928,30,-0.2975919152252899,-0.09248352228072003,0.3116314327870418,0.16291162962702624,1.912886351333531,False,False
122,60,0.042808387505423574,0.0027640199303994007,0.18412177788029913,0.4754426563469494,0.8954715682571956,30,0.08955510029008301,0.02838488773982612,0.09394582396237396,0.10102997719805408,0.9298806806439963,False,True
4958,60,0.19250339984053197,0.004919693896018745,0.1206519333478019,0.9417339147095375,0.9820408027947342,30,0.2882359766267647,-0.22886888044671153,0.3680501904073899,0.21995632951805896,1.6732875621893484,False,False
6410,60,0.15514020340756177,0.0040034459998386455,-0.10434497952159273,1.1259570615139105,0.9816956573082781,30,-0.09497848346295563,0.31472464330890526,0.32874384165614506,0.18644736661523817,1.7631991678088799,False,False
