particle,n_frames,R_px_med,R_cv,resid_med,ring_cv_med,ecc_med,n_cores_med,frac_multicore,inlier_med,n_shape,x_med,y_med,sym_med,polarity,rigid_partner,rigid_sep_cv,rigid_corr,med_step,max_step,mislink,reason,proposed
13,1675,16.317802532307432,0.02765638722982802,0.020195001737422894,0.08912657604108332,0.2859405378448935,1.0,0.0,0.7395833333333333,80,732.1537475585938,291.79168701171875,48.98744,1,6989,0.014316769036828493,0.7174572637284468,0.5099094176777789,2.293573691187092,False,rigid-doublet,reject
9,1675,11.602800026458123,0.0810860460338581,0.024166391804143893,0.08835795831100873,0.3097264351971527,1.0,0.025,0.875,80,620.5484619140625,70.21409606933594,48.496216,1,2376,0.054091606779522225,0.7941274997103294,0.9513610139306695,3.515492978406946,False,rigid-doublet,reject
5552,796,23.1075844903676,0.049035689293158796,0.019104073637013358,0.20100863611268308,0.36510518343709586,1.0,0.05263157894736842,0.6979166666666667,38,1576.4703979492188,632.6597900390625,35.9782915,1,-1,,,0.5643302676627472,5.393202623376505,True,not-round;mislink,reject
7891,70,10.560024183219644,0.06764076202118524,0.142727232967586,0.14382829854440538,0.5216794604175735,1.0,0.0,1.0,3,1624.8843383789062,269.3231506347656,30.6631955,1,-1,,,1.4088741838512526,3.3564390297101987,False,not-round;elongated,reject
2248,209,22.658512934122196,0.060582056593669116,0.018690522041352783,0.13918170930318546,0.353895427064866,1.0,0.25,0.7708333333333334,8,1576.0321044921875,620.6340942382812,29.853676,1,-1,,,0.6440045335097181,7.688016880073214,True,not-round;mislink,reject
14,1675,9.44738605996551,0.08582795173073338,0.017312646559984123,0.048526034764289336,0.24442906337706638,1.0,0.0125,0.8333333333333334,80,709.6631469726562,696.7463989257812,26.498209,1,2327,0.02683381660930282,0.7750584992982023,1.1430628225204682,4.0743571778642895,False,rigid-doublet,reject
7272,517,15.891808593565171,0.13332343475129657,0.06451631509184555,0.243075846743101,0.5018584680443879,1.0,0.24,0.875,25,703.8759765625,306.7686462402344,19.317802,1,-1,,,0.5121633669437032,4.1515894992728954,True,not-round;elongated;mislink,reject
23,553,22.38632160573723,0.07350918344602,0.02267536742691625,0.2620087255245872,0.42553287778598836,1.0,0.1111111111111111,0.75,27,513.2940063476562,1041.86865234375,17.05562,1,-1,,,0.6281558349388053,5.082515051388349,True,not-round;mislink,reject
30,1675,12.497544518864105,0.07720286090714489,0.033654339243261416,0.18915886715645158,0.3723419501197794,1.0,0.1125,0.7083333333333334,80,735.3455200195312,1006.025390625,15.119351,1,25,0.033284747055212956,0.7000825857078953,0.7258600092010886,3.420102450724883,False,rigid-doublet;not-round,reject
20,1675,13.853364567500776,0.27144863065095975,0.0546953905981533,0.08560562714176356,0.3409067312090788,1.0,0.3125,0.9375,80,602.6063842773438,525.8636474609375,12.587758,-1,-1,,,1.538135021191923,5.121404280513008,False,two-cores;defocus,reject
25,338,12.0826193478665,0.047681688740325974,0.0471701041958115,0.18168353149402652,0.45742316346008094,1.0,0.0,0.7083333333333334,17,731.8939514160156,991.7724914550781,12.461632,1,30,0.033284747055212956,0.7000825857078953,0.7204516558448344,2.3633590926302586,False,rigid-doublet;not-round;elongated,reject
17,1675,23.387114074080216,0.13416022798061714,0.105196875936542,0.22321206067795313,0.445729498796245,1.0,0.1,0.8541666666666666,80,1555.2550048828125,620.2425537109375,12.445293,1,-1,,,0.7014370642181559,6.084301323388276,True,not-round;mislink,reject
24,1106,10.777438125984833,0.09532670729762907,0.029328912761851393,0.15237523230867844,0.36578658774088413,1.0,0.019230769230769232,0.7291666666666666,52,659.1240844726562,114.95933532714844,11.0452985,1,-1,,,0.8558200501554354,7.0360148699270955,True,not-round;mislink,reject
34,1675,9.497059562200471,0.12571719796341238,0.035633312210088725,0.10700088030205998,0.35558682693036736,1.0,0.0625,0.8125,80,297.9281921386719,513.2587280273438,9.831174,1,-1,,,1.0856192194675836,3.9891730843491198,False,not-round,reject
26,845,10.580550079146766,0.11617180008313532,0.04191103350968132,0.18353356919917102,0.391099102535054,1.0,0.0975609756097561,0.7916666666666666,41,1230.411865234375,930.8013916015624,9.555322,1,-1,,,0.946124328585997,3.601936651502874,False,not-round,reject
4254,995,22.41838247172844,0.06252878504858478,0.021562552032308314,0.22810178459144498,0.3343293523917238,1.0,0.10416666666666667,0.75,48,502.6744995117188,1030.758544921875,9.456672,1,-1,,,0.687276440418001,6.05797824234468,True,not-round;mislink,reject
1065,969,11.522460544527751,0.2932457643495087,0.04767267726365636,0.059063401431526545,0.3117224497436091,2.0,0.5333333333333333,0.9583333333333334,45,129.36061096191406,889.0816040039062,9.283765,-1,-1,,,1.6524411047828387,5.825576986197983,False,defocus,reject
1807,898,13.958768520865593,0.34461125736203774,0.06895779584004635,0.09237644010892238,0.37432913959727615,1.0,0.19047619047619047,1.0,42,32.50799369812012,497.1670837402344,8.9867305,-1,-1,,,1.4908195724442104,6.87891462903482,False,defocus,reject
28,566,14.60001764582999,0.3398152168965765,0.07235142342648353,0.12080560666172473,0.3432769014858665,1.0,0.07407407407407407,0.9583333333333334,27,153.11070251464844,735.9314880371094,8.8400005,-1,-1,,,1.6498756793718115,6.4567324095548795,False,not-round;defocus,reject
4541,437,15.190925504292201,0.10111240537542428,0.059143434157148275,0.2100336276125942,0.4804051414187569,1.0,0.42105263157894735,0.8333333333333334,19,712.808837890625,296.84942626953125,8.548387,1,-1,,,0.5987458574841052,4.266218645078996,False,two-cores;not-round;elongated,reject
1926,341,13.749595001493784,0.08076574860416316,0.17269486605056486,0.21594783102028425,0.5347949250217232,1.0,0.1875,0.9479166666666667,16,708.604736328125,305.96533203125,8.523601,1,-1,,,0.5937329494870992,7.641218245051298,True,not-round;elongated;mislink,reject
6001,180,23.82971773447522,0.08042586449575191,0.043214027321143406,0.13869592282920878,0.27641360898110534,2.0,0.5555555555555556,0.7916666666666666,9,737.7080078125,326.20494079589844,8.17649075,1,-1,,,0.4988817380244074,2.0502054834472423,False,two-cores;not-round,reject
6947,560,11.234948239195477,0.284682283443951,0.03768869326714583,0.04606100057001266,0.2832763678182592,2.0,0.5185185185185185,0.9791666666666666,27,171.93515014648438,909.7634887695312,7.6399542,-1,-1,,,1.8122507522103972,6.390699545192584,False,defocus,reject
3661,201,21.10259759274417,0.08906875558948867,0.22147739022592267,0.2798275960443719,0.4519172898253039,1.0,0.0,0.9375,9,1562.6468505859375,617.9996337890625,7.611448,1,-1,,,0.8945374951515933,6.809152753185156,False,not-round;elongated,reject
1116,152,22.8402620561141,0.04337576132654041,0.19400684492264325,0.25703037348904645,0.5593062903365459,1.0,0.14285714285714285,0.9375,7,1569.3779907226562,620.9477844238281,7.5395868,1,-1,,,0.7248692043816819,4.354329457925928,False,not-round;elongated,reject
9823,69,11.3809084897757,0.14954658173996235,0.07868255858332816,0.1913022943717813,0.32882571831730695,1.0,0.3333333333333333,0.7291666666666666,3,1231.9141845703125,939.6394653320312,7.487015,1,-1,,,1.046056946087393,4.560836591850722,False,two-cores;not-round,reject
22,1664,12.204088932386378,0.14757114338385083,0.05589290476400835,0.1910704354325593,0.41769161258458354,1.0,0.15,0.7604166666666667,80,722.0992431640625,1008.6695861816406,7.164058750000001,1,-1,,,0.7860424734346904,5.3432452722655235,False,not-round,reject
8116,245,10.569214525857289,0.24881223078872722,0.026938746281534816,0.16215342311189632,0.4191617806838106,1.0,0.18181818181818182,0.7083333333333334,11,684.1226196289062,129.36962890625,7.105976,1,-1,,,0.9218829761958985,7.974732253575858,True,not-round;mislink,reject
7172,529,23.04402149219647,0.07522570421604897,0.023779028008227614,0.25770658921275885,0.4228437414718239,2.0,0.7692307692307693,0.71875,26,737.0602416992188,319.5408630371094,7.0054727,1,-1,,,0.4890874789773321,3.3506423703063963,False,two-cores;not-round,reject
162,194,8.54106670104548,0.0777217857509193,0.04522153484126182,0.18075202959618417,0.37020856292816917,1.0,0.0,0.8333333333333334,9,202.9053955078125,1210.0571899414062,6.905412500000001,1,98,0.07251753857978106,0.7137688367710364,1.094922978968192,2.8311542426124254,False,rigid-doublet;not-round,reject
5030,870,13.324119082659749,0.08833451035081832,0.12753544678234546,0.2009782899810618,0.5325846018308993,1.0,0.30952380952380953,0.9583333333333334,42,1226.3944091796875,932.2405395507812,6.71378715,1,-1,,,0.8838652346899998,4.170156798903334,False,two-cores;not-round;elongated,reject
3878,101,19.83853014411395,0.07175677862630117,0.2367295709981494,0.2768757031110854,0.5065022079663368,1.0,0.0,1.0,5,1568.8050537109375,622.4976196289062,6.5895305,1,-1,,,0.7546768178911293,5.32936045148203,False,not-round;elongated,reject
29,147,24.19659702805659,0.02631841562252145,0.10057664203150472,0.13439338445974336,0.4014990734059595,1.0,0.375,0.9583333333333334,8,1572.3447265625,609.1631469726562,6.5683856,1,-1,,,0.9534350436208755,5.798559764024318,False,two-cores;not-round,reject
953,282,23.12217685221339,0.04540619973058232,0.09399656419881859,0.22405234693391085,0.42980093718606266,1.0,0.15384615384615385,0.8125,13,1561.3989868164062,614.1470642089844,6.5675523,1,-1,,,0.6702075769494191,7.330046871234706,True,not-round;mislink,reject
4925,98,21.052054252899467,0.009686467915112401,0.24177444620014743,0.26540209134790593,0.4097388162808271,1.0,0.0,0.9791666666666666,5,1570.9010620117188,626.3442687988281,6.21631965,1,-1,,,0.715017926472072,4.804951645017858,False,not-round,reject
814,257,23.843406176875,0.009324490706223288,0.026136997875164034,0.11581926774726195,0.26928837841553965,2.0,0.9166666666666666,0.7395833333333333,12,740.2555541992188,325.7744140625,6.1812387,1,-1,,,0.7702743121523982,5.466543636831516,False,two-cores;not-round,reject
3295,114,20.69604606197677,0.08677199485919816,0.17091024194237167,0.29606910595642566,0.3814554220475397,1.0,0.25,0.8333333333333333,4,504.67332458496094,1050.14453125,6.1659258,1,-1,,,0.8432241004074494,4.515076365058239,False,not-round,reject
37,1675,10.353187638701005,0.12997613954731363,0.05026374488224544,0.1379764178690167,0.3959242025407008,1.0,0.0,0.8333333333333334,80,483.7931213378906,1032.6268310546875,6.1452374,1,-1,,,0.6323768926332127,4.659003899086168,False,not-round,reject
1365,158,23.84218573364412,0.10761026381913526,0.04012678109751567,0.22238803988489003,0.3746951719946508,3.0,0.8571428571428571,0.7083333333333334,7,734.5281372070312,330.66473388671875,6.1135142,1,-1,,,0.6770060124733736,2.376596806704618,False,two-cores;not-round,reject
33,710,12.636974121963553,0.09778404243065758,0.08602180015370389,0.2020468852780833,0.4444087886679292,1.0,0.20588235294117646,0.875,34,1225.5480346679688,927.3290405273438,6.02390485,1,-1,,,0.9318691479223068,6.813403184831704,False,not-round,reject
3875,627,9.051922741218224,0.13324338466766802,0.031185941629637445,0.18472327131276953,0.45111569458511486,1.0,0.1724137931034483,0.7916666666666666,29,231.99761962890625,1210.2806396484375,5.9203362,1,3905,0.05668290742270518,0.7059774891852699,0.9052237702271061,5.236499941940585,False,rigid-doublet;not-round;elongated,reject
2467,410,23.540907976661686,0.011982669765338542,0.0248268232455429,0.13488399381984723,0.23018390467600372,2.0,0.7894736842105263,0.7291666666666666,19,733.5267639160156,331.2074279785156,5.881099600000001,1,-1,,,0.7000851740753472,6.602870013981084,True,two-cores;not-round;mislink,reject
18,52,23.798919266895027,0.0034760300708910753,0.009547540662719591,0.1748768996032817,0.16899830819202424,2.0,1.0,0.6041666666666666,3,740.1867065429688,328.624755859375,5.874548,1,-1,,,0.73542425509337,6.370958031025791,True,short;two-cores;not-round;mislink,reject
5762,95,11.967152031936546,0.05081585515241938,0.045323688951729224,0.1767399465031262,0.3300109690109433,2.0,0.8,0.7291666666666666,5,78.4645004272461,632.5877075195312,5.725487,-1,-1,,,1.6102711872477884,6.710908987482545,False,two-cores;not-round,reject
8825,182,11.84829629346051,0.14979223222541757,0.07179568762918191,0.16287425719026696,0.44478150827357665,1.0,0.375,0.84375,8,1243.85791015625,930.1170654296875,5.7090157999999995,1,-1,,,0.9107385039514965,2.406650801856524,False,two-cores;not-round,reject
2615,222,11.039414454309899,0.1369839521054964,0.0773892556073897,0.19890195089952842,0.39280364321941313,1.0,0.18181818181818182,0.7708333333333334,11,206.2985076904297,1212.8427734375,5.6737983,1,-1,,,0.9579985232718671,3.1124753073748503,False,not-round,reject
2003,82,10.502646022915897,0.08374241176996015,0.1049910317651184,0.19594645088183132,0.44561570437159354,1.5,0.5,0.8404255319148937,4,197.21685028076172,1215.386474609375,5.668336849999999,1,-1,,,0.9870722146891681,2.5992276037129654,False,two-cores;not-round,reject
6339,675,9.10575727023528,0.2872272946887188,0.04380989067492203,0.052784684818738416,0.3285007336932596,1.0,0.375,1.0,32,86.25572204589844,600.8707275390625,5.28439,1,-1,,,1.5968847321174557,7.122277013803167,False,defocus,reject
7940,154,13.511249525897778,0.13972305751002367,0.12918596979555794,0.19051182921477683,0.5670122428934907,1.0,0.0,0.90625,8,1247.3062744140625,923.6230773925781,5.2270465,1,-1,,,0.998307474076474,5.99220040139997,False,not-round;elongated,reject
9507,83,10.80940863077685,0.15291002570741147,0.07278497614876753,0.15881098162723034,0.4760178457400839,1.0,0.0,0.8541666666666666,3,674.7632446289062,135.40158081054688,5.2072716,1,-1,,,1.0714024816428163,7.647109937352055,False,not-round;elongated,reject
5863,174,13.103264566723809,0.1323845485380238,0.16108611741305634,0.20434567820249383,0.5695407569980616,1.0,0.1111111111111111,0.9166666666666666,9,1237.0036010742188,931.2779846191406,4.9849630000000005,1,-1,,,1.0422115538507424,8.03686605782771,False,not-round;elongated,reject
32,1675,8.797358364634139,0.26034009448520445,0.051913751523939754,0.07238438819250691,0.3345785388217273,1.0,0.25,0.9583333333333334,80,1147.55126953125,739.5840454101562,4.9618993,1,-1,,,1.6990389477882355,6.484758055547505,False,defocus,reject
41,75,6.344176708215242,0.2739591862225804,0.03345916621549066,0.033474165355348376,0.2593052335314102,1.0,0.25,1.0,4,83.2110824584961,888.3681030273438,4.8730645,1,-1,,,1.8840856087913207,7.281721009483739,False,defocus,reject
504,114,22.485682383918977,0.052832997276580196,0.11414417711099545,0.17999332780901128,0.3980215966375544,2.0,0.6666666666666666,0.875,6,734.3618469238281,332.33836364746094,4.773801300000001,1,-1,,,0.6360927982251158,3.0178154571187292,False,two-cores;not-round,reject
9583,61,7.626685610857837,0.26084946691678723,0.03949309601020962,0.041208593028096686,0.3184516636786407,1.0,0.3333333333333333,1.0,3,13.937729835510254,431.6265258789063,4.534331,1,-1,,,1.5422654527855486,5.118413747966331,False,defocus,reject
4469,118,12.978235142481427,0.19106004000750343,0.12979910446640608,0.2097765621508863,0.46850336555037375,1.0,0.3333333333333333,0.84375,6,1222.618896484375,929.1903991699219,4.515606,1,-1,,,1.1302506506020855,4.8239989416195606,False,two-cores;not-round;elongated,reject
6882,167,12.72784053269249,0.16439194757742445,0.11461230242737727,0.18003178945409787,0.5766597859812168,1.5,0.5,0.8958333333333334,8,1231.5301513671875,920.2963256835938,4.3896565,1,-1,,,1.2679370504905854,7.727635629767278,False,two-cores;not-round;elongated,reject
5425,50,10.636249405552537,0.08559325739075202,0.0590286500193284,0.2397633948549342,0.35119714560536447,1.0,0.0,0.7708333333333334,3,1228.5758666992188,930.7279357910156,4.36522315,1,-1,,,1.0211260572142833,5.272233420524803,False,short;not-round,reject
4285,90,19.546694232844757,0.02057272832921561,0.2951582986792129,0.30522160074706384,0.5294407251009284,1.0,0.0,1.0,3,511.4046630859375,1045.0670776367188,4.2365305499999995,1,-1,,,0.6957711884373744,2.8195880842214933,False,not-round;elongated,reject
7786,293,9.361520689180335,0.17621144554056228,0.04406164768626697,0.1734699848267514,0.47174020212509327,1.0,0.07142857142857142,0.71875,14,1243.6405029296875,938.2720947265624,4.209326,1,-1,,,0.9915103580736202,5.581710881253101,False,not-round;elongated,reject
5638,81,23.821415672790806,0.005642997537538967,0.03942381474941875,0.13366891645884318,0.30899421694441903,4.0,1.0,0.8125,3,735.3499755859375,322.9178771972656,4.1124706,1,-1,,,0.7856964694251636,6.636733197392393,True,two-cores;not-round;mislink,reject
35,69,24.211142361402747,0.0030145102172253048,0.10287229225220813,0.14022066461107646,0.40410805511726444,1.0,0.25,0.9583333333333334,4,1570.9207763671875,604.4459228515625,4.0861926,1,-1,,,1.0315819217612079,6.8007201041924334,False,not-round,reject
7910,402,8.88632693571816,0.10543272219488815,0.065335427750584,0.20768313846002467,0.325210898938016,1.0,0.15,0.84375,20,550.0776977539062,851.8386535644531,4.0581899,1,-1,,,0.939607616095563,8.041243686032216,True,not-round;mislink,reject
3192,1179,12.024394356628264,0.21870125097626894,0.13264084643156349,0.22970228653385366,0.5274821757223083,1.0,0.2857142857142857,0.8541666666666666,56,712.4248657226562,998.165771484375,4.0461726,1,-1,,,0.812293363381953,6.60361754473596,True,not-round;elongated;mislink,reject
7977,86,13.412931716382854,0.07772809631254575,0.11906583411251803,0.18330747063419794,0.4543229196058034,2.0,0.75,0.8958333333333333,4,489.3049011230469,136.30062866210938,4.00906015,-1,-1,,,1.6332169683958793,3.553565688873945,False,two-cores;not-round;elongated,reject
7125,180,23.689264962265554,0.07224094581559011,0.0135914153728038,0.2143107835448808,0.3846547167898511,2.0,0.625,0.6145833333333333,8,742.20751953125,313.68885803222656,3.9947261,1,-1,,,0.8665162937711076,7.875847853210784,True,two-cores;not-round;mislink,reject
6076,69,9.573972046866652,0.010373812386852713,0.0935262192629828,0.14010212236258815,0.350497098232054,1.0,0.0,0.9375,3,242.95648193359372,1213.0635986328125,3.9304192,1,5097,0.07462672593419942,0.756540740364641,0.8213615117464793,6.696075082509217,True,rigid-doublet;not-round;mislink,reject
6975,399,12.295266604720428,0.24555474914144812,0.10905544416347465,0.18153752976438325,0.4513586575517937,1.0,0.4444444444444444,0.90625,18,508.6581726074219,135.78823852539062,3.8586786,-1,-1,,,1.5686817964704978,6.0156813822656545,False,two-cores;not-round;elongated,reject
8131,84,11.20243954804872,0.06615849915325082,0.0933575773405341,0.24387266941854358,0.3878374637883846,2.0,0.75,0.7998670212765957,4,231.91858673095703,1216.9962768554688,3.8579521,1,-1,,,0.881663496161381,2.7251550466843963,False,two-cores;not-round,reject
5071,140,10.808384404151276,0.07076329370340817,0.16738289980688867,0.19411475675599535,0.4672211986575161,1.0,0.0,0.9680851063829787,6,236.16852569580078,1215.7955322265625,3.7691369000000003,1,5292,0.0491402083740628,0.8484073458597912,0.9235191711872888,4.194844061457534,False,rigid-doublet;not-round;elongated,reject
6610,500,12.990976449918794,0.23099175214884235,0.07242319817096364,0.14303879548317566,0.36669259109594443,2.0,0.5217391304347826,0.8541666666666666,23,182.40007781982422,174.68523406982422,3.7410198,-1,6969,0.09112976375068514,0.7508591262137893,1.5830721817512794,6.309915280196107,False,rigid-doublet;two-cores;not-round,reject
2379,726,8.234229162840181,0.09571562080291454,0.05240214292146549,0.1437415642632839,0.4172443112345533,1.0,0.0,0.9166666666666666,35,226.59619903564453,183.20771026611328,3.678342,1,-1,,,1.3532935693017085,6.786523647642758,False,not-round,reject
2870,348,8.786109932211286,0.0892771743208002,0.05111251109429053,0.18289291167146854,0.3797049956643266,1.0,0.0625,0.75,16,477.07330322265625,167.87045288085938,3.6120561999999996,1,-1,,,1.2677501284674297,4.633378040034559,False,not-round,reject
4950,118,24.425888240289346,0.014964571391271334,0.035106826624603515,0.09961984916524069,0.25083912867197883,2.0,0.6,0.75,5,734.8655090332031,324.16200256347656,3.4912963,1,-1,,,1.0289561611938218,7.608081685015252,False,two-cores,reject
5005,77,20.434339012761242,0.009899510340334507,0.24107100678496307,0.2704373912565088,0.5442233292209308,2.0,1.0,0.9791666666666666,3,732.468017578125,331.8668518066406,3.4876578,1,-1,,,0.7980509018952692,2.2930446773431696,False,two-cores;not-round;elongated,reject
36,189,7.935310988438039,0.06050240603394994,0.0482367148924477,0.16106272890840567,0.36717295071222217,1.0,0.0,0.8333333333333334,9,284.1910400390625,203.11740112304688,3.449791,1,-1,,,1.3150072218726843,3.8888093039679967,False,not-round,reject
5660,164,8.915111795154843,0.1690034109546797,0.053505215329923445,0.20439067406142591,0.516998870603925,1.0,0.0,0.84375,8,1221.9884643554688,922.2231750488281,3.416481,1,-1,,,0.9548303190500635,3.451696398651757,False,not-round;elongated,reject
1291,146,12.184044475881832,0.23659497912987543,0.036604820858413836,0.14029616937173411,0.33888415620050977,2.0,0.5714285714285714,0.7916666666666666,7,250.92019653320312,187.38612365722656,3.3039962000000003,1,-1,,,1.6381395369624223,6.740246322102203,False,two-cores;not-round,reject
1854,246,9.279252328644592,0.19070527141304974,0.0564795381957299,0.22208990594757555,0.47950140015097964,1.0,0.08333333333333333,0.78125,12,1220.3997802734375,925.1941223144531,3.2954730000000003,1,-1,,,1.0315711297539105,6.401618171782945,False,not-round;elongated,reject
401,104,22.38950795357389,0.01979228350058926,0.04198649493756341,0.20152105150391217,0.35590748486600343,1.0,0.4,0.8125,5,1570.638427734375,615.9675903320312,3.1246054,-1,-1,,,0.9102610059225708,6.309068452023203,False,two-cores;not-round,reject
249,76,23.612669572931992,0.025434749793893516,0.03770338134047068,0.25338484780567155,0.46656415843031407,2.5,1.0,0.6979166666666667,4,736.7874145507812,330.0091857910156,3.0831280999999997,1,-1,,,0.8601534497611993,6.443129120618392,False,two-cores;not-round;elongated,reject
6583,634,16.422184090401934,0.07875658939194503,0.2679394691295227,0.34420459701731126,0.42991943951060785,1.0,0.0,0.9479166666666667,30,76.37018966674805,767.2806091308594,3.0694470000000003,-1,-1,,,1.8960912363116469,6.512722119774583,False,not-round,reject
4853,383,9.427779802672118,0.1642699548765358,0.07410010905919605,0.1624704606400428,0.40681051159824555,1.0,0.05263157894736842,0.8333333333333334,19,725.5524291992188,993.2020874023438,3.027396,1,-1,,,0.7891191266005574,7.3043611486736415,True,not-round;mislink,reject
9442,134,23.60735674987241,0.02052504044288265,0.01728713469211056,0.28109573892320605,0.494753397514746,2.5,1.0,0.5833333333333334,6,736.5619201660156,308.787353515625,3.0234276500000004,1,-1,,,0.8368822394742935,3.1140634755197296,False,two-cores;not-round;elongated;poor-fit,reject
40,344,8.336764639752989,0.16588899508246013,0.048835807200979825,0.16078671185161142,0.37654396858199907,1.0,0.11764705882352941,0.875,17,482.32237243652344,145.95777893066406,3.0098774500000003,1,-1,,,1.4433682994893888,5.758209997985208,False,not-round,reject
6809,55,11.820992802664872,0.07056903308031062,0.13491385040869272,0.15293893196019884,0.3779372170878959,1.0,0.0,0.9148936170212766,3,240.1593017578125,1215.2159423828125,2.9967937,1,-1,,,0.7477951840888456,7.059153094013652,True,short;not-round;mislink,reject
9495,128,7.236764483549972,0.2962614116059654,0.05575043256364566,0.14440546345317345,0.4712602149358899,1.0,0.16666666666666666,0.8854166666666667,6,147.12285614013672,152.11842346191406,2.985157,1,-1,,,1.3045820765573437,4.664710055219293,False,not-round;elongated;defocus,reject
1564,758,8.913795511279044,0.31479570622673914,0.08591833749406486,0.23035814947946093,0.43270263935534825,1.0,0.1388888888888889,0.8125,36,552.8539123535156,842.7168579101562,2.9534748,1,-1,,,1.0264607681766142,4.991426159482695,False,not-round;defocus,reject
3798,62,21.946819619786776,0.09358061013882331,0.1112895471269275,0.2745401281651122,0.42730692988534064,1.0,0.0,0.7708333333333334,3,506.8009948730469,1042.7345581054688,2.91934345,1,-1,,,1.0112981373788075,7.4415538451128285,False,not-round,reject
7038,99,12.657079169784934,0.052474153360829105,0.09964142900507435,0.18060994062882055,0.3738336052386767,2.0,0.8,0.9166666666666666,5,498.3661193847656,142.28372192382812,2.9030411,-1,-1,,,1.470811203680378,5.481920353231409,False,two-cores;not-round,reject
43,1675,11.672630106560536,0.12544502511963498,0.21221063540055024,0.2756125134258673,0.6037299847171673,1.0,0.0125,0.96875,80,716.0355224609375,311.5830383300781,2.7536812,1,-1,,,0.5113115173671782,2.235739091757942,False,not-round;elongated,reject
4832,334,7.7021292575355185,0.07273413054471896,0.053899806088506676,0.18789067255729414,0.4561051408368231,1.0,0.0,0.8541666666666666,16,501.87220764160156,161.12334442138672,2.7155212,1,-1,,,1.4892901296543097,4.42769679830564,False,not-round;elongated,reject
984,231,7.965370970960744,0.12679709420637558,0.047915710024980726,0.18218636271592134,0.3909280396787881,1.0,0.18181818181818182,0.8541666666666666,11,481.0531311035156,157.56979370117188,2.6774902,1,-1,,,1.3752733182482766,4.887966537214778,False,not-round,reject
182,985,9.1530189073024,0.26872247935536614,0.09181179680161805,0.2151348170988221,0.474055998052158,1.0,0.23404255319148937,0.8541666666666666,47,492.6161193847656,1058.599365234375,2.649936,1,-1,,,0.6629400574649537,6.769479677993871,True,not-round;elongated;defocus;mislink,reject
7427,88,14.178147504539128,0.28666904292193846,0.20699610450877654,0.25702703237614133,0.5916040174369899,1.0,0.4,0.9583333333333334,5,678.1793518066406,131.97080993652344,2.61499455,1,-1,,,0.888499236319675,2.397141075939161,False,two-cores;not-round;elongated;defocus,reject
8176,184,22.928212127537158,0.17710200489511746,0.03572653470530043,0.26903612736370625,0.4859105895627351,2.0,0.6666666666666666,0.7916666666666666,9,739.4741516113281,311.5612335205078,2.5982173499999996,1,-1,,,0.9670578893624526,7.80874747038648,True,two-cores;not-round;elongated;mislink,reject
235,1658,10.450830644745135,0.26104290135352803,0.08958784039213073,0.1305220428661126,0.3845392684089319,1.0,0.05063291139240506,0.9166666666666666,79,776.5791625976562,703.7304077148438,2.5800067,-1,-1,,,2.098564048638723,6.580981581851198,False,not-round;defocus,reject
2797,59,16.760978216688883,0.01172788893262694,0.03070732618232517,0.2318827292782933,0.3633484554687287,1.0,0.0,0.75,4,734.2994384765625,294.7627868652344,2.5589168,1,-1,,,0.7555480145460182,4.851784476326437,False,short;not-round,reject
44,212,9.968713534596027,0.22631200469357765,0.07439888476350823,0.2029713501679188,0.4828102974514331,1.0,0.18181818181818182,0.8541666666666666,11,533.4510192871094,867.5650939941406,2.5048668000000003,1,-1,,,1.1194975836274919,3.202892051437132,False,not-round;elongated,reject
592,192,14.334080860583812,0.1464454546174935,0.07209283680251018,0.26009091023475134,0.5191631526630553,1.0,0.3,0.7708333333333333,10,715.0040283203125,301.15614318847656,2.50210155,1,-1,,,0.8324928110414352,7.768101039150229,True,not-round;elongated;mislink,reject
6313,658,9.4269119174934,0.21416312939340015,0.10424820533075271,0.26474842333522597,0.5253148004532776,1.0,0.03125,0.90625,32,489.92527770996094,1049.7401733398438,2.4838711,1,-1,,,0.6054582089613739,5.850899370878754,True,not-round;elongated;mislink,reject
3141,270,8.718302777791498,0.1552132814849778,0.06338014920097097,0.1824958155545189,0.4014695674805067,1.0,0.21428571428571427,0.78125,14,479.9497833251953,166.0033721923828,2.4079105,1,-1,,,1.3398864085658435,4.00067709988539,False,not-round,reject
7394,417,8.91357064569165,0.18379620987249454,0.06018168481453709,0.12255486385200104,0.4211043152169761,1.0,0.05,0.8333333333333334,20,720.7072143554688,994.14453125,2.3584569,1,-1,,,0.7608624412940569,6.341046156710053,True,not-round;mislink,reject
3964,96,14.265913838154146,0.17472154081911329,0.07899962024316202,0.2517858126903433,0.5909686412546348,1.0,0.4,0.7916666666666666,5,718.8587951660156,303.21519470214844,2.3548441,1,-1,,,0.8253597354008342,6.827348087154915,True,two-cores;not-round;elongated;mislink,reject
6277,101,21.342633707506543,0.0685286569227486,0.06735266834512077,0.2558775222906777,0.4538458199871056,1.0,0.0,0.7708333333333334,5,507.314208984375,1043.6243896484375,2.2994072,-1,-1,,,0.9579874024994541,4.8906941383180165,False,not-round;elongated,reject
2491,104,8.05762945033765,0.2618209273041719,0.05457261760008357,0.18006255083938785,0.3616747853655047,1.0,0.4,0.8333333333333334,5,478.3902587890625,170.15059661865234,2.2772962999999997,1,-1,,,1.3184698211646992,4.213473721453167,False,two-cores;not-round;defocus,reject
6591,283,9.878003294574414,0.25398621985038516,0.12083346461935904,0.2530063374877304,0.4981582160276475,2.0,0.5384615384615384,0.875,13,560.2254638671875,847.8799438476562,2.250363,1,-1,,,1.0437248716521994,5.626956085597719,False,two-cores;not-round;elongated;defocus,reject
1447,170,8.280678609507131,0.22696901613940104,0.03801273260438469,0.20906733373715913,0.34644433059243807,1.0,0.125,0.78125,8,542.1817626953125,177.0230712890625,2.2482425,1,-1,,,1.2507441637365384,4.842503632294011,False,not-round,reject
5523,803,8.428031615693872,0.31406469954136246,0.05771764082925536,0.07713032239235754,0.34213555332015394,1.0,0.07894736842105263,0.9375,38,1286.0404052734375,1045.3642578125,2.197491,1,-1,,,2.0770337249108186,5.8877726768235155,False,defocus,reject
6296,83,18.643098199467076,0.1586190594579874,0.1127670032377894,0.29153621656553436,0.4160026791898574,2.0,0.8,0.8958333333333334,5,717.7412109375,998.7575073242188,2.1936312,-1,-1,,,0.9116816360059184,7.797386202425259,True,two-cores;not-round;mislink,reject
2971,106,11.747841876287769,0.09860123236765102,0.10215657236648623,0.21975734132097802,0.344615972710029,1.0,0.0,0.9148936170212766,5,216.72569274902344,1216.8264770507812,2.02278745,1,-1,,,1.0154962433667958,7.588138916029464,False,not-round,reject
1009,78,13.336306922455805,0.02193948144022597,0.21282385718058577,0.21652186890345293,0.5919200495201766,1.0,0.0,1.0,4,710.8456420898438,303.9312744140625,2.0113047,1,-1,,,0.6369302480043926,3.1495182384220515,False,not-round;elongated,reject
8834,248,8.239947763856186,0.19878438240902427,0.1290862892841858,0.18548696399170256,0.4799305138930223,1.0,0.3333333333333333,0.9166666666666667,12,524.0173645019531,95.45678329467773,2.00536225,1,-1,,,1.3230228006087803,4.207948448787582,False,two-cores;not-round;elongated,reject
4499,170,17.781532205750278,0.1277454774854476,0.18261790227678446,0.31244474855845056,0.474493855312084,2.0,0.5714285714285714,0.9166666666666666,7,734.6614990234375,304.2550811767578,1.97523505,-1,-1,,,0.5199140496497179,5.6809118690105525,True,two-cores;not-round;elongated;mislink,reject
4378,85,11.294343674712263,0.0250556041351527,0.011014689907413604,0.13461938488650432,0.2955044002495395,1.0,0.0,0.6979166666666667,4,613.1279296875,76.22232818603516,1.9645265,1,9,0.04189127950009227,0.7804896565912686,1.3281346820752178,3.3900662099285803,False,rigid-doublet;not-round,reject
7315,350,17.818328114011962,0.06237836391648337,0.1137818515012082,0.2179176486887777,0.3368399127655253,1.0,0.0,0.8541666666666666,17,507.9938201904297,1039.000732421875,1.9623941,-1,-1,,,0.5863747453510557,7.318542584833919,True,not-round;mislink,reject
27,459,9.367230313047168,0.17396182711843522,0.0910459765919814,0.12564276589806697,0.38875841162713554,1.0,0.045454545454545456,0.9791666666666666,22,1309.07666015625,764.032958984375,1.9583535,1,-1,,,1.991393522687059,5.97897965485486,False,not-round,reject
9272,172,7.749347993119296,0.048906212920149204,0.05096433485616189,0.22216819874290084,0.3231507491628239,1.0,0.0,0.8333333333333334,9,485.6026611328125,231.66116333007812,1.9152329,1,-1,,,1.1981408111625504,3.979535752771832,False,not-round,reject
9498,54,18.488717308629706,0.028917304947714908,0.18160652677003905,0.23446719369152108,0.4806353268402126,1.0,0.0,0.9583333333333334,3,504.26036071777344,1038.6458129882812,1.914218,-1,-1,,,0.7936181046974732,5.809978204195697,False,short;not-round;elongated,reject
5097,205,8.05554119337104,0.24044527857467243,0.06100139199513016,0.17568205586678354,0.5190958883911438,1.0,0.1,0.8229166666666667,10,251.77618408203125,1213.71484375,1.8991739,1,6076,0.07462672593419942,0.756540740364641,0.9305708205948836,5.787266769285279,False,rigid-doublet;not-round;elongated,reject
63,196,7.918454719908146,0.36861996563723154,0.07253151299269964,0.2265791094049892,0.3154649049874802,1.0,0.2,0.8541666666666666,10,548.8525695800781,184.7373809814453,1.8716488500000001,1,-1,,,1.3129897194105185,3.7606288410669664,False,not-round;defocus,reject
2424,60,8.165445551742081,0.3202175020152517,0.08997440994060296,0.1970578399061077,0.4724622155837927,1.5,0.5,0.90625,4,480.5718231201172,166.70464324951172,1.84486025,1,-1,,,1.443506251551422,4.5785300301258145,False,two-cores;not-round;elongated;defocus,reject
474,57,12.057827326223373,0.025880431032650173,0.0939143724532723,0.10959810321340588,0.4474520258538975,1.0,0.0,1.0,3,633.5104370117188,85.74351501464844,1.837149,1,-1,,,1.0658783981024067,2.6285920577216038,False,short;not-round,reject
3026,193,8.496367759264674,0.2785023928344886,0.06357720892374547,0.2000181925183556,0.5649828043257306,1.0,0.1,0.8229166666666667,10,737.2877197265625,1003.2857055664062,1.8368489,1,-1,,,0.8254134592321216,4.100746475060651,False,not-round;elongated;defocus,reject
7173,72,13.821783144710647,0.15408749834032637,0.12001482335369185,0.16485448405363365,0.4343485058066002,1.5,0.5,1.0,4,593.3600463867188,71.15277481079102,1.78762505,0,9,0.0356394099957666,0.8048174246494799,0.9414695296221722,2.5723655642188907,False,rigid-doublet;two-cores;not-round,reject
2984,1216,9.182535557169684,0.23513973870146185,0.07961883479757384,0.11527025358536018,0.40138848340598354,1.0,0.017241379310344827,0.9375,58,1293.0152587890625,710.38623046875,1.7874001499999999,1,-1,,,2.044898454371567,6.467273265218471,False,not-round,reject
3676,57,13.229435061012188,0.21922607455816218,0.131589770478483,0.21361643671542443,0.4023989013658899,1.0,0.3333333333333333,0.8958333333333334,3,1234.315185546875,934.8782958984376,1.7804643,1,-1,,,0.959422834015167,3.011974082846207,False,short;two-cores;not-round,reject
62,95,20.53133551516632,0.047198797474595176,0.19421124753632918,0.28143692260764486,0.6109515150188524,1.0,0.0,0.8541666666666666,5,500.6683349609375,1035.3682861328125,1.7041869,1,-1,,,1.0844483759013337,7.315258387267351,False,not-round;elongated,reject
9979,54,9.31578554975917,0.02468305084345804,0.15984793931269126,0.1725066204479295,0.4908223187800109,1.0,0.0,0.9791666666666666,3,701.8413391113281,205.8039398193359,1.70311915,-1,-1,,,2.6682676110183317,5.52543200964274,False,short;not-round;elongated,reject
8246,347,9.257534582295968,0.2043698502651738,0.10495759845685339,0.2479684586003833,0.4588971591867088,1.0,0.058823529411764705,0.8958333333333334,17,479.0564575195313,1042.84228515625,1.6983166,1,-1,,,0.6685387984632456,6.730960767372953,True,not-round;elongated;mislink,reject
6433,91,9.371851744921848,0.23654805907684842,0.12779833407293087,0.23682568937893891,0.4738399346848574,2.0,0.6,0.8541666666666666,5,505.2789306640625,160.68699645996094,1.6976562,1,-1,,,1.4993350110217452,4.551993421146072,False,two-cores;not-round;elongated,reject
2376,67,14.005167312200422,0.15209185056578473,0.11597518992307734,0.15264810724442612,0.5030127151304908,1.0,0.0,0.9791666666666667,4,642.1636962890625,64.74932098388672,1.6482587,-1,9,0.054091606779522225,0.7941274997103294,1.0570668934343979,4.051399893174486,False,rigid-doublet;not-round;elongated,reject
8340,330,18.566768878421705,0.16251542892246543,0.20428749027290027,0.21195839065886074,0.40220033415053164,1.0,0.0,1.0,16,1570.0928344726562,611.2901000976562,1.6201135,-1,-1,,,1.0118439157732544,6.630445463776333,False,not-round,reject
4162,206,14.193569614303827,0.07706183504579886,0.19670108307558976,0.22896572091991235,0.5898494952651137,1.0,0.2,0.9583333333333333,10,711.9004821777344,301.18206787109375,1.61897735,-1,-1,,,0.5288171788499073,6.638327133756521,True,not-round;elongated;mislink,reject
4778,59,7.593503777210894,0.0403749315550676,0.03646477906681284,0.20524391916676293,0.301213505014627,1.0,0.0,0.7291666666666666,3,309.0754699707031,526.955078125,1.5957094,1,-1,,,1.0742044329379585,3.0550663530500692,False,short;not-round,reject
4405,69,8.475190025572395,0.21345971176835796,0.1574498072077232,0.2201380234579708,0.5555100906962427,1.0,0.0,0.9166666666666666,3,723.0364990234375,1006.892333984375,1.5847079,1,-1,,,0.9156407453033334,3.2760207935400985,False,not-round;elongated,reject
3535,60,18.967409211332694,0.11776793401259798,0.252369997387067,0.3139597794154565,0.4821928638359115,1.0,0.0,0.9375,3,739.3464660644531,324.48138427734375,1.53372405,1,-1,,,1.0498815457374253,4.722803238189668,False,not-round;elongated,reject
52,209,8.869778849678019,0.04972782268892308,0.052046184849639285,0.2039913716565001,0.4582206881237294,1.0,0.0,0.7708333333333334,10,730.9485473632812,1003.9002685546876,1.4762658,1,-1,,,0.7209277934159309,5.620973514174909,False,not-round;elongated,reject
4624,201,10.52365661853413,0.18991705468083792,0.11257218251617651,0.22696167359754962,0.5543184640890351,1.0,0.4,0.8958333333333334,10,650.3719482421875,119.94906616210938,1.4603983,1,-1,,,0.8345588065702899,6.474724310438968,False,two-cores;not-round;elongated,reject
9860,73,18.200953008560163,0.10765128437634391,0.21476634282482865,0.2693720015813491,0.5285382828553242,1.0,0.0,0.9791666666666667,4,500.0373840332031,1036.22265625,1.459372,-1,-1,,,0.7093871360899154,5.27425875344146,False,not-round;elongated,reject
2392,61,20.690979340781862,0.1680972516009414,0.1949890287590414,0.2563927574927497,0.4368505749953394,1.0,0.25,0.9166666666666666,4,739.7780151367188,324.114501953125,1.4588214,1,-1,,,1.1317848905067884,4.0389343171110355,False,not-round,reject
475,77,6.609762160876381,0.1144590995325294,0.04666384646413461,0.20147105894260842,0.3958599999035638,1.0,0.0,0.8020833333333333,4,484.3702697753906,131.86221313476562,1.4427066,1,-1,,,1.4267654926596391,5.020496829490174,False,not-round,reject
8309,83,9.278865095601637,0.10126873910241738,0.20043684248317292,0.20351585267453684,0.35697828430096507,1.0,0.0,1.0,3,998.6279907226562,925.0682983398438,1.4138589,-1,-1,,,2.5347109569364004,7.699452410935536,False,not-round,reject
50,723,9.263896611303556,0.20207421356261276,0.1114935733037742,0.26994517224140346,0.4983549194347055,1.0,0.058823529411764705,0.8526152482269503,34,490.3861389160156,1053.4140625,1.403596,1,-1,,,0.6282346901211145,7.928379948961094,True,not-round;elongated;mislink,reject
7323,77,18.59167732397203,0.1294484006579917,0.13221680208814113,0.23499986764869962,0.392194663726995,1.0,0.25,0.8364825581395349,4,1571.1322021484375,616.8489379882812,1.3709497,-1,-1,,,0.7960044323601886,5.109272084600688,False,not-round,reject
3846,129,7.888772050446381,0.17831043146287687,0.10223479009915629,0.21343920296461177,0.46495171771159893,1.0,0.0,0.875,5,312.745361328125,518.62890625,1.3431005,1,-1,,,1.1621526051220386,6.268414089328264,False,not-round;elongated,reject
8157,126,18.32244691426633,0.1818723383749674,0.3168908612937242,0.32948526528338107,0.5314649373332084,1.0,0.3333333333333333,1.0,6,746.6356201171875,303.48260498046875,1.33850815,1,-1,,,1.0418013955017713,7.636000901701152,False,two-cores;not-round;elongated,reject
3147,220,12.459792240378103,0.16408957272605146,0.25029669826025314,0.35375663151481246,0.4941697833245036,1.0,0.09090909090909091,0.9166666666666666,11,1366.7574462890625,1025.3908081054688,1.3052515,-1,-1,,,2.132810039141269,6.144480993037545,False,not-round;elongated,reject
6598,144,12.21492399628926,0.281031799253182,0.12240670382333256,0.2250326673037779,0.2337273596188284,1.0,0.2857142857142857,0.8958333333333334,7,520.350830078125,240.86761474609375,1.2930046499999999,1,-1,,,1.5223023267512346,3.8881626065109542,False,not-round;defocus,reject
9680,59,12.423667778304207,0.1662608059435111,0.10097682110427664,0.21540989391936977,0.29359127259859563,3.0,1.0,0.8125,3,520.482421875,93.50980377197266,1.2863641,-1,-1,,,1.3848076136778633,4.21523208123661,False,short;two-cores;not-round,reject
9137,103,18.036867887364703,0.2088585101008906,0.1139493028482467,0.2917521206653517,0.5912170371679503,2.0,0.6,0.7708333333333334,5,741.986328125,309.5282287597656,1.2642242,1,-1,,,0.7806304267272732,3.5588172127049105,False,two-cores;not-round;elongated,reject
48,80,13.084460698461953,0.11468873087750284,0.09458193293069522,0.26450218983119933,0.6054318943431803,1.0,0.2,0.7659574468085106,5,709.4772338867188,305.8317413330078,1.2630887,1,-1,,,0.867018844264898,6.286905655526898,False,not-round;elongated,reject
1332,104,8.42504943997291,0.01728388291572482,0.061065739226894684,0.15746971649635877,0.4786801075559055,1.0,0.0,0.8645833333333333,4,1541.9752197265625,621.1001892089844,1.2622984499999998,1,-1,,,0.7475183611939341,6.122119503623984,True,not-round;elongated;mislink,reject
3643,157,9.733048862885704,0.20767518684514988,0.10784254891168246,0.2154491083777749,0.5164073232449516,1.0,0.375,0.8854166666666667,8,647.2185668945312,126.09239196777344,1.2618345,1,-1,,,0.8942089874780851,7.723049632279432,True,two-cores;not-round;elongated;mislink,reject
5235,129,8.978864261629749,0.1780999083593171,0.08036116715465236,0.18801205056810713,0.4032434283374203,1.0,0.2,0.8541666666666666,5,503.9865112304688,166.03121948242188,1.2563682,1,-1,,,1.5501835467169118,8.140556003627442,False,not-round,reject
3225,86,18.87951170531878,0.07458440654181518,0.14402728530304396,0.1882191442451691,0.4769774462514272,1.0,0.2,0.9166666666666666,5,511.93641662597656,1036.7040405273438,1.25632415,-1,-1,,,0.9015382455099984,7.409745325897703,True,not-round;elongated;mislink,reject
4990,144,20.588341818921204,0.16217598967011515,0.06255875477640478,0.25881580684503663,0.5135115766929097,1.0,0.375,0.7395833333333333,8,501.05177307128906,1045.841552734375,1.24609405,1,-1,,,0.5954121436171768,5.786121284215847,True,two-cores;not-round;elongated;mislink,reject
7594,144,8.196639162596584,0.20001514503357135,0.07269824793297198,0.19065354102499166,0.4076882433426864,1.0,0.14285714285714285,0.8125,7,288.65907287597656,515.0039367675781,1.2425191,1,-1,,,1.2144615147007431,7.329076835306606,False,not-round,reject
9604,58,11.813632361852672,0.08700976240134355,0.17333621312714867,0.22544756315052633,0.4138475330706996,1.0,0.0,1.0,3,712.047119140625,196.7395248413086,1.2336683499999999,-1,-1,,,2.3489980542596833,8.239453635952511,False,short;not-round,reject
5856,128,10.351247057225905,0.2209952647906797,0.15286359133600513,0.21907657497352906,0.5824439298108067,1.0,0.3333333333333333,0.9166666666666667,6,657.4078979492188,124.65901947021484,1.22438125,1,-1,,,0.9337176450305051,7.3038058325307516,False,two-cores;not-round;elongated,reject
5111,182,10.977896220724812,0.23950804543089707,0.08064811310511014,0.2822816540043561,0.6350940953567059,2.0,0.5555555555555556,0.8125,9,717.1325988769531,986.9140014648438,1.20299105,1,-1,,,0.9254260559982815,8.05732784627939,True,two-cores;not-round;elongated;mislink,reject
54,86,19.364838622745896,0.038125701618189484,0.13089467590993875,0.2459202475784948,0.5093905156147471,1.0,0.0,0.8333333333333334,5,512.6067504882812,1034.524658203125,1.16575975,-1,-1,,,1.1481818671527741,5.987145340727406,False,not-round;elongated,reject
7170,299,20.502422001362827,0.14704331387658665,0.19269271283979889,0.3318563139913023,0.4743511708552268,1.0,0.4,0.8541666666666666,15,731.2734375,309.9053955078125,1.1635095,1,-1,,,0.6861970969251764,7.126281486052575,True,two-cores;not-round;elongated;mislink,reject
2692,123,10.575865977685742,0.1044435107235428,0.21784925655888351,0.23068002712083813,0.4040371328451909,1.0,0.0,0.9583333333333334,5,1525.2041015625,440.9924621582031,1.1612642,-1,-1,,,2.7521042162366287,7.3480049090790125,False,not-round,reject
53,61,17.307035800295065,0.11801210796311287,0.10638178165887678,0.18525182963703374,0.43777001415617744,2.0,0.6666666666666666,0.8958333333333334,3,672.2435302734375,130.70755004882812,1.1599778,1,-1,,,1.0147455130414222,6.814983542136558,False,two-cores;not-round,reject
8791,86,9.399039182746938,0.04256789031054956,0.14086236143386696,0.16787240129754422,0.36702416457673537,1.0,0.0,0.9583333333333333,4,1007.6759643554688,939.9616088867188,1.154863,-1,-1,,,2.2784325050229604,5.920008539361837,False,not-round,reject
7303,488,16.38197190742439,0.107630823523003,0.07971165394536622,0.21347258307761663,0.4130717526485777,1.0,0.043478260869565216,0.75,23,735.1499633789062,295.33470153808594,1.14534165,-1,-1,,,0.6715514211237742,6.059222741498646,True,not-round;mislink,reject
7316,101,19.174763729596492,0.2480680318889187,0.05962022289663049,0.31298479033639515,0.5707606838204282,1.5,0.5,0.6979166666666666,4,750.2039794921875,304.9469299316406,1.1432251,1,-1,,,1.2893488691852053,5.430570766956603,False,two-cores;not-round;elongated,reject
3206,80,7.647995693918707,0.3561246790340195,0.05662422151180457,0.216488147484887,0.30481812733236213,1.0,0.0,0.8541666666666667,4,528.6840515136719,226.71789550781253,1.13898165,1,-1,,,1.418814789405239,5.169030657989238,False,not-round;defocus,reject
6434,129,16.468764604744102,0.03485755632933683,0.0898327637621134,0.18263085775204574,0.3826224768003101,1.0,0.0,0.875,7,735.9521484375,297.1222229003906,1.137749,-1,-1,,,0.5943339256289684,4.571875974998253,False,not-round,reject
5160,128,9.397889761250552,0.24646052055368778,0.08099527007652041,0.19971653957449895,0.34229350937463865,1.5,0.5,0.8229166666666667,6,544.8224487304688,226.39317321777344,1.12818775,-1,-1,,,1.4031984083900986,4.402655106725607,False,two-cores;not-round,reject
9814,79,8.675201325523425,0.09458511435818714,0.05352010452437131,0.2546717509602806,0.5999112695907548,1.0,0.0,0.6875,3,669.5316772460938,145.08883666992188,1.103087,1,-1,,,0.9980631830414052,2.763574325074962,False,not-round;elongated,reject
5966,74,7.182085362181711,0.23179272952392088,0.11483491208548308,0.19863369744341208,0.5067342750359487,1.0,0.0,0.8854166666666666,4,552.9120788574219,843.2547302246094,1.1008179,1,-1,,,1.1456471777568904,7.5541207102253765,False,not-round;elongated,reject
9049,208,17.811410131854586,0.1731572053927303,0.14197135613357276,0.2531710536474535,0.492455204922822,1.5,0.5,0.8854166666666666,10,1554.039306640625,647.7859802246094,1.0993336,-1,-1,,,0.7299922186676405,2.977775024596115,False,two-cores;not-round;elongated,reject
739,257,10.186734227743404,0.1918650535234753,0.1371462804868115,0.24226284378002166,0.5866948975339163,1.0,0.4166666666666667,0.9166666666666666,12,669.1019897460938,129.77420043945312,1.0895215,1,-1,,,0.9431239610557168,6.428456401903472,False,two-cores;not-round;elongated,reject
1010,81,9.281910825343623,0.20073434195079448,0.1163088249552075,0.2880524125271128,0.5110459574177542,1.0,0.0,0.8229166666666666,4,323.9248962402344,506.0935363769531,1.08876,1,-1,,,1.3357518061970266,3.596201853273964,False,not-round;elongated,reject
8792,240,15.303328319152428,0.02899085478407007,0.1477531916203264,0.21137091447177664,0.4748285733063234,1.0,0.0,0.9166666666666666,13,712.5064392089844,301.53741455078125,1.07900915,-1,-1,,,0.5807119859504353,6.715754905085865,True,not-round;elongated;mislink,reject
6118,120,10.101828872648236,0.056136407586207325,0.1771630333675802,0.22120690542968952,0.42445856154156725,1.0,0.0,0.9583333333333333,6,1048.0303344726562,833.2163696289062,1.0748109000000001,-1,-1,,,2.4573842505921335,5.920354430575472,False,not-round,reject
9033,92,18.195684807564387,0.09960393541843333,0.28919955766721045,0.3285929091355245,0.569565580386517,1.0,0.2,1.0,5,727.0935363769531,307.35650634765625,1.0650959,1,-1,,,1.1436675266144163,6.437854751428869,False,not-round;elongated,reject
1848,124,9.102918849235756,0.08128155973386683,0.17680746824008176,0.19829007423641962,0.3921940323052677,1.0,0.0,0.9583333333333333,6,1545.726318359375,433.92193603515625,1.05801065,-1,-1,,,2.577540287724977,6.771304317822376,False,not-round,reject
8550,56,20.435317366384194,0.02732870057301828,0.18471841691436564,0.21150436665613606,0.3552124914839852,1.0,0.0,1.0,3,1570.8716430664062,629.44482421875,1.0532673,-1,-1,,,0.8492634978080272,6.122313355507764,False,short;not-round,reject
8956,142,13.324399442909046,0.12326565696500881,0.22953732492823475,0.30784428765319743,0.652666733884152,1.0,0.14285714285714285,0.9166666666666666,7,497.09999084472656,1058.277099609375,1.05205,1,-1,,,0.8194683515604743,5.370372228224271,False,not-round;elongated,reject
3305,70,9.690880077696326,0.014607914781307458,0.09056093299201816,0.30833675303522623,0.5287646076187098,1.0,0.0,0.75,3,653.2997131347656,126.07986450195312,1.05155515,1,-1,,,1.015515164017561,5.382294156171526,False,not-round;elongated,reject
1971,744,14.318015501863009,0.33804620888330766,0.1636862319100346,0.27110345195757746,0.5501448562615238,1.0,0.34285714285714286,0.9375,35,1547.3145751953125,624.3278503417969,1.03668775,-1,-1,,,0.7760107863791456,5.663072078698916,False,two-cores;not-round;elongated;defocus,reject
3399,88,9.122114185041141,0.0645972310492722,0.15551104095967544,0.19305009004610932,0.45213237758785996,1.0,0.0,0.9479166666666666,4,1537.9339599609375,449.7594757080078,1.02379285,-1,-1,,,2.3689630851687715,6.372259368211117,False,not-round;elongated,reject
5690,70,16.438179463925515,0.11344601401267627,0.20076261017461203,0.30164264487213094,0.522196534267727,1.0,0.3333333333333333,0.9166666666666666,3,1570.7938842773438,616.0977783203125,1.00903795,-1,-1,,,0.6414774983626883,1.491459790211582,False,two-cores;not-round;elongated,reject
6989,56,11.090587871859874,0.28365224953569973,0.2185202147850042,0.3614117384298156,0.5726078934330203,1.0,0.0,0.9166666666666666,3,718.7211303710938,298.1718292236328,1.0081562,1,13,0.014316769036828493,0.7174572637284468,0.45683510478849204,1.521246271086299,False,short;rigid-doublet;not-round;elongated;defocus,reject
3990,125,11.01951866073779,0.14886826618052712,0.2125427013516849,0.24740536505365404,0.612601345701022,2.0,0.8333333333333334,0.96875,6,716.0302734375,1002.201904296875,1.0041143,1,-1,,,0.9593744920504103,7.047550628369907,False,two-cores;not-round;elongated,reject
9319,96,8.085803953763406,0.07126691847122407,0.08058640860296985,0.2031146510809984,0.4281616087730419,1.0,0.0,0.84375,4,301.4995422363281,521.2282104492188,0.99692087,1,-1,,,1.371793693252341,6.897973358445443,False,not-round,reject
4452,615,9.483329092131273,0.31316424968957257,0.11742171325237435,0.26938177329278556,0.5676881267072932,1.0,0.034482758620689655,0.8541666666666666,29,485.1429748535156,1036.447265625,0.9786021,1,-1,,,0.6301991613595058,5.636358099777163,True,not-round;elongated;defocus;mislink,reject
1773,192,11.30839936235872,0.2034733492971689,0.13226529086978286,0.2503410746288045,0.4514009517693866,2.0,0.6,0.875,10,300.92564392089844,507.3750915527344,0.975176095,-1,-1,,,1.3435008173121958,6.6619107298189695,False,two-cores;not-round;elongated,reject
7048,81,15.212509323825461,0.11195554011129255,0.17450283842676464,0.22749700807106982,0.43361239237740323,1.0,0.0,0.90625,4,708.478515625,336.1112976074219,0.9690469,1,-1,,,1.1056428646448677,6.639361991614284,False,not-round,reject
6095,157,11.583099754165058,0.26440765652650144,0.1420086968863517,0.25168802236721294,0.6130452660284645,2.0,0.5714285714285714,0.8541666666666666,7,291.6441955566406,501.9566040039063,0.9626878,1,-1,,,1.3506788205260785,4.470319311066167,False,two-cores;not-round;elongated;defocus,reject
4602,80,10.172920262345244,0.29005108861947887,0.1291473156694111,0.21821508744474,0.34633486244628875,1.5,0.5,0.8958333333333333,4,538.2465515136719,228.886962890625,0.96166518,1,-1,,,1.5837600846723565,4.396561789948478,False,two-cores;not-round;defocus,reject
4046,169,10.462513478790601,0.11615120281732351,0.22516994930692474,0.23813654757897862,0.44582545863031464,1.0,0.0,1.0,8,1598.358154296875,469.06585693359375,0.95380306,-1,-1,,,2.793774089049651,7.093727965480884,False,not-round,reject
2959,184,11.613295823200083,0.17657238788000748,0.17331355662955367,0.23444299397516133,0.560256745305265,2.0,0.8888888888888888,0.9166666666666666,9,726.7159423828125,1002.0728149414062,0.95135335,1,-1,,,0.9995301312790478,5.547444383182607,False,two-cores;not-round;elongated,reject
7735,56,20.84361459877891,0.018799512036888878,0.11921007942532584,0.21769846220653435,0.46515522195034253,1.0,0.0,0.8333333333333334,3,1576.9863891601562,619.6219177246094,0.943982215,-1,-1,,,0.9679240303386308,5.014926211827139,False,short;not-round;elongated,reject
7959,99,19.42404180790909,0.07097847741161148,0.09176164507383475,0.19497860652214777,0.41951068864266916,1.0,0.0,0.8958333333333333,4,1572.2886962890625,623.9430541992188,0.9391441,-1,-1,,,0.9628112198866435,8.153770806709122,True,not-round;mislink,reject
9813,74,11.552858779696223,0.2761571960536073,0.07882565541007708,0.23167080086624373,0.5367770903546202,1.0,0.25,0.78125,4,726.9358825683594,983.4029541015625,0.938781725,1,-1,,,0.9143925125905772,5.290778310374425,False,not-round;elongated;defocus,reject
8354,328,13.745495045867496,0.19164667135511598,0.144316823343474,0.2424376288590796,0.4477326087077228,2.0,0.875,0.8333333333333333,16,719.1331481933594,985.203125,0.91776435,1,-1,,,0.9896183746039222,5.703293832474783,False,two-cores;not-round,reject
8675,71,13.592765852549867,0.19154149904200177,0.08798053252006015,0.20683076763747626,0.5381293819905376,1.0,0.0,0.8333333333333334,3,684.7846069335938,118.93538665771484,0.91694194,1,-1,,,0.9176349832583034,5.752561939537795,False,not-round;elongated,reject
61,200,8.585185300203811,0.1615237266637596,0.06793005097625686,0.16956134134907874,0.4891303258028685,1.0,0.0,0.8125,10,1547.0452270507812,609.615966796875,0.9167008999999999,1,-1,,,0.7438275653632953,6.743788196536863,True,not-round;elongated;mislink,reject
8644,126,11.652158071275739,0.10079060700895465,0.22055210446915172,0.23763220123619333,0.44813293317211056,1.0,0.0,0.9895833333333333,6,656.0617370605469,169.3340606689453,0.91117738,-1,-1,,,2.468042217412415,7.012026200171892,False,not-round,reject
6498,102,9.294185788269955,0.3618924453727737,0.10282258808843457,0.24204470094416683,0.5054905425977294,1.0,0.2,0.9375,5,1555.7026977539062,641.1356506347656,0.894106515,1,-1,,,0.7061155759352237,3.962123498724092,False,not-round;elongated;defocus,reject
4419,188,14.597909821276964,0.10670937044203076,0.13825463605661362,0.24548003042581634,0.5041296728564003,1.0,0.0,0.8125,8,705.0735778808594,313.15155029296875,0.89394985,1,-1,,,0.5802583025266055,6.5646706724254225,True,not-round;elongated;mislink,reject
7342,157,11.405687803975747,0.13932580913475148,0.16808535503194436,0.2366184352190994,0.6293844392443679,2.0,0.7142857142857143,0.9166666666666666,7,711.204833984375,993.1156005859376,0.88366467,1,-1,,,0.9977963375985462,6.134870477763713,False,two-cores;not-round;elongated,reject
7758,60,19.343729699603752,0.05184615681687191,0.21812863189801446,0.25676306448507336,0.433581544620439,1.0,0.3333333333333333,0.9791666666666666,3,496.4847106933594,1043.4122314453125,0.8769490849999999,-1,-1,,,0.5976473299101306,1.4255703450029262,False,two-cores;not-round,reject
6509,104,10.789841536955429,0.17485585828210487,0.13046698134417095,0.2588539551636918,0.5516374405750043,2.0,0.8,0.875,5,557.9426574707031,851.8343811035156,0.87440442,1,-1,,,1.0100387369772341,6.652619523040358,False,two-cores;not-round;elongated,reject
4139,388,13.368831612522225,0.13400022361290728,0.09615366168252876,0.21964486717140966,0.29606037309800287,1.0,0.0,0.9375,19,113.52088165283203,789.4201049804688,0.8621605750000001,1,-1,,,1.9145860448296654,6.023706659112355,False,not-round,reject
4043,81,14.46629361180893,0.03735691216748808,0.1533232805859981,0.26511275837024373,0.5587190888352688,1.0,0.25,0.8541666666666667,4,737.96142578125,1024.911865234375,0.8500975,-1,-1,,,1.1811015523558601,4.060015090549032,False,not-round;elongated,reject
3181,219,18.97624402557922,0.02680447491251602,0.2201648141028738,0.27938642261320934,0.4973274481846971,1.5,0.5,0.9479166666666667,10,726.092529296875,310.7575378417969,0.84913474,-1,-1,,,0.6673546708870227,6.379080459423548,True,two-cores;not-round;elongated;mislink,reject
7261,475,13.512983851054297,0.0640557233506661,0.1470341329432361,0.28246845871965043,0.5187590669660881,1.0,0.08695652173913043,0.8333333333333334,23,739.1089477539062,285.5904235839844,0.8454965,1,-1,,,0.6387519727733925,5.378008206949192,True,not-round;elongated;mislink,reject
8967,222,12.10173900357249,0.054531574278845515,0.1889349872106519,0.21892316796630878,0.5342821890491347,1.0,0.0,0.9375,11,709.4671936035156,342.8354949951172,0.839918375,1,-1,,,0.4586760377907701,2.24869375756788,False,not-round;elongated,reject
1766,211,17.506857344331635,0.1216350212918728,0.23478022692210954,0.2875041741475939,0.5745649272871074,1.0,0.125,0.9583333333333333,8,727.0275268554688,310.25518798828125,0.83004636,-1,-1,,,0.8241049550363264,7.771113668769354,True,not-round;elongated;mislink,reject
2725,142,20.69480722381862,0.019258053871560255,0.18614436515282004,0.2700313643002169,0.49052207617967614,2.0,0.5714285714285714,0.9361702127659575,7,1563.0833740234375,626.0830078125,0.828705215,-1,-1,,,1.2479648875379237,5.690868759535752,False,two-cores;not-round;elongated,reject
9377,63,19.335186303058563,0.017088501000275556,0.18402163272656244,0.18639708621463308,0.24272618772519733,1.0,0.0,1.0,3,1573.9139404296875,625.6953125,0.8251043,-1,-1,,,2.357260624139583,6.8918543215935175,False,not-round,reject
2835,88,10.378862486742666,0.18901484331197146,0.1545590172329989,0.25452610573068984,0.6114103765825675,1.0,0.0,0.8958333333333334,5,659.7715148925781,122.32302474975586,0.820102,1,-1,,,1.1193209346654258,7.155514481814629,False,not-round;elongated,reject
2346,90,11.472078998890646,0.10107320197856638,0.13009294450425868,0.2319454731453985,0.5030315725950963,1.0,0.4,1.0,5,295.7799072265625,519.9847106933594,0.8188325999999999,-1,-1,,,1.452785476130561,5.5909047170372945,False,two-cores;not-round;elongated,reject
6477,137,18.48564310570558,0.0444889482374814,0.16686773854794668,0.2157977794236872,0.437903544132575,1.0,0.14285714285714285,0.9166666666666666,7,1571.877197265625,616.855712890625,0.8179012,-1,-1,,,0.7024673481064471,6.049391897945905,True,not-round;mislink,reject
4214,389,12.27405371900834,0.08454246835023084,0.20586625388284469,0.2672488916385445,0.3502361934556013,1.0,0.0,0.9157801418439716,18,553.2846069335938,1079.5062255859375,0.80902576,1,-1,,,0.7112601606934082,4.898040424665613,False,not-round,reject
3097,83,11.706402197039388,0.050928965635395375,0.15694207840251295,0.22536687214601553,0.33165964906071077,1.0,0.0,0.8854166666666667,4,692.8435668945312,347.7684936523437,0.80266625,1,-1,,,0.4778498552040355,3.1393402795637475,False,not-round,reject
8089,55,19.44501335668421,0.028218986039985627,0.06775140990236256,0.14017963017063756,0.3752243325973195,1.0,0.0,0.8333333333333334,3,1561.1568603515625,621.427490234375,0.79963297,-1,-1,,,0.8155489726712704,4.899762897664501,False,short;not-round,reject
3345,587,12.863508119072272,0.07923588996221236,0.15118781859423663,0.2580707040239192,0.4842684155202872,1.0,0.07407407407407407,0.8333333333333334,27,752.4332885742188,309.2352905273437,0.7992153,1,-1,,,0.5770922794111747,4.016062412113724,False,not-round;elongated,reject
6994,68,10.007354997707811,0.080320291007604,0.1808113201935018,0.20783805214727258,0.5074041331880967,1.0,0.0,1.0,3,1046.44677734375,856.0030212402344,0.79553728,-1,-1,,,2.9405618098472184,7.412179610581781,False,not-round;elongated,reject
49,63,9.471434513511536,0.08156614680139414,0.14877379488674958,0.2053848802300141,0.4233442653000231,1.0,0.0,0.8645833333333333,4,110.1547622680664,1158.076171875,0.79411745,-1,-1,,,2.220017369615223,7.281141820667272,False,not-round,reject
8251,325,14.625001514214071,0.10122153562125454,0.2121082753279096,0.29892926834549016,0.4533768749504688,1.0,0.2,0.9166666666666666,15,1585.8690185546875,616.6942138671875,0.7927322,1,-1,,,0.5957636152243967,6.185149878387584,True,not-round;elongated;mislink,reject
3578,190,18.444446650114273,0.12238429689109105,0.3011469458440583,0.3336106358222696,0.5876905661247229,1.0,0.4,1.0,10,724.3195190429688,326.2977752685547,0.790376,1,-1,,,0.9080248457502063,4.263066546015504,False,two-cores;not-round;elongated,reject
1778,77,11.688910263618276,0.011779295833428644,0.14425259288626718,0.24097161007087362,0.36730044971094944,1.0,0.0,0.8125,3,551.9221801757812,850.1700439453125,0.7739892,1,-1,,,0.5899089516014869,6.369859676962997,True,not-round;mislink,reject
8925,194,19.87438065394369,0.04846958662035733,0.15724482519615643,0.18377445372519555,0.5342222666992579,1.0,0.0,0.9375,9,737.8570251464844,331.8261413574219,0.772768,-1,-1,,,1.1226264458596216,6.171341142622701,False,not-round;elongated,reject
1838,52,9.471567585070511,0.033177223408336926,0.18802302705293225,0.20710373749269126,0.3532202694735496,1.0,0.0,0.9791666666666666,3,74.92070007324219,1161.7484741210938,0.7682988049999999,-1,-1,,,2.646552144172803,6.326173231649586,False,short;not-round,reject
4326,73,14.974519198859937,0.034351590566757025,0.22029599892365467,0.25444533307511863,0.5774959616132193,1.0,0.0,1.0,3,733.1507568359375,295.37274169921875,0.7605714,-1,-1,,,0.745735347061249,5.73022157009854,False,not-round;elongated,reject
2663,142,14.998014025645862,0.05078991041909442,0.14111636794951843,0.25631005554623565,0.4879786778253361,1.0,0.0,0.8229166666666667,6,1549.4441528320312,630.1893920898438,0.7605249000000001,1,-1,,,0.6107492519316962,5.078875571040021,True,not-round;elongated;mislink,reject
7673,242,17.529125649710906,0.2124076867825157,0.1341837017260309,0.2794012449044583,0.6238224380537283,2.0,0.8,0.7916666666666667,10,1552.606201171875,645.0674743652344,0.754749685,-1,-1,,,0.9942808048363331,5.9586356163958945,False,two-cores;not-round;elongated,reject
8833,190,17.871104142923446,0.02592467593120573,0.1791669372601834,0.22372526837936288,0.49200074815791917,1.0,0.0,0.9375,9,513.7707214355469,1032.4988403320312,0.7506078,-1,-1,,,0.9685700916649513,5.313350003363051,False,not-round;elongated,reject
8134,146,9.173313345611703,0.034817799066856045,0.1698943420567761,0.1936317294100369,0.4121882854953104,1.0,0.0,0.9791666666666666,7,1181.273681640625,117.35657501220705,0.74845093,-1,-1,,,2.615511028767832,5.907532653444548,False,not-round,reject
3868,84,10.50147304129313,0.22061409031624302,0.12788258765027638,0.23661043411992144,0.5439671989850456,1.0,0.4,0.9375,5,641.81640625,122.60664749145508,0.74744561,1,-1,,,0.8964576509371759,4.13952873898448,False,two-cores;not-round;elongated,reject
2105,66,17.75797808317889,0.1782753640018705,0.16872941919104045,0.25299309171532536,0.3744640456182841,1.0,0.0,0.875,4,1581.6134033203125,617.9773864746094,0.7441053799999999,-1,-1,,,0.8037559609800448,7.46553357450339,True,not-round;mislink,reject
6971,120,9.811273859919794,0.07287245495138275,0.18421628894650396,0.20420984607141615,0.38888691527811603,1.0,0.0,0.9583333333333334,5,1180.2802124023438,129.11349487304688,0.72819817,-1,-1,,,2.6744611850918836,7.381487364812509,False,not-round,reject
9815,77,12.210296927195541,0.20091290544629717,0.3329572025437125,0.3888234146723397,0.6189234981675074,1.0,0.25,0.9791666666666667,4,496.7102661132813,1057.30810546875,0.7243138,1,-1,,,0.9051304174696143,4.547369924503722,False,not-round;elongated,reject
9861,60,17.472343457181978,0.16346195468796687,0.18032983141128067,0.22342015508541535,0.32724868914121163,1.0,0.25,0.9270833333333333,4,494.0197448730469,1019.8014221191406,0.7237462800000001,-1,-1,,,0.7553468894052654,7.25491575392021,True,not-round;mislink,reject
6337,88,23.988376120069976,0.10439555398616479,0.0409461989041222,0.07936560416582268,0.1938474260518122,1.0,0.4,0.875,5,731.7177124023438,312.16160583496094,0.7206306,1,-1,,,0.721545820989721,5.797190215574128,True,mislink,reject
2684,68,11.60458618333572,0.07117748974217278,0.15521115469358732,0.19769271427694593,0.2720048909647328,1.5,0.5,0.9465277777777779,4,210.87069702148438,1214.8206176757812,0.715913445,-1,-1,,,1.1936387927451502,7.8339874379004195,False,two-cores;not-round,reject
5897,102,12.756602253305878,0.013432613947087358,0.14764162625699084,0.2349573217369843,0.3368449659583869,1.0,0.0,0.8958333333333334,4,693.7828369140625,348.6069641113281,0.71508025,1,-1,,,0.5187834931421402,5.897995058121261,True,not-round;mislink,reject
9150,78,11.06639619554538,0.11291443509229894,0.23591209784894895,0.32521187142130525,0.4682724458073073,1.0,0.0,0.96875,4,1461.6923217773438,1063.9988403320312,0.704140515,-1,-1,,,2.3700600243776058,6.113352030491617,False,not-round;elongated,reject
5855,163,16.358074962972715,0.05331817057694403,0.1276710686576724,0.21608122772389424,0.41227279961154484,1.0,0.0,0.84375,8,729.22021484375,302.3599853515625,0.70180464,-1,-1,,,0.7477514605479468,3.74236255300527,False,not-round,reject
6853,123,10.702842976390032,0.11449788962421448,0.11146770381890354,0.2677092069596242,0.36227511293115267,1.0,0.16666666666666666,0.75,6,726.2137451171875,1031.3021240234375,0.7014503,1,-1,,,1.9453444029055988,6.230801306436408,False,not-round,reject
5065,189,12.147862319723387,0.07066580638080594,0.21643836052426413,0.28742746956101234,0.43155164325844825,1.0,0.0,0.90625,8,617.6279907226562,610.8560180664062,0.6965296,1,-1,,,0.7108399760836722,5.466306213013786,False,not-round,reject
9868,69,8.048039501506322,0.04732285619214209,0.09542296893254529,0.2182174118988425,0.4482913987859668,1.0,0.0,0.8020833333333333,4,1149.1265869140625,137.8437042236328,0.690787,-1,-1,,,2.5015736427753184,7.296305382970307,False,not-round,reject
4948,80,13.108058470052896,0.08986983512575947,0.19569457678541338,0.2158758699729159,0.40078833888615506,1.0,0.0,0.9791666666666667,4,695.6196899414062,349.83563232421875,0.690042365,1,-1,,,0.6346237552292407,3.7507923037079176,False,not-round,reject
7957,53,17.69196991139947,0.11168330243822557,0.22597104260508175,0.3005100268173644,0.40453902296097066,1.0,0.0,0.9583333333333334,3,703.8495483398438,333.1684265136719,0.68078953,1,-1,,,1.6284423314288357,4.7048615319274605,False,short;not-round,reject
7426,56,11.820065833396516,0.06325507034259072,0.2034439231981877,0.2725788193704417,0.4234795557930324,1.0,0.0,0.8958333333333334,3,617.5998229980469,619.7168884277344,0.676376105,1,-1,,,0.7169461287222596,3.2533944919674633,False,short;not-round,reject
65,268,10.54147858246754,0.15089613273317584,0.2767123235236031,0.3253035563478281,0.46744226629158303,1.0,0.0,0.9583333333333334,13,320.877685546875,1034.4008178710938,0.67496543,1,-1,,,0.3352113017617687,6.170780880739827,True,not-round;elongated;mislink,reject
6195,111,11.127519875268614,0.04461623330164128,0.2524317902855719,0.2729098745527471,0.5250903451036382,1.0,0.16666666666666666,1.0,6,226.1639709472656,1209.8687744140625,0.67054915,1,-1,,,1.340300388355744,5.957919020007522,False,not-round;elongated,reject
6146,169,11.335912809496428,0.07132795466363756,0.1872510457079959,0.1982525563302569,0.42195779963425273,1.0,0.0,0.9791666666666666,8,243.10585021972656,1150.2269287109375,0.6664672,-1,-1,,,2.2286911587703653,8.087331356987535,False,not-round,reject
5100,177,11.40685509091328,0.09845274912870819,0.2244537643271547,0.3062095380156101,0.5086263297350406,1.0,0.375,0.9375,8,667.471435546875,129.80975341796875,0.6537628,1,-1,,,0.8605755280208333,7.765259843545443,True,two-cores;not-round;elongated;mislink,reject
9659,77,18.763670082927582,0.055149745570423084,0.15577458744267636,0.25059618439812903,0.5097588784601319,1.5,0.5,0.8333333333333334,4,1588.9891357421875,630.0286254882812,0.6462656,-1,-1,,,1.140674806125336,4.1018729669142155,False,two-cores;not-round;elongated,reject
2718,369,10.66285713447254,0.12310526410255714,0.19156092985622958,0.3306693533684765,0.5244874701766318,1.0,0.23529411764705882,0.8125,17,1575.7559814453125,589.7205810546875,0.63568777,1,-1,,,1.2666667495513884,6.866165518322037,False,not-round;elongated,reject
1736,67,10.591668240088783,0.06634885588475252,0.1857241788731505,0.2349632996125502,0.36078894062129635,1.0,0.0,1.0,3,489.0559692382813,1030.018798828125,0.63067895,1,-1,,,0.689034163106273,2.7775718088399195,False,not-round,reject
4992,58,11.899049074965095,0.18788403037855317,0.23870502479526323,0.2944265782305764,0.6322568239830086,1.0,0.0,0.9375,3,703.2899780273438,298.50624084472656,0.6289873100000001,1,-1,,,1.0727180607378535,6.277801382032913,False,short;not-round;elongated,reject
3774,78,15.960632904096546,0.028473701747899507,0.206844389104442,0.2773421049321333,0.5486486944718939,1.0,0.0,0.9583333333333334,3,1546.0452270507812,608.7259216308594,0.624389235,-1,-1,,,0.6204822063585853,3.1408096254835414,False,not-round;elongated,reject
4757,176,13.789581828683811,0.07657162111403955,0.11500533164708676,0.26314605587325,0.5711334473188155,1.0,0.1111111111111111,0.8541666666666666,9,716.5541381835938,313.7244415283203,0.620117365,-1,-1,,,0.5731139237524245,7.210157542552666,True,not-round;elongated;mislink,reject
8842,249,12.21510734353058,0.1601079003616629,0.32880046860135914,0.3605867331119106,0.6161211195393306,1.0,0.0,1.0,12,320.7790222167969,1034.4754638671875,0.6196673,1,-1,,,0.33861549128392676,1.4486582053058557,False,not-round;elongated,reject
992,121,11.511448198076552,0.11200548990968254,0.19473397828907896,0.2776908052513619,0.3910166776597943,1.0,0.16666666666666666,0.90625,6,617.1542358398438,617.6491088867188,0.60416746,1,-1,,,0.42384407709297084,7.605452965375668,True,not-round;mislink,reject
4774,57,13.917454349185025,0.04715932274137866,0.23541085204251241,0.3073403646248449,0.5980028148955753,2.0,0.6666666666666666,0.9583333333333334,3,733.6795043945312,294.7945556640625,0.6027636,-1,-1,,,0.5698436833921506,3.420668482912656,False,short;two-cores;not-round;elongated,reject
987,86,12.645122818548389,0.034195058179067074,0.13027701493310334,0.25868284101761907,0.30860532977245614,1.0,0.0,0.7708333333333334,3,1229.3211669921875,938.6443786621094,0.601696,1,-1,,,0.7265906210299594,7.146824369480705,True,not-round;mislink,reject
9829,77,11.898792678900756,0.023409461545111462,0.23398818751446432,0.2877490624275337,0.4409724395832856,1.0,0.0,0.9375,4,617.3729858398438,610.458984375,0.6016717,1,-1,,,0.6864570492495587,3.337921142578125,False,not-round,reject
8284,63,17.539360538963706,0.11611429436984988,0.1781748074042489,0.25539336871823426,0.567809208458335,1.0,0.0,0.8333333333333333,4,1590.11572265625,626.5997924804688,0.6009435,-1,-1,,,0.95593902162829,4.935710033638056,False,not-round;elongated,reject
2442,150,15.567214827510101,0.08770681105651186,0.12047921545274437,0.24146178393049034,0.5090205366646935,1.0,0.14285714285714285,0.8125,7,708.5994262695312,331.0455322265625,0.5980721499999999,-1,-1,,,0.8264210005091319,6.38877709304585,False,not-round;elongated,reject
8970,75,11.984357514336004,0.0920716978307785,0.21645605314015698,0.2518825181933594,0.37180173203936495,1.0,0.0,0.9479166666666666,4,696.3328247070312,353.4358825683594,0.59713197,1,-1,,,0.6004354957104047,4.1533757808595135,False,not-round,reject
8139,128,15.687768591504557,0.09952053885553604,0.15800747858475261,0.3025644528905168,0.5093815736964991,1.0,0.3333333333333333,0.8333333333333334,6,504.29087829589844,1054.50048828125,0.59705795,1,-1,,,0.8785285792328182,6.784436926488825,False,two-cores;not-round;elongated,reject
72,97,11.623276726243304,0.10016051265165007,0.3432334445580758,0.3996395860382647,0.6140347204059257,1.0,0.4,1.0,5,1535.084716796875,1111.4207763671875,0.59187466,-1,-1,,,2.308869990036988,6.255516670578164,False,two-cores;not-round;elongated,reject
6875,74,14.392073394927726,0.07426103860262397,0.12563420177794044,0.28462985422416687,0.4306025820169131,1.0,0.0,0.8125,3,753.7055053710938,298.466552734375,0.5915100200000001,-1,-1,,,0.9494053645184484,6.935896869208703,False,not-round,reject
644,62,18.330392049410293,0.019867272705179965,0.1370496903165779,0.3118544487799192,0.47740040034086867,1.0,0.0,0.7708333333333334,3,1548.5774536132812,621.4986877441406,0.591139525,1,-1,,,0.8441998939175785,2.4912459221199925,False,not-round;elongated,reject
4448,58,14.822519423900742,0.006942128264212946,0.19554141764795877,0.20936326389812232,0.5207308814389394,1.0,0.0,0.9791666666666666,3,1541.3201293945312,628.9341430664062,0.5847448449999999,-1,-1,,,1.5798478976694996,5.716540313277923,False,short;not-round;elongated,reject
1472,85,16.573727530521765,0.23021497230633378,0.2921065430644564,0.3082502574931614,0.6527735026429411,1.0,0.25,1.0,4,503.1388549804688,1053.8536376953125,0.5841095,-1,-1,,,0.6209869040431025,6.613189825348673,True,not-round;elongated;mislink,reject
3766,262,10.815605953279213,0.1434557483349934,0.26861297969449605,0.30450740101083434,0.5637526825836547,1.0,0.25,0.9791666666666666,12,669.0647583007812,131.72057342529297,0.581011975,1,-1,,,0.5548953798379029,4.3412241058411185,False,not-round;elongated,reject
8195,106,10.637779366098199,0.0322544516228179,0.2612121646854004,0.30746814725453836,0.40708731131467896,1.0,0.0,0.9166666666666666,5,320.9114532470703,1034.371826171875,0.57961715,1,-1,,,0.38066588631821535,4.304614423544355,True,not-round;mislink,reject
98,122,11.364832827927586,0.0642161174166618,0.24961808722479079,0.2807627281585747,0.49501535572273087,1.0,0.0,0.9789450354609929,6,192.99554443359375,1211.6142578125,0.5774485149999999,1,162,0.07251753857978106,0.7137688367710364,1.2515915781333513,3.7698197993403864,False,rigid-doublet;not-round;elongated,reject
1098,61,19.2649353049595,0.04714827146617396,0.10903698271402636,0.17760206406230486,0.3619150223509419,1.0,0.0,0.8541666666666666,3,1561.7091064453125,625.132568359375,0.5762805,-1,-1,,,1.5751343296329263,4.163903410018329,False,not-round,reject
73,347,12.844088624389043,0.08499830374894952,0.13642646365753605,0.29910211979082724,0.5232120270079867,1.0,0.0,0.8125,17,753.0674438476562,303.0762023925781,0.57606846,1,-1,,,0.8386172027820675,5.983467633121367,False,not-round;elongated,reject
9367,62,23.206116133124638,0.0862163632752434,0.031813098596443656,0.2038072384942231,0.3344999091552835,1.0,0.3333333333333333,0.8478260869565217,3,491.07708740234375,1018.2059326171875,0.57441735,1,-1,,,0.7242750842388044,6.855206749805501,True,two-cores;not-round;mislink,reject
448,133,11.044688990381117,0.1035672434451542,0.19036020972087742,0.2541463965603962,0.4535853027328967,1.0,0.0,0.8958333333333334,7,484.7215881347656,1030.3824462890625,0.5579352,1,-1,,,0.9770458510158545,6.445505124305939,False,not-round;elongated,reject
9227,134,14.722685355104279,0.045403553878555186,0.26794774838600827,0.2966134849460846,0.45668986262714706,1.0,0.0,0.9583333333333334,7,1591.8024291992188,605.190185546875,0.55509368,1,-1,,,1.7302709442750985,5.896814227315372,False,not-round;elongated,reject
2358,191,18.44241282613545,0.11846453441186285,0.19750026824546568,0.29842062134320785,0.5233179689197193,1.0,0.3333333333333333,0.8333333333333334,9,723.34619140625,326.17791748046875,0.5522272,1,-1,,,0.8073149472047447,7.602513036993632,True,two-cores;not-round;elongated;mislink,reject
56,60,15.686569282971924,0.04769496553834395,0.15271583763565003,0.22601855729184878,0.5418590697087353,1.0,0.25,0.8958333333333333,4,731.1242370605469,984.2051086425781,0.5438597700000001,-1,-1,,,1.1705104446748642,3.0253900050192803,False,not-round;elongated,reject
71,244,16.845772479268284,0.1954395730716554,0.1490148178263616,0.29179645322614106,0.4752268203538221,1.0,0.0,0.8541666666666667,12,1551.3040771484375,629.2747497558594,0.5430809700000001,1,-1,,,0.8094139442709111,6.9912159762928505,True,not-round;elongated;mislink,reject
7536,76,10.993018106823506,0.017139144699415635,0.16177704783555574,0.19938479320627142,0.6817772449376969,1.0,0.0,0.96875,4,714.6497802734375,701.4707336425781,0.542272335,1,-1,,,1.3605399566078828,4.773058848792753,False,not-round;elongated,reject
3905,67,11.019073002167676,0.11097778103529021,0.27003496930181214,0.3052185423935735,0.5633766477398273,1.0,0.0,0.9787234042553192,4,207.51931762695312,1213.66064453125,0.5418043,1,3875,0.05668290742270518,0.7059774891852699,1.2547385948643912,2.7702178521390013,False,rigid-doublet;not-round;elongated,reject
5301,59,14.33643882002396,0.08171768157357255,0.13935059823784354,0.2932117213708491,0.5521675162138626,2.0,1.0,0.8541666666666666,3,644.3499145507812,113.45240020751952,0.5358453,-1,-1,,,1.4418156788585346,5.080310921824983,False,short;two-cores;not-round;elongated,reject
7203,199,17.12465548447159,0.028387142759349258,0.11696885217071516,0.28452888663386144,0.4082207421113618,1.0,0.0,0.75,9,723.6939086914062,299.858154296875,0.53489023,-1,-1,,,0.7471430373951861,5.883868695448323,False,not-round,reject
6820,61,11.876081452532052,0.16982522680625917,0.2044811103049844,0.2710919355489182,0.461669652922856,1.0,0.25,0.9583333333333334,4,225.9095764160156,1201.818603515625,0.533516,1,-1,,,1.9038190557330097,7.510617168448955,False,not-round;elongated,reject
4870,126,12.4127273228762,0.13542147473271643,0.2303071704685784,0.28550898917887696,0.5645829878368578,1.0,0.16666666666666666,0.90625,6,736.03564453125,1026.69775390625,0.53209708,-1,-1,,,1.8898476838282527,6.574433407807277,False,not-round;elongated,reject
74,85,19.966399722370326,0.1622473348506384,0.5189460998349241,0.5791573821598857,0.7837631793472764,1.0,0.0,1.0,5,535.1348266601562,1089.135498046875,0.5320104,1,-1,,,1.9196419129038673,7.7255406451907795,False,not-round;elongated,reject
6150,70,15.08584318513828,0.22568440422493216,0.17094322853138,0.24126958578713284,0.5717472189454571,1.0,0.25,0.9479166666666666,4,741.9092407226562,310.8941192626953,0.53159415,1,-1,,,0.8257426027995333,7.343317355184793,True,not-round;elongated;mislink,reject
9898,60,11.357839440773617,0.04860240830944414,0.15525492593138623,0.33604561647385217,0.4831131578982415,1.0,0.0,0.75,3,1238.0408935546875,924.1180725097656,0.51742412,1,-1,,,1.1920531512163333,5.907215822184544,False,not-round;elongated,reject
6758,124,12.504623872627448,0.18204144818647341,0.16921874598629086,0.29464692647914514,0.5490234510320008,1.0,0.2,0.8333333333333334,5,1569.2673950195312,600.7878723144531,0.51285292,1,-1,,,1.9189579883479357,7.70364234157821,False,not-round;elongated,reject
4787,55,12.493328976767797,0.08558235556391701,0.12555609327065195,0.2877827212485565,0.3556821661401138,1.0,0.0,0.8958333333333334,3,656.4244384765625,130.80877685546875,0.5093693,1,-1,,,0.8769773627235901,3.2124351387666343,False,short;not-round,reject
2787,168,15.503136500629312,0.17945612545720543,0.18873100254791436,0.3811262917212918,0.5643098622389111,1.0,0.2222222222222222,0.8333333333333334,9,699.4237670898438,332.86378479003906,0.509009265,-1,-1,,,1.6612024804428331,7.187740123293899,False,not-round;elongated,reject
8247,78,21.104265387242943,0.03323391911110188,0.020677467417141743,0.1064680229148718,0.39241116311373153,1.0,0.0,0.8837209302325582,3,506.7225799560547,1012.2106628417969,0.50512492,1,-1,,,0.8440188087943135,4.009936517571933,False,not-round,reject
6228,91,14.723873496425494,0.24067864576174527,0.2530308848196269,0.3283636219329573,0.5263130308934425,1.0,0.0,0.9270833333333333,4,1559.7530517578125,606.7352905273438,0.50379235,1,-1,,,1.6864716372541129,6.618221599896701,False,not-round;elongated,reject
2327,67,7.017697101393348,0.03388930450597058,0.07990501923754263,0.26586288770750083,0.3676089461072618,1.0,0.0,0.7916666666666666,3,707.199951171875,708.7922973632812,0.5027201,1,14,0.02683381660930282,0.7750584992982023,1.4693861074714005,6.111192847118313,False,rigid-doublet;not-round,reject
5604,65,13.492740271851734,0.11892734116188387,0.19004938901315782,0.3647005959859289,0.6947093684993707,1.0,0.3333333333333333,0.9583333333333334,3,704.0834350585938,313.3973693847656,0.49980137,1,-1,,,0.8589859342074838,4.560436975703867,False,two-cores;not-round;elongated,reject
6194,77,13.485958152868806,0.2358243090319016,0.16985858505720677,0.2987955522099411,0.6131501195029568,1.0,0.0,0.8085106382978723,5,719.7727661132812,298.0667724609375,0.498511,1,-1,,,0.599111462279191,2.6898181344850096,False,not-round;elongated,reject
7139,63,11.061048135021023,0.03296897600920871,0.10504219831565441,0.22702386359332266,0.4602709348454608,1.0,0.0,0.8125,3,714.0700073242188,315.9216613769531,0.49809214,-1,-1,,,0.7812320141914558,6.697000001206455,True,not-round;elongated;mislink,reject
3420,131,9.218604402405576,0.09746378060919521,0.12284977950071874,0.1692023513705479,0.4062336163990684,1.0,0.0,0.9166666666666667,6,273.2649230957031,1203.172607421875,0.49617746,1,-1,,,2.410085743319211,7.113112162214854,False,not-round,reject
1666,66,12.522778956686107,0.16551427480823372,0.25368477251854554,0.3515736867931175,0.5883013084409354,1.0,0.0,0.9375,4,742.0098876953125,1018.3609924316406,0.49338695499999996,1,-1,,,1.8358442911731183,5.009535614342237,False,not-round;elongated,reject
2527,265,11.705789719982345,0.14829013576110497,0.23554123147622028,0.3120301526020435,0.4916650375952222,1.0,0.23076923076923078,0.9166666666666666,13,750.1143798828125,1031.274658203125,0.49271262,1,-1,,,1.4642067109418202,7.578604917869873,False,not-round;elongated,reject
4368,114,10.885056318149225,0.09005833496867621,0.28352388065621736,0.2973877935322464,0.5011788266267087,1.0,0.16666666666666666,1.0,6,739.0989685058594,1032.6248168945312,0.48616416,1,-1,,,1.429052453890016,6.656247053696983,False,not-round;elongated,reject
7393,62,17.336523994377522,0.01285271179826902,0.32683298265500066,0.34063257401200686,0.4494535592066764,2.0,0.6666666666666666,1.0,3,710.3972778320312,331.74774169921875,0.485816445,1,-1,,,1.4805871742448133,3.762598119629404,False,two-cores;not-round,reject
3164,92,11.178692419932947,0.14741372497627986,0.14674576253599492,0.23337439176493796,0.6736022856107722,1.0,0.0,0.8958333333333333,4,712.6973266601562,721.8070678710938,0.484098225,1,-1,,,1.284041953136809,3.4369203539374142,False,not-round;elongated,reject
6320,67,15.084515016984087,0.0668487028847104,0.10697718996459607,0.3042882350762891,0.5413014550919288,1.0,0.0,0.75,4,544.761474609375,1077.9488525390625,0.48375452,-1,-1,,,1.6263592236361681,4.84589100336656,False,not-round;elongated,reject
476,114,12.723545245355524,0.10151128879754458,0.1578725044700587,0.3146316489363889,0.4148502823174822,1.0,0.0,0.8125,5,666.6729736328125,109.43061828613281,0.478638425,1,-1,,,0.9388697209612009,6.211757182369505,False,not-round,reject
227,130,12.265103545325067,0.08753596856933107,0.19333235862793488,0.2499851280103286,0.38274591169476685,1.0,0.0,0.9583333333333334,7,543.3682861328125,1084.1345825195312,0.477261285,1,-1,,,0.9085453362653271,5.363093280919186,False,not-round,reject
7830,164,15.905498970004771,0.054842695785642805,0.27177147114548034,0.37264841412640404,0.5038624641472957,1.0,0.0,0.90625,8,714.1400756835938,327.71893310546875,0.477109,1,-1,,,0.9728470743851472,5.6012887359934505,False,not-round;elongated,reject
6321,60,11.35914893694062,0.1282890141917778,0.22332979329748073,0.28516490972065606,0.5088386369888335,1.0,0.0,0.9166666666666666,3,667.3523864746094,134.79199981689453,0.47530110000000003,1,-1,,,0.9259826042758931,4.394448753536274,False,not-round;elongated,reject
1999,97,13.516644891534655,0.1306273176583559,0.28025887495330354,0.3031934669805335,0.4449244896204486,1.0,0.0,0.9895833333333333,4,491.11370849609375,1024.6510009765625,0.47434723,1,-1,,,1.1581799046092203,7.666118023231807,False,not-round,reject
5034,77,10.611818287370484,0.2378642353025213,0.22021181543860274,0.32271034013020644,0.49385760880630913,1.0,0.3333333333333333,0.8958333333333334,3,667.6500244140625,121.44146728515624,0.4743303,1,-1,,,0.8944751316925885,6.908210054790596,False,two-cores;not-round;elongated,reject
5445,63,12.46347422472838,0.07643107687374223,0.13205476604338945,0.3617074206175055,0.7166987592143035,1.0,0.0,0.875,3,711.0528564453125,284.4748840332031,0.47186816,-1,-1,,,1.2431907907258162,4.333784039883989,False,not-round;elongated,reject
2123,53,21.722952233196363,0.05403764409345026,0.20097698849666815,0.2671133795464571,0.6149549567228582,1.0,0.0,0.9166666666666666,3,499.12152099609375,1032.71728515625,0.47135046,-1,-1,,,1.104052420813665,7.3964329816726035,False,short;not-round;elongated,reject
5089,127,8.85847373828944,0.22969513334358854,0.14220444091453163,0.17399800656582956,0.43155190850648806,1.0,0.0,0.9375,6,214.57618713378903,1172.8406982421875,0.4712776,1,-1,,,2.193794985304492,6.253113334393536,False,not-round,reject
7001,199,12.181246200617164,0.11517194740254084,0.2611971177815241,0.29597166850660334,0.47390298607524395,1.0,0.0,0.9791666666666666,10,485.2042846679688,1053.8394775390625,0.47105315,1,-1,,,0.7267558929730396,3.5124823885452154,False,not-round;elongated,reject
5339,176,14.500064969768271,0.07400506709876896,0.17677659914039678,0.24804217076059115,0.521821369148747,1.0,0.0,0.9375,9,737.5954284667969,996.2970275878906,0.46862759,-1,-1,,,1.2615528327994834,5.735813892254161,False,not-round;elongated,reject
7206,52,13.467139132690239,0.025722114760175503,0.11481706271169952,0.19801881189258447,0.47249090024230506,1.0,0.0,0.8333333333333334,3,697.5382995605469,306.3121795654297,0.468386635,-1,-1,,,0.923746461758941,6.343352597632631,False,short;not-round;elongated,reject
4666,200,11.487798741598075,0.09573122988022689,0.25463140893700686,0.29054950652009004,0.4254227244915586,1.0,0.0,0.9791666666666666,9,477.8124389648438,1040.4169921875,0.46646325,1,-1,,,0.5781192597959238,3.128809774897698,False,not-round,reject
4197,166,11.714912189569798,0.12531936924324208,0.23136695492078937,0.32379745157240375,0.42760484589601716,1.0,0.14285714285714285,0.9166666666666666,7,729.16015625,995.7022094726562,0.46447239,1,-1,,,1.0909893662804544,6.337780100677122,False,not-round,reject
7675,295,13.236780311398261,0.18562716152021283,0.21354911828827808,0.30846565598852754,0.530366985227604,1.0,0.4666666666666667,0.9375,15,721.2921142578125,1023.9213256835938,0.46419713,-1,-1,,,1.3530641022669743,7.974052501038562,False,two-cores;not-round;elongated,reject
8568,222,13.483636397650729,0.06675362013654154,0.20283791682799607,0.25675713175800824,0.530335752797902,1.0,0.2727272727272727,0.9166666666666666,11,704.2496643066406,320.9444274902344,0.46172077,-1,-1,,,0.5802674920104396,2.889913989522564,False,not-round;elongated,reject
3583,156,11.677632214932864,0.11221752685626357,0.2632317707225886,0.33400864270875485,0.5425477489529623,1.0,0.1111111111111111,0.9375,9,112.2044563293457,759.1289978027344,0.46019828500000004,-1,-1,,,2.6282529138583413,7.587819208527433,False,not-round;elongated,reject
6112,196,16.044977161858196,0.0552112884382769,0.35363091174281314,0.37312506666182205,0.467074217915964,1.0,0.2,1.0,10,713.4200134277344,326.0681915283203,0.452837765,1,-1,,,1.1545805616696323,6.163332317304289,False,not-round;elongated,reject
7596,65,17.41254951736966,0.037226443363468364,0.14980240725473115,0.2715813949626277,0.5963242598206762,1.0,0.0,0.8333333333333334,3,503.2033386230469,1013.9833374023438,0.44573775,-1,-1,,,1.339682668035604,8.20242451702641,False,not-round;elongated,reject
605,74,18.293048847797767,0.10529743106322464,0.14477292004861003,0.2626942503468958,0.5887427216336218,1.0,0.0,0.8229166666666667,4,1588.6744995117188,610.8729553222656,0.44510186,-1,-1,,,0.9536564106220016,3.2774620307345064,False,not-round;elongated,reject
104,121,13.94291772553812,0.041643108950324484,0.1645247966851817,0.24258456630574565,0.444611572007928,1.0,0.0,0.8854166666666667,6,710.2124633789062,342.7468566894531,0.44463602,1,-1,,,0.7837911364465969,7.684769288149773,True,not-round;mislink,reject
9232,148,18.321000591595457,0.0650764660871006,0.18844278448654564,0.22757663055439753,0.4068416850124626,1.0,0.2857142857142857,0.9166666666666666,7,503.17259216308594,1019.05419921875,0.44253582,-1,-1,,,0.9803325319821199,7.886789599356096,True,not-round;mislink,reject
4898,91,17.13522701528215,0.042654560509879494,0.3402333677724025,0.3558946054055466,0.6206362217836903,1.0,0.25,1.0,4,748.5703125,309.0214233398437,0.43651962,-1,-1,,,0.6937233070438293,4.567598231477786,False,not-round;elongated,reject
7210,281,12.592508950245485,0.12221067653903617,0.20847322652442135,0.2769009432974028,0.45179573602278494,1.0,0.0,0.9479166666666667,12,543.28759765625,1083.2353515625,0.43619362,1,-1,,,0.6790953612959917,4.477676238181179,False,not-round;elongated,reject
4369,65,8.608762338948427,0.10340472828121353,0.1456585991515447,0.16518282377261204,0.41210191887094455,1.0,0.0,0.9583333333333334,3,227.36105346679688,1172.4349365234375,0.4348201,1,-1,,,2.5071578048800425,5.628208204229045,False,not-round,reject
2254,126,10.713367386520444,0.09934391689837718,0.1807232157132137,0.28199541142372914,0.4999742001763232,1.0,0.0,0.8958333333333334,5,726.8297729492188,995.0790100097656,0.43421856999999997,1,-1,,,1.0812283035890875,7.879042037690144,False,not-round;elongated,reject
2985,75,18.19885965582301,0.03225114465220463,0.1446554379974569,0.25438600771708375,0.4782905598225735,1.0,0.4,0.9166666666666666,5,499.1492614746094,1034.7364501953125,0.43219027,-1,-1,,,0.9965718784158991,7.478666881051925,False,two-cores;not-round;elongated,reject
784,50,19.210683591911103,0.008718343985210819,0.1193154000779888,0.21126339431047564,0.578651985962724,2.0,0.6666666666666666,0.8333333333333334,3,1564.9139404296875,587.5898742675781,0.42946117,-1,-1,,,1.380132819892973,7.200135560733949,False,short;two-cores;not-round;elongated,reject
83,217,16.566474358087387,0.0893114572035649,0.19453631818992834,0.26795708082916353,0.455695012601247,1.0,0.0,0.9166666666666666,11,1558.88330078125,636.7894287109375,0.42832518,1,-1,,,0.7926700624329601,4.5115933603724905,False,not-round;elongated,reject
4512,55,23.851659014315064,0.022410743542463172,0.24632810161510096,0.25803028769050385,0.6296663924044029,1.0,0.0,1.0,3,1580.051513671875,618.8348999023438,0.4278172,-1,-1,,,1.3715130520212169,5.4017722502620655,False,short;not-round;elongated,reject
3557,63,9.963779897263565,0.11821188704005334,0.06747522655703336,0.14571997101548356,0.4832337725378826,2.0,1.0,0.8333333333333334,3,228.20477294921875,179.94326782226562,0.42622566,1,-1,,,2.0412773148922594,5.315051435559141,False,two-cores;not-round;elongated,reject
5613,63,14.9036371129217,0.03262817704738861,0.29936104501942334,0.3776271260463818,0.7371455437489507,1.0,0.0,0.9375,3,709.77734375,322.408447265625,0.4226172,1,-1,,,0.6052441823475211,4.361202186922084,False,not-round;elongated,reject
3209,63,11.991160490669541,0.007451448850339252,0.16643070886757655,0.22878108748541764,0.42668490599201286,1.0,0.0,0.9166666666666666,3,708.0423583984375,343.36724853515625,0.42080525,1,-1,,,0.49754960054073555,1.937554589995496,False,not-round,reject
1822,55,12.85230029237212,0.13295315138160752,0.20096022445097333,0.38602803559603516,0.6167545825032696,2.0,0.6666666666666666,0.875,3,663.6114501953125,133.28057861328125,0.41914955,-1,-1,,,0.901594006473724,7.1577263217274245,False,short;two-cores;not-round;elongated,reject
1986,225,10.864854266856124,0.08564373676332158,0.26647144733604455,0.3301413975802692,0.6149749545756769,1.0,0.0,0.9583333333333334,11,510.1772155761719,1068.855712890625,0.41894916,1,-1,,,1.0152265990019913,4.533040368989139,False,not-round;elongated,reject
4344,203,12.228770962027733,0.132365474553939,0.2528515034351116,0.33081338873768795,0.5318983886461461,1.0,0.1,0.9479166666666666,10,551.9827270507812,851.3634033203125,0.41554368,1,-1,,,0.4348709664670209,3.95032269964417,True,not-round;elongated;mislink,reject
9727,90,11.984799881391808,0.011744857332446911,0.16543374715213163,0.3056460369498476,0.42924990827808085,1.0,0.0,0.8085106382978723,3,254.1817626953125,1210.4364013671875,0.41034501,1,-1,,,1.4329443478959465,4.878053825104772,False,not-round,reject
2309,182,13.032223303723649,0.1262439605418785,0.2640546611139389,0.3210278445075621,0.5854371112465733,1.5,0.5,0.9581117021276595,8,749.6986083984375,310.1988983154297,0.40990925,1,-1,,,0.8282567977495227,4.936705976727908,False,two-cores;not-round;elongated,reject
1945,94,10.585826508283297,0.16890019209359036,0.27916065261976714,0.35327404046402605,0.48437801901314587,1.0,0.0,0.9166666666666666,5,622.3302001953125,619.3553161621094,0.40866252999999997,1,-1,,,0.7433400500875108,2.7355329474860355,False,not-round;elongated,reject
4115,52,15.78682989527833,0.013531082014561947,0.3342103906789071,0.3679416252831824,0.7727842298859935,1.0,0.0,0.9791666666666666,3,701.7820129394531,317.4219512939453,0.40798375,1,-1,,,0.8559800773463462,5.299455376879066,False,short;not-round;elongated,reject
9435,139,12.509410640641338,0.04979133583522415,0.26857075117661694,0.32531894961936186,0.3219100111086289,1.0,0.0,1.0,7,738.4449462890625,1003.0774536132812,0.40745103,1,-1,,,0.8019176125770138,4.998386278829835,False,not-round,reject
4303,74,11.604978015811001,0.04116233886622827,0.29414948816058356,0.3339554670029644,0.6340275247069019,1.0,0.3333333333333333,0.9583333333333334,3,1455.4217529296875,1107.3196411132812,0.405384435,-1,-1,,,2.1147145915854693,7.21888007525711,False,two-cores;not-round;elongated,reject
4753,52,11.020602133225996,0.05232666249047855,0.3173165213292493,0.32990634820637066,0.6514774198075174,1.0,0.0,0.9791666666666666,3,219.80879211425778,1213.6957397460938,0.40371049999999997,1,-1,,,1.3022039343187097,6.301278804922272,False,short;not-round;elongated,reject
3281,138,15.552631743442596,0.08083277890124048,0.10290772989042124,0.25209486078527954,0.32930643552304234,1.0,0.0,0.7916666666666666,5,711.0879211425781,329.7546691894531,0.40188615,-1,-1,,,1.2509969549156668,5.968069878436999,False,not-round,reject
4189,148,13.856976454522249,0.09089827824248412,0.10520669184962114,0.2942616837403715,0.6223702180129477,1.0,0.0,0.8541666666666666,7,714.2926330566406,330.55169677734375,0.39780344,-1,-1,,,0.7640757003898058,7.248418191323373,True,not-round;elongated;mislink,reject
5757,78,13.976254633294733,0.15275661339780944,0.3428444843988345,0.40129290880012874,0.38201012895759,1.0,0.25,0.9787234042553192,4,1561.2598266601562,601.9254455566406,0.3968782,1,-1,,,1.7413525803860357,5.974621790601482,False,not-round,reject
7078,59,15.796273036793936,0.015310960913086378,0.19206426580153516,0.3049197745655881,0.24692291462610375,2.0,1.0,0.8541666666666666,3,504.4718933105469,1059.893798828125,0.39429596,1,-1,,,0.8355064417455247,3.951015293942827,False,short;two-cores;not-round,reject
9128,61,12.081537310481709,0.042723610769832276,0.29194512484918056,0.33984119205412294,0.33976708601533656,1.0,0.3333333333333333,0.9166666666666666,3,736.2354736328125,999.4979248046876,0.39076817,1,-1,,,0.7803379347217131,7.364380221038251,True,two-cores;not-round;mislink,reject
1307,88,20.09074995489789,0.08318828989410867,0.14071370262577845,0.25374908493269943,0.44215167369024033,2.0,1.0,0.9166666666666667,4,497.32373046875,1032.3043823242188,0.389542045,-1,-1,,,1.2103977942995034,7.347826056315829,False,two-cores;not-round,reject
6969,77,10.676415257450355,0.033994890397355024,0.1263269721384921,0.2064109053746413,0.3281189724327075,1.5,0.5,0.8333333333333333,4,211.9980316162109,190.3708038330078,0.38911664,-1,6610,0.09112976375068514,0.7508591262137893,2.0221655189498904,6.46752324818085,False,rigid-doublet;two-cores;not-round,reject
96,99,11.359707604204516,0.11231377759822905,0.175122436169406,0.3334126807104577,0.6637120448039511,1.0,0.4,0.7708333333333334,5,705.96044921875,973.8905639648438,0.3885481,1,-1,,,1.5465387906305152,3.3362783676903893,False,two-cores;not-round;elongated,reject
91,102,17.902845266058968,0.14522168807187047,0.2240878094106798,0.26399432818266255,0.3979442044907733,2.0,0.6666666666666666,0.9375,6,746.2801208496094,311.0758819580078,0.388300895,-1,-1,,,0.9369247780480212,7.29867001123387,False,two-cores;not-round,reject
7549,158,15.266095823009056,0.027229276350382782,0.18428372978206659,0.2186809611393104,0.4790794742300647,1.0,0.25,0.9583333333333333,8,712.4263916015625,287.2841796875,0.38823874,-1,-1,,,0.7283656932246168,5.933599326151199,True,not-round;elongated;mislink,reject
412,60,11.111263996679371,0.08302241353514218,0.21284577013311776,0.2274050607673371,0.5201807444866322,1.0,0.0,1.0,3,283.1612091064453,207.6536865234375,0.387317715,-1,-1,,,1.7895374344026997,5.03448522393974,False,not-round;elongated,reject
9349,71,13.511712446140056,0.0898370589647989,0.2431596511172568,0.2769161743909892,0.46880566599044593,1.0,0.0,0.9583333333333334,3,521.989501953125,1035.98974609375,0.3855934,1,-1,,,0.622038004497575,2.510582126203031,False,not-round;elongated,reject
90,73,11.997223918528455,0.06478225894772953,0.32671141954591776,0.34049542114205894,0.5282814697929847,1.0,0.0,1.0,4,551.6914672851562,851.049560546875,0.3848977,1,-1,,,0.4777799099866759,1.4906077998246592,False,not-round;elongated,reject
5292,74,11.332225131875305,0.15578371203227115,0.27562756194058785,0.2837891168310296,0.6042561645428568,1.0,0.25,1.0,4,237.9674530029297,1207.3809814453125,0.38172799,-1,5097,0.06748693959862218,0.7767615581571251,1.1056442195721026,3.0550855508121333,False,rigid-doublet;not-round;elongated,reject
7778,94,16.71652346612153,0.04405121067534401,0.18780759617508735,0.2659185361090859,0.5406611422430143,1.0,0.0,0.8854166666666667,4,483.86207580566406,1024.643310546875,0.381613965,-1,-1,,,0.7094843362184644,4.70716199901038,False,not-round;elongated,reject
3215,58,11.437209591103116,0.06183128790016247,0.2980202201447823,0.33691228423363373,0.6036733449375736,1.0,0.0,0.9791666666666666,3,1228.6441040039062,937.1167297363281,0.38036215,1,-1,,,0.7442402976898382,2.5798883791119613,False,short;not-round;elongated,reject
5951,244,15.376715690019317,0.04817387393874172,0.18464021183488466,0.2377122002498112,0.4890921958859915,1.0,0.16666666666666666,0.9791666666666666,12,716.9674987792969,288.09600830078125,0.379770505,-1,-1,,,0.6678486846032754,7.421516377814111,True,not-round;elongated;mislink,reject
2246,1069,10.897663834546135,0.14678172831773725,0.1809219227781783,0.3021144500761114,0.5117533047030456,1.0,0.07692307692307693,0.90625,52,715.9235229492188,283.1114807128906,0.37843633,1,-1,,,0.7616342823394878,5.565507615901466,False,not-round;elongated,reject
4768,205,14.664281194798342,0.18466313421567807,0.1285960560815134,0.23311983102105974,0.49571281775311854,1.0,0.0,0.8333333333333334,9,523.0908813476562,1047.992431640625,0.37601864,-1,-1,,,0.9578128467628729,6.22260126320476,False,not-round;elongated,reject
6425,183,16.040427457464247,0.056977030292325835,0.12113713452105805,0.239271384155145,0.38693066810885474,1.0,0.4444444444444444,0.8125,9,516.7596435546875,1057.609375,0.37558195,1,-1,,,1.2323863678405726,4.938165536918731,False,two-cores;not-round,reject
2860,64,12.897940132524102,0.24385579343463892,0.1415394094425714,0.28110569124506946,0.4724730301123095,1.0,0.0,0.8333333333333333,4,482.61061096191406,1052.4672241210938,0.37387036,1,-1,,,0.6686078761972004,5.579322211914278,True,not-round;elongated;mislink,reject
8874,223,10.310659706736635,0.07595341749501316,0.20291548722256503,0.3701009028624797,0.5355474088014874,1.0,0.09090909090909091,0.8723404255319149,11,690.81591796875,291.2113952636719,0.37233117,1,-1,,,0.8710993744552091,6.160711186125434,False,not-round;elongated,reject
8950,86,19.921475853994213,0.07152451499449204,0.22572736578432484,0.30971741893677307,0.6489076925310916,1.0,0.0,0.9166666666666667,4,728.260498046875,337.3141326904297,0.371138155,-1,-1,,,1.624800731618735,7.628497916934231,False,not-round;elongated,reject
1376,55,10.683734433994829,0.051047621301343445,0.24123192344147132,0.30258476894251085,0.4059594571766528,1.0,0.0,0.9893617021276595,4,491.64105224609375,156.30545043945312,0.36785173,1,-1,,,2.160018708651765,7.005564376333544,False,short;not-round,reject
89,67,11.077125238652432,0.07342614616637143,0.17491262301279017,0.2781169266724909,0.7195295438104213,1.0,0.0,0.9270833333333333,4,745.12890625,706.6467895507812,0.3669133,1,-1,,,1.6523845046286807,3.9790920946052766,False,not-round;elongated,reject
3401,77,11.227999069524682,0.12106958509541937,0.179653559605003,0.2988183911253314,0.4975568542741309,1.0,0.0,0.875,4,556.8292846679688,1075.58056640625,0.3658603,1,-1,,,1.1918443099507354,6.610747417277444,False,not-round;elongated,reject
2982,57,17.342404690079334,0.10577932355760516,0.13195253490572187,0.361751622132949,0.525495959244327,2.0,0.6666666666666666,0.7083333333333334,3,688.9890747070312,333.9566650390625,0.3646972,1,-1,,,1.417639937200987,7.98847307755129,False,short;two-cores;not-round;elongated,reject
3837,67,15.87249636823339,0.03139168879700045,0.1776454383032839,0.4059790925575209,0.6761496740910262,1.0,0.0,0.7916666666666666,3,1549.52880859375,621.7515258789062,0.3633491,-1,-1,,,1.0705579692389602,3.674097756124944,False,not-round;elongated,reject
4736,900,11.404621316211195,0.10895077533535799,0.19216842785006408,0.3166775299255359,0.557188964194721,1.0,0.13636363636363635,0.875,44,479.8800048828125,1013.0073547363281,0.36298253,1,-1,,,1.087654219207285,6.6371658320127,False,not-round;elongated,reject
9385,65,14.04017189323218,0.1646450959735787,0.19272971415403337,0.33263808027878117,0.6541654362664716,1.0,0.0,0.8834219858156028,4,729.728271484375,342.1488952636719,0.36295232,-1,-1,,,1.115028749064059,6.799562606878497,False,not-round;elongated,reject
4708,123,11.849616483428308,0.04860211225140187,0.1841580448174808,0.33483557019858556,0.4537986822763417,1.0,0.2,0.9375,5,585.5908203125,828.1963500976562,0.362667,1,-1,,,1.4669397337467232,7.0596296610298594,False,not-round;elongated,reject
6968,86,13.001523312873971,0.22822278500227217,0.13724744517989323,0.29023696461781995,0.6054973082571078,1.0,0.25,0.84375,4,567.9474792480469,1072.959716796875,0.36211150000000003,-1,-1,,,1.3188462931392921,7.8606825272025915,False,not-round;elongated,reject
2515,146,14.451616040632434,0.07492499267999898,0.19034755656907307,0.26735294123776676,0.44103864312417607,1.0,0.25,0.9375,8,491.23851013183594,1021.6441345214844,0.36005721,1,-1,,,1.101145118817917,5.535408146537038,False,not-round,reject
4648,57,14.298983565149953,0.06945963788444404,0.19129454184006647,0.2775569759331107,0.5645252294555058,1.0,0.3333333333333333,0.875,3,718.1519775390625,1024.9967041015625,0.3599577,-1,-1,,,1.311220486240617,4.71106230157683,False,short;two-cores;not-round;elongated,reject
6497,134,9.957794463048948,0.20396122337543568,0.2508126722910159,0.2833110469887438,0.34934034366701,1.0,0.14285714285714285,0.9791666666666666,7,552.2570190429688,850.7119750976562,0.3576889,1,-1,,,0.9480204331151594,6.726499205878876,False,not-round,reject
76,113,11.950911872528685,0.06435112812235007,0.07675782976121484,0.212338874177636,0.27039613863344863,1.0,0.0,0.8854166666666666,6,1146.0457763671875,46.37063217163086,0.35491037,1,-1,,,2.084072989081786,7.616028288156445,False,not-round,reject
9875,71,12.09227428102852,0.015128896091671203,0.12255737422918661,0.2470053619753554,0.3961308141921062,1.0,0.3333333333333333,0.8541666666666666,3,682.4825439453125,126.11912536621094,0.35407102,1,-1,,,1.1135737291744934,3.091877405850788,False,two-cores;not-round,reject
4449,259,7.254044137442845,0.34505602968701415,0.07233991185836222,0.2204476834500477,0.544143567087796,1.0,0.18181818181818182,0.8333333333333334,11,238.18698120117188,1207.4122314453125,0.35327554,1,-1,,,1.169772588685879,6.313595000086952,False,not-round;elongated;defocus,reject
8010,363,11.849767753118986,0.0842398344712088,0.24158006556003123,0.2927177399277706,0.49113506819329167,1.0,0.0,0.9583333333333334,18,669.6488037109375,112.92017364501952,0.35037562,1,-1,,,1.1146241902347214,6.797951346095275,False,not-round;elongated,reject
9274,54,14.019144345199301,0.14541383307642328,0.12347037379345643,0.3727058762084907,0.5613129698829001,1.0,0.0,0.7708333333333334,3,728.3524780273438,285.6141662597656,0.34726769,1,-1,,,0.9147735713417134,3.8329907374396526,False,short;not-round;elongated,reject
9917,60,11.599109460173997,0.060286220496963874,0.3778386836299285,0.39955547810040576,0.7236629633631456,1.0,0.3333333333333333,1.0,3,552.7654113769531,1092.4881591796875,0.34699438000000005,1,-1,,,1.988635673654401,6.168258981251297,False,two-cores;not-round;elongated,reject
5568,158,10.943897380336125,0.2112759659396493,0.3145861707934466,0.35162188156090024,0.5508114053285103,1.0,0.125,1.0,8,555.2617797851562,1098.24755859375,0.34688026,1,-1,,,0.7389110948853396,5.4246795094775,False,not-round;elongated,reject
8793,78,16.419815098772983,0.1253441437542072,0.19258530106331562,0.211669867551443,0.5844736421625008,1.0,0.0,0.9791666666666666,3,492.98744201660156,1045.569580078125,0.34579079999999995,-1,-1,,,1.0044776714062955,7.955718840978002,False,not-round;elongated,reject
2422,51,9.392533859043471,0.0707829569847652,0.18712065867411748,0.2942150807074011,0.5675909696549186,1.0,0.0,0.9583333333333334,3,481.3245849609375,1053.827392578125,0.34441635,1,-1,,,0.8159302511279334,4.985420756328039,False,short;not-round;elongated,reject
8392,50,11.975221271410735,0.09963454968608333,0.20756768488239974,0.25856102646796003,0.41546594255363617,1.0,0.3333333333333333,0.9791666666666666,3,483.93067932128906,1052.3239135742188,0.343279345,1,-1,,,0.5736757848789309,5.535061785716989,True,short;two-cores;not-round;mislink,reject
339,308,10.206836311084611,0.07903663921628004,0.2310652464325397,0.3018062422790074,0.4736928115725594,1.0,0.0,0.9583333333333334,15,481.0229187011719,1056.7371215820312,0.341208485,1,-1,,,0.9972187779086178,6.844209829199477,False,not-round;elongated,reject
2858,81,12.15932301562303,0.04357166195213807,0.13951495032194114,0.259692751172589,0.46933823459640667,1.0,0.0,0.7916666666666667,4,719.71875,358.7527160644531,0.33957878,1,-1,,,0.9305674371111919,4.999511485710329,False,not-round;elongated,reject
2794,215,18.85669749497325,0.028776643924019907,0.24354531495280504,0.29713215591802505,0.551182506117081,1.0,0.09090909090909091,0.9583333333333334,11,738.8777465820312,314.8085327148437,0.33887193,-1,-1,,,1.0566737970512978,7.116283498043104,False,not-round;elongated,reject
9983,51,12.959378181041501,0.012549044002638385,0.21501356827162346,0.3184131847593907,0.6371696693226534,1.0,0.0,0.9166666666666666,3,706.8317260742188,976.775146484375,0.33811703,-1,-1,,,1.0068663293917475,2.1921179692167776,False,short;not-round;elongated,reject
6930,79,10.889446800319527,0.08404460708456535,0.2235411977576989,0.2752505647677948,0.3385129020827647,1.0,0.0,0.9375,3,1547.628662109375,632.3276977539062,0.3374447,1,-1,,,0.7744943986806248,6.77283029389647,True,not-round;mislink,reject
3343,114,11.393580270841126,0.07888293964480662,0.10453905039840922,0.25729283031913897,0.39226731499850626,1.0,0.0,0.7083333333333334,5,664.9432983398438,107.00638580322266,0.33650799,1,-1,,,1.3666396327374897,7.174131722485431,False,not-round,reject
5092,61,14.81718446765205,0.20856101890292963,0.12144997110154976,0.24634320325211864,0.47091075634150065,1.0,0.3333333333333333,0.8541666666666666,3,496.0905456542969,1056.5916748046875,0.33334538,-1,-1,,,1.1046525174904192,7.011209076137572,False,two-cores;not-round;elongated,reject
3674,106,13.447810580436737,0.060403886830210855,0.21197511530970753,0.21562582229679506,0.42813896220791303,1.0,0.0,0.9791666666666667,4,708.21875,341.5914611816406,0.330438685,1,-1,,,0.7200124097564105,3.7739885423445565,False,not-round,reject
7102,186,12.326313154826364,0.09880900866108981,0.24567796572727918,0.34135069615177266,0.41230808684021913,1.0,0.14285714285714285,0.8958333333333334,7,1576.3631591796875,606.1570434570312,0.32998910000000004,1,-1,,,1.5419803267148344,6.581989648908411,False,not-round,reject
5963,109,11.800008535441327,0.09665225762658074,0.2042158304352282,0.3256147889564566,0.4815787790090626,1.0,0.4,0.8125,5,490.0966491699219,1058.06689453125,0.32950637,1,-1,,,0.5470734869603526,5.470757401303353,True,two-cores;not-round;elongated;mislink,reject
928,130,13.96089725968843,0.07732488238187883,0.20256564030259108,0.289068402191368,0.5081803961289308,1.0,0.3333333333333333,0.8854166666666667,6,490.78541564941406,1022.26513671875,0.32885683499999996,1,-1,,,1.424867158354249,6.851834135477809,False,two-cores;not-round;elongated,reject
88,251,11.587171573107678,0.03809615125226536,0.17526900557639877,0.32491753230849124,0.5141423010183765,1.0,0.23076923076923078,0.8125,13,1566.828369140625,577.0320434570312,0.32682127,1,-1,,,1.5478861297052726,6.9419303056501205,False,not-round;elongated,reject
6005,55,15.249269028888966,0.0076716311195434254,0.14599148715592847,0.24371712342088314,0.29742759532526225,1.0,0.0,0.875,3,519.6918334960938,1056.173828125,0.32659003,1,-1,,,1.1754035192742962,3.292426408882263,False,short;not-round,reject
4650,75,15.797413144272273,0.04680176117002457,0.1974178558225354,0.27286912318314993,0.6191817463807758,1.0,0.0,0.9375,4,710.109375,321.9606628417969,0.32574677,1,-1,,,0.48318050238426874,1.6390194967472493,False,not-round;elongated,reject
5918,80,17.3824683019143,0.010354062670765728,0.14815399540787139,0.24314847680679474,0.5394190315659978,2.0,0.6666666666666666,0.875,3,1563.8221435546875,647.2101135253906,0.3245039,-1,-1,,,1.2344660974200736,7.359341633472043,False,two-cores;not-round;elongated,reject
6584,62,14.787653242294533,0.035893939871467544,0.1543350698723353,0.27640033950966975,0.611835980450471,1.0,0.0,0.8125,3,516.8353881835938,1021.0393676757812,0.32353637999999996,-1,-1,,,1.382344736228215,7.948976009702442,False,not-round;elongated,reject
6239,66,12.477686483850434,0.1281999712399649,0.2529731909292137,0.32268116652173123,0.650188789553652,1.0,0.0,0.9375,4,1234.5560913085938,956.708984375,0.3219243,-1,-1,,,2.1406251341858082,7.309699797263717,False,not-round;elongated,reject
5876,112,11.084773126585159,0.05499817782467792,0.2490568429554572,0.31663696623445603,0.4751084487760908,1.0,0.16666666666666666,0.9166666666666667,6,700.6641540527344,1007.0459899902344,0.321777665,1,-1,,,1.837433584857964,7.252486810841875,False,not-round;elongated,reject
8961,53,12.471483764454252,0.009506223010647285,0.13964884704316002,0.22719738569883735,0.5354235214540883,1.0,0.0,0.875,3,752.53173828125,302.2995300292969,0.32118848,-1,-1,,,0.8688480232979484,7.56888129186054,True,short;not-round;elongated;mislink,reject
8031,76,10.843961335935294,0.05337667624178878,0.29413705044705263,0.3044719104733144,0.4167864054583671,1.0,0.0,1.0,4,681.5282287597656,146.47271728515625,0.31928864,1,-1,,,1.4713732222888802,6.167013333455014,False,not-round,reject
4052,83,10.48979252551152,0.1334177549442785,0.28418020017080325,0.3137935815351416,0.47922488803921465,1.0,0.0,0.96875,4,671.6130981445312,110.47805786132812,0.31777248,1,-1,,,0.7489470495492956,2.156473210487025,False,not-round;elongated,reject
8314,322,12.255167968825573,0.06910453027940726,0.12866818510235287,0.2197149827893839,0.3771358534505482,1.0,0.0,0.875,17,803.1608581542969,805.7782897949219,0.31774728500000005,-1,-1,,,1.808691202354959,7.952321268215812,False,not-round,reject
81,239,12.065188849630403,0.1134531650082319,0.30647621392247215,0.334578365410782,0.5606978157210951,1.0,0.0,0.9791666666666667,12,1236.513427734375,925.2542724609376,0.31674144,1,-1,,,0.7997170904692018,3.160136662629955,False,not-round;elongated,reject
9558,84,11.201763440970048,0.2778299508168341,0.16908625261724486,0.2741911502830836,0.5542738388388673,1.0,0.25,0.8541666666666666,4,1552.0618896484375,656.2315979003906,0.314924835,1,-1,,,1.2137125360997127,6.137720856427531,False,not-round;elongated;defocus,reject
467,128,15.31418995577727,0.13533348921708366,0.19207766494972128,0.30558591290609005,0.49225920814428636,1.0,0.3333333333333333,0.8854166666666667,6,496.24034118652344,1026.7118530273438,0.31408067,1,-1,,,0.936613810567962,8.140921033945531,True,two-cores;not-round;elongated;mislink,reject
3310,110,13.540194061860808,0.08483280384177938,0.251109394136517,0.2951892226365672,0.6630740187236439,2.0,0.6,0.9375,5,723.9459838867188,1022.45556640625,0.31145816,-1,-1,,,1.2459642718669963,6.64622089897933,False,two-cores;not-round;elongated,reject
7849,192,11.136139202563438,0.08087091631396094,0.20381946921375826,0.28884569101983554,0.4811139306052426,1.0,0.0,0.9583333333333334,9,657.6592407226562,128.7236785888672,0.308816535,1,-1,,,0.618710023926919,4.8828550302620215,False,not-round;elongated,reject
2205,76,12.350402542256939,0.07819638332218791,0.2732856289912,0.33780288370666817,0.536284432573407,1.0,0.3333333333333333,0.9583333333333334,3,718.1757202148438,1002.6907958984375,0.308707695,1,-1,,,0.5640119509911429,2.9596909996874494,False,two-cores;not-round;elongated,reject
6110,196,11.525436726165696,0.24520293624004968,0.24244835658931274,0.32948818121143486,0.6265806420974139,1.5,0.5,0.9166666666666667,10,1560.0823364257812,657.1484680175781,0.308588985,1,-1,,,1.7328747389986168,7.210160794537239,False,two-cores;not-round;elongated,reject
5524,71,11.175721967941493,0.038741577762091896,0.18814707105832423,0.25893472791495525,0.29709432338035097,1.0,0.0,0.9583333333333334,3,546.68359375,235.2509765625,0.3070971,1,-1,,,1.80584934866548,5.147561557592737,False,not-round,reject
875,104,11.740793641698701,0.20858648629427134,0.19676781999338855,0.30881565385706244,0.5377157251115625,1.0,0.0,0.8645833333333333,4,508.87266540527344,1070.364990234375,0.30554415,1,-1,,,1.1017029273560155,7.411219344461447,False,not-round;elongated,reject
7459,79,11.96577982429841,0.06630250331626847,0.2740107651676667,0.3730898589317716,0.5154251109175095,1.0,0.3333333333333333,0.9166666666666666,3,729.207763671875,995.0775756835938,0.305174,1,-1,,,0.9650588998209324,4.666151007189741,False,two-cores;not-round;elongated,reject
8416,65,12.868092713460188,0.19584450818787685,0.14853837870695144,0.3068363915205268,0.5337941696402223,2.0,0.6666666666666666,0.8541666666666666,3,1549.23876953125,655.286376953125,0.30482495,1,-1,,,1.690000481402497,7.839851419780713,False,two-cores;not-round;elongated,reject
3472,68,17.886444127470252,0.023599476027017036,0.21833726678956328,0.2581276298119926,0.5517711757702229,1.0,0.0,0.9583333333333334,3,1569.1805419921875,600.9451599121094,0.30480408999999997,-1,-1,,,1.4521207736645387,4.751938440823082,False,not-round;elongated,reject
3675,80,11.04722569261563,0.1041093395780366,0.14128855399082865,0.3009913784048214,0.36239528498613605,1.0,0.0,0.7916666666666667,4,1225.318359375,939.2184753417969,0.304272985,1,-1,,,1.5129410232161777,6.432289328085116,False,not-round,reject
2589,114,13.858139640631974,0.13583010685870703,0.23292790526396773,0.31527328861403137,0.5478388860723468,2.0,0.8,0.9166666666666666,5,703.6347961425781,320.57212829589844,0.304089865,-1,-1,,,0.9761833709516232,7.539023358053181,False,two-cores;not-round;elongated,reject
8456,86,16.76089666463386,0.1494708363875881,0.08724055789047702,0.19707595963903596,0.3697717263259087,1.0,0.0,0.8333333333333334,3,518.7209167480469,1033.9729614257812,0.30340754999999997,-1,-1,,,0.8102986879239693,6.972534355532626,True,not-round;mislink,reject
5394,104,12.37513098296737,0.04844460112208957,0.29862410220216684,0.3409615862522139,0.5352960145023503,1.0,0.0,1.0,4,720.9957885742188,347.0426483154297,0.299519655,1,-1,,,1.0574342900047033,4.318366891918257,False,not-round;elongated,reject
5469,182,12.369427435661494,0.04929619164479762,0.11979250498729846,0.218715600507655,0.30267886580332565,1.0,0.0,0.8723404255319149,9,812.251220703125,852.9516906738281,0.29835901,-1,-1,,,1.8215060385843052,6.786372582370764,False,not-round,reject
3916,120,17.264352483814626,0.008325116686495698,0.2815757951275026,0.29916349783887025,0.557976792933575,1.0,0.0,0.9791666666666666,3,721.0851440429688,344.2224426269531,0.29739781,-1,-1,,,1.269205515127236,5.94392461060215,False,not-round;elongated,reject
8505,83,10.046213339881596,0.04677929974781518,0.18374534205291274,0.2827114540606842,0.4838161421233097,1.0,0.0,0.875,4,675.7787475585938,141.2558135986328,0.29736087,1,-1,,,1.0557754012965412,5.721718426628971,False,not-round;elongated,reject
2340,82,10.623672735221382,0.08681634018837468,0.24932136436231284,0.29496220035096843,0.42004525320506886,1.0,0.0,0.9375,4,298.1901092529297,526.3388977050781,0.29702343,1,-1,,,1.5201575281432675,4.82493597753142,False,not-round,reject
1091,67,8.881712952684166,0.0976388033083662,0.15434102642702782,0.32402400951590626,0.614102763147042,1.0,0.0,0.7916666666666666,3,478.1246337890625,148.7411346435547,0.29446578,1,-1,,,2.5790067072108056,7.827602807125878,False,not-round;elongated,reject
3439,81,9.157002237449998,0.25524800223806243,0.19794434230008764,0.28467949063227627,0.6231472954232457,1.0,0.0,0.8645833333333333,4,656.5384521484375,138.97142028808594,0.29382524,1,-1,,,1.3218236465363287,7.706285527385664,False,not-round;elongated;defocus,reject
1289,58,12.394691789260124,0.20104011786135564,0.13924251075178729,0.26328753392957766,0.6022629974171589,1.0,0.3333333333333333,0.8333333333333334,3,748.1023559570312,1017.3584594726562,0.28831206499999995,1,-1,,,1.4910011541156492,7.482019952092559,False,short;two-cores;not-round;elongated,reject
4476,153,10.449398651729734,0.10028993864058601,0.32210950257507487,0.36243965300884473,0.5589358654762968,1.0,0.125,0.9791666666666666,8,1552.13232421875,648.9019775390625,0.28709355,1,-1,,,1.2351649363785009,6.374413175838888,False,not-round;elongated,reject
2681,55,9.667719779120162,0.11972655387822861,0.2889355114364086,0.29836389122343615,0.408417285862978,1.0,0.25,0.9895833333333333,4,653.151611328125,129.99110412597656,0.28541115,1,-1,,,0.8360543129851955,6.9373962005243675,True,short;not-round;mislink,reject
4113,78,11.492960368505583,0.084790600350811,0.2736480340262494,0.2816187384031255,0.4623696253234612,1.0,0.0,1.0,3,655.3883972167969,139.30364990234375,0.285234215,1,-1,,,1.297582081138078,6.6164729574092895,False,not-round;elongated,reject
3037,158,11.750362313088923,0.07335967798173243,0.2216596287521887,0.3046199738629619,0.4804857908536277,1.0,0.2857142857142857,0.9166666666666666,7,563.5714416503906,837.9444274902344,0.28467312499999997,1,-1,,,1.3930180511450687,5.345287416967874,False,not-round;elongated,reject
9010,180,9.342333411872085,0.16956247354055295,0.21630316441243283,0.2982068086242353,0.5089622349504296,1.0,0.0,0.9791666666666666,9,667.9186401367188,145.41949462890625,0.28418453499999996,1,-1,,,1.3077463205946256,4.004215306269308,False,not-round;elongated,reject
7637,80,12.77792284317971,0.01818779542046732,0.24858372749263064,0.30984392273074923,0.5079129591461844,1.0,0.0,0.9583333333333334,3,1527.8092041015625,643.9001159667969,0.282173545,1,-1,,,1.8859763992823526,7.449620515103842,False,not-round;elongated,reject
9438,133,11.956280997885555,0.14625680781853212,0.15075923744004827,0.4044076875376454,0.6145076929052486,1.0,0.2857142857142857,0.8125,7,510.7463989257813,1007.9837646484376,0.28188145,1,-1,,,1.7518230748351575,7.241902360313668,False,not-round;elongated,reject
2400,65,18.29370958779839,0.039553351384709196,0.2733335539429472,0.3036424146635942,0.459736620182616,2.0,0.6666666666666666,0.9375,3,738.2190551757812,314.55633544921875,0.28185934,-1,-1,,,1.4061253256681376,4.572095571339234,False,two-cores;not-round;elongated,reject
9633,54,10.50212078028919,0.08804460781951917,0.14239095887412093,0.2647203134795444,0.46056114414390176,1.0,0.3333333333333333,0.8541666666666666,3,462.9873352050781,1058.8116455078125,0.28049571500000003,1,-1,,,1.3474135481434224,6.577675025323784,False,short;two-cores;not-round;elongated,reject
617,104,10.540370804379636,0.11689765894910895,0.20574268976621798,0.3146751101127816,0.4925639088396456,1.0,0.2,0.9166666666666666,5,673.0496215820312,141.45514678955078,0.28040178000000004,1,-1,,,1.3706701036981712,7.618152431509232,False,not-round;elongated,reject
429,250,9.297040940378933,0.10889952527205922,0.20012073112971315,0.28658193640480767,0.45820207771705723,1.0,0.09090909090909091,0.9375,11,718.6230773925781,284.8760681152344,0.279912885,1,-1,,,0.7034418488305623,3.852403409307747,False,not-round;elongated,reject
3958,417,11.009346174865758,0.10284859018687019,0.19556568344387334,0.2677372804002975,0.5002116099334877,1.0,0.10526315789473684,0.8958333333333334,19,656.2486572265625,100.34683990478516,0.2793984,1,-1,,,1.2467197696104049,7.479256342280442,False,not-round;elongated,reject
414,148,14.0296270369878,0.29300527822591244,0.2764103807191257,0.3354185013544122,0.6877460135869977,1.0,0.2857142857142857,0.9791666666666666,7,1589.2159423828125,625.9715270996094,0.27889573,1,-1,,,1.3395661018692602,5.42964990520498,False,not-round;elongated;defocus,reject
9060,74,12.822153815288132,0.033220899155624865,0.18078235085714994,0.33825410883238777,0.5211031468768745,1.0,0.0,0.84375,4,552.1021423339844,1096.540283203125,0.27829651499999997,1,-1,,,1.44189301437948,7.445788333503924,False,not-round;elongated,reject
507,91,13.435851317973448,0.08085610333820023,0.23419396445365875,0.2764701963284312,0.4810473105094982,1.0,0.3333333333333333,0.9470108695652174,6,722.1273803710938,295.36639404296875,0.2778031,-1,-1,,,0.9729347045763393,6.157645118578158,False,two-cores;not-round;elongated,reject
8612,72,11.337902791065009,0.06263803829149152,0.30656685239000914,0.3695591284620594,0.5637108316042269,1.0,0.25,0.9479166666666667,4,554.0221862792969,870.6670837402344,0.27755494,1,-1,,,1.6450290064066584,4.349279924814598,False,not-round;elongated,reject
3290,59,10.218890044260473,0.08334408571093017,0.24107192636132183,0.3075954298873215,0.5002857852692939,1.0,0.0,0.9583333333333334,3,541.8197021484375,849.918701171875,0.27584738,1,-1,,,1.3919186299779036,6.855581789158001,False,short;not-round;elongated,reject
6608,75,10.470115620234196,0.043389105895857635,0.23357429894729204,0.2880132889399769,0.3458809868194654,1.0,0.0,0.9368351063829787,4,534.899658203125,241.92832946777344,0.27553114,1,-1,,,1.664405495965499,6.504085513564191,False,not-round,reject
2085,77,10.843160398030232,0.12730928905618774,0.16949115980194387,0.25487004728987245,0.28458225887724203,1.0,0.0,0.8854166666666667,4,1533.8983154296875,629.9479370117188,0.27533713,1,-1,,,1.9396085740644478,5.664659484877927,False,not-round,reject
8201,266,12.821546488517885,0.08296836956047984,0.19071983646901325,0.34733326694894545,0.6539730513551456,1.0,0.15384615384615385,0.875,13,1552.0436401367188,615.6147766113281,0.27488786,1,-1,,,0.842741833010678,5.677121430161298,False,not-round;elongated,reject
3342,94,15.609161171763027,0.06250265395146593,0.23544916543727482,0.30374148888320146,0.524235712889576,1.0,0.0,0.9270833333333334,6,492.4744873046875,1062.5852661132812,0.27374121500000004,-1,-1,,,1.0370955579573409,6.311245351644536,False,not-round;elongated,reject
3184,108,12.709375766417038,0.13975853325704454,0.14322614790828228,0.23036176197708325,0.5754049690727266,1.0,0.0,0.875,5,500.15533447265625,1025.844482421875,0.27368734,1,-1,,,0.9235248356317702,6.510218767694786,False,not-round;elongated,reject
3930,57,14.653381194755962,0.0960625121910152,0.18137861665492525,0.31247239099521706,0.6604703448392492,2.0,0.6666666666666666,0.8125,3,751.2373657226562,322.1073303222656,0.27142134,-1,-1,,,0.7311470524433024,6.328845439276786,True,short;two-cores;not-round;elongated;mislink,reject
6057,63,16.147868260579056,0.049295344415749266,0.2355449563679032,0.2603118294228125,0.6250752735451891,1.0,0.0,0.9791666666666666,3,499.8372192382813,1017.9274291992188,0.2713399,-1,-1,,,1.1775122983889699,5.832095724941926,False,not-round;elongated,reject
2735,55,11.089981837125597,0.012711503854691405,0.17031317107301566,0.21932478263462046,0.5233813024617264,1.0,0.0,0.9583333333333334,3,479.41796875,1037.863525390625,0.26919043,1,-1,,,0.6854810099060612,7.300801477524929,True,short;not-round;elongated;mislink,reject
2269,67,10.72200523836877,0.06883389914995769,0.26846621691879763,0.31641701579027864,0.5641455113728386,1.0,0.0,0.96875,4,656.15576171875,123.30303955078124,0.26778644,1,-1,,,0.7889115050271589,5.1198303482782626,False,not-round;elongated,reject
2731,77,9.09265455915871,0.13294197328788554,0.12735759744031072,0.25474215342617934,0.4449695540945297,1.0,0.25,0.7604166666666666,4,715.4735107421875,281.99627685546875,0.2665103,-1,-1,,,0.8789368269169214,4.128522215372428,False,not-round,reject
7708,63,10.783570065191507,0.3960376945588381,0.17029852164956055,0.3294600271176526,0.6850843616041657,1.0,0.0,0.8125,3,522.397216796875,1005.0261840820312,0.26616514,1,-1,,,2.0983073091210955,6.178329243754646,False,not-round;elongated;defocus,reject
1268,148,15.067727931685562,0.029516193102736153,0.24591557398975566,0.280875960473952,0.5491483469818415,1.0,0.16666666666666666,0.9791666666666667,6,721.9686279296875,292.9349365234375,0.263706415,-1,-1,,,0.8063043943871147,4.195977121947227,False,not-round;elongated,reject
6212,102,14.416017278999554,0.08497816883910836,0.1433754549668167,0.3085859827465974,0.6964592531460337,1.0,0.25,0.8333333333333333,4,753.3589172363281,305.79090881347656,0.260406465,-1,-1,,,0.7407417595654521,5.7566485811278065,False,not-round;elongated,reject
2042,89,11.39180380956441,0.32052395277282314,0.29650747884155576,0.3707706322405268,0.5774423578280574,1.0,0.25,0.9375,4,1560.728759765625,583.3907470703125,0.25857177,1,-1,,,1.9136930504569567,6.905620617744288,False,not-round;elongated;defocus,reject
2751,64,11.90536714702103,0.022610143769160776,0.16952744277919046,0.2673497807068317,0.3847138034077028,1.0,0.0,0.8949468085106382,4,738.9495849609375,283.8395233154297,0.25830741,1,-1,,,0.5911401496388586,2.6091046290053157,False,not-round,reject
5456,95,11.617136958230871,0.259817032092567,0.27592322106695577,0.2941521334086244,0.45516193955138884,1.0,0.0,0.9791666666666666,5,503.8995056152344,1066.2554931640625,0.25807193,1,-1,,,1.1088165345983976,5.53212065901561,False,not-round;elongated;defocus,reject
1688,62,10.753031040289343,0.2323868790464662,0.33225167158905633,0.35192319537282246,0.6010796137397849,1.0,0.0,1.0,4,663.7584533691406,104.8123893737793,0.25796547999999997,1,-1,,,1.3693444933984589,7.102046637097045,False,not-round;elongated,reject
8306,65,18.498073136219958,0.016760885815709815,0.11275160819321976,0.2626423267543777,0.4811701931004303,1.0,0.3333333333333333,0.7708333333333334,3,519.27978515625,1020.414794921875,0.25730705,-1,-1,,,1.1291719789726624,6.987074957442554,False,two-cores;not-round;elongated,reject
9084,61,9.910258374809398,0.15304663484412956,0.2443251798931673,0.3187498052068547,0.6960612033966868,1.0,0.0,0.9148936170212766,3,1553.7239990234375,665.5459594726562,0.25726473,1,-1,,,1.6191141915622607,7.154443506212118,False,not-round;elongated,reject
2389,146,11.750714020243482,0.04499780802052395,0.10692868248323587,0.30811925680855057,0.3861622780588969,1.0,0.0,0.75,6,682.8399658203125,107.85782241821289,0.257065165,1,-1,,,1.1708474468340118,7.933016298452924,False,not-round,reject
5287,50,11.093404292549012,0.1898607272504394,0.2613673973986666,0.3138316265856972,0.4065156242654628,1.0,0.0,0.9375,3,632.7601318359375,109.01471710205078,0.25693007,1,-1,,,1.407452865112028,4.499589745398171,False,short;not-round,reject
5989,61,15.163273650626934,0.026996012963539873,0.306600243011522,0.3179189071250332,0.6111752621695228,1.0,0.3333333333333333,1.0,3,720.3856201171875,330.1709899902344,0.25517383,-1,-1,,,1.446876828004718,7.428154335355703,False,two-cores;not-round;elongated,reject
8860,65,10.789248849172564,0.1621708679520386,0.2230455116379394,0.31998413823936817,0.660852440403658,1.0,0.3333333333333333,0.8958333333333334,3,692.05908203125,1002.7470703125,0.25303707,1,-1,,,1.7944328712347704,8.017738113015064,False,two-cores;not-round;elongated,reject
5878,57,11.46496790536867,0.15752973011504975,0.21176913957576893,0.3033079843225626,0.5465297819308238,1.0,0.0,0.875,3,572.9263305664062,830.9237670898438,0.251039,1,-1,,,2.046988208433601,7.307195100251878,False,short;not-round;elongated,reject
6980,87,14.24856125870391,0.27773079812686796,0.20139697257330058,0.39563488888774084,0.6423490838909498,1.0,0.0,0.7916666666666667,4,518.078857421875,1004.5288696289062,0.2501981,1,-1,,,1.8867617319482706,5.752533646260838,False,not-round;elongated;defocus,reject
2165,64,11.58520692790527,0.08796792012337956,0.19471320447006712,0.3306878197425985,0.5399237347863767,1.0,0.0,0.8541666666666666,3,701.430908203125,325.1432647705078,0.24393419,1,-1,,,1.5220535717795134,7.739918717044093,False,not-round;elongated,reject
6865,72,12.289133522096808,0.048639549743095326,0.26204977354371967,0.3099085440681635,0.3861970499227851,1.0,0.0,0.9791666666666666,3,551.6168212890625,1098.1466064453125,0.24312895,1,-1,,,1.0254207372567592,3.682763430242853,False,not-round,reject
8845,91,15.908962554922338,0.05205275216363126,0.283603079696176,0.33376887087254836,0.5686821870312605,1.0,0.4,0.9375,5,505.0797729492188,1057.4659423828125,0.24066556,1,-1,,,1.1064359703274267,4.024885867844189,False,two-cores;not-round;elongated,reject
9483,50,16.17626602656255,0.12224377403197531,0.21883318285021713,0.26879943642814286,0.33796610365173224,1.0,0.0,0.9791666666666666,3,529.4557800292969,1022.2623596191406,0.23991033,1,-1,,,2.506887200524534,6.703751941189214,False,short;not-round,reject
9360,82,16.86966564010293,0.05201387567227648,0.19734115068268154,0.24880593860549646,0.45347383308296096,1.0,0.0,0.90625,4,473.04737854003906,1031.2269287109375,0.23952289999999998,-1,-1,,,0.8760584098111381,3.695884229897515,False,not-round;elongated,reject
2977,71,15.43276202133451,0.0317809382299786,0.16492406133420026,0.24709256745394365,0.5602571109081768,1.0,0.0,0.8125,3,1555.9259033203125,639.2626953125,0.23938411,1,-1,,,1.5435284081063445,4.665520894816167,False,not-round;elongated,reject
2701,73,15.068036189966907,0.040093091417932616,0.20494996211168182,0.25497177490640377,0.5727068750766741,2.0,1.0,0.9166666666666667,4,756.0490112304688,322.2309265136719,0.23845254,1,-1,,,0.7938613271702776,4.688987670827182,False,two-cores;not-round;elongated,reject
2809,74,13.579632379295123,0.031324387730134885,0.1857566791453828,0.2714169824561256,0.6310312181641794,1.0,0.3333333333333333,0.9375,3,527.0848083496094,1029.9883422851562,0.23648099500000003,-1,-1,,,1.1506912681645678,7.522458249216294,False,two-cores;not-round;elongated,reject
6634,77,14.662643180419872,0.19806597197723907,0.1767328816374054,0.2830797320208073,0.3943070145496258,1.0,0.0,0.8854166666666666,4,744.0244750976562,343.930908203125,0.2334091,1,-1,,,1.1931289338457345,7.510188351304395,False,not-round,reject
9678,99,14.534131483475281,0.061529109680240966,0.2252858543106133,0.2437303620434103,0.549287527129316,1.0,0.0,0.9583333333333334,5,754.06103515625,330.5137023925781,0.23148231,1,-1,,,0.670364701374433,6.83525547003971,True,not-round;elongated;mislink,reject
7961,62,11.980267648829985,0.07627533844376524,0.22303403930101445,0.2810028600449202,0.539571223027703,1.0,0.25,0.9375,4,1544.9239501953125,665.0319519042969,0.225963,1,-1,,,1.7441518289673774,7.907051513329607,False,not-round;elongated,reject
4175,77,13.321836984329908,0.03950051134594188,0.19604900005981,0.314146226227296,0.38486010120025244,1.0,0.2,0.875,5,1602.7275390625,617.2838745117188,0.22574659,1,-1,,,1.4063271483329227,6.858420627128449,False,not-round,reject
5462,132,12.570880779685465,0.14512937027803563,0.24170756093181833,0.29979236596945796,0.501074051872855,1.0,0.0,0.9583333333333334,7,741.0692138671875,986.1690673828125,0.22528774000000001,-1,-1,,,1.305709223713982,6.638453872526512,False,not-round;elongated,reject
9254,61,14.126864676225168,0.03399898908141177,0.353373076368325,0.3710843310793587,0.534555269589633,1.0,0.0,1.0,4,1578.330810546875,610.4485473632812,0.22428972,1,-1,,,0.6334190473198439,1.622618007174819,False,not-round;elongated,reject
8442,78,12.457178473225214,0.04466572039783536,0.25971804637110074,0.2708755100551262,0.5438307290355401,1.0,0.0,0.9375,3,1545.5247802734375,669.7122192382812,0.22403088999999998,1,-1,,,2.002841470520525,7.159799698298975,False,not-round;elongated,reject
108,52,12.310374891936213,0.0529266607705759,0.22965097000905565,0.328920965299632,0.4416699128933361,1.0,0.0,0.9375,3,553.0770568847656,1096.7975463867188,0.221028745,1,-1,,,0.9481386214696614,2.8254879652961287,False,short;not-round,reject
1179,59,12.865024466955195,0.1440320222040532,0.2994742924993118,0.36477941521286994,0.5454574980382945,1.0,0.25,0.9270833333333333,4,667.916015625,101.24532318115234,0.21775591,1,-1,,,1.397728923909363,5.49015396604905,False,short;not-round;elongated,reject
7278,172,15.245531883945922,0.06666783962431108,0.19232930556293906,0.2897973332222314,0.5073109846392461,1.0,0.0,0.9166666666666666,7,744.5075378417969,342.4543914794922,0.21185441500000002,1,-1,,,1.2887915590298697,7.7006320539238144,False,not-round;elongated,reject
6946,60,15.492555042381392,0.029708019462298993,0.09476659019885439,0.2401588123141494,0.5840602349937645,1.5,0.5,0.7395833333333333,4,1593.17919921875,620.3304443359375,0.2036198,-1,-1,,,0.9094913074642031,4.758436045307027,False,two-cores;not-round;elongated,reject
0,1675,13.262028189792513,0.0025174974163320683,0.00677675835009962,0.008975591180320774,0.12522034098155835,1.0,0.0,0.9375,80,326.2423095703125,1040.11865234375,193.57121,1,-1,,,0.8789724793523336,3.226252152120474,False,,single
1,1675,14.128017542233179,0.006153862647714633,0.008775067079739907,0.026463134169060105,0.17451413351320672,1.0,0.0,0.7708333333333334,80,550.9441528320312,1087.9775390625,84.58079,1,-1,,,0.771681843367776,3.025940977971686,False,,single
2,1675,12.78848671703016,0.013115650533583975,0.008979959359003191,0.04964140539870947,0.22027246241005138,1.0,0.0,0.7708333333333334,80,562.0403442382812,856.2702026367188,77.47282,1,-1,,,0.794799799448826,2.778422196611857,False,,single
3,1675,11.609174046793807,0.008136216603540119,0.009898877233346447,0.015156636623665471,0.1517957981805606,1.0,0.0,0.8958333333333334,80,619.0056762695312,614.9703979492188,76.90484,1,-1,,,0.9230226042410665,3.00380705697099,False,,single
8,1675,9.957513055883002,0.10052344678585426,0.016121526283772367,0.016264840635189882,0.20367031179766826,1.0,0.05,1.0,80,785.2901611328125,559.0205688476562,66.861565,1,-1,,,1.145687141984404,3.512027224102955,False,,single
4,1675,10.723064047329594,0.08960073169127246,0.011489498642942797,0.018902150918363555,0.1734066783517451,1.0,0.0125,0.9166666666666666,80,1019.758056640625,109.1602020263672,64.11955,1,-1,,,1.0476949611127524,3.5659934121445507,False,,single
6,1675,10.966182327210966,0.02425677811435581,0.01317176156446187,0.027720176683893785,0.1886044863685623,1.0,0.0,0.875,80,1364.54931640625,52.13645935058594,63.91019,1,-1,,,0.96937873991259,3.7096318907794967,False,,single
10,1675,12.620018322691816,0.010772701011043485,0.009633967384820813,0.02172252206078826,0.16293429807037585,1.0,0.0,0.8125,80,701.7847290039062,348.532958984375,56.136585,1,-1,,,0.8274318287807668,3.2252297172970614,False,,single
5,1249,10.247060777561487,0.11984427680967487,0.01458085008450086,0.019205733932044427,0.20240400453413884,1.0,0.05084745762711865,1.0,59,1578.915771484375,257.2130126953125,56.03836,1,-1,,,1.1809679579188233,4.1443341843820525,False,,single
7,1675,8.653504649542366,0.20008931316856526,0.012689636177602843,0.013498353910307247,0.17600543878164204,1.0,0.1625,0.9791666666666666,80,1191.979736328125,639.7069702148438,47.017548,1,-1,,,1.362813548815809,4.129641416020487,False,,single
8374,109,9.01649715314898,0.07854657553863571,0.007951754718872266,0.014410779136561584,0.13765162054993724,1.0,0.0,1.0,5,1624.3519287109375,265.32244873046875,32.45433,1,-1,,,1.3330855490443134,4.453270197893748,False,,single
11,1675,12.128526870183162,0.03211736438405964,0.02061997310696182,0.06747505712434418,0.24913170145874264,1.0,0.0,0.7916666666666666,80,671.1549682617188,121.22296905517578,25.477026,1,-1,,,0.7715007245380577,3.2573747547068757,False,,single
19,1675,9.623700975271811,0.10734492476242243,0.02955875181579256,0.06365946770822553,0.2996894145397756,1.0,0.0375,0.8541666666666666,80,530.3051147460938,225.2240295410156,21.02578,1,-1,,,1.094353866200831,3.889838651009041,False,,single
12,1675,9.898719149344618,0.10215139643349176,0.030288670589948438,0.03310209484464063,0.2765609406473981,1.0,0.0,0.9791666666666666,80,1436.9539794921875,1061.893798828125,20.27764,1,-1,,,1.275238190888491,5.155980573644825,False,,single
15,1675,8.46628884662882,0.224609417821346,0.018902662715926277,0.04780961624552148,0.28618803580239927,1.0,0.15,0.8541666666666666,80,1123.2398681640625,501.2039794921875,19.776281,1,-1,,,1.3219411107318895,4.600522093727747,False,,single
6912,574,9.516199430268312,0.04121487721408505,0.04685413508608527,0.04734229176907517,0.34625819790203205,1.0,0.0,1.0,27,77.95982360839844,631.5162963867188,19.658724,1,-1,,,1.1677693204797082,4.194683569467438,False,,single
16,1103,8.701677585879244,0.14275472642717027,0.023261090705712594,0.037908235910034636,0.27657180288684124,1.0,0.05660377358490566,1.0,53,73.77701568603516,636.7949829101562,16.671549,1,-1,,,1.2812925356411782,4.638042139480201,False,,single
21,279,12.429794904153793,0.2419148170947019,0.03761789863946051,0.04176994486614461,0.30420142331956623,2.0,0.6428571428571429,0.9895833333333333,14,44.80272674560547,528.0864868164062,8.00429,-1,-1,,,1.5354289958613143,4.420278261984534,False,,single
31,866,8.429741858352926,0.1728789048479294,0.05670351205740926,0.061458987550002835,0.3784537780512412,1.0,0.0975609756097561,1.0,41,85.00073623657227,672.1715393066406,6.1706579999999995,1,-1,,,1.4636123446710634,4.833139937390383,False,,single
7252,400,7.569659471467822,0.07936118961752703,0.05198075935163017,0.05203422669034044,0.3618778417052132,1.0,0.0,1.0,18,30.28292751312256,452.0554962158203,4.836774800000001,1,-1,,,1.4248317746163714,6.149541842476295,False,,single
5905,138,23.87491512090865,0.13484305688509832,0.03632057265597062,0.07386053951882028,0.2347319698591548,2.0,0.5714285714285714,0.8333333333333334,7,742.6923828125,317.1056823730469,3.6796436,1,-1,,,0.9307846892996529,7.341140361112979,False,,single
42,1675,9.42383179873725,0.17018942491449998,0.06055080252247163,0.07319161205005907,0.3417359114799198,1.0,0.05,0.9583333333333334,80,1329.618896484375,926.1759643554688,3.3929517,1,-1,,,1.7589636237998116,6.0414650362466675,False,,single
