particle,n_frames,R_px_med,R_cv,resid_med,ring_cv_med,ecc_med,n_cores_med,frac_multicore,inlier_med,n_shape,x_med,y_med,sym_med,polarity,rigid_partner,rigid_sep_cv,rigid_corr,med_step,max_step,mislink,reason,proposed
1,1135,14.51268333804386,0.04553856271419997,0.010015768881403472,0.024796445617703285,0.16406017808980677,1.0,0.0125,0.875,80,351.0962829589844,1201.6971435546875,119.51719,1,2084,0.06226629547020842,0.7644125165624144,0.8355000944669889,2.937382977899084,False,rigid-doublet,reject
5583,162,18.10819657367376,0.012466278794560023,0.07477872343265773,0.1370350145751716,0.30252333357210537,1.0,0.0,0.9777777777777777,11,1497.3125610351562,1215.149658203125,82.89657500000001,1,6110,0.016132718050557684,0.804845011702984,0.734692940482506,1.7844985943674954,False,rigid-doublet;not-round,reject
2,1135,15.702967841760938,0.012067772568622494,0.011664742924740363,0.0403792121463864,0.22743284417980625,1.0,0.0,0.7708333333333334,80,370.6611022949219,796.273193359375,79.31199,1,449,0.052903359880781035,0.7166228668009034,0.7314079522769207,2.466178709743874,False,rigid-doublet,reject
7466,64,16.632832829748683,0.038619554819353794,0.010976824375869007,0.10361169780630379,0.2995053998292721,1.0,0.0,0.6666666666666666,5,1496.1851196289062,1212.1831665039062,73.2906925,1,-1,,,0.8006035373319018,2.282906120823774,False,not-round,reject
16,1135,11.4382933313406,0.09975252948879351,0.0224567581511712,0.09069515062796316,0.28753474822343283,1.0,0.125,0.75,80,1302.9964599609375,364.8028564453125,16.018019,1,6798,0.07460267416083542,0.7003974070698179,1.0827605464231844,3.28237377008019,False,rigid-doublet,reject
24,1135,13.686908543236427,0.18439917921396926,0.08112743636927922,0.2526320510401375,0.516531266138543,1.0,0.2,0.7916666666666666,80,240.03643798828125,419.645263671875,15.39017,1,-1,,,0.731054896979389,4.952564646754893,False,not-round;elongated,reject
15,755,15.482685682049983,0.015581294911799047,0.02980845321382871,0.12970004981329641,0.32325387110425113,1.0,0.0,0.7916666666666666,53,1143.689208984375,841.1659545898438,13.562047,1,-1,,,0.5638114186084893,5.974109568972553,True,not-round;mislink,reject
17,1135,10.228667195461687,0.03622659681774211,0.037230899240074465,0.1349848872399566,0.38270648572773436,1.0,0.0,0.8229166666666667,80,432.9833679199219,245.31935119628903,13.351979,1,-1,,,0.9594000354857384,3.040321676562146,False,not-round,reject
19,1133,11.976758330881438,0.28065634280030455,0.040475272642086266,0.05239021615093334,0.27329681508010406,1.0,0.4375,0.9791666666666666,80,928.8543090820312,63.18359375,11.311863,-1,-1,,,1.6337073004588794,6.315872678941777,False,defocus,reject
1990,846,11.886707862446116,0.2674536814303301,0.04615496627663686,0.05995256831996823,0.3005640810158252,1.0,0.4666666666666667,0.96875,60,685.4742431640625,199.2506103515625,10.531604000000002,-1,-1,,,1.6872950507456757,6.610958885524676,False,defocus,reject
4023,549,15.712282050791613,0.30039756211914387,0.053748719137477335,0.08862558925608346,0.359926908182326,1.0,0.23076923076923078,0.9583333333333334,39,291.1982421875,495.000732421875,10.272767,-1,-1,,,1.626965861517215,4.907019169544394,False,defocus,reject
6072,253,21.216397824862447,0.031032022208840316,0.013950294537785363,0.28495292276563267,0.4009328899406327,2.0,0.7222222222222222,0.65625,18,644.4507446289062,87.92904663085938,10.185379,1,-1,,,0.6462189931349505,6.260991997589806,True,two-cores;not-round;mislink,reject
20,1135,12.378221395237972,0.07977214597812197,0.025237352289365453,0.219458296743676,0.45362170868229523,1.0,0.0375,0.6145833333333333,80,248.1973114013672,440.84869384765625,10.11771,1,-1,,,0.7348417587495304,3.178173571496358,False,not-round;elongated,reject
52,1113,17.637200152047694,0.17202707185335295,0.03391010494221247,0.22743321286064339,0.42140544568540456,1.0,0.4025974025974026,0.75,77,1164.05224609375,785.9552612304688,8.9507265,1,-1,,,0.6134845113004668,4.569553777284052,False,two-cores;not-round,reject
18,1133,10.692586676966261,0.11433624763129752,0.039043147095593325,0.15887567934245383,0.37068953286305756,1.0,0.05,0.7708333333333334,80,808.3424682617188,486.6257629394531,8.707882,1,-1,,,1.1637247922770568,4.3290491202061,False,not-round,reject
28,586,19.533744293629404,0.19820097311340326,0.0784112944666691,0.1914174431251299,0.35956890720539003,1.0,0.07317073170731707,0.875,41,300.6950378417969,557.6397705078125,8.61017825,-1,-1,,,1.7065721691250286,7.331779579707353,False,not-round,reject
4111,272,21.349786041413328,0.07343827208012316,0.034816785591574057,0.22082723694055617,0.3114306762292021,1.0,0.3333333333333333,0.7604166666666667,18,654.7632446289062,104.54800033569336,7.239844,1,-1,,,0.7520239294237937,5.273237224590483,False,two-cores;not-round,reject
85,1135,12.067006125208595,0.3406807098404468,0.05510688029976967,0.07220454071140148,0.33558900108334744,1.0,0.1375,0.9583333333333334,80,1431.8238525390625,921.5429077148438,7.1777864,-1,-1,,,1.7355164013072237,5.178693546717086,False,defocus,reject
22,975,12.383771790433949,0.06725493727240398,0.051252163831239816,0.16831878306678014,0.35241848999671416,1.0,0.11764705882352941,0.7708333333333334,68,673.668701171875,122.83719635009766,7.084309,1,-1,,,0.5741544270775333,6.269263366984198,True,not-round;mislink,reject
1488,828,17.01782322479653,0.052625783847591354,0.05394410061309857,0.2175380271790868,0.44179847697054425,1.0,0.05263157894736842,0.7291666666666666,57,1164.7057495117188,821.11328125,7.020173,1,-1,,,0.6294084961362513,4.527104361646366,False,not-round,reject
640,230,16.621691074757987,0.0842763516486699,0.16575068367964663,0.268593891029299,0.46421242849842403,1.0,0.3125,0.875,16,1155.2919311523438,791.2759399414062,6.0003981500000005,1,-1,,,0.6131622063129051,3.838517271332707,False,two-cores;not-round;elongated,reject
6853,144,9.016668240690917,0.12526915139582265,0.03705229219987087,0.1367167037382887,0.3246805250997889,1.0,0.0,0.7916666666666666,11,1302.4806518554688,353.2915344238281,5.5841907,1,-1,,,1.1185710247201204,3.0185608718754655,False,not-round,reject
35,136,19.552652315664105,0.07433430340380862,0.08590986053170899,0.16555271947103306,0.43760188651572773,1.0,0.0,0.8229166666666667,10,25.177903175354004,517.3765563964844,5.384945,-1,-1,,,1.7834900780754033,4.417142444030599,False,not-round,reject
2789,207,8.81533568501418,0.2356250208272139,0.03415792946545561,0.19621284839041558,0.38732795456658903,1.0,0.14285714285714285,0.6770833333333333,14,801.2239379882812,500.7112731933594,5.2519407,1,-1,,,1.072119938842461,5.067884909150601,False,not-round,reject
47,185,20.99062141177918,0.0818604559227446,0.05222332074509358,0.2630598477752597,0.4632896055001253,1.0,0.35714285714285715,0.7708333333333333,14,648.5233764648438,109.11164855957033,5.2393928,1,-1,,,0.6920107459285006,7.339798755591744,True,two-cores;not-round;elongated;mislink,reject
27,979,11.465717998614117,0.062303961887828795,0.07884784378963487,0.20333934661877281,0.43744169815624384,1.0,0.17391304347826086,0.7916666666666666,69,165.92922973632812,694.7211303710938,5.1330466,1,5126,0.05901014705983679,0.718834729904727,0.9117031293770134,6.933492400191964,False,rigid-doublet;not-round,reject
1407,200,10.180227736583403,0.2579167532817657,0.056671166714990395,0.18285270248097527,0.3683703299867281,1.0,0.3333333333333333,0.7916666666666666,15,773.8295593261719,477.44505310058594,5.02064425,1,-1,,,1.334284561482709,6.392534327801335,False,two-cores;not-round;defocus,reject
30,53,16.746677998818654,0.043917136827146645,0.11232568076037588,0.23958667808985853,0.40998139441725,1.0,0.4,0.8125,5,1157.9945068359375,785.8318481445312,4.9401364,1,-1,,,0.8109703179722229,5.455039965708463,False,short;two-cores;not-round,reject
33,199,11.742974828000483,0.06425833988581353,0.04797697377551821,0.15151899331706922,0.3232412280080174,1.0,0.0,0.7291666666666666,15,1577.122314453125,1209.5860595703125,4.916528,1,55,0.03107608633192011,0.7533987844972875,0.5011432480755614,2.6269984186997997,False,rigid-doublet;not-round,reject
1347,939,11.994742267584632,0.08889127867836476,0.053718384356830406,0.16099896008313447,0.2971917953973304,1.0,0.07692307692307693,0.75,65,1577.57373046875,1191.57470703125,4.8764696,1,-1,,,0.533844886010222,6.0840629205945325,True,not-round;mislink,reject
6830,147,11.223196838237856,0.09192946443147659,0.08882949080649792,0.1718958439739156,0.4860308223872244,1.0,0.2727272727272727,0.8541666666666666,11,174.01217651367188,697.2559814453125,4.8024487,1,-1,,,1.0708961290220027,5.251094579855821,False,not-round;elongated,reject
32,1132,10.291454339160353,0.13151117405337,0.05907117911862671,0.15745619833382818,0.38371021144920303,1.0,0.35,0.8541666666666666,80,647.1672058105469,145.5502166748047,4.62124625,1,126,0.04642679800767678,0.7284453105395023,0.6947304874485191,5.812893633210115,True,rigid-doublet;two-cores;not-round;mislink,reject
285,152,11.54174839154432,0.23588588616961678,0.04012091851174941,0.19796972316513275,0.4158467117823214,1.0,0.45454545454545453,0.7291666666666666,11,759.0456848144531,478.88624572753906,4.4855449499999995,1,-1,,,1.4456827334210025,3.8913259980702017,False,two-cores;not-round,reject
4736,446,16.960345491674055,0.13859223024927653,0.11759679256089176,0.16872172714917055,0.41646182308926605,1.0,0.0625,0.8958333333333334,32,72.80731582641602,458.3197784423828,4.4182017,-1,-1,,,1.8879591271779554,5.93285257981184,False,not-round,reject
306,1098,16.35141517704197,0.23667508116368752,0.12103097153103273,0.2856192471295865,0.4273571362967481,1.0,0.19230769230769232,0.9166666666666666,78,953.6215515136719,881.6174011230469,4.08845375,-1,-1,,,1.9921326689392742,6.834355035450943,False,not-round,reject
983,306,18.78132622991113,0.129308790309451,0.08979349708477129,0.21761910729895198,0.3811501362379093,1.0,0.0,0.8541666666666666,21,66.78950500488281,484.53582763671875,4.0798842,-1,-1,,,1.8490961814618228,5.92722972147824,False,not-round,reject
6822,146,8.59606666533711,0.2705033994466802,0.029889186867100247,0.20705239167355238,0.4621108277359975,1.0,0.18181818181818182,0.7916666666666666,11,833.0254211425781,475.7851257324219,4.051835049999999,1,6938,0.12370416733112602,0.727512731329606,1.040321537528425,5.586621392216498,False,rigid-doublet;not-round;elongated;defocus,reject
6699,141,15.785089672919355,0.07149946212655663,0.2586631681461051,0.3298655265113524,0.6015531803967853,1.0,0.1,0.96875,10,659.0588989257812,109.0203628540039,4.013314,-1,-1,,,0.6443719493030633,4.758141649203364,False,not-round;elongated,reject
4197,292,10.126506226343478,0.13490620403005954,0.050161770493633843,0.1958950526158518,0.3532123749469943,1.0,0.2857142857142857,0.75,21,1472.683349609375,990.0793762207031,3.9033311,1,-1,,,1.3071548859113578,3.8650914672256276,False,not-round,reject
45,312,8.19166641422654,0.13841708404562023,0.07463131693468023,0.21137398324700052,0.4114133643897998,1.0,0.045454545454545456,0.875,22,1315.1263427734375,359.6383972167969,3.9019601,1,777,0.06933992631121272,0.7442492094802617,1.2268107334977978,4.451264903095297,False,rigid-doublet;not-round,reject
5979,264,15.917085392722383,0.15437318854758314,0.08553922984166344,0.154235415588716,0.3788637061706381,1.0,0.0,0.9166666666666666,18,1075.4666748046875,173.23619079589844,3.89429545,-1,-1,,,2.0084565815598436,6.171031619519431,False,not-round,reject
31,1135,12.056760949741042,0.027249988700677023,0.06920422554181212,0.1689658405858661,0.38017819637745537,1.0,0.025,0.8125,80,641.6593017578125,130.36448669433594,3.6681793,1,1076,0.04846908427713246,0.7492937160791016,0.5938366371991431,2.0625122921231482,False,rigid-doublet;not-round,reject
42,1047,13.278381793227371,0.059865750544886,0.05416360187178787,0.1258253187612801,0.3605528302511679,1.0,0.3108108108108108,0.875,74,660.9896850585938,134.63790893554688,3.5037234,1,-1,,,0.6602080018478212,3.7490333471356045,False,two-cores;not-round,reject
36,1135,13.209966435525889,0.28263702648993483,0.08463608826561496,0.11944215785212509,0.37113147938134566,1.0,0.05,0.9583333333333334,80,1533.9276123046875,699.0651245117188,3.4013631,-1,-1,,,1.907143326600061,6.262692259980431,False,not-round;defocus,reject
4898,63,11.252898463073269,0.009006071045185977,0.15172280925952625,0.21484930830605056,0.5448613071302946,2.0,0.6666666666666666,0.8958333333333334,3,1584.984619140625,1187.793701171875,3.379552,-1,-1,,,0.7565272578922532,3.0771064959191037,False,two-cores;not-round;elongated,reject
79,161,11.380205035622517,0.1779867887415937,0.15982253177684932,0.2833240330907967,0.5847309298490324,1.0,0.09090909090909091,0.9375,11,1578.78515625,1203.79541015625,3.3781273,-1,-1,,,0.5285634793930426,2.1113811589037232,False,not-round;elongated,reject
5824,281,9.695422159409453,0.1598666146633814,0.06881656991203691,0.20341360269137854,0.46250416871508776,1.0,0.4,0.7916666666666667,20,1445.2083740234375,992.9544067382812,3.341388,1,-1,,,1.3567735572667137,7.024180108889784,False,two-cores;not-round;elongated,reject
4456,68,12.818154843675941,0.20003591263927992,0.13259086970156286,0.18937794067592773,0.5359948335937421,2.0,0.75,0.9375,4,817.1846008300781,485.3357238769531,3.2253483000000003,1,-1,,,1.1756623185698676,6.1003174928829935,False,two-cores;not-round;elongated,reject
4217,65,7.6957497699175,0.03452564215104126,0.01982957098497534,0.22656821201900745,0.5104528358225883,1.0,0.0,0.6666666666666666,5,819.643310546875,491.9312744140625,3.2143648,1,-1,,,1.0546196914641353,3.0885280517329288,False,not-round;elongated,reject
1576,393,10.287809760146189,0.15211473602820852,0.08461292450657314,0.19592300199226517,0.4613141738292391,1.0,0.32142857142857145,0.7916666666666666,28,1465.1990966796875,991.986572265625,3.210439,1,-1,,,1.252723410602968,6.920289817644058,False,two-cores;not-round;elongated,reject
630,130,8.944878914497771,0.06221236810394618,0.04043291187016112,0.2104755470920124,0.5324071340388632,1.0,0.0,0.8333333333333334,9,163.95010375976562,705.232177734375,3.1043014500000004,1,-1,,,0.9607492312203922,4.7888351108064535,False,not-round;elongated,reject
2581,98,9.968934041932563,0.1372906883792575,0.1395024863794656,0.20339986284568598,0.4317082458727032,1.0,0.0,0.9375,8,237.69188690185547,433.81665039062506,3.07424865,-1,-1,,,0.8980735732001822,6.156844993421048,False,not-round,reject
5688,131,11.767115278874147,0.1615555663820409,0.0693890632843417,0.14077869835508477,0.3727748466795156,2.0,0.6666666666666666,0.9375,9,966.8548583984376,968.6648559570312,3.0111592,-1,-1,,,1.6787236380771615,5.652808781067237,False,two-cores;not-round,reject
6880,93,9.066262659641918,0.036305267445936776,0.056179580075074495,0.23195122411629704,0.5733021646379148,1.0,0.0,0.7604166666666667,6,167.90423583984375,701.025146484375,2.9892375,1,-1,,,0.9072872555676649,2.6713154725347152,False,not-round;elongated,reject
5427,193,8.068611675106629,0.21290666629443913,0.07144137058286038,0.19591502398465693,0.40357023480963866,1.0,0.14285714285714285,0.875,14,1309.712890625,353.885498046875,2.909633,1,-1,,,1.1192845247410708,7.687571446984122,False,not-round,reject
4948,270,8.959512834004908,0.25056661460254964,0.042503265255774206,0.21884653998597553,0.4914897356427311,1.0,0.2,0.7291666666666666,20,830.1836853027344,493.8568420410156,2.8708630499999996,1,-1,,,1.160601490127965,5.035205072076968,False,not-round;elongated;defocus,reject
2456,499,8.414623596782812,0.15946015799375993,0.04200163971530843,0.1686709024177913,0.38096026046803305,1.0,0.02857142857142857,0.8125,35,1000.2057495117188,979.361572265625,2.8383844,1,-1,,,1.5784097757740327,4.675658515603664,False,not-round,reject
43,359,8.057921217709547,0.17370724556122144,0.0365735675793443,0.16572255820634166,0.34231599610797026,1.0,0.0,0.7708333333333334,25,1025.3057861328125,1010.5421142578124,2.7698824,1,-1,,,1.6221361546282838,5.686887594476599,False,not-round,reject
34,209,10.236426953339434,0.12801944524396994,0.0491152455001553,0.19824115688049035,0.4231140458739123,1.0,0.13333333333333333,0.8125,15,1462.2884521484375,996.3971557617188,2.7686663,1,-1,,,1.3342714041473869,3.876837882916345,False,not-round,reject
6225,232,10.29001783523081,0.16213468828373775,0.08742627044358285,0.13559660488414088,0.3477460934036238,1.0,0.17647058823529413,0.9375,17,988.4013977050781,579.9701232910156,2.7023220500000003,-1,-1,,,2.273421911361949,5.400615940256911,False,not-round,reject
2828,327,9.396168142840954,0.15169435302241074,0.08121653419510666,0.22017241218259942,0.5384874944304054,1.0,0.17391304347826086,0.8125,23,160.84115600585938,693.797119140625,2.695636,1,-1,,,0.8836489435664941,4.235450578909332,False,not-round;elongated,reject
40,89,10.007484406050787,0.16126144365889758,0.06064141303865415,0.20988669000563748,0.5448333421407381,1.0,0.0,0.6875,7,134.55398559570312,695.8908081054688,2.66863,1,-1,,,0.8936220328878421,4.051045061108638,False,not-round;elongated,reject
3512,112,10.965609681712504,0.21841185600508278,0.08298448584995807,0.18506886632225888,0.34309772487137175,1.5,0.5,0.8958333333333333,8,1464.4624633789062,998.0952453613281,2.6590483000000003,1,-1,,,1.4302879917623186,6.1056320171040825,False,two-cores;not-round,reject
51,877,9.364892198670445,0.154151645731108,0.06744312174452322,0.11538252752325545,0.4075037543531437,1.0,0.016129032258064516,0.9166666666666666,62,1259.3389892578125,1063.042236328125,2.6297655,1,-1,,,1.50833885962086,5.288834402110283,False,not-round,reject
7258,95,16.874943024111104,0.034823252911427176,0.03931376893026203,0.21830770165373015,0.36551104858430306,1.0,0.14285714285714285,0.6875,7,1161.50146484375,812.1636962890625,2.5635645,1,-1,,,0.6671848890851594,4.380642537156983,False,not-round,reject
270,125,12.312794046776252,0.15528451835790683,0.13807467115141306,0.22252758458817756,0.4970899454606539,1.0,0.3333333333333333,0.8958333333333334,9,1343.039306640625,81.09210205078125,2.5479496,-1,-1,,,1.6202141968128845,5.243823529380829,False,two-cores;not-round;elongated,reject
4825,126,10.432576566169887,0.16964939824283132,0.12284921639987034,0.1537481926048786,0.5277970120992238,1.0,0.4,0.9166666666666667,10,1483.2874145507812,978.7993774414062,2.5449783999999998,1,-1,,,1.3261938215638192,7.4750843643050615,False,two-cores;not-round;elongated,reject
1049,531,12.494323260839659,0.2045517075859684,0.09115321818554674,0.15496323195115796,0.3850868740065446,1.0,0.43243243243243246,0.8958333333333334,37,1361.9249267578125,92.21356964111328,2.5256035,-1,-1,,,1.4979589202301744,6.218203231135081,False,two-cores;not-round,reject
4580,66,11.703486887553614,0.29405290372878135,0.07205133347621832,0.2741353643553581,0.44873984072473855,1.0,0.4,0.8541666666666666,5,1314.1199951171875,351.9623260498047,2.51645255,-1,-1,,,1.517379918042613,5.14475134612334,False,two-cores;not-round;defocus,reject
373,57,8.26966099684707,0.025188926907311976,0.0537486026631355,0.1807027914853754,0.5019696265341087,1.0,0.0,0.7291666666666667,4,1465.209228515625,1004.7368774414062,2.5150073,1,-1,,,1.4101771487642414,7.329811529428758,False,short;not-round;elongated,reject
4433,64,8.89350733409646,0.1578591466342827,0.056385147731179495,0.1809235982023576,0.4775981536055876,1.0,0.2,0.75,5,1472.7555541992188,984.0727233886719,2.43955805,1,-1,,,1.452490840004455,7.55303661940479,False,not-round;elongated,reject
54,783,9.454474797168311,0.3115893683848321,0.10179933775108149,0.24988720824840627,0.41788493489090894,1.0,0.12727272727272726,0.8333333333333334,55,1129.3975830078125,847.8026733398438,2.4282186,1,-1,,,0.6940383736515222,4.481834351508619,False,not-round;defocus,reject
2665,109,11.582592472689383,0.23017040972225936,0.14169348267551937,0.16854745455705722,0.3375060884103391,1.5,0.5,0.9583333333333334,10,1586.8741455078125,1185.9932861328125,2.4249341,-1,-1,,,0.6923472525825987,3.1867821502705556,False,two-cores;not-round,reject
2684,200,20.85851767550818,0.07401653902516761,0.12175911702900179,0.26353311696317006,0.3941731242609068,1.0,0.4,0.8333333333333334,15,654.083984375,110.59258651733398,2.3260107,1,-1,,,1.0896889719825258,6.430639674424717,False,two-cores;not-round,reject
6938,135,8.773063931658541,0.2470212914729015,0.05008874932970665,0.2284259612170418,0.502712164800766,1.0,0.2,0.7916666666666667,10,842.077392578125,479.5808715820313,2.2739253,1,6822,0.12370416733112602,0.727512731329606,1.2764155352327342,5.839149389683648,False,rigid-doublet;not-round;elongated,reject
6447,199,16.44438262014934,0.2577884778779169,0.11202936073633601,0.19829723723525713,0.4056855675341404,1.0,0.07142857142857142,0.8854166666666667,14,226.6204376220703,421.2367858886719,2.173373,1,-1,,,0.7834242929492432,5.984152391595042,False,not-round;defocus,reject
2479,143,10.05781585438719,0.20718598659640414,0.08228666747756154,0.21595939561578797,0.4835593997361863,1.0,0.45454545454545453,0.8541666666666666,11,1459.55517578125,997.06103515625,2.116178,1,-1,,,1.548091097743095,8.131334475316006,False,two-cores;not-round;elongated,reject
7271,91,13.508027387635874,0.07764543991645997,0.053007528508228735,0.17299850856179816,0.3178743168419772,1.0,0.16666666666666666,0.8229166666666667,6,643.7616577148438,116.75489807128906,2.0572078,1,-1,,,0.8978579988043619,6.0542435938872705,False,not-round,reject
443,153,16.308607203046996,0.05396708668988449,0.12811147609839135,0.22342268899518858,0.4951854975545603,1.0,0.1,0.8854166666666667,10,1157.97509765625,824.5775756835938,2.052222,1,-1,,,0.9333357690450902,5.78319705252955,False,not-round;elongated,reject
6902,133,9.00522147798015,0.1590344282580664,0.037575017000013165,0.20927895467469787,0.4746584038014956,1.0,0.2,0.6875,10,1448.3968505859375,992.028076171875,2.0486362,1,-1,,,1.4088152317215086,5.525812511174886,False,not-round;elongated,reject
55,807,11.291424739251244,0.06993881295800684,0.16790629111208877,0.2542593424572635,0.4160198898934532,1.0,0.0,0.875,56,1588.0242919921875,1186.156982421875,2.007769,1,33,0.03107608633192011,0.7533987844972875,0.44107665264948454,2.5136120575335084,False,rigid-doublet;not-round,reject
6212,70,16.81892558134171,0.11761883741086747,0.10463220152840469,0.22291653043888723,0.5690882280716724,1.0,0.25,0.78125,4,238.92856597900388,423.9177551269531,1.96673155,1,-1,,,0.6569304597454848,4.675180878185686,False,not-round;elongated,reject
6062,162,8.364664943042154,0.23249320255312378,0.060335157764717935,0.13308217362625854,0.4087582663469563,1.0,0.2727272727272727,0.8541666666666666,11,1280.7702026367188,1026.263671875,1.9663585000000001,1,-1,,,1.6745125662045688,4.366571934058565,False,not-round,reject
2238,294,16.689474790720027,0.05790584244826647,0.2214499701978997,0.2585477955990205,0.4383015109324798,1.5,0.5,0.9479166666666667,20,1158.3212280273438,787.3565368652344,1.95787845,-1,-1,,,0.6108039959113999,7.736788040270436,True,two-cores;not-round;mislink,reject
59,261,15.792343074680794,0.19952439541106104,0.09294598746366742,0.21887592280127263,0.4711797156615634,1.0,0.15789473684210525,0.7916666666666666,19,1162.2310791015625,813.4285278320312,1.9214555,-1,-1,,,0.7153467243713568,5.266941943580406,False,not-round;elongated,reject
7481,57,7.807969784686916,0.18547183720266794,0.028057065747676524,0.16334977354050578,0.35237694421121524,1.0,0.25,0.8958333333333333,4,962.1470336914062,967.215087890625,1.9056193,1,-1,,,1.46984369708129,4.278792937051132,False,short;not-round,reject
3464,418,13.940720161425746,0.2423161418553115,0.15810277236088294,0.3199100118554542,0.3512276814248393,1.0,0.10714285714285714,0.9270833333333333,28,1315.8255615234375,95.09989166259766,1.89598955,-1,-1,,,1.8689764577736578,5.212316965414632,False,not-round,reject
6618,176,9.242143321589964,0.08268173562100604,0.07475686311242556,0.17658450962836905,0.35421581733184127,1.0,0.0,0.9166666666666666,13,1136.1002197265625,844.3977661132812,1.8849657,1,-1,,,0.7179437276649554,4.201977029802903,False,not-round,reject
5890,104,20.240481537628177,0.04434434755163383,0.06841491636085058,0.26478985065553784,0.2759056125770871,2.0,0.7142857142857143,0.7708333333333334,7,652.810546875,110.72636032104492,1.8806429,-1,-1,,,0.9037567251209986,6.771643951379501,False,two-cores;not-round,reject
2534,95,9.209734483144427,0.23563005488083477,0.11028092799039745,0.2598758314910644,0.529004136115228,1.0,0.2857142857142857,0.8125,7,793.7195434570312,508.6906433105469,1.8228189,1,-1,,,1.1952393175706564,2.9921680840741285,False,not-round;elongated,reject
5088,215,18.384094427566247,0.15509046793822504,0.09923533884408434,0.21398784531322823,0.3857171687673327,1.0,0.0,0.9166666666666666,15,1344.9600830078125,103.25770568847656,1.8193461,-1,-1,,,1.7642782760090925,5.371135572922442,False,not-round,reject
2912,100,14.013678208699103,0.20793071604404456,0.12048388313346256,0.23943148097617403,0.3972087760301386,1.0,0.42857142857142855,0.875,7,1293.8348388671875,361.043212890625,1.8050015,-1,-1,,,1.6286780449925975,6.370543667565995,False,two-cores;not-round,reject
3568,352,9.771754349806944,0.17882679297572104,0.11109461957577568,0.22049840046977437,0.48554790737092973,1.0,0.125,0.9375,24,243.11819458007812,431.88307189941406,1.80264955,-1,-1,,,0.7025084521013981,6.431719000467219,True,not-round;elongated;mislink,reject
1800,117,9.817494288481635,0.2457546033898412,0.11122405002333012,0.14415285798414668,0.4816874133921958,1.0,0.25,0.9375,8,240.6173858642578,439.8677978515625,1.790442,-1,-1,,,0.8680552727078149,4.8235025178500806,False,not-round;elongated,reject
6900,140,12.687364359862794,0.14833560461314263,0.1598602606239407,0.2159980073323547,0.37070456864033,1.0,0.2,0.9791666666666666,10,1083.0009765625,1164.3788452148438,1.78856825,-1,-1,,,2.3873589117086587,6.586394243958815,False,not-round,reject
1905,111,12.91063556521155,0.07316688752693028,0.15793409624314833,0.2150131775378843,0.5079753875337909,2.0,0.625,0.9270833333333334,8,153.46620178222656,687.0264282226562,1.7825717,1,-1,,,0.92274006360706,5.9945216016649505,False,two-cores;not-round;elongated,reject
2028,80,16.96853807015257,0.08634335577795159,0.2545235251124429,0.3414498124319916,0.48044588352792694,1.0,0.0,0.96875,6,658.5712585449219,113.8900032043457,1.7743826,1,-1,,,0.8639395838365953,5.446811476634293,False,not-round;elongated,reject
1669,95,9.563178370544774,0.17638306987824684,0.02803250466041936,0.16173870672874668,0.43706676444291603,1.0,0.42857142857142855,0.6666666666666666,7,1464.0899658203125,994.9014282226562,1.7161752,1,-1,,,1.1876569995881208,7.867430410274057,False,two-cores;not-round,reject
6916,139,17.357568509834422,0.1879584819755904,0.24271079216633015,0.3455878253218488,0.4950393404125721,1.0,0.0,0.9270833333333333,10,1350.4122314453125,61.91395568847656,1.6420909,-1,-1,,,2.044029869820771,6.313846076947699,False,not-round;elongated,reject
1059,53,10.10079040983381,0.19477140612672852,0.07340382100532783,0.2249471650529346,0.3918204785169678,1.5,0.5,0.8020833333333334,4,1472.662109375,991.0709838867188,1.6323508,1,-1,,,1.4515241424113001,3.964057700805894,False,short;two-cores;not-round,reject
5658,307,11.713244134792308,0.05516632581142093,0.2295620732224172,0.2528443054291497,0.4728844829651072,1.0,0.0,1.0,22,1588.2396240234375,1180.935302734375,1.5635501,1,-1,,,0.592662132926448,7.0462746556086095,True,not-round;elongated;mislink,reject
2469,753,9.688550227151879,0.22275490048918986,0.10213717543213004,0.12480169348115154,0.4294523162314014,1.0,0.03773584905660377,0.9583333333333334,53,1303.2974853515625,669.013916015625,1.5600516,-1,-1,,,2.2771885655074877,7.751655545029002,False,not-round,reject
587,374,14.194473939419748,0.15637015356760411,0.19670862503539846,0.2676069614195157,0.49279367614527464,2.0,0.8148148148148148,0.9375,27,1572.0738525390625,1177.4590454101562,1.4917183,1,-1,,,0.5948029465472237,5.953495940653577,True,two-cores;not-round;elongated;mislink,reject
57,903,8.367412141376073,0.19798561714728188,0.07013154647602717,0.10625728821255286,0.38749893267812424,1.0,0.015873015873015872,0.8958333333333334,63,931.7827758789062,602.0433959960938,1.48667,1,-1,,,2.1630846406716295,6.5440147687008015,False,not-round,reject
7070,85,10.796243316361188,0.01181898647825355,0.13705908420179194,0.14947981261897486,0.40277264620646336,1.0,0.0,1.0,8,1576.7735595703125,1178.4287109375,1.4845457,-1,-1,,,0.8256530137285819,6.170221563649254,False,not-round,reject
1240,50,19.43492734330381,0.018338101010426454,0.08715643199934847,0.16575044799784644,0.3065991922948961,1.5,0.5,0.9166666666666667,4,652.9365234375,106.39762115478516,1.4739337,-1,-1,,,1.0129174573443807,6.4097476928879376,False,short;two-cores;not-round,reject
2239,66,19.339300831108936,0.07839373384459736,0.088959343834695,0.32676718770923807,0.4548835780377046,1.0,0.4,0.7708333333333334,5,651.0398864746094,104.3995590209961,1.4739209500000001,-1,-1,,,1.2079418193090439,4.532831219191702,False,two-cores;not-round;elongated,reject
5579,99,12.682827443709797,0.1853350409673946,0.13122579106676852,0.22599456846279684,0.4215953716931052,1.0,0.3333333333333333,0.875,6,232.4669189453125,428.5713806152344,1.471026,1,-1,,,0.952150794736029,5.397942511042374,False,two-cores;not-round,reject
48,127,9.632318509031743,0.0691572255404832,0.07640328353140718,0.21843629712431809,0.48991337855491307,1.0,0.0,0.875,9,243.89149475097656,437.7534790039063,1.4623469,-1,-1,,,0.7358658812158924,5.391337548117242,False,not-round;elongated,reject
6543,69,18.873729657279995,0.08517767239516058,0.23018161367116416,0.31230546556840816,0.3420832705308457,1.0,0.0,0.90625,4,1341.3843994140625,71.24630737304688,1.460333,-1,-1,,,2.1875353243615225,5.153766399932068,False,not-round,reject
5094,59,20.61526240668736,0.030997842991385888,0.11402729161198484,0.22401461344813678,0.4630719279175145,1.0,0.0,0.8333333333333334,3,653.8797607421875,112.8136749267578,1.4548659,-1,-1,,,0.7808932111703539,5.775528506938095,False,short;not-round;elongated,reject
912,97,10.135950055465837,0.1576087331762596,0.10444034464351343,0.19311891279046,0.5096812559811896,1.0,0.0,0.9375,7,240.87738037109372,439.2395629882813,1.4434705,-1,-1,,,0.7203751785166636,5.19190594853434,False,not-round;elongated,reject
1540,81,19.440990091457074,0.0523296939986084,0.09271749122326453,0.2458088668271574,0.41023228562774616,1.0,0.0,0.8958333333333334,6,653.1123657226562,106.82334899902344,1.4325498,-1,-1,,,1.5012347350717046,7.344076002334368,False,not-round,reject
7272,92,8.39268884858741,0.24565311887381244,0.08438707824434373,0.2023279238693519,0.31829416870816335,2.0,0.7142857142857143,0.8333333333333334,7,1294.1666870117188,1055.5852661132812,1.4000579499999999,1,-1,,,1.7624373587444928,4.63960608390985,False,two-cores;not-round,reject
4690,373,8.848378399739037,0.24185113087010351,0.058501355832766735,0.19653848761549714,0.4086506864998375,1.0,0.07692307692307693,0.8645833333333333,26,1110.939208984375,1005.3224487304688,1.3967861,1,-1,,,1.0865628339223354,4.935444221383751,False,not-round,reject
44,213,17.924311743123667,0.03285316973407676,0.19430006200265698,0.23135623398741437,0.4428488307001108,1.0,0.0,1.0,15,1584.7401123046875,1146.2825927734375,1.3722601,1,-1,,,0.6545657438808289,5.548832066604875,True,not-round;mislink,reject
94,353,16.460530176006642,0.11822667658771717,0.16313519659879377,0.2586652316422048,0.5030996479426915,1.0,0.15384615384615385,0.9166666666666666,26,1153.3309326171875,812.64794921875,1.3702716,1,-1,,,0.7588576381060838,7.6986572457268965,True,not-round;elongated;mislink,reject
2661,124,14.457038067159303,0.2596356139768225,0.06658078919275587,0.2843293010727159,0.4576196162169359,1.0,0.25,0.7708333333333334,8,249.57372283935547,420.68788146972656,1.3462482,1,-1,,,0.6719478263052102,8.020243443748383,True,not-round;elongated;defocus;mislink,reject
7458,65,12.432818918196308,0.08611096027939358,0.11970401190151228,0.2763340162002045,0.4430509912260497,1.0,0.0,0.7708333333333334,5,1110.0640869140625,986.45556640625,1.3437716,1,-1,,,0.4302649423275295,2.1210604187767435,False,not-round,reject
3925,555,11.101781988641731,0.12025098085259,0.08877044300558153,0.1759870560644246,0.4916478104068407,2.0,0.8157894736842105,0.875,38,1173.3568115234375,795.574951171875,1.3026253,1,-1,,,0.5224252524853453,5.678016827476162,True,two-cores;not-round;elongated;mislink,reject
2635,78,18.855149213893426,0.01784847413081093,0.09492127999910872,0.28549188202991116,0.41961871923698124,1.0,0.2,0.8125,5,648.0669860839844,103.04193878173828,1.28271655,-1,-1,,,1.3101569983005874,6.52160837577752,False,not-round,reject
7294,87,8.248109698248932,0.2621131827430838,0.08872897314680658,0.20818302994599105,0.5495400539925167,1.0,0.0,0.8958333333333334,7,1102.588134765625,976.984619140625,1.2399133,1,-1,,,1.2668087558867642,7.831422420778245,False,not-round;elongated;defocus,reject
4655,135,15.675483228548735,0.1679489833739326,0.151612560758188,0.33081904067080126,0.468723128478683,1.0,0.09090909090909091,0.875,11,1084.2171630859375,135.8892364501953,1.2308468,-1,-1,,,2.1901333814445954,8.497401253787023,False,not-round;elongated,reject
6141,59,20.301793540753177,0.02390646358720729,0.08585413199617761,0.2896549271123327,0.40049069963743333,1.0,0.3333333333333333,0.7291666666666666,3,659.7374267578125,112.23210906982422,1.2296733,-1,-1,,,0.5012815399569138,5.213511537128837,True,short;two-cores;not-round;mislink,reject
2475,86,8.768080322018072,0.01075720747098411,0.11454046794059329,0.2182506924535459,0.33440782114971146,1.0,0.0,0.8958333333333334,5,365.6204833984375,805.8713684082031,1.2233776,1,-1,,,1.0256615667705546,3.0425639250609353,False,not-round,reject
5313,55,10.896696140955036,0.20604636055749598,0.23373534616042896,0.2846092950376482,0.6050686218247334,1.0,0.25,0.9791666666666666,4,1164.8236083984375,777.3973388671875,1.2233142,1,-1,,,0.6880049609658013,7.935933998858224,True,short;not-round;elongated;mislink,reject
523,711,15.881732884777547,0.09331911376820173,0.16775485099568735,0.22147193185495723,0.511443346149454,1.0,0.10638297872340426,0.9166666666666666,47,1587.9327392578125,1130.0462646484375,1.2180637,1,-1,,,0.8337905476479195,7.365155297910443,True,not-round;elongated;mislink,reject
3084,582,8.98585672068624,0.3054909976467848,0.07990788009917717,0.24942358685955568,0.48857614513652203,1.0,0.21951219512195122,0.8541666666666666,41,359.3451690673828,789.0196533203125,1.20530985,1,-1,,,0.9474285128491241,7.775066295424315,True,not-round;elongated;defocus;mislink,reject
1398,263,8.92739674061696,0.19647728410150325,0.10418065712685115,0.22687109262895888,0.46726744564356576,1.0,0.0,0.875,19,1125.5784912109375,997.8106689453124,1.2035155,1,-1,,,1.1035634620947015,6.239898971732048,False,not-round;elongated,reject
1634,238,10.493448922336917,0.30183430426636665,0.1149525386701692,0.2306867788199118,0.4565986586273085,1.0,0.29411764705882354,0.8958333333333334,17,1164.3981323242188,815.0498352050781,1.1673433,1,-1,,,0.8498448935476706,5.815304389524837,False,not-round;elongated;defocus,reject
4754,51,13.1880711574879,0.1826641184789368,0.1501824259083357,0.2841080190599319,0.5732298002854113,2.0,0.75,0.84375,4,1578.31396484375,1185.469482421875,1.1638746,-1,-1,,,1.0261815210534693,3.866199059430805,False,short;two-cores;not-round;elongated,reject
2264,81,20.492338415101038,0.21055697685892608,0.11026327982624441,0.29261361347570986,0.46009198554357766,1.0,0.42857142857142855,0.7708333333333334,7,1598.4847412109375,1127.240966796875,1.1623176,1,-1,,,0.9571922092931286,6.9916995653469005,False,two-cores;not-round;elongated,reject
5126,158,11.936187658340552,0.14185049948318973,0.09685053676061718,0.20593664533847833,0.4665450241603126,1.0,0.09090909090909091,0.875,11,167.70262908935547,697.9857482910156,1.161457,1,27,0.05901014705983679,0.718834729904727,0.8977433011473618,4.299874388658103,False,rigid-doublet;not-round;elongated,reject
548,123,8.681568000247122,0.188731972281883,0.07942148636758489,0.21415181480966416,0.431993624885274,1.0,0.0,0.7872340425531915,9,1120.367431640625,1002.406982421875,1.1209213,1,-1,,,1.3643157900994962,7.534676150407141,False,not-round,reject
6798,57,8.510379158394342,0.016751476051963345,0.06646785075020208,0.16601201036227992,0.3924147467907952,1.0,0.0,0.8541666666666666,3,1307.037109375,373.8852233886719,1.1164869,1,16,0.07460267416083542,0.7003974070698179,1.0478097854743682,7.705796005221109,False,short;rigid-doublet;not-round,reject
49,140,20.70651630061932,0.1470121553513007,0.1082392634136154,0.3180337076206212,0.4937019344666056,1.0,0.0,0.75,10,1610.2044067382812,1150.4595336914062,1.1081401,1,-1,,,0.5449560157874475,4.4799103921416945,True,not-round;elongated;mislink,reject
112,231,10.349687664559806,0.2038561113308654,0.10839077986206849,0.24221879026933,0.5081203199108733,2.0,0.6470588235294118,0.8125,17,348.9266357421875,827.1868286132812,1.1070656,1,449,0.026886481115030687,0.7284080983085955,0.9772859572751577,4.101480746618171,False,rigid-doublet;two-cores;not-round;elongated,reject
5576,84,9.033669674384305,0.10515762677974284,0.07877467193627204,0.1754631966237587,0.3423975929942038,1.0,0.0,0.9166666666666667,6,1134.7185668945312,840.960205078125,1.09322605,1,-1,,,0.7182009306611903,4.608550570520799,False,not-round,reject
3407,52,20.25575311106811,0.039923950019311545,0.1140727517617624,0.239472065934146,0.27878216291004515,1.5,0.5,0.8125,4,650.809814453125,102.02920532226562,1.0771147,1,-1,,,0.8002591861861726,7.141478292416608,True,short;two-cores;not-round;mislink,reject
71,785,9.124230506393179,0.1604767922322312,0.09305905071001869,0.12561550003173405,0.34634151840514465,1.0,0.05454545454545454,0.9375,55,1075.6256103515625,1108.354736328125,1.0695163,1,-1,,,2.2404466232267133,7.786390659194653,False,not-round,reject
1164,77,16.455801577178935,0.056750458793868315,0.07037530432874967,0.1983945487873933,0.4001737885036976,2.0,0.6,0.8125,5,1158.048828125,784.929443359375,1.0681454,-1,-1,,,1.0136395008387766,4.082835632142684,False,two-cores;not-round,reject
77,491,15.705501874340094,0.25703519749804,0.12146157038837105,0.27734931551197206,0.572233350704108,2.0,0.5454545454545454,0.8125,33,1173.4365234375,807.334228515625,1.0590808,1,-1,,,0.6407200847521172,6.4573240138779715,True,two-cores;not-round;elongated;defocus;mislink,reject
1950,70,13.927225307255387,0.04402868153669339,0.20471072346579344,0.22059351680756406,0.4721205796287331,1.0,0.0,0.9791666666666666,4,1578.7274780273438,1169.880859375,1.0550864500000001,-1,-1,,,0.5858391244144424,3.6561400343994617,False,not-round;elongated,reject
53,111,9.285970798057305,0.20024571758105578,0.1197570173701309,0.26870880357563237,0.42620889140805945,1.0,0.2222222222222222,0.8541666666666666,9,355.07958984375,844.6365356445312,1.0506037,1,449,0.0892853474338748,0.806248540287941,1.0396505771156201,3.254917461945906,False,rigid-doublet;not-round,reject
6995,130,7.657789561034428,0.2443247378317452,0.06886235995824574,0.13675913993010402,0.40843412724667055,1.0,0.0,0.875,9,213.1517105102539,431.6790466308594,1.0496207499999999,1,-1,,,0.758242757729272,2.3432914259066417,False,not-round,reject
1727,101,12.483760239533265,0.06734169279099736,0.19310820424032538,0.27640829143438517,0.5088021469123656,1.0,0.2857142857142857,0.9375,7,1569.25244140625,1166.843505859375,1.0470691,1,-1,,,0.678923618880998,3.477168925040226,False,not-round;elongated,reject
6748,127,13.65496007125604,0.1873918470116418,0.09272968872550162,0.20430501516858557,0.45960886175517907,2.0,0.5714285714285714,0.9375,7,1158.1488037109375,803.3704833984375,1.0443746,1,-1,,,0.760349734007561,7.1884872961540704,True,two-cores;not-round;elongated;mislink,reject
4622,159,14.9634288903988,0.12082851139906174,0.1118214078586798,0.22155534981154426,0.47172014371847437,1.0,0.2727272727272727,0.8958333333333334,11,1349.1070556640625,97.80364990234376,1.0397602,-1,5298,0.11316466709625589,0.7080692051425792,1.8843554908372608,7.058029419189451,False,rigid-doublet;not-round;elongated,reject
6250,151,13.192281917924156,0.1717763489262282,0.2107835062510287,0.2505651338767215,0.48573150172869134,1.0,0.09090909090909091,1.0,11,1142.335205078125,839.486572265625,1.0352981,-1,-1,,,0.5946876860837397,7.773758209803627,True,not-round;elongated;mislink,reject
922,254,9.151443043956096,0.08937998785350655,0.07453640725670878,0.2726209096583664,0.3756323789439847,1.0,0.16666666666666666,0.75,18,358.05613708496094,813.2170715332031,1.03240045,1,112,0.07909799592157056,0.7892937331314537,0.9891426471216708,7.28787912512117,False,rigid-doublet;not-round,reject
5730,293,14.946043793701675,0.15300793995220638,0.19835323760164167,0.27501207195019145,0.552275109356741,1.0,0.09523809523809523,0.9166666666666666,21,1601.1768798828125,1126.1170654296875,1.0246081,1,-1,,,0.7467963957062652,6.734514438730732,True,not-round;elongated;mislink,reject
2408,471,11.274092080995125,0.2125582149512413,0.20857964245675958,0.3018820870454159,0.4533584498349554,1.0,0.3870967741935484,0.8958333333333334,31,1575.3516845703125,1171.1834716796875,1.0236605,1,-1,,,0.6605125965431206,6.4853928014231395,True,two-cores;not-round;elongated;mislink,reject
2266,245,13.582407876427526,0.14374706128690184,0.1182869267869912,0.2659426998742965,0.4519195857744271,1.0,0.058823529411764705,0.7916666666666666,17,1140.087158203125,823.2302856445312,1.0163966,1,-1,,,0.6723002979264244,4.692460646886862,False,not-round;elongated,reject
6708,116,13.12501006349866,0.07706441545765236,0.09797418577245633,0.2170182625909064,0.5585249087457393,1.0,0.0,0.84375,8,1585.553466796875,1188.6956176757812,1.0151118000000001,-1,-1,,,0.7422211097296878,5.788890154530658,False,not-round;elongated,reject
2423,196,12.628727702916777,0.20031417922265926,0.13063472410299998,0.25428928584415394,0.48427846164495236,1.0,0.35714285714285715,0.8645833333333333,14,1577.5399169921875,1184.3613891601562,1.0036603,-1,-1,,,1.3080148398283138,7.513853104354511,False,two-cores;not-round;elongated,reject
58,168,17.74377235218425,0.06573500477580098,0.15851280199497725,0.2295334188080687,0.544062897217375,1.0,0.0,0.9270833333333333,12,1595.88427734375,1158.0763549804688,0.9939996,-1,-1,,,0.5647642833169171,6.776487885942373,True,not-round;elongated;mislink,reject
61,86,23.11487405552277,0.0700201970084655,0.2075315725361668,0.3044740135065501,0.5494624103278205,2.0,0.5714285714285714,0.8958333333333334,7,1605.7230834960938,1166.8588256835938,0.992834875,1,-1,,,0.9315001724993742,5.455626067735235,False,two-cores;not-round;elongated,reject
4063,267,10.536863547932827,0.32330385469857814,0.08279437582034418,0.23605377087035095,0.49477161460624175,1.0,0.2222222222222222,0.7395833333333333,18,1165.9931640625,805.028076171875,0.9806371,1,-1,,,0.6111857127690475,5.162782572489882,True,not-round;elongated;defocus;mislink,reject
2259,129,10.459781281035962,0.07163694199069845,0.1288857924151264,0.19920708382334426,0.5052613564318148,1.0,0.1111111111111111,0.8958333333333334,9,1371.566162109375,91.03131103515624,0.9790013,-1,-1,,,1.919965701288632,6.386479197265378,False,not-round;elongated,reject
1287,188,12.923527277633116,0.047066718926563625,0.20073550245497418,0.23725769048778303,0.40519668366383255,1.0,0.0,0.8958333333333334,13,647.9172058105469,134.83454132080078,0.967375885,-1,-1,,,0.47237847356796325,6.615372279898257,True,not-round;mislink,reject
834,76,16.297815254320167,0.17674938673392843,0.18007980823056757,0.2946025033712592,0.5735097104903771,1.0,0.0,0.8958333333333334,5,1585.342041015625,1183.6609497070312,0.95709223,-1,-1,,,0.594694313478709,7.499638745293261,True,not-round;elongated;mislink,reject
3119,76,15.057110726419843,0.13638445491413625,0.2696658313173348,0.42356619424932085,0.6122639699729071,1.0,0.0,0.8958333333333334,5,75.92520523071289,473.70274353027344,0.9520446,-1,-1,,,2.172856374728029,6.238139851549529,False,not-round;elongated,reject
3762,69,11.959129484109038,0.23479779855765257,0.10850141026500214,0.4051718814292232,0.6732490977547229,1.0,0.2,0.7708333333333334,5,1169.0391845703125,813.0540771484375,0.949245,1,-1,,,0.811915915220165,4.599770326491304,False,not-round;elongated,reject
5037,78,14.272885460400808,0.021125981801659994,0.11766985231511447,0.18532265495400568,0.4069852267026619,1.5,0.5,0.8541666666666667,6,1140.30419921875,840.3554077148438,0.9431522800000001,-1,-1,,,0.7543958440911512,5.745059596824641,False,two-cores;not-round,reject
3825,134,13.731070889931337,0.18585474502912716,0.2836535598198137,0.44030713651078096,0.5349830789527794,1.0,0.0,1.0,9,57.124868392944336,467.5787811279297,0.93959245,-1,-1,,,2.272026660850236,7.111959955494162,False,not-round;elongated,reject
80,167,12.197027991049204,0.06236228511009022,0.20638639110674983,0.3304838214622736,0.504719677419749,1.0,0.15384615384615385,0.8958333333333334,13,1570.3990478515625,1181.0335693359375,0.92385584,1,-1,,,0.7231348650879882,7.218006954769157,True,not-round;elongated;mislink,reject
5569,130,13.773287535517195,0.03180765565303129,0.06945545681842458,0.21744960487240791,0.396747440065523,1.0,0.25,0.75,8,1589.204345703125,1122.729248046875,0.91581535,1,-1,,,0.7323663186386461,6.391081022509828,True,not-round;mislink,reject
2251,296,8.8474615111519,0.22589714438915362,0.11123891230316373,0.1935546531377921,0.45167480072640354,1.0,0.047619047619047616,0.8958333333333334,21,1114.2342529296875,997.0810852050781,0.913351085,1,-1,,,0.8597762982661492,7.590088476875369,True,not-round;elongated;mislink,reject
6149,61,13.896574669379186,0.02225314363761359,0.230223212357215,0.23497491000738802,0.46152398706378517,1.0,0.0,1.0,4,1144.7413330078125,837.70361328125,0.89836496,-1,-1,,,0.5692895106959784,6.886199097726564,True,not-round;elongated;mislink,reject
3466,84,15.211179677226422,0.03992234395327402,0.16024373467892086,0.21800450766938903,0.3083411233950844,1.0,0.0,0.875,7,1147.2174072265625,840.0724182128906,0.88072398,-1,-1,,,0.5186197892985976,7.261188668967684,True,not-round;mislink,reject
5155,97,15.42694760830183,0.019102243361511485,0.1390289706448456,0.14567584825819574,0.36370057378753073,1.0,0.0,0.9583333333333334,7,1161.1287841796875,827.5875244140625,0.86615014,-1,-1,,,0.5123462190800098,4.037196843104502,False,not-round,reject
1201,77,14.026967160566262,0.2520165013589413,0.11509304715077037,0.28330864661523775,0.4119304066427647,1.0,0.4,0.7708333333333334,5,664.9572143554688,117.52078247070312,0.86596197,1,-1,,,0.4020636194230976,2.2875036668272744,False,two-cores;not-round;defocus,reject
7337,67,14.138389175480494,0.050658415988342836,0.16007639049319455,0.20809922810088513,0.43040951968817054,1.5,0.5,0.9270833333333333,4,1142.244873046875,841.8488159179688,0.86341196,-1,-1,,,1.2321416257018685,5.093611886080814,False,two-cores;not-round,reject
660,58,20.047630759319965,0.03516986510068022,0.34231361929098586,0.3667458275436426,0.6085965196583796,2.0,1.0,1.0,4,1603.5469360351562,1167.1558837890625,0.859187335,1,-1,,,0.8264899182911709,5.747432355488503,False,short;two-cores;not-round;elongated,reject
255,164,30.803882711727677,0.20187362250677868,0.07225870994182769,0.3144249313808137,0.6053578248628645,1.0,0.0,0.7083333333333334,11,1603.3020629882812,1158.157470703125,0.855279075,-1,-1,,,1.174692415631668,6.44786749078552,False,not-round;elongated,reject
683,103,12.577088682094779,0.11034996812476211,0.1538200368142251,0.20633427667309656,0.3873495346482314,1.0,0.0,0.9583333333333334,7,227.4267120361328,261.8790588378906,0.855115,1,-1,,,0.5116440987736437,5.929547739144855,True,not-round;mislink,reject
3307,198,10.788897087642088,0.17828142747441933,0.1081150751369688,0.1926412942596331,0.4291167982757368,1.0,0.0,0.8645833333333333,14,1363.1356201171875,96.81327438354492,0.832232955,-1,-1,,,1.81893753243331,5.0197183723779375,False,not-round,reject
3918,122,11.669808613753181,0.10204929818839772,0.28771533776872227,0.3774623524532526,0.507503165314905,1.0,0.2222222222222222,0.9583333333333334,9,1569.9818725585938,1162.6557006835938,0.8309069849999999,1,-1,,,0.6057264835419855,7.804374713376833,True,not-round;elongated;mislink,reject
68,143,24.219962374962165,0.1851272612445881,0.22156418424764265,0.3357683288948213,0.5770516338740016,1.0,0.09090909090909091,0.9375,11,1603.123046875,1147.0242919921875,0.8302439,1,-1,,,1.3288917221102012,6.783334643767828,False,not-round;elongated,reject
1324,190,21.761583379075986,0.08456589652193365,0.1008961730800673,0.19227238510509764,0.4809016942246189,2.0,0.5333333333333333,0.8541666666666666,15,1581.5300903320312,1143.0779418945312,0.820562985,1,-1,,,1.347777901180936,5.989818197085452,False,two-cores;not-round;elongated,reject
67,73,13.47990273252637,0.02041638898631631,0.16033942158704534,0.24712052170365906,0.4915379450969985,1.0,0.0,0.9270833333333333,6,647.78662109375,133.20245361328125,0.8000207,-1,-1,,,0.6091631584064522,7.543687427767121,True,not-round;elongated;mislink,reject
5464,50,14.276005896299557,0.017373283997615716,0.13673090637264101,0.22816579949813273,0.444298965400053,1.5,0.5,0.8958333333333333,4,1141.083251953125,841.2095336914062,0.79292634,-1,-1,,,1.511012532988077,5.435447277488843,False,short;two-cores;not-round,reject
3342,136,17.077559622810284,0.03343899559926564,0.16441618493271867,0.27715336795617357,0.4312172826883848,1.0,0.3333333333333333,0.875,9,1158.0743408203125,803.71240234375,0.7851132000000001,-1,-1,,,0.9906948565955893,5.369011023987764,False,two-cores;not-round,reject
6134,215,11.088770272272843,0.18975192949250846,0.08002008313897749,0.1961938528244932,0.4291725106177532,1.0,0.375,0.8645833333333333,16,1165.289794921875,801.2728271484375,0.78126717,1,-1,,,0.5353062927714013,6.190737109999091,True,two-cores;not-round;mislink,reject
2538,54,12.388397197957655,0.045656309721532444,0.12947780249166513,0.3366688298840576,0.5022251429766893,1.0,0.25,0.75,4,267.029052734375,432.30145263671875,0.77957202,1,-1,,,1.8384009649998552,5.682872623645892,False,short;not-round;elongated,reject
5372,335,12.119176076506761,0.14555460012219726,0.25383799415798153,0.30881717779618223,0.5557246433711145,2.0,0.6363636363636364,1.0,22,1573.0843505859375,1165.4476318359375,0.77528477,1,-1,,,0.5759087937040599,8.107521659324432,True,two-cores;not-round;elongated;mislink,reject
3075,157,12.920652544792445,0.18174910131142175,0.1703823490019345,0.24730729770688306,0.4819352950129029,1.0,0.2222222222222222,0.9583333333333334,9,1582.0362548828125,1166.109375,0.77519536,-1,-1,,,0.9554113667271247,4.7511938286527915,False,not-round;elongated,reject
2875,173,10.976131183348645,0.11592161156826065,0.1947763579940785,0.30071449385052595,0.44487471197489736,1.0,0.0,0.9270833333333334,12,1187.77587890625,803.8392944335938,0.7746199,1,-1,,,0.9848498121124644,3.996977485830766,False,not-round,reject
46,153,11.479077209072209,0.20612306164824817,0.13850349918564908,0.23439908076318355,0.4820673622949537,1.0,0.16666666666666666,0.90625,12,1335.2452392578125,78.68621063232422,0.76655215,-1,-1,,,1.6775801340874654,6.079953371375721,False,not-round;elongated,reject
4443,340,7.631450447277919,0.29823149136781396,0.07590057527255706,0.15486771950039735,0.41416846184902273,1.0,0.0,0.8541666666666666,24,228.34860229492188,441.24481201171875,0.7641833499999999,1,-1,,,0.8135849387051141,6.531621401970087,True,not-round;defocus;mislink,reject
3327,160,16.77467048003858,0.14218312270412134,0.1558309801989129,0.24300894559631572,0.4577911131282786,1.0,0.0,0.875,12,1174.6883544921875,846.1213989257812,0.7638433,-1,-1,,,1.4751080683946416,6.77043533785045,False,not-round;elongated,reject
5505,58,21.442295875285787,0.09308156521810768,0.05905631714705746,0.2187331190797056,0.33644140773000825,1.0,0.2,0.7708333333333334,5,646.4220275878906,112.92998504638672,0.75660479,-1,-1,,,0.6572541167415252,4.011912264732562,False,short;not-round,reject
3940,100,12.569553847823567,0.07152570458062377,0.12608588550288405,0.24192901741126488,0.47606360691608224,1.0,0.0,0.8125,6,1150.6209106445312,799.0685424804688,0.7541814499999999,-1,-1,,,0.6666394961648854,6.437696241251005,True,not-round;elongated;mislink,reject
3427,138,11.350016227638084,0.07532699845854325,0.20722319076162174,0.21837548510375082,0.4216766927579524,1.0,0.0,0.9583333333333334,9,637.0958251953125,125.8741569519043,0.747866425,1,-1,,,0.573661765069075,2.8238641202060295,False,not-round,reject
7065,83,13.408896070516622,0.028630546769237077,0.097069435854988,0.23570556988157565,0.38257265962019926,1.0,0.0,0.8645833333333334,6,235.78335571289065,436.0968017578125,0.7441159,-1,-1,,,0.8523597740437079,4.695690991222945,False,not-round,reject
672,134,22.56498140155081,0.22216119319171765,0.18174615798968718,0.2677729814593538,0.48115515863471836,1.0,0.1111111111111111,0.8541666666666666,9,1603.0684814453125,1143.8284912109375,0.74346415,1,-1,,,1.3355827553733903,4.617554807209342,False,not-round;elongated,reject
1414,74,11.52247598329934,0.23053903557436253,0.08913680288864209,0.2843373020926036,0.5088068738911489,1.0,0.16666666666666666,0.84375,6,168.17526245117188,703.2809448242188,0.7422647,1,-1,,,0.9450529561057464,5.7433100106250246,False,not-round;elongated,reject
1042,61,19.128750875609285,0.14807215924775294,0.20744567302242461,0.30140578572481286,0.5818902009596767,2.0,0.6666666666666666,0.9166666666666667,6,1603.8634033203125,1176.7919921875,0.73934704,1,-1,,,1.43513480256673,5.5589247713768035,False,two-cores;not-round;elongated,reject
3947,151,21.48634807974186,0.044656521763503626,0.092902086075875,0.21852639037803692,0.45107838913955406,2.0,0.8,0.8333333333333334,10,1586.122802734375,1139.495849609375,0.73890764,1,-1,,,1.1052747971594883,6.788751971492646,False,two-cores;not-round;elongated,reject
1597,121,21.192558032628597,0.0435746056816857,0.1775517105699191,0.24138472976405395,0.48211611521315684,1.0,0.0,0.9375,7,1609.9825439453125,1135.2406005859375,0.73677117,1,-1,,,0.8233736413093179,5.924504711985951,False,not-round;elongated,reject
6440,55,12.197711158526667,0.05075828299045812,0.185639429182763,0.24642522955720142,0.3976424371308096,1.0,0.0,0.8541666666666667,4,670.815673828125,124.30068969726562,0.7331186,1,-1,,,0.9084366040822591,3.1574687415402782,False,short;not-round,reject
7007,128,13.309347749229453,0.11067957196023213,0.21522478341510154,0.23240382597851042,0.43107823409199597,1.0,0.1111111111111111,1.0,9,939.8518676757812,46.99630165100098,0.72633705,-1,-1,,,2.1869645608033075,6.694221474292948,False,not-round,reject
64,443,7.509621972221383,0.3349385690810079,0.07829716589135807,0.25213730895270936,0.5198894919282196,1.0,0.0,0.8541666666666666,32,226.0239715576172,446.74029541015625,0.7262122,1,-1,,,0.8498897685535757,7.104349331943461,True,not-round;elongated;defocus;mislink,reject
3132,62,13.278820384479936,0.16535858501115425,0.22504750101258458,0.3316844843346126,0.5931228749502416,1.0,0.2,0.9375,5,1166.712890625,813.1923522949219,0.7237372200000001,-1,-1,,,1.0993547069973337,8.030396342830175,False,not-round;elongated,reject
5719,143,7.894309492875307,0.3229991522611999,0.052768208263121646,0.24131609082088618,0.3694938097297352,1.0,0.1,0.84375,10,1298.8701171875,373.6559448242188,0.717205,1,-1,,,1.2733971992249438,7.531296101211267,False,not-round;defocus,reject
63,324,19.569751074211517,0.301657728492431,0.23291134735117364,0.3085638072125414,0.5531575079329079,1.0,0.09090909090909091,0.9361702127659575,22,1595.9216918945312,1136.8171997070312,0.71618545,-1,-1,,,0.6850746393000329,7.620726080389171,True,not-round;elongated;defocus;mislink,reject
3697,265,9.619720210922797,0.27499207546417037,0.1206102910382545,0.2848361368455362,0.523914638142164,1.0,0.3888888888888889,0.7916666666666666,18,1291.0599365234375,354.5872497558594,0.7147958,1,-1,,,1.3644661157929516,5.470158088474654,False,two-cores;not-round;elongated;defocus,reject
7186,94,14.104306080058002,0.0644800113132397,0.15693439160329595,0.22622437863285044,0.4937283314481902,1.0,0.0,0.9270833333333334,8,240.36284637451172,419.7840270996094,0.6926587,-1,-1,,,1.1772082256363625,7.07412551398013,False,not-round;elongated,reject
6554,55,14.412114895212603,0.0409381110363909,0.13820615578067869,0.1884971557249914,0.3708928745994792,1.0,0.0,0.9166666666666667,4,236.12738037109372,435.1701049804688,0.6908605,-1,-1,,,0.8396594778092469,6.654918168101953,False,short;not-round,reject
5122,130,13.59340067879612,0.08229283694138453,0.1378018410041105,0.2353635319182653,0.4284130596317697,1.0,0.1111111111111111,0.8958333333333334,9,1166.5799560546875,789.1275329589844,0.6894296,-1,-1,,,0.9259056795316362,5.647348257438416,False,not-round,reject
7453,58,15.84533703722074,0.02483000896430519,0.139575400381474,0.19286708109673276,0.4078846770273807,1.0,0.0,0.9375,5,1160.9169921875,825.7260437011719,0.68874467,-1,-1,,,0.755961879990093,4.892359998665013,False,short;not-round,reject
5416,64,12.851815412569497,0.048125590075805025,0.15609933690312985,0.2013269058963181,0.40544636762225456,1.0,0.0,0.9166666666666666,5,1598.3614501953125,1116.9981689453125,0.6770283749999999,-1,-1,,,0.4629085096258067,1.3460733901339317,False,not-round,reject
123,532,14.685567127387886,0.1711946054561935,0.1688158224231762,0.26200100915730745,0.43497672967435463,1.0,0.05405405405405406,0.8958333333333334,37,1573.5990600585938,1160.4183959960938,0.6703554,-1,-1,,,0.5041446612335045,7.565570263537073,True,not-round;mislink,reject
69,103,15.3659079662207,0.027710211839813034,0.08704735099021244,0.2266413214292738,0.4002435780755363,1.0,0.25,0.7916666666666666,8,1154.6065673828125,832.744384765625,0.6667041,-1,-1,,,1.1048192629799722,3.43641684939528,False,not-round,reject
4463,250,12.181275419927594,0.11380860734501061,0.1798031733719854,0.24089609924447597,0.44469909251951023,1.0,0.0,0.8958333333333334,16,635.673095703125,116.38283157348633,0.6653983699999999,1,-1,,,0.5792040245699268,2.5022697451260205,False,not-round,reject
6505,91,14.951023933297932,0.2035773368043136,0.35676225391701144,0.3748987371502453,0.6786940064782803,1.0,0.42857142857142855,1.0,7,651.869384765625,93.27457427978516,0.65993875,1,-1,,,0.6533109493979831,7.013514153726299,True,two-cores;not-round;elongated;mislink,reject
3906,59,11.805212529543684,0.1047625258729654,0.235525500698466,0.2622760042764595,0.648016963837551,1.0,0.0,0.9895833333333333,4,237.0177154541016,437.11334228515625,0.65936375,-1,-1,,,0.8701913233596965,5.111610932105358,False,short;not-round;elongated,reject
2420,283,16.500684725827686,0.055000143556581775,0.14894462684582688,0.2576749374153961,0.3307235736339464,1.0,0.2631578947368421,0.8958333333333334,19,1150.1829833984375,829.3327026367188,0.65913767,-1,-1,,,0.559370865075332,5.2807106329518705,True,not-round;mislink,reject
3229,59,16.91862911676571,0.10738334424310783,0.2568382448650703,0.3201297554199964,0.4951290897666837,1.0,0.3333333333333333,0.9583333333333334,3,1160.228271484375,813.3642578125,0.65272444,-1,-1,,,0.9513417018264493,7.153322343830074,False,short;two-cores;not-round;elongated,reject
1138,163,18.198393102515208,0.3598996778331872,0.1281722917708297,0.33945908392042445,0.5473576795293078,1.0,0.4166666666666667,0.8229166666666666,12,1601.6943359375,1162.614990234375,0.6416575,-1,-1,,,0.8877682167651336,6.071877890177361,False,two-cores;not-round;elongated;defocus,reject
5426,203,12.59996201390669,0.11035491640587171,0.2758802472251197,0.30629737269635426,0.5103698916784231,1.0,0.14285714285714285,0.9791666666666666,14,1039.034912109375,1142.502685546875,0.6402277,-1,-1,,,2.5967479247748417,6.564525185679878,False,not-round;elongated,reject
1515,84,15.411121806331566,0.1629813442465212,0.24431390142056084,0.3247569531126092,0.6414364307981424,1.0,0.2,0.9583333333333334,5,1131.2500610351562,818.4432678222656,0.636110695,-1,-1,,,0.819296203758909,4.5461716656875675,False,not-round;elongated,reject
2874,66,13.414800229463221,0.1654433171864495,0.09230404545861401,0.3397184160511581,0.5530547055581264,1.0,0.0,0.7916666666666666,5,218.66064453124997,271.67103576660156,0.626417225,1,-1,,,1.2338729626288136,4.405891276190882,False,not-round;elongated,reject
6383,150,13.375146013139883,0.26333841987942,0.16306056118512596,0.303980076147401,0.5432685070600201,1.0,0.3333333333333333,0.875,12,643.88232421875,130.34957122802734,0.6207764,1,-1,,,1.0000059563244705,6.150243521570656,False,two-cores;not-round;elongated;defocus,reject
2041,106,14.684030102216589,0.11943654004942485,0.16332853722954874,0.22394563052225885,0.3910543261287857,1.0,0.14285714285714285,0.9583333333333334,7,1151.54833984375,799.9552917480469,0.6168881749999999,-1,-1,,,0.784688842299432,6.657156507848972,True,not-round;mislink,reject
5933,55,15.955197233839861,0.009413498586490328,0.09513911417691287,0.23003304379068873,0.3975312195446963,1.0,0.0,0.78125,4,1163.1448974609375,823.1234741210938,0.61606115,-1,-1,,,0.9044734083717865,4.279863931323757,False,short;not-round,reject
5603,146,16.088228231564194,0.3800561028609652,0.2467270355738273,0.2932237360633686,0.5345567472308664,1.0,0.09090909090909091,1.0,11,566.9601440429688,640.9234619140625,0.60047644,-1,-1,,,1.2218087618052098,6.819271469074375,False,not-round;elongated;defocus,reject
5310,142,14.321203003249792,0.07753251480484914,0.2279669306283173,0.240784274370417,0.3705535378755215,1.0,0.0,1.0,10,1594.8362426757812,1157.1148681640625,0.6000975,1,-1,,,0.7555476401068143,5.5488914854036775,False,not-round,reject
62,395,16.24054586755137,0.3341837532829151,0.2427892267124206,0.2754195183728688,0.566633877754059,1.0,0.10714285714285714,0.9791666666666666,28,607.3322143554688,667.0543823242188,0.59085923,-1,-1,,,1.1505116702028664,3.792239085816368,False,not-round;elongated;defocus,reject
1627,59,16.21961561971281,0.012722651084907884,0.09060508944058292,0.1518041334723434,0.29137488849289384,1.0,0.25,0.84375,4,1154.54345703125,834.023193359375,0.5831985,-1,-1,,,0.5241255566405697,7.440135665738864,True,short;not-round;mislink,reject
1224,103,13.344148362818974,0.14206275016781886,0.374329982521634,0.4093344147116344,0.6994344478322329,1.5,0.5,0.96875,8,1106.0623779296875,107.98323822021484,0.58241624,-1,-1,,,2.5016308070955358,7.8560531153538,False,two-cores;not-round;elongated,reject
1870,69,8.50244279801593,0.06833705551003925,0.11188506335469914,0.21877326723738547,0.3693774731244782,1.0,0.0,0.831781914893617,6,347.0403747558594,1197.2794189453125,0.5734511,1,2084,0.0711045660294084,0.8328075608871802,1.0001428459790147,4.7837924011143125,False,rigid-doublet;not-round,reject
88,642,15.338048004181323,0.22175949172191822,0.20158916913264266,0.2679530918352435,0.5144010355659081,1.0,0.1111111111111111,0.9583333333333334,45,1587.996826171875,1168.8703002929688,0.572247735,1,-1,,,0.6373110972073712,6.995795811752737,True,not-round;elongated;mislink,reject
4267,137,12.374894510030973,0.153180282216017,0.12687336600464705,0.31347420444075386,0.596865858234026,1.0,0.1,0.8958333333333333,10,1137.6885986328125,794.0191650390625,0.57198066,1,-1,,,1.3924576578189556,6.20323112510569,False,not-round;elongated,reject
6035,96,14.03233223126599,0.03729922773940967,0.13028190915357035,0.23933220675406727,0.4173937155549639,1.0,0.16666666666666666,0.8333333333333333,6,1165.4000854492188,787.9925842285156,0.5650714,-1,-1,,,0.5855230910448893,6.584101789095947,True,not-round;mislink,reject
5729,93,12.329254927589734,0.05311669457934611,0.1627004015599005,0.2643293745547243,0.5730134836223902,1.0,0.0,0.8958333333333333,6,1606.4735107421875,1116.5318603515625,0.5596865,1,-1,,,0.9651437898302795,4.872882468599011,False,not-round;elongated,reject
5490,75,9.891450449811355,0.18555018998844014,0.1483538235243339,0.2745553460774259,0.5182952674495358,1.0,0.16666666666666666,0.8541666666666667,6,246.9084625244141,427.42425537109375,0.5580763,1,-1,,,0.8838985661544727,7.293700768634354,True,not-round;elongated;mislink,reject
6561,182,12.967079733835213,0.07411810120363058,0.23966607166816786,0.27768987298672515,0.3988306980063448,1.0,0.0,0.9791666666666666,13,226.63880157470703,441.98480224609375,0.5558347699999999,1,-1,,,0.6788618026151384,4.74693707245976,False,not-round,reject
5522,73,11.155610455634404,0.05720004622008293,0.18396827885288028,0.20556149468384458,0.46541509448918256,1.0,0.2857142857142857,1.0,7,642.7150268554688,133.87161254882812,0.5542156,-1,-1,,,1.249250123306672,6.428046640714096,False,not-round;elongated,reject
2773,153,13.387252949871622,0.07739092926214221,0.19471734207883792,0.24420428737218158,0.44502655652032186,1.0,0.18181818181818182,0.9375,11,675.6253051757812,114.10913848876952,0.5537784,-1,-1,,,0.681454156171436,6.905859462831473,True,not-round;mislink,reject
5503,192,7.976497204868199,0.2346400254943781,0.1093029706781301,0.26806901390411186,0.3536845988656328,1.0,0.07142857142857142,0.8645833333333333,14,336.4040222167969,1177.3740844726562,0.552999915,1,-1,,,1.182219585659562,7.505934681515719,False,not-round,reject
631,146,20.503801706820358,0.14041284108918392,0.2830426002051692,0.3213922447505318,0.6643039916169793,1.0,0.09090909090909091,1.0,11,1592.1837768554688,1127.7608032226562,0.5514739200000001,-1,-1,,,1.1906401501850394,6.8979884396888504,False,not-round;elongated,reject
2960,65,15.421738752192017,0.07972561485350006,0.1730196313213879,0.336334311958644,0.48484869395071784,1.5,0.5,0.875,4,1590.006591796875,1127.004638671875,0.55063057,-1,-1,,,0.8760631864725805,4.488353530424826,False,two-cores;not-round;elongated,reject
4153,88,14.874185922650213,0.04572526344370426,0.15507539704776624,0.2599345066426807,0.3834655608676439,1.0,0.0,0.8958333333333333,6,1137.6209106445312,840.3493347167969,0.547117485,-1,-1,,,0.5605410542366588,7.412648035160555,True,not-round;mislink,reject
6419,198,12.559986110484518,0.17263731806719912,0.23791595021824025,0.30176294147222316,0.5980688031205739,1.0,0.07142857142857142,1.0,14,1588.3256225585938,1162.698486328125,0.54165038,-1,-1,,,0.7984286773409123,6.015436987292318,False,not-round;elongated,reject
65,97,19.914600221640057,0.054102380901321134,0.274655077987701,0.3066281955558844,0.43293646390016843,2.0,0.5714285714285714,0.9791666666666666,7,1600.9775390625,1182.843505859375,0.5391323,1,-1,,,0.8117693192309459,6.676943274191865,True,two-cores;not-round;mislink,reject
2891,216,15.46811068423758,0.10562128895078028,0.17123442692678717,0.30768693361925437,0.6547912352351194,1.0,0.0,0.8829787234042553,16,1144.6004638671875,803.3645935058594,0.5363165299999999,1,-1,,,0.9591201416430606,5.436754747081226,False,not-round;elongated,reject
1797,67,11.48871387476218,0.06164336087629403,0.27974381749336075,0.3278901020636272,0.4311116840446695,1.0,0.0,0.9583333333333334,3,260.5564270019531,443.3553161621094,0.53487426,1,-1,,,1.202026931851859,4.377046066299172,False,not-round,reject
3747,55,14.449231807925344,0.22393227141096422,0.20880905121448468,0.324671831663607,0.5728530178488237,1.0,0.25,0.90625,4,1161.4154052734375,813.1939697265625,0.533573,-1,-1,,,1.5334175004503598,7.713897090565624,False,short;not-round;elongated,reject
2705,130,10.732818073060537,0.274466421497023,0.15259466554317963,0.23910807421409097,0.5100079206508631,1.0,0.1111111111111111,0.9166666666666666,9,362.7063903808594,793.4203186035156,0.53063767,1,-1,,,0.9235036282005858,7.410375525488413,True,not-round;elongated;defocus;mislink,reject
6846,132,12.958183373069138,0.05004780126220853,0.19432367860792563,0.23970009182696245,0.5641101500106158,1.0,0.1111111111111111,0.9375,9,1575.1888427734375,1155.2232055664062,0.52954895,1,-1,,,0.5834359535068506,6.154106539519932,True,not-round;elongated;mislink,reject
3588,85,10.507526386776814,0.1934016866305437,0.18082177993764548,0.23767576946362007,0.5655284417753847,1.0,0.3333333333333333,0.9270833333333333,6,362.53271484375,788.104248046875,0.52395785,1,-1,,,1.0341586599693284,5.017789975023075,False,two-cores;not-round;elongated,reject
3443,254,17.92103551499976,0.15803439966234697,0.25131530834058646,0.2754494446796695,0.575490193719327,1.0,0.058823529411764705,1.0,17,570.6439208984375,645.2196655273438,0.522650525,-1,-1,,,1.2996928050051586,4.177303888083034,False,not-round;elongated,reject
3077,72,12.706247561205025,0.11174907347067342,0.21551477561419488,0.2424683464022108,0.40658860144447173,1.0,0.2,0.9791666666666666,5,226.8848419189453,261.78765869140625,0.5214340399999999,1,-1,,,0.6566229136859796,6.346621007336396,True,not-round;mislink,reject
81,100,12.053827059454083,0.14736168382837628,0.16969095597559075,0.25119438951902345,0.4405837087700304,1.0,0.0,0.9375,8,1163.0451049804688,841.041748046875,0.52094185,1,-1,,,0.6126915998438683,2.698413737114566,False,not-round,reject
1115,67,14.059667800069107,0.10424475544058484,0.25623635957228563,0.28838687639955174,0.43262354636868516,1.0,0.2,0.8958333333333334,5,1176.2305908203125,804.4937133789062,0.5189343,1,-1,,,0.728921667316031,2.1860066018573234,False,not-round,reject
2302,173,15.179101509600224,0.12682115367077823,0.28900742178222133,0.40804705119186163,0.7496997704524766,1.0,0.09090909090909091,0.875,11,1125.33935546875,795.9210815429688,0.5129524,-1,-1,,,0.9652004766317012,6.720752268079121,False,not-round;elongated,reject
7199,103,10.585134057224376,0.1976626772904622,0.2803648268499341,0.29432979485357225,0.502066317933489,1.0,0.0,0.9791666666666666,8,381.16217041015625,787.0471801757812,0.51204795,1,-1,,,0.4751469300496484,1.6852793636660588,False,not-round;elongated,reject
2297,64,13.163782476497351,0.0559331882902952,0.22095173438094762,0.2347640004074632,0.3950428426874098,1.0,0.0,0.9791666666666666,5,1122.3573608398438,986.3463745117188,0.5116361300000001,-1,-1,,,0.6669613853649744,2.4488588206309774,False,not-round,reject
3911,567,11.922646104421355,0.21059185584454418,0.19107858026297636,0.2769661895835213,0.489021549362573,1.0,0.075,0.9270833333333333,40,1141.1094970703125,817.2916870117188,0.5109264,1,-1,,,0.6681573806280968,6.349208515096823,True,not-round;elongated;mislink,reject
450,304,17.130902057667857,0.2530974442330746,0.25418546963569244,0.3069557601185229,0.49409895725610076,1.0,0.15,0.9583333333333334,20,1595.0784912109375,1176.0377807617188,0.505535065,1,-1,,,0.6976203940868351,7.6754990883198895,True,not-round;elongated;defocus;mislink,reject
1076,73,13.598840122413513,0.02862014244606709,0.17651243843810738,0.27447368340768596,0.46645411734059633,1.0,0.0,0.8854166666666667,4,632.8692626953125,121.21519470214844,0.50411123,-1,31,0.04846908427713246,0.7492937160791016,0.47462086972520917,1.70138425658143,False,rigid-doublet;not-round;elongated,reject
249,66,11.857418413775648,0.10385586411881581,0.151310546831733,0.3331368355538236,0.3683367413915352,1.0,0.0,0.8541666666666666,3,162.1634292602539,710.8541259765625,0.4965737,1,-1,,,0.6556256863320545,6.259398069187587,True,not-round;mislink,reject
2738,130,12.96755605362341,0.05264383905688677,0.172040613699823,0.2254683203491038,0.34880902774332306,1.0,0.2222222222222222,0.9791666666666666,9,1601.8568725585938,1163.5884399414062,0.49654393,1,-1,,,0.6566865478122216,5.546341658525969,True,not-round;mislink,reject
1055,98,13.490215664353459,0.10004002002264235,0.22040840729904557,0.2526448507892247,0.5069593731953872,1.0,0.0,0.9791666666666666,7,1149.8607177734375,838.55224609375,0.49294955,-1,-1,,,0.6571261720457093,4.027806437690026,False,not-round;elongated,reject
1374,149,13.349729932053643,0.07099528465315441,0.12642533440205367,0.2701932578621642,0.5033137072349305,1.0,0.2,0.8333333333333333,10,1588.77783203125,1181.626220703125,0.4892465,-1,-1,,,0.5423264170644378,6.712592133286217,True,not-round;elongated;mislink,reject
6588,70,10.039871882005096,0.14794982378862248,0.23543667662784357,0.2930271439415846,0.4808612077791773,1.0,0.0,0.9166666666666666,5,381.2401885986328,787.5198364257812,0.486015175,1,-1,,,0.5322780358009851,2.3449448535930166,False,not-round;elongated,reject
1319,70,12.947834861283027,0.1552166283287908,0.15104700173768407,0.272084375068945,0.5116153056763133,1.0,0.0,0.84375,4,1156.0894775390625,846.3620910644531,0.48495775500000005,1,-1,,,0.9990156226282249,8.179791254864243,True,not-round;elongated;mislink,reject
590,91,13.299409972612718,0.10694282960745366,0.3966674984784703,0.4531509242433627,0.5917158306366164,1.0,0.16666666666666666,0.9895833333333333,6,1098.9881591796875,115.71700286865234,0.48425397,-1,-1,,,2.504058938076524,7.766655808862758,False,not-round;elongated,reject
3278,98,8.039405870661623,0.015715751631313956,0.07370038110427934,0.19278647800214296,0.3895576603325882,1.0,0.0,0.875,7,381.69129943847656,1195.900634765625,0.482344165,1,-1,,,1.0673518053555007,5.531308301538252,False,not-round,reject
3707,66,14.666623023037491,0.07664805943843223,0.30212269228008526,0.3136898505780048,0.5216442064556676,1.0,0.25,1.0,4,657.8387756347656,126.17505264282227,0.480781675,-1,-1,,,0.8973679303286812,6.965148470509282,False,not-round;elongated,reject
5943,222,11.786621762510922,0.10415387247218949,0.23842064727229795,0.32616407153807986,0.551875538052595,1.0,0.0,0.9368351063829787,16,667.9999694824219,96.77716827392578,0.48071059,1,-1,,,0.48925919380362987,7.535040884937175,True,not-round;elongated;mislink,reject
1803,135,19.613758482524545,0.30522959470819094,0.2734709247814604,0.33427852609545206,0.46519173543178793,1.0,0.2,1.0,10,1610.2384033203125,1157.0751953125,0.4790491,-1,-1,,,0.6558319798733205,5.980014790167227,True,not-round;elongated;defocus;mislink,reject
6094,216,12.93994759981323,0.11889608891579495,0.18980412724849444,0.2623782935543719,0.4962853337555776,1.0,0.0,0.8958333333333334,16,1577.477294921875,1160.7120971679688,0.47872715,1,-1,,,0.7157563671386159,5.86558133155766,True,not-round;elongated;mislink,reject
7122,107,15.015182043434248,0.06771824995493976,0.22339104024402529,0.2684360781944608,0.5381826314029048,1.0,0.0,0.96875,8,1581.3524169921875,1145.173583984375,0.4773383,-1,-1,,,0.686511341128368,5.987637196237736,True,not-round;elongated;mislink,reject
2484,154,10.930276553120493,0.09450666617228683,0.1450269340290754,0.2955141927690129,0.4336142175815304,1.0,0.0,0.8020833333333333,10,636.1793518066406,127.18791961669922,0.47556989,1,-1,,,0.6786448456946985,6.336145205888693,True,not-round;mislink,reject
4386,209,12.605840151787993,0.13373857117444024,0.2007181603280175,0.25211821952491537,0.4377916262851851,1.0,0.3333333333333333,0.9583333333333334,15,1592.2161865234375,1168.2554931640625,0.47448802,-1,-1,,,0.8485933279653716,7.643843451021866,True,two-cores;not-round;mislink,reject
3069,136,11.952390173767004,0.1254050006789366,0.1882628360671012,0.3084386077318672,0.5710954405690023,1.0,0.1,0.8541666666666667,10,1606.531494140625,1167.8068237304688,0.474442335,-1,-1,,,0.955300780813002,7.660948442535102,True,not-round;elongated;mislink,reject
87,144,18.19396109014859,0.23543580494663396,0.2791916510104443,0.39046708823476856,0.7154328772084424,1.0,0.36363636363636365,1.0,11,1618.366943359375,1171.4063110351562,0.473213275,1,-1,,,0.5258917856802909,7.744494562589098,True,two-cores;not-round;elongated;mislink,reject
2592,53,13.167564629600873,0.0402031530258114,0.06542999207085323,0.15195636962067768,0.20833780182489134,1.0,0.0,0.9166666666666666,3,1342.2352294921875,73.60057067871094,0.4719564,1,-1,,,1.8549898290794207,4.654922552313369,False,short;not-round,reject
2084,74,14.080102105657009,0.03669522063711322,0.12146878292315047,0.20794700199145144,0.4025685744014362,1.5,0.5,0.8491725768321513,4,349.01068115234375,1208.38623046875,0.47012982,-1,1870,0.0711045660294084,0.8328075608871802,1.253290805485491,3.029320741368584,False,rigid-doublet;two-cores;not-round,reject
3525,56,13.510163841507403,0.0977919280629456,0.2169453476705747,0.27578855688244686,0.5704202491108086,1.0,0.0,0.9270833333333333,4,231.88045501708984,441.135986328125,0.469788845,-1,-1,,,0.7956042442008584,5.099099401334542,False,short;not-round;elongated,reject
4958,82,12.208204681090733,0.014782536630691593,0.13770864692101364,0.25926349654585457,0.43694509100879425,1.0,0.0,0.8333333333333334,8,663.2301330566406,138.98915100097656,0.46825082500000004,-1,-1,,,0.7912943348719124,3.2617562618782556,False,not-round,reject
2809,79,15.557184917875711,0.10961480817019556,0.2997406250806159,0.3136526504976675,0.5898167759902976,1.0,0.0,1.0,5,665.4762573242188,117.94499969482422,0.46750423,1,-1,,,0.6650718272894655,6.849676470032593,True,not-round;elongated;mislink,reject
89,244,15.702557690071075,0.10976765415337389,0.16344789297332007,0.24517473942635873,0.4981429294640243,1.0,0.4444444444444444,0.933300395256917,18,1568.5897827148438,1202.4227905273438,0.46636455,-1,-1,,,0.7450742287957637,6.168370736973301,True,two-cores;not-round;elongated;mislink,reject
6686,154,13.259850438867716,0.08277341260196684,0.16329467694007777,0.32485009013553773,0.5339738426716225,1.0,0.16666666666666666,0.8541666666666667,12,248.01549530029294,409.71337890625,0.46603847,1,-1,,,1.4523115894139873,7.361525670455291,False,not-round;elongated,reject
6723,145,13.30084544676007,0.11019237473850158,0.22735828939777017,0.28279430283832807,0.6209873637725434,1.0,0.0,0.9581117021276595,10,220.5768585205078,431.5925598144531,0.46538556,-1,-1,,,0.6360919909467692,6.507911517945857,True,not-round;elongated;mislink,reject
5638,58,15.026917677644857,0.07155179999774758,0.24921289410798184,0.2559886642241917,0.498463757352235,2.0,0.8,1.0,5,236.5173110961914,440.6360778808594,0.46458007,-1,-1,,,0.7378715348239598,7.391531361097217,True,short;two-cores;not-round;elongated;mislink,reject
5042,62,11.923632187680656,0.04074921042059299,0.08536432787711928,0.215239954410962,0.34707077359098426,1.0,0.25,0.8229166666666667,4,1150.8775024414062,792.8572082519531,0.45810116,-1,-1,,,0.5308021745730228,6.7728498361126155,True,not-round;mislink,reject
5971,163,13.638494926296014,0.05271578889561717,0.19212459638621737,0.25544569799621747,0.42057214286536726,1.0,0.0,0.9479166666666667,12,218.06536865234372,417.1322937011719,0.45577756,-1,-1,,,1.0639457987770022,6.273250154872662,False,not-round,reject
1508,86,12.046767598379823,0.24734225632840484,0.19682406702532831,0.30225092058670316,0.44535450226517226,2.0,0.75,0.875,4,1290.2221069335938,372.7171173095703,0.45036193,1,-1,,,1.4644709825334405,6.39657572879443,False,two-cores;not-round,reject
3853,124,12.301795796218638,0.07715162538890973,0.19164043756998256,0.24028784669402603,0.44313787832173174,1.0,0.0,0.9166666666666666,9,1365.913330078125,102.8580436706543,0.447361625,1,-1,,,2.113603230181143,7.016643695005475,False,not-round,reject
5273,367,11.032149893168846,0.12723201003787693,0.23061555365956865,0.3147635278389458,0.5012442194772972,1.0,0.038461538461538464,0.9270833333333333,26,1175.197509765625,784.1498413085938,0.4461408,1,-1,,,0.5631922742336254,2.658249602377469,False,not-round;elongated,reject
3867,121,15.312658453841237,0.2325911340188007,0.17735522941731968,0.31673423370330245,0.5366332112546631,1.0,0.3,0.8541666666666667,10,665.4815063476562,112.05643463134766,0.44402763,-1,-1,,,0.8575524867446892,7.412684349974472,True,not-round;elongated;mislink,reject
3849,66,11.858109589210326,0.1480481863917461,0.25668542471135736,0.3780609721968693,0.4995136530856218,1.0,0.0,0.8958333333333334,5,266.61778259277344,422.3713073730469,0.44394988,1,-1,,,1.9470903067981729,5.221994485978548,False,not-round;elongated,reject
2698,50,11.226668687708829,0.0643858738908647,0.14570621620156232,0.2211836487735216,0.4368039071016595,1.0,0.0,0.8541666666666667,4,226.23902893066406,260.91371154785156,0.44269336000000004,1,-1,,,0.8273506749257322,4.599814053049272,False,short;not-round,reject
5970,262,11.680058038695398,0.14807118188177057,0.23231340680868762,0.2872513825263373,0.5128676517790552,1.0,0.05263157894736842,0.9583333333333334,19,1596.7146606445312,1171.6815795898438,0.441285955,-1,-1,,,0.5407286531534913,5.957866162986355,True,not-round;elongated;mislink,reject
6327,65,13.333338409532468,0.13507426283705143,0.2275351538476675,0.2533087837921118,0.4338569150542072,1.0,0.0,1.0,5,1596.2052001953125,1157.5657958984375,0.44068554,1,-1,,,1.0407210499074786,5.885148735523182,False,not-round,reject
6525,79,14.926399925453872,0.06985005424759001,0.1840010710182366,0.26469145329099764,0.3965457926939582,1.0,0.0,0.9270833333333333,6,1580.1439208984375,1146.4315185546875,0.44043422,-1,-1,,,0.6880670323495911,5.660036769295138,True,not-round;mislink,reject
5831,51,21.09812716386592,0.012744054139440785,0.09363727145874118,0.3337453861966435,0.6127547497581667,2.0,1.0,0.6875,3,1586.2037353515625,1134.0228271484375,0.440122,1,-1,,,1.698970941680955,6.018916112637386,False,short;two-cores;not-round;elongated,reject
3875,93,19.680957161196755,0.1772228289655257,0.15763480233192237,0.28172719778628497,0.4660656594570074,1.0,0.0,0.8297872340425532,7,1611.9544677734375,1135.225341796875,0.43753764,1,-1,,,1.1581016596955815,7.368832890172607,False,not-round;elongated,reject
3194,117,13.260369665362104,0.10996918109590341,0.28246112943652085,0.3007840388710504,0.6196278004018738,1.0,0.25,1.0,8,1179.02783203125,783.2261962890625,0.43711695,-1,-1,,,0.9117374437249276,5.078645756227706,False,not-round;elongated,reject
102,235,13.705941474456466,0.0613292380316967,0.16915873653420094,0.22038067515445287,0.5023772019859309,1.0,0.0,0.9270833333333333,16,256.9080505371094,437.7835693359375,0.43474695,-1,-1,,,1.1147738218355348,6.279080503055918,False,not-round;elongated,reject
5157,166,16.42861272849489,0.09016751701844512,0.1641345807921232,0.22939770865114797,0.4449944416118637,1.0,0.18181818181818182,0.8958333333333334,11,1584.3493041992188,1148.9407958984375,0.43317766,-1,-1,,,0.9161424742017866,7.695650555113726,True,not-round;mislink,reject
6670,153,16.10748632911106,0.09239628576244503,0.24803949305804665,0.3280136099574177,0.5233811350887065,1.5,0.5,0.9583333333333333,12,666.8822021484375,135.23321533203125,0.43295145,1,-1,,,1.177620462215672,7.666030763501813,False,two-cores;not-round;elongated,reject
3888,52,19.144707927109934,0.14708616524842663,0.10115353399025746,0.21742713826312066,0.3520016786910127,1.0,0.25,0.8020833333333334,4,644.9757385253906,96.30628204345702,0.43129867499999996,1,-1,,,1.2236477834027617,8.213041093598344,False,short;not-round,reject
3264,119,13.319516954631554,0.12190376707701563,0.15056273588427893,0.25885984071007256,0.506023067396316,1.0,0.0,0.84375,8,1365.8802490234375,91.55450439453124,0.42936382,1,-1,,,2.198636626201944,7.240387944541634,False,not-round;elongated,reject
7301,83,12.76135731205344,0.10949173165318386,0.18818263201456162,0.29402035543391436,0.3951740047939355,1.0,0.0,0.9375,6,222.1582794189453,270.0071105957031,0.4290187,1,-1,,,0.6807794699483907,1.7841050866983408,False,not-round,reject
164,81,21.15624979511343,0.07953170848798041,0.1488056640601115,0.26264496399726084,0.48408047080421746,1.0,0.0,0.8958333333333334,6,1573.228515625,1157.7672119140625,0.42886326,1,-1,,,1.6179684486492314,5.770883323302753,False,not-round;elongated,reject
748,88,12.688726923697226,0.061475555687630745,0.18098000114996088,0.2332229860572649,0.4824284284194618,1.0,0.16666666666666666,0.9166666666666666,6,663.4759826660156,136.75303649902344,0.42832846,-1,-1,,,0.6407104596379349,7.394934489337211,True,not-round;elongated;mislink,reject
7427,63,13.65281616903769,0.136834838943621,0.23270466927437697,0.287529777979832,0.4636668084211372,1.0,0.0,0.9166666666666666,5,1118.806396484375,988.26171875,0.4269102,-1,-1,,,1.147542555037448,4.121641039665901,False,not-round;elongated,reject
2355,171,10.985595305083205,0.1594704618750012,0.2049372915259975,0.2542618439189687,0.5313859288690628,1.0,0.0,0.9375,11,1601.3533935546875,1173.4288330078125,0.42207024,-1,-1,,,0.5625777090427254,7.426982985411177,True,not-round;elongated;mislink,reject
732,188,10.124673627111113,0.2857407163834768,0.1810645565134849,0.3180559151831132,0.5191941674519814,1.0,0.0,0.875,13,1565.24560546875,1163.8273315429688,0.42154644500000005,1,-1,,,0.48547061811085207,3.6341499216648243,False,not-round;elongated;defocus,reject
305,267,21.13023358571322,0.18502655676024882,0.2543019124264237,0.28286105199791156,0.6075007762825546,1.0,0.0,0.9787234042553191,19,1607.9976806640625,1128.91650390625,0.42120543,-1,-1,,,1.18189752835067,6.958756979197092,False,not-round;elongated,reject
6970,85,8.27374908099821,0.2297230255685188,0.10109155375280925,0.226211195755764,0.36131161283697916,1.0,0.0,0.875,7,330.24853515625,1172.1435546875,0.42075145,1,-1,,,1.2854631539820558,7.784802214154999,False,not-round,reject
7216,97,19.078398161130835,0.13210106586198375,0.33026759909151115,0.3655950868327443,0.6772825102529472,1.0,0.0,0.9895833333333333,6,1610.4195556640625,1124.6925048828125,0.4172711,1,-1,,,1.468035824819552,5.167524454549059,False,not-round;elongated,reject
611,81,11.112635674736524,0.08347913612653703,0.11956908153432869,0.28761946446860875,0.5376096772416094,1.0,0.0,0.7291666666666666,5,1136.3748779296875,824.976806640625,0.415769,1,-1,,,0.5661994971371014,6.927890487400938,True,not-round;elongated;mislink,reject
1674,99,15.451072146572141,0.18658321171965417,0.1631336708507074,0.28363185540153674,0.5691184615476514,1.0,0.125,0.8333333333333333,8,1595.873291015625,1127.15087890625,0.41564727,-1,-1,,,0.5184261816636869,7.788331914398285,True,not-round;elongated;mislink,reject
5394,99,15.423627430336898,0.09122948408596332,0.17934994118085135,0.2998138638255364,0.49256038247121986,1.0,0.3333333333333333,0.9039855072463767,6,1608.339111328125,1157.990966796875,0.41474274,-1,-1,,,0.7019784401684371,7.055305448192202,True,two-cores;not-round;elongated;mislink,reject
3615,147,10.345197222092256,0.26744697974077397,0.15130999679146007,0.2241596152986403,0.5752878602863986,1.0,0.2,0.9166666666666666,10,227.66949462890625,436.9865417480469,0.41441295,1,-1,,,0.8079001645105373,6.201224138009616,False,not-round;elongated;defocus,reject
3281,130,9.864535045137423,0.0890447446588366,0.22018635414431598,0.3067058117513849,0.5220372543876228,1.5,0.5,0.9266400709219859,8,642.0261535644531,153.13052368164062,0.413335905,1,-1,,,1.3546851577482675,7.505113061439303,False,two-cores;not-round;elongated,reject
3439,116,14.256527626563665,0.0896519619439318,0.329188614231937,0.36936258550850143,0.7208960261384486,1.0,0.2222222222222222,0.9375,9,1125.0070190429688,796.0712585449219,0.412049,-1,-1,,,0.7968671337324135,6.054175438916358,False,not-round;elongated,reject
3834,75,12.17180764322338,0.045625069247681276,0.14937015146094276,0.23446110418537197,0.5434594374021484,1.0,0.0,0.8125,5,239.61419677734372,449.2810974121094,0.40884602,1,-1,,,0.9039363586287062,5.642149719901074,False,not-round;elongated,reject
139,103,11.384804161873397,0.30478188966524733,0.14122344493357583,0.27589940303844473,0.6275311402320194,1.0,0.42857142857142855,0.9166666666666666,7,1295.1094970703125,370.9641418457031,0.40880024,1,-1,,,1.5538308459948307,6.053935248809591,False,two-cores;not-round;elongated;defocus,reject
1929,59,10.390727014864408,0.19604854498222654,0.16240579060899876,0.26129277849888,0.48347426411100997,1.0,0.4,0.8333333333333334,5,1160.0604248046875,844.9946899414062,0.408219,1,-1,,,0.9391060526978044,6.75131230517539,False,short;two-cores;not-round;elongated,reject
6815,150,14.096035768821828,0.19736198487700649,0.09285994990238736,0.18737111224520842,0.4363528553388578,1.0,0.18181818181818182,0.875,11,1584.9088745117188,1133.4444580078125,0.408210325,1,-1,,,0.7345575581553395,4.472584827968931,False,not-round,reject
5511,52,11.352729675334269,0.20944286210815136,0.15499285716020023,0.2531854024401523,0.649719493506758,1.0,0.0,0.9166666666666666,3,1154.9271240234375,804.2112731933594,0.405595005,1,-1,,,1.337601568805948,6.6196110942155,False,short;not-round;elongated,reject
5087,79,20.63375503573107,0.14681169913267608,0.13057738786719267,0.2449975744851382,0.5068036371447395,1.0,0.0,0.8229166666666667,6,1585.64501953125,1138.2470703125,0.40550494,1,-1,,,1.6777880673012389,7.772093062376749,False,not-round;elongated,reject
6318,213,11.051538178280541,0.10899883839847802,0.26744716756215814,0.32834499228644337,0.6201531359381384,1.0,0.0625,0.9583333333333333,16,619.6456909179688,101.01541900634766,0.40509823,1,-1,,,0.7676881704847178,3.645374574196418,False,not-round;elongated,reject
1495,78,15.346149354044787,0.0872972006017658,0.2245278755090729,0.33100663088142285,0.5205091253082228,1.0,0.2,0.9166666666666666,5,1165.1416015625,799.2308959960938,0.4035051,-1,-1,,,1.1613408756261692,6.3110912236392345,False,not-round;elongated,reject
5839,101,16.185351839267504,0.12222361272624489,0.2766679523325574,0.3027301139756813,0.5254770122104473,1.5,0.5,0.9791666666666667,6,1609.7880859375,1155.7156982421875,0.402917,-1,-1,,,0.7607795858369472,4.916537436847268,False,two-cores;not-round;elongated,reject
5716,50,11.787070037602405,0.05007337611847353,0.10793838475747039,0.15224332892423148,0.3876164910327317,1.0,0.0,0.9270833333333334,4,1150.7302856445312,789.7257995605469,0.401398115,-1,-1,,,0.6936789873985272,3.549180170294979,False,short;not-round,reject
5714,59,11.571523507403695,0.09239280260032791,0.14826574786463725,0.21712407515536425,0.6009899780345971,1.0,0.0,0.9166666666666666,5,235.0548858642578,452.664794921875,0.3997852,1,-1,,,1.6605954481971588,5.966645985036223,False,short;not-round;elongated,reject
5149,70,9.422201390042453,0.12262290208950627,0.21312922520678812,0.2662419031701436,0.3902586293725241,1.0,0.3333333333333333,0.9375,6,171.35618591308594,685.5820617675781,0.39740431,1,-1,,,1.4147904473459416,6.81940757741695,False,two-cores;not-round,reject
6276,89,12.990735593121979,0.11271718101006704,0.18053023851924327,0.2553894393089833,0.38249922649227713,1.0,0.3333333333333333,0.9270833333333333,6,1576.51318359375,1176.6341552734375,0.39521956,1,-1,,,0.9510275420349757,7.420138837790885,False,two-cores;not-round,reject
4960,56,11.637356892885487,0.14354809813460023,0.1892670892268938,0.2795418709959598,0.7077515183094785,1.0,0.3333333333333333,0.8958333333333334,3,179.66473388671875,709.9953918457031,0.39465987999999996,1,-1,,,1.131549554766836,5.060405282984899,False,short;two-cores;not-round;elongated,reject
7432,66,10.629008471116206,0.1375893589735788,0.20559964758782856,0.32254997301318716,0.4939375955062666,1.5,0.5,0.8509963768115942,4,1606.4110107421875,1199.354736328125,0.39370602499999996,-1,-1,,,1.5751532448446472,4.991485348668441,False,two-cores;not-round;elongated,reject
1992,61,12.373712149795185,0.1263284348024142,0.10892196094670432,0.2036836868449695,0.5548810745600652,1.0,0.25,0.8645833333333334,4,1564.8890380859375,1185.9630126953125,0.39263976,1,-1,,,0.7451981162767397,6.9536775289090365,True,not-round;elongated;mislink,reject
2540,92,12.242185352473676,0.11188750975314704,0.1644616626344138,0.25636929460583296,0.368724398327801,1.0,0.16666666666666666,0.8854166666666667,6,1364.5662231445312,93.44725799560547,0.39240502,1,-1,,,1.8630195875114228,6.275314395790654,False,not-round,reject
397,101,10.231187151329063,0.14027704060207663,0.3117229100702172,0.3564098593192691,0.433574160666764,1.0,0.2857142857142857,0.9583333333333334,7,1296.1944580078125,683.7350463867188,0.39166132,-1,-1,,,2.55894455192782,6.9870518873908765,False,not-round,reject
4641,53,12.303467869801139,0.27203731451365765,0.18343264779247165,0.3125351575002472,0.648936117813312,1.0,0.0,0.9270833333333333,4,352.056396484375,1196.2120361328125,0.3838737,1,-1,,,1.2185268763071728,5.73989639704042,False,short;not-round;elongated;defocus,reject
7173,54,11.124023049333912,0.2813805581937493,0.10334196094376458,0.21647749800794538,0.41744715855386894,1.5,0.5,0.8854166666666667,4,245.01438903808594,248.80856323242188,0.38303026500000004,-1,-1,,,1.2917823461695488,4.834561788699354,False,short;two-cores;not-round;defocus,reject
3677,162,11.575632548544482,0.058699241694381864,0.27554867725396803,0.34539281633335256,0.5996016049311242,1.0,0.0,0.9583333333333334,11,1596.0202026367188,1193.7542114257812,0.38096721,1,-1,,,0.6479733349722007,5.515620012878714,True,not-round;elongated;mislink,reject
3678,60,13.84511382979211,0.0383606193291283,0.1883684162032986,0.31127003103361334,0.4861187532061225,1.0,0.0,0.9375,5,1132.0972290039062,847.0465393066406,0.38035723,1,-1,,,0.7862957745522993,3.8001057565484144,False,not-round;elongated,reject
2716,81,14.227153142271897,0.06870000214462454,0.23595017827568499,0.28407504967505026,0.5435440617685845,1.0,0.16666666666666666,0.9583333333333334,6,646.334716796875,130.78024291992188,0.37868068,-1,-1,,,0.5782477159128223,7.7640898976543005,True,not-round;elongated;mislink,reject
6734,157,16.441368599733647,0.04768830179127238,0.20461995400320437,0.23411028806901657,0.5200561122258857,1.0,0.0,0.96875,12,627.5409545898438,99.498779296875,0.37464604,-1,-1,,,0.699436773113383,3.9983224206019328,False,not-round;elongated,reject
3253,84,15.680538388784777,0.11548920768305428,0.12135268537063039,0.22080409438237567,0.47952685045061805,1.0,0.0,0.8541666666666666,7,1588.4097900390625,1127.3159790039062,0.373877405,-1,-1,,,1.159059520914348,7.914745951419576,False,not-round;elongated,reject
937,62,21.834646082301095,0.014804990016624815,0.11712942494386117,0.28689654752341825,0.5557273945412474,2.0,0.75,0.8020833333333333,4,1577.104248046875,1151.5699462890625,0.37363305999999996,1,-1,,,1.7389858237854543,6.774778889467729,False,two-cores;not-round;elongated,reject
3054,141,15.765067529904792,0.02745638626999785,0.11286031318903351,0.20983684864468213,0.4098426845175975,1.0,0.18181818181818182,0.8333333333333334,11,1180.655517578125,820.0885620117188,0.37361827,-1,-1,,,0.8904563938059021,7.647241593055877,True,not-round;mislink,reject
2427,132,14.370045141142468,0.09640707792993239,0.14049887418722243,0.2977686454712192,0.5047340729369133,1.0,0.3333333333333333,0.8333333333333334,9,1131.8652954101562,839.5007934570312,0.373283415,-1,-1,,,0.8356217484292444,6.595039452369849,False,two-cores;not-round;elongated,reject
4784,75,11.087042142215502,0.1067229262954473,0.0948837861993526,0.3000316971015431,0.63903044706615,1.0,0.2,0.7291666666666666,5,1559.1148681640625,1184.0968017578125,0.36944863,1,-1,,,1.0921065235767473,5.562153512431525,False,not-round;elongated,reject
5467,128,13.54128279749225,0.16729293413144622,0.15356332580120619,0.2820238267612202,0.5046266976112322,1.0,0.2,0.8526152482269503,10,258.9297790527344,427.23927307128906,0.36930023,1,-1,,,1.4815637988664958,7.722224906605392,False,not-round;elongated,reject
4527,51,20.228604229455843,0.10183163806041166,0.20320883195459674,0.3024921205435835,0.5280168207018294,1.0,0.0,0.8725620567375887,4,1613.05712890625,1133.296875,0.36870763,1,-1,,,1.453625726160848,7.570174419756298,False,short;not-round;elongated,reject
1416,228,12.162648550713522,0.07949327258940213,0.13895542529356605,0.2973396160250583,0.5816820505769749,1.0,0.125,0.84375,16,648.1044921875,149.4520492553711,0.36841398000000003,-1,-1,,,0.7963114683090811,6.547453553113502,True,not-round;elongated;mislink,reject
1807,69,11.394423343727585,0.033741359937632054,0.26046327312973266,0.35315214395969174,0.6289108968454877,1.0,0.0,0.9375,4,1596.058349609375,1193.759521484375,0.36834216,1,-1,,,0.5338134802866592,8.263921629680146,True,not-round;elongated;mislink,reject
516,59,10.136795026392145,0.09746992303633167,0.20829708188643709,0.3034137667125077,0.5844056986991576,1.0,0.0,0.875,3,1576.95751953125,1195.0640869140625,0.3675166,1,-1,,,0.6442739351278431,3.206958317478906,False,short;not-round;elongated,reject
3524,99,12.121930434224442,0.16003152830691292,0.07584914630287465,0.17467416127354646,0.2775357046843243,1.0,0.14285714285714285,0.875,7,1138.64306640625,115.7502899169922,0.36639366,1,-1,,,2.337249934301015,5.267158723221923,False,not-round,reject
5298,60,11.594848108777171,0.10325593935069445,0.14112228150266473,0.26373066858738814,0.40297356085242253,1.0,0.0,0.8854166666666667,4,1338.3370361328125,96.2133903503418,0.363507115,1,4622,0.11316466709625589,0.7080692051425792,1.810089643840732,4.867770669719352,False,rigid-doublet;not-round,reject
3266,94,16.40827368146197,0.2586118089494917,0.15355537212522502,0.32063794893887004,0.5371467212482715,1.0,0.375,0.8424202127659575,8,1612.7967529296875,1158.960693359375,0.36232871,1,-1,,,1.1805377786120306,5.150378388883106,False,two-cores;not-round;elongated;defocus,reject
7097,108,12.791612725182203,0.06457494630194337,0.12654980966696644,0.20606542073287243,0.40762486526243524,1.0,0.125,0.875,8,1591.149658203125,1126.9802856445312,0.36222370000000004,-1,-1,,,0.9899724373709775,4.7613560701378415,False,not-round,reject
621,106,14.21607770461301,0.10614706460239219,0.28157367651929044,0.30604921943724955,0.5413162819860693,1.0,0.25,0.9895833333333333,8,1165.1329345703125,801.8318176269531,0.361722695,-1,-1,,,1.1211558143577935,5.957590566626993,False,not-round;elongated,reject
7140,104,12.030617632792268,0.051115832452922026,0.2857242703729363,0.3802398886205638,0.5139959658181188,1.0,0.0,0.9583333333333334,7,1128.5858154296875,989.5292358398438,0.36000672,1,-1,,,0.728685729272749,6.04381051503024,True,not-round;elongated;mislink,reject
1891,92,11.083415737659237,0.14169693496837812,0.18801371749026613,0.22062208311630244,0.4383441503419533,1.0,0.0,1.0,6,1352.1942138671875,78.0027084350586,0.359417035,1,-1,,,1.7090712107450512,6.6237304661208825,False,not-round,reject
3618,80,12.766618939181152,0.03089018599514825,0.18188912729395895,0.40455577935537146,0.6874174692831407,1.0,0.0,0.75,4,1608.7656860351562,1175.3438110351562,0.35897219,1,-1,,,0.9487210635198403,5.053231643538313,False,not-round;elongated,reject
1657,73,12.046133925425854,0.03850295279134132,0.09920201475772247,0.16352880219395166,0.3307858496459317,1.0,0.0,0.9166666666666666,4,1614.365478515625,470.9685668945313,0.35888183,1,-1,,,1.8984250329399126,4.4018023348586155,False,not-round,reject
1689,88,21.233381140312623,0.04242207919158048,0.1596627742961167,0.2475679352480933,0.4256591967931787,1.0,0.0,0.875,7,1609.8687133789062,1146.0774536132812,0.35661759,1,-1,,,1.4559428069631446,8.135656988049789,False,not-round,reject
4542,56,11.483579931473958,0.09963692410747636,0.14175076261378683,0.23808860567495999,0.37804649151234393,1.0,0.0,0.84375,4,1310.906494140625,365.1736602783203,0.35462720999999997,1,-1,,,1.215013024279909,7.079102406194693,False,short;not-round,reject
109,478,9.790448159439022,0.10569652799717846,0.2556888709241912,0.31125226725402244,0.5448221135944347,1.0,0.11428571428571428,0.9375,35,627.5645446777344,146.21546173095703,0.35439335000000005,1,-1,,,0.9969870583894991,7.981366373024971,True,not-round;elongated;mislink,reject
4896,55,12.554688042491026,0.07273357226572813,0.23645724547007374,0.30638634167152234,0.49264505182146784,1.0,0.25,0.9270833333333333,4,692.9871215820312,91.17365264892578,0.35303476,1,-1,,,1.1895384517720862,5.5748054995715135,False,short;not-round;elongated,reject
2957,65,17.774616813933473,0.024871686476320043,0.25501769455521733,0.26148707569606333,0.5616922330828682,1.0,0.0,0.9895833333333333,4,584.0883178710938,648.254150390625,0.35242012,-1,-1,,,1.306915168932423,8.077904957003161,False,not-round;elongated,reject
5462,114,12.505402334904016,0.07335078050566547,0.12307615733855798,0.23975558579227524,0.4964428774508778,1.0,0.375,0.8645833333333333,8,1569.9386596679688,1157.703369140625,0.35209925,-1,-1,,,0.9324134699043228,5.379122077789646,False,two-cores;not-round;elongated,reject
7514,55,14.177623115223739,0.20344129952894802,0.23643407892310103,0.2606913044967592,0.47563349624795837,2.0,0.5,0.9791666666666666,4,1565.80126953125,1173.2120361328125,0.35177743,-1,-1,,,0.8543664831136674,7.050097763267388,True,short;two-cores;not-round;elongated;mislink,reject
6817,57,8.837148661435748,0.29105945897233754,0.1528521201526867,0.26239073126945456,0.5609502543100591,1.0,0.2,0.875,5,360.6628723144531,786.7212524414062,0.35050216,1,-1,,,1.4062653965735206,7.3796971127249655,False,short;not-round;elongated;defocus,reject
96,187,11.620382954530449,0.16895639762786924,0.2492050647362126,0.3262870762811586,0.4151443951567101,1.0,0.14285714285714285,0.9583333333333334,14,360.6427612304688,794.7702026367188,0.348417,1,-1,,,0.5310108446720881,1.877212563359448,False,not-round,reject
105,77,12.206387248894288,0.22442002900243255,0.1901378652231666,0.3338476288287623,0.4167908633026612,1.0,0.0,0.9166666666666666,7,273.0736083984375,430.2381896972656,0.34596634,1,-1,,,3.1869914965831816,6.865396442440267,False,not-round,reject
3986,61,15.056967150003409,0.05472386804647393,0.21684010522780336,0.2680333359744435,0.598460944761697,1.0,0.0,0.9375,4,1136.71728515625,832.7341918945312,0.3458362,1,-1,,,0.8210845234402983,3.9628261911207634,False,not-round;elongated,reject
6511,68,11.244552833836284,0.08367114536972872,0.24158467885268106,0.3111228991768602,0.5329751347425415,1.0,0.0,0.9375,4,360.7548828125,795.909912109375,0.343844875,1,-1,,,0.7232805681228855,3.036936647710343,False,not-round;elongated,reject
3108,109,12.105703103439549,0.07393826738350648,0.1502339682039412,0.31942325646624026,0.3659413569464762,1.0,0.0,0.78125,6,183.05747985839844,705.0730590820312,0.34345627,1,-1,,,1.7162522871345012,5.993580035319274,False,not-round,reject
2499,90,10.942561449664886,0.07828976748780384,0.18154024032850652,0.28661619365288304,0.44437577531746625,1.0,0.16666666666666666,0.8541666666666666,6,162.6042709350586,714.974365234375,0.342666955,1,-1,,,0.7397679856580746,3.985052206806693,False,not-round,reject
2416,186,14.005713461316743,0.15990648677990377,0.18655486356177506,0.31627272072771295,0.6263045569950438,1.0,0.38461538461538464,0.875,13,1560.7749633789062,1181.1849975585938,0.342465815,1,-1,,,0.9195787299746323,5.498491421648265,False,two-cores;not-round;elongated,reject
6597,61,10.666228142328563,0.06260990130588429,0.22365074988213918,0.3372843766467186,0.5846600318639565,1.0,0.25,0.9166666666666667,4,1609.3929443359375,1198.556884765625,0.34188673,-1,-1,,,1.137982073729865,3.547875629118522,False,not-round;elongated,reject
5924,59,10.752838112410432,0.05923435123777286,0.13665468624405636,0.24759072605149748,0.4272148857349623,1.0,0.2,0.9375,5,1171.3072509765625,829.484619140625,0.3402833,1,-1,,,0.9284260038501264,4.142170226034287,False,short;not-round,reject
6763,153,13.322008268279316,0.05819740181955058,0.2928251838674814,0.3026449727726741,0.4632752034435373,1.0,0.09090909090909091,0.9791666666666666,11,254.00418090820312,429.5870666503906,0.33953026,1,-1,,,0.44164147455466735,1.310290179646534,False,not-round;elongated,reject
3329,119,13.152244030576039,0.04841379119071178,0.21307375780662802,0.3791839172811853,0.651082482014965,1.0,0.25,0.8958333333333334,8,1125.33056640625,815.2691040039062,0.33910087,-1,-1,,,1.2954318817631314,7.768276721349734,False,not-round;elongated,reject
5493,92,12.97102730868624,0.09109610963451986,0.2616220050310767,0.31298016089394803,0.43829252894589565,1.0,0.2857142857142857,0.9787234042553191,7,943.8201599121094,288.5419616699219,0.338793715,-1,-1,,,2.829024114012106,7.677991860928387,False,not-round,reject
121,60,11.259255365913434,0.11273498788160738,0.16011506589499822,0.32036324195857535,0.5252357320981184,1.0,0.0,0.875,5,267.7508239746094,431.79124450683594,0.33877842999999996,1,-1,,,1.603891320376361,7.666131816518017,False,not-round;elongated,reject
3862,141,12.835419048145562,0.09912335118991143,0.13805021902337594,0.22719398039642677,0.5626889704759912,1.0,0.45454545454545453,0.9361702127659575,11,1565.0946044921875,1183.9432373046875,0.33853588,1,-1,,,0.9898388379917028,6.481750255800793,False,two-cores;not-round;elongated,reject
7519,50,13.158315784063474,0.11228125008922431,0.17864374253942888,0.348678578185134,0.5225666819761392,1.0,0.3333333333333333,0.875,3,1169.83056640625,832.1548156738281,0.337579415,1,-1,,,1.1478215493890227,5.284644093706722,False,short;two-cores;not-round;elongated,reject
2908,62,11.864804914585633,0.14274801320808594,0.1330394951343448,0.3681124127697709,0.5112816160319894,1.0,0.0,0.7708333333333334,4,259.87425231933594,432.01979064941406,0.33703026,1,-1,,,0.861515011294428,5.9659878060498865,False,not-round;elongated,reject
1877,82,12.39554491341552,0.025148472068663132,0.20349930709351197,0.23003523436224996,0.4937522894155342,1.0,0.14285714285714285,0.9583333333333334,7,634.2992248535156,142.90544891357422,0.33644045,-1,-1,,,1.1198499382387754,4.051304395363173,False,not-round;elongated,reject
163,55,11.204667731467309,0.01975485074005537,0.17188642678097044,0.3273771376572721,0.5614847577308258,1.0,0.0,0.7916666666666666,3,627.51318359375,123.85944366455078,0.3360863,1,31,0.03635346184442704,0.73387935984123,0.945171902996183,2.2553435369568438,False,short;rigid-doublet;not-round;elongated,reject
1019,975,11.374038347636386,0.14324062491392478,0.2241899364612262,0.30637278783723576,0.49105350072962334,1.0,0.057971014492753624,0.9583333333333334,69,662.2606811523438,149.63375854492188,0.33514774,1,-1,,,0.7925810144267268,6.475302160697542,True,not-round;elongated;mislink,reject
4956,60,10.085978711424904,0.08083510903174432,0.17984359253513427,0.25517555997561703,0.3394544105148023,1.0,0.0,0.8958333333333334,5,1309.9269409179688,366.70733642578125,0.33435523,1,-1,,,0.538916673629042,2.36686208918914,False,not-round,reject
3989,55,10.028901860310539,0.13621674851197915,0.21465716508496804,0.2626629003693366,0.38402075786174616,1.0,0.0,0.9375,3,378.51123046875,783.1366577148438,0.33329567,1,-1,,,0.6822462471442662,7.714688307382238,True,short;not-round;mislink,reject
97,123,21.08384584603177,0.037409850873821614,0.33881088744905774,0.36779071285529297,0.6952491624929996,1.0,0.2222222222222222,1.0,9,1614.6749267578125,1135.5880126953125,0.3317898,-1,-1,,,1.279752985217169,7.471611461395217,False,not-round;elongated,reject
1058,52,12.7762795159968,0.0218144661389361,0.18513342066453717,0.34732110985669973,0.5683272141198605,1.0,0.0,0.875,3,1614.943115234375,1210.72265625,0.331110355,1,-1,,,1.0191733757975947,2.4357456815962344,False,short;not-round;elongated,reject
116,369,12.1088154492569,0.09016925167104743,0.22169524643969712,0.2948550523579055,0.3878187266225572,1.0,0.0,0.9166666666666666,27,238.7337951660156,407.2281799316406,0.33091056,1,-1,,,0.37161142309116807,1.715740334975953,False,not-round,reject
1179,61,13.390077182173323,0.057095343246298495,0.21205786512254512,0.24293946827448526,0.449070625570476,1.0,0.0,1.0,5,1168.5869140625,776.9915161132812,0.3283101,1,-1,,,0.629771005057146,5.263169981024664,True,not-round;mislink,reject
4293,89,13.22112676401843,0.0552246019982497,0.16632933794778063,0.2752938289743385,0.5629722352069498,1.0,0.0,0.9166666666666666,7,1574.24609375,1139.1666259765625,0.32780835,1,-1,,,0.8490969808604523,4.139509980301829,False,not-round;elongated,reject
5289,93,17.26387685583146,0.1260734394824446,0.2346147504917061,0.23958886370879573,0.5997526420284246,1.0,0.42857142857142855,0.9791666666666666,7,1160.2938232421875,769.8969116210938,0.32765782,-1,-1,,,1.1828258797697853,6.864658073655598,False,two-cores;not-round;elongated,reject
7327,81,11.127962395356171,0.05901609884171021,0.25145002288687146,0.27727561906884723,0.464839423034088,1.0,0.0,0.9895833333333333,6,158.85333251953125,711.2631225585938,0.32763568,1,-1,,,0.5482456202336156,3.3788522539620356,False,not-round;elongated,reject
5773,112,17.27183531913763,0.1320454430586657,0.19874968620270123,0.32765511282895565,0.5457261197622081,1.0,0.0,0.9051418439716312,8,1612.4974975585938,1126.9719848632812,0.3249544,1,-1,,,2.123932121563529,6.835831327231174,False,not-round;elongated,reject
5798,52,14.598436568297483,0.13376209103463665,0.13355424116706033,0.30150052599734267,0.5851584822782561,1.0,0.0,0.78125,4,1577.7422485351562,1132.1477661132812,0.324852415,1,-1,,,0.8447419632702915,6.21137802839834,False,short;not-round;elongated,reject
95,107,14.284516266361779,0.10704233538707132,0.2796973691380425,0.40372725622163563,0.6515867460656086,2.0,0.8888888888888888,0.8958333333333334,9,1612.73876953125,1215.580078125,0.32399267,1,-1,,,1.4676756297118203,5.3113690768648425,False,two-cores;not-round;elongated,reject
5790,56,14.138868767879075,0.024747973035325308,0.1472092011969205,0.2550504843722467,0.31398685500515866,1.0,0.0,0.84375,4,1126.9920654296875,989.8984985351562,0.323991685,1,-1,,,0.6760131570097974,3.5363006959186123,False,short;not-round,reject
6487,104,12.952110378566447,0.03984208436708706,0.19816460351404236,0.30606641517813155,0.5170941858449978,1.0,0.1111111111111111,0.8333333333333334,9,627.84765625,120.59091567993164,0.323636905,-1,-1,,,1.008245794729789,7.4973652634659285,False,not-round;elongated,reject
681,87,12.985014198472626,0.04937636878501895,0.1878917888866713,0.3367755067345082,0.542536992228453,1.0,0.16666666666666666,0.8854166666666667,6,1141.6998291015625,815.9359130859375,0.32207718,-1,-1,,,1.0092469777493895,7.560676890139792,False,not-round;elongated,reject
3782,62,14.675226462079813,0.09970430798346984,0.2890564239068713,0.2984915523499447,0.4125786053872044,1.0,0.0,1.0,5,1601.080078125,1156.358154296875,0.321855275,-1,-1,,,1.0448972104157441,4.80189095395074,False,not-round,reject
4776,140,11.289442869500967,0.12322155379582446,0.18732883720309684,0.2885335318914279,0.5497659731243076,1.0,0.1,0.9270833333333333,10,1166.2442016601562,837.3749694824219,0.321703075,1,-1,,,1.024765171510325,5.49789042282546,False,not-round;elongated,reject
4912,52,14.606222051305958,0.15742243331468136,0.3044806904857523,0.34528073419147454,0.6296597984000798,1.0,0.3333333333333333,0.9375,3,679.5783081054688,104.78367614746094,0.32141021000000003,-1,-1,,,1.542153070690847,5.875469962261659,False,short;two-cores;not-round;elongated,reject
106,70,10.998343502022168,0.043943724820611686,0.2670984884349761,0.2996549946687327,0.4755307992204399,1.0,0.0,1.0,4,1311.22802734375,357.6427917480469,0.32137945,1,-1,,,1.2772895643070428,6.918473712621842,False,not-round;elongated,reject
2916,82,18.69713506453619,0.16294959192122938,0.238546846823641,0.39958423694238837,0.6922176689867595,2.0,0.7142857142857143,0.875,7,1612.7183227539062,1149.0194091796875,0.321335825,-1,-1,,,1.7027864884391148,5.164904156212475,False,two-cores;not-round;elongated,reject
3658,57,16.723070046143604,0.1881844994312484,0.28415065630492503,0.31452118753243463,0.556182455836296,2.0,0.75,1.0,4,647.8604736328125,122.62723541259766,0.32110915,-1,-1,,,0.93835132189637,6.42583698655076,False,short;two-cores;not-round;elongated,reject
6146,57,10.942626657636689,0.0348229445906786,0.2423562758645263,0.31187057416801955,0.4160633067704741,1.0,0.0,0.9583333333333333,4,226.9624481201172,456.580322265625,0.31741276,1,-1,,,1.6369669077100109,4.372852894930049,False,short;not-round,reject
2375,83,16.209494761100967,0.07080180461821964,0.2979813510013857,0.30834487794385573,0.619737512002428,1.0,0.0,0.9791666666666666,5,1163.6986083984375,840.4988403320312,0.31680468,-1,-1,,,1.0664753626608365,5.21429523703508,False,not-round;elongated,reject
6928,55,9.393195060558984,0.09832494423623259,0.1706047716422008,0.3086362141303958,0.5998312996756361,1.0,0.25,0.8333333333333333,4,358.2908935546875,792.5518798828125,0.3165856,1,-1,,,0.7967048606049206,6.105417490367102,False,short;not-round;elongated,reject
135,466,10.759460481460026,0.09315376175458226,0.21410399755518195,0.30500549633987206,0.501235495380578,1.0,0.06060606060606061,0.8958333333333334,33,671.1259155273438,145.66815185546875,0.31548413,1,-1,,,0.9985637000345405,8.09925125744733,True,not-round;elongated;mislink,reject
91,257,10.422399475393867,0.15011642064626052,0.23209052391047313,0.2924224412272012,0.449839286733164,1.0,0.0,0.9583333333333334,18,378.3609924316406,785.1741943359375,0.3150678,1,-1,,,0.4024904111261645,4.114363066561527,True,not-round;mislink,reject
2688,72,15.792181267639036,0.20951289254081001,0.2945431760804937,0.3533629784906069,0.5369153331379488,1.0,0.0,1.0,7,1613.1661987304688,1126.9983520507812,0.31403452,1,-1,,,1.876332907967965,7.131830681124164,False,not-round;elongated,reject
1821,86,12.164785716441074,0.15533613397354423,0.19318440286695102,0.3138909032889139,0.452626741536195,1.0,0.0,0.9166666666666667,4,272.49241638183594,441.7169952392578,0.31107973,1,-1,,,2.133970508200578,7.328136295255163,False,not-round;elongated,reject
2846,72,12.706883892680606,0.032751346942712575,0.15696446663757546,0.2541411691674777,0.4889797531234724,1.0,0.0,0.84375,6,1584.6805419921875,1202.237548828125,0.30941275999999995,-1,-1,,,1.0906983594215545,5.983015882335315,False,not-round;elongated,reject
5019,62,14.03243809169747,0.07743753031590053,0.15314753082634014,0.1975949852089405,0.4611346613053429,1.0,0.2,0.9791666666666666,5,223.95520782470703,263.39088439941406,0.308821235,1,-1,,,1.1926141235735988,7.363814303928776,False,not-round;elongated,reject
5482,120,15.299041321449803,0.10594640130963652,0.17711169520919662,0.20680598001493333,0.5807300547172275,1.0,0.3,0.96875,10,1604.3126220703125,1164.2625732421875,0.30811255000000004,-1,-1,,,0.9700773101976131,7.596116643014081,False,not-round;elongated,reject
4474,128,12.046950297461638,0.08315774380738701,0.21419554236644034,0.3329785953962173,0.5193838721027793,1.0,0.0,0.8645833333333334,10,260.6714172363281,424.66912841796875,0.3075776,1,-1,,,1.4079048708004824,7.420198371465102,False,not-round;elongated,reject
686,139,11.835444680502402,0.08894171968053054,0.21391434908319015,0.31608648739937983,0.5321111082515233,1.0,0.2,0.90625,10,170.08338928222656,690.9022827148438,0.30678928,1,-1,,,0.7448048110560349,8.050190010802726,True,not-round;elongated;mislink,reject
449,63,14.406579317037274,0.016862584490061443,0.16715263938598585,0.21085614972325945,0.39002619322699617,1.0,0.25,0.9479166666666666,4,363.0415649414063,830.7897338867188,0.3064181,-1,112,0.026886481115030687,0.7284080983085955,0.9967557745583637,2.64457110209597,False,rigid-doublet;not-round,reject
2523,62,10.704202567565407,0.061078213279847186,0.16645212728405973,0.29411978333996097,0.3443848242151598,1.0,0.0,0.8229166666666667,4,798.9754028320312,515.1156311035156,0.30512181,1,-1,,,1.7945653558490517,5.308847678573051,False,not-round,reject
3140,65,19.959565438921114,0.24563060350061794,0.3118002480563289,0.3237239339175469,0.6032416156389326,1.0,0.0,1.0,5,1614.234375,1129.755126953125,0.3034828,1,-1,,,1.4427889998674388,7.85537058150384,False,not-round;elongated,reject
2183,61,11.519496297905505,0.03148001475673173,0.2436076607952796,0.2926943905528781,0.38151069277674143,1.0,0.0,0.9375,5,172.2501220703125,702.99560546875,0.30253255,1,-1,,,1.1719817783136692,5.685997495305405,False,not-round,reject
4042,63,11.33417683647911,0.07434558653515419,0.09583491050436463,0.28800051140839417,0.3331663019922274,1.0,0.0,0.6666666666666666,5,1185.2952880859375,796.4598388671875,0.3022629,1,-1,,,1.1638293747083717,2.952507585868853,False,not-round,reject
4973,57,12.617875253552038,0.07170979895584355,0.1447112933118141,0.27124650821993007,0.5886255964245531,1.0,0.3333333333333333,0.875,3,240.2244110107422,251.9881591796875,0.30115563,-1,-1,,,1.860316623706959,5.579742137229786,False,short;two-cores;not-round;elongated,reject
2040,52,21.21272582409603,0.013490728546818124,0.07588474767593542,0.130483550283595,0.37846007766034284,2.0,1.0,0.8333333333333334,3,1583.0724487304688,1152.51318359375,0.30040029,1,-1,,,0.8021754071293583,2.8740301143466285,False,short;two-cores;not-round,reject
145,64,13.788770455474815,0.13271230154906954,0.19502536930680567,0.24749008172079912,0.5093558059976806,1.0,0.0,0.9375,5,675.1293334960938,110.64130783081055,0.299948485,1,-1,,,0.6368161284471793,5.348295885572307,True,not-round;elongated;mislink,reject
2404,98,10.042379037226588,0.06916213530707856,0.21463998792869848,0.3089718951028385,0.39390903898009055,1.0,0.0,0.8854166666666667,6,800.1985168457031,487.9521179199219,0.298204805,1,-1,,,1.5487880170416672,6.516577404325527,False,not-round,reject
385,73,12.803226949632737,0.14173983986752126,0.14366463442309796,0.23418041933940859,0.2545751443037229,1.0,0.2,0.8958333333333334,5,1130.323974609375,838.2857666015625,0.29814935,-1,-1,,,0.6859305336709997,5.407215385363455,False,not-round,reject
7044,106,16.62607978793761,0.12136511696588759,0.16770291249808783,0.2663775785603006,0.6055608789759539,1.0,0.0,0.875,7,661.2061157226562,87.17613220214844,0.29744305,-1,-1,,,0.9922974594926428,6.515582040605742,False,not-round;elongated,reject
6228,56,11.59945224694481,0.09872684318579171,0.11955306314056677,0.17089404807831568,0.506029383259519,1.0,0.0,0.9574468085106383,5,1149.1203002929688,788.8637390136719,0.297274525,-1,-1,,,0.8432931821322889,4.297454873101418,False,short;not-round;elongated,reject
990,54,18.401449100381598,0.04121949615878331,0.20439964747821737,0.3123485031476858,0.491442699499512,1.5,0.5,0.8854166666666667,4,646.2619018554688,123.06490707397461,0.29630882000000003,1,-1,,,0.9083470976514325,7.518878595531352,True,short;two-cores;not-round;elongated;mislink,reject
1145,130,11.271335774430128,0.12917588771185098,0.21457210723361014,0.27786952781740976,0.40878454076385407,1.0,0.3,0.9375,10,232.25782775878906,468.6607208251953,0.29618167500000003,1,-1,,,2.072552442128278,7.021354698302113,False,not-round,reject
3519,63,15.993586920943997,0.13437119662252425,0.32102150871378654,0.34949957190617104,0.6706936324668906,1.0,0.0,0.9895833333333333,4,1607.7001953125,1127.7950439453125,0.2952317,-1,-1,,,1.3152278597538856,8.117167421241302,False,not-round;elongated,reject
114,63,11.772104277883777,0.016175003611184444,0.07711249014087802,0.18334807232281633,0.2742285236556084,1.0,0.0,0.875,5,1098.8973388671875,117.26531982421876,0.294445,1,-1,,,2.107163508681765,6.07500443613231,False,not-round,reject
2798,53,13.706358682308142,0.05168087974720848,0.2176948956781013,0.29240848886104776,0.524569615143736,1.0,0.0,0.9166666666666667,4,1372.821044921875,104.57605743408205,0.29207608,1,-1,,,1.8053855342641807,6.964373937000913,False,short;not-round;elongated,reject
2407,54,9.61477694811779,0.12330661333517902,0.20217484965958316,0.35169978621554937,0.6530674116927296,1.0,0.0,0.9166666666666667,4,1569.2520751953125,1150.7422485351562,0.29199925,1,-1,,,0.5320279241929038,6.618147316326509,True,short;not-round;elongated;mislink,reject
1640,70,12.900947416243241,0.07404709879821707,0.21802004617701565,0.29030303994998247,0.5838298176304816,1.0,0.0,0.9583333333333333,6,156.8838348388672,678.0561218261719,0.291817765,-1,-1,,,1.8315396462040685,6.421367781423138,False,not-round;elongated,reject
6173,52,14.602900210849723,0.0317967678525522,0.09571345879118037,0.2607542165036889,0.561778975701689,1.0,0.3333333333333333,0.75,3,1587.23486328125,1173.0281372070312,0.29029195,-1,-1,,,1.4747222074600115,7.123939694206115,False,short;two-cores;not-round;elongated,reject
4500,54,12.887066336436856,0.02916776570887158,0.14273672095006432,0.3309168632173647,0.5339026375795404,1.0,0.0,0.8333333333333334,3,1609.162841796875,1139.640625,0.289866595,1,-1,,,1.4395325026408399,7.747310296903444,False,short;not-round;elongated,reject
3171,68,20.741941144062114,0.0456440974770267,0.15289659640735617,0.20311508159086594,0.44962143036114116,2.0,0.6666666666666666,0.8958333333333334,3,1583.0592041015625,1147.967529296875,0.28921129,-1,-1,,,1.283936569189245,7.293042032524945,False,two-cores;not-round,reject
2932,352,12.003378864732968,0.15345007769888863,0.1869535901873857,0.29547196363041645,0.5750255658803262,1.0,0.13043478260869565,0.9375,23,1576.1738891601562,1155.1390380859375,0.28881811999999996,-1,-1,,,0.7633849588182141,8.014905482744433,True,not-round;elongated;mislink,reject
5356,101,10.461655031877072,0.15868562880141998,0.14591615802363828,0.3506848541301449,0.6391005042250146,1.0,0.375,0.78125,8,1557.6712646484375,1179.0443115234375,0.28847122,1,-1,,,1.4493508164491349,5.126594106643562,False,two-cores;not-round;elongated,reject
5309,54,12.6577505598863,0.09832145763189866,0.23168104367528236,0.3273528400554055,0.4112688873508082,1.5,0.5,0.926418439716312,4,693.0555725097656,94.30768203735352,0.28833079500000003,1,-1,,,2.4899056839648224,7.304381824296765,False,short;two-cores;not-round,reject
6110,76,16.037618921309218,0.05097154597568638,0.22681536857504697,0.24984550225229762,0.5032429723055288,1.0,0.16666666666666666,0.9675387596899225,6,1477.5910034179688,1212.4393920898438,0.28814162,-1,5583,0.016132718050557684,0.804845011702984,1.002368898495312,2.675805827014016,False,rigid-doublet;not-round;elongated,reject
5481,65,11.143726008350605,0.07086229326857124,0.19707752121122338,0.274157444172976,0.5149882296687545,1.0,0.0,0.9166666666666666,5,1310.4853515625,364.4568481445313,0.2878707,1,-1,,,1.3185859960757056,4.365570168519646,False,not-round;elongated,reject
2371,67,10.71167801872815,0.06928138796354334,0.26885881910668796,0.3074548767652903,0.3935040969448925,1.0,0.0,0.9791666666666666,5,1309.5013427734375,361.1654357910156,0.28777352,1,-1,,,0.5745891077442037,3.8223059379716426,False,not-round,reject
777,90,11.513468267370587,0.047704106988911726,0.18564631708733506,0.2764692191029139,0.44700568518035977,1.0,0.0,0.90625,6,1328.51513671875,364.05287170410156,0.28594072000000004,1,45,0.06933992631121272,0.7442492094802617,1.45426747062933,6.349978230994896,False,rigid-doublet;not-round,reject
6907,132,12.059900546306762,0.05163614820647513,0.2561858616670337,0.3081407673450275,0.3221229733792878,1.0,0.1,0.9895833333333333,10,187.58699798583984,703.7835693359375,0.28590571,1,-1,,,1.2052241941483952,5.485874980976142,False,not-round,reject
799,52,12.335032561888262,0.17187461122608041,0.19231683338316308,0.25797428651972354,0.5269204522555578,1.0,0.0,0.9166666666666666,3,675.6259460449219,111.4915771484375,0.28443041,1,-1,,,0.538959022803816,2.902589282244471,False,short;not-round;elongated,reject
1299,187,12.499344168436528,0.09672461788287462,0.18644520960805117,0.274812269080199,0.4775828202432501,1.0,0.0,0.9375,13,660.0416870117188,90.12671661376952,0.28441298,1,-1,,,0.5117075053402155,5.59347596285301,True,not-round;elongated;mislink,reject
6076,66,12.8121309153879,0.1109975672763562,0.15950738758736457,0.333148167091089,0.4148945218552485,1.0,0.25,0.7708333333333334,4,1122.6824340820312,978.4887390136719,0.28385934,1,-1,,,0.7413518326881235,6.5918024497155185,True,not-round;mislink,reject
1786,68,10.595751379222873,0.0627845955402115,0.2191328899462786,0.29123154436856125,0.45304683881091024,1.0,0.0,0.8958333333333334,5,432.5877380371094,246.97525024414062,0.282549865,1,-1,,,0.5018310556875284,1.8826787068245612,False,not-round;elongated,reject
4915,57,13.02909746506125,0.06948347810936466,0.25425581149364934,0.2768082012897998,0.588094570870143,1.0,0.0,0.9583333333333334,3,1569.2098388671875,1166.47119140625,0.28182396,-1,-1,,,0.8268302060249983,3.74962975346282,False,short;not-round;elongated,reject
7213,88,13.898407227432362,0.09889310958839263,0.15998762822440918,0.23965390219957394,0.4636161286639957,1.0,0.14285714285714285,0.8541666666666666,7,213.84447479248047,412.18980407714844,0.280705115,-1,-1,,,1.168232503692942,6.0598914125130205,False,not-round;elongated,reject
7368,58,17.676882642962532,0.035840200852587094,0.14465284185527352,0.2781786577953141,0.6068210763908019,1.0,0.4,0.7708333333333334,5,1152.468017578125,769.1215515136719,0.2802901,-1,-1,,,0.8965722045633503,3.7249861912636546,False,short;two-cores;not-round;elongated,reject
5984,53,11.039136263621554,0.08923679661387207,0.2755155582442416,0.42023714073040136,0.6363898741110979,1.0,0.0,0.9166666666666667,4,1600.2899169921875,1187.4417724609375,0.28015086,1,-1,,,0.7387478512650781,7.204760844195704,True,short;not-round;elongated;mislink,reject
104,85,10.877395020707255,0.16374554697160518,0.18374201819163824,0.20407491148304288,0.41870984572193004,1.0,0.2857142857142857,1.0,7,172.03082275390625,712.81201171875,0.2800142,1,-1,,,1.1842918926530754,4.876412016977886,False,not-round,reject
371,96,14.423642959682399,0.1518596366099365,0.2503194788677964,0.363657340535901,0.6070278112995594,1.0,0.42857142857142855,0.8958333333333334,7,1601.694091796875,1196.6377563476562,0.2786465,-1,-1,,,0.823682244329535,7.004643255936052,True,two-cores;not-round;elongated;mislink,reject
4134,232,11.424295509658256,0.06490707876467282,0.23463245009585368,0.32034433298104986,0.41010790849871237,1.0,0.06666666666666667,0.875,15,680.5677490234375,133.6915740966797,0.278558615,1,-1,,,0.9017330617073688,5.28200147857649,False,not-round,reject
4517,66,11.405709661485659,0.37743906557941304,0.25045547979017757,0.2696889184460199,0.536226225966689,1.0,0.25,0.9791666666666667,4,1156.9664306640625,769.43310546875,0.278460065,1,-1,,,0.9572359430871014,4.327233124930676,False,not-round;elongated;defocus,reject
3790,73,14.80632547157561,0.04251668663406124,0.16256165346445223,0.2818084934348241,0.5663880739153903,2.0,0.5714285714285714,0.9375,7,1149.2537841796875,858.5277709960938,0.27808967,-1,-1,,,1.2550226123717647,5.55342335024221,False,two-cores;not-round;elongated,reject
126,131,10.994924557260468,0.07073823814294738,0.2916178876578066,0.3042273790659978,0.45501933432116726,1.0,0.2,1.0,10,655.6177978515625,156.2079620361328,0.27804992,1,32,0.04642679800767678,0.7284453105395023,0.8677037102620212,3.018901406144586,False,rigid-doublet;not-round;elongated,reject
6829,99,12.668233480207858,0.058048232766630715,0.16025920667087945,0.25427428357567106,0.32967868791168153,1.0,0.125,0.8958333333333334,8,1598.815185546875,1160.140869140625,0.27789608,1,-1,,,1.1144401971422542,5.849245196579663,False,not-round,reject
653,57,11.713342713465828,0.05416757312996738,0.20207016978668219,0.3222247714207651,0.42437813875583275,1.0,0.0,0.8645833333333333,4,262.4460144042969,431.9459838867188,0.2744974,1,-1,,,1.7376598269553876,7.745824324343371,False,short;not-round,reject
1522,80,15.09409920481851,0.09252272408837557,0.17898961859332174,0.27061941743216467,0.630672913666444,1.5,0.5,0.8922294172062905,6,1608.9457397460938,1110.806396484375,0.27403233,1,-1,,,0.9393777182653746,4.146862064404822,False,two-cores;not-round;elongated,reject
1281,69,13.36763889588197,0.15580039822550393,0.17632824915155515,0.2919812700486265,0.5779489526469928,1.0,0.25,0.8958333333333333,4,1139.0206298828125,814.8438720703125,0.27391496,-1,-1,,,0.9440841498240528,4.515760060042828,False,not-round;elongated,reject
4003,181,11.649946055750341,0.10372520507132947,0.22978940244141682,0.3080675263448257,0.4888776086672121,1.0,0.14285714285714285,0.9583333333333334,14,435.8024291992188,245.06512451171875,0.27317342,1,-1,,,1.2342236983741115,7.807003989900232,False,not-round;elongated,reject
3595,100,12.936414391662542,0.0433810098883607,0.10936961338442211,0.22276902606104254,0.45310167671030155,1.0,0.0,0.8125,6,1576.147705078125,1138.6668701171875,0.27124035,1,-1,,,0.8695703957092173,8.10226108735805,True,not-round;elongated;mislink,reject
1470,86,11.565046600910254,0.06834829470505534,0.22028403195527455,0.31663846190934025,0.4613105089808887,1.0,0.14285714285714285,0.875,7,1315.569580078125,356.60154724121094,0.27087232,1,45,0.10334074144590814,0.7180605255230634,1.5955437018025591,5.453417412653995,False,rigid-doublet;not-round;elongated,reject
7263,85,16.264727022094835,0.20504037396017175,0.2369865602782802,0.24952557742805445,0.39606886700832034,1.0,0.0,0.9895833333333333,6,1484.065673828125,1210.201171875,0.27072796,-1,-1,,,1.0034532466970627,2.4243468823391834,False,not-round,reject
133,231,12.164812292748936,0.06257241980188345,0.2049712567546253,0.3307998215881164,0.500878691764874,2.0,0.9375,0.8645833333333333,16,1602.244873046875,1207.049072265625,0.2693688,1,-1,,,0.6692760506543595,4.329071616205392,False,two-cores;not-round;elongated,reject
1434,77,14.412636653367993,0.07709863278266921,0.22657424659877146,0.28409314899978627,0.49313801412423575,1.0,0.16666666666666666,0.96875,6,356.5179748535156,803.9873657226562,0.26867065,-1,-1,,,1.1857907581093512,6.226537610879122,False,not-round;elongated,reject
950,215,13.884449805453135,0.06965979020520462,0.14318355212937056,0.24756162022423453,0.46710200244810646,1.0,0.1875,0.8541666666666666,16,1126.22900390625,838.086181640625,0.2684045,-1,-1,,,0.6874846801109552,7.883605219878218,True,not-round;elongated;mislink,reject
3962,53,13.292852932752094,0.11429216317356698,0.19146237864335597,0.31669407720017484,0.6261391553499766,1.0,0.3333333333333333,0.8958333333333334,3,1591.08154296875,1179.3348388671875,0.2682315,-1,-1,,,0.7075156921484851,7.728051117937563,True,short;two-cores;not-round;elongated;mislink,reject
4911,60,11.485168944480277,0.022948194475463958,0.3308349332404805,0.34518689265425506,0.5035171504560234,1.0,0.25,1.0,4,242.85301971435547,465.68658447265625,0.267631285,1,-1,,,2.5741629230020835,6.993049810508015,False,not-round;elongated,reject
3207,103,10.510582560388182,0.04484428502578488,0.20694336327203766,0.30659188800193515,0.45913825338607755,1.0,0.14285714285714285,0.8125,7,432.8667297363281,263.80450439453125,0.26670572,1,-1,,,1.285425478219898,3.538866077639563,False,not-round;elongated,reject
6313,195,10.318548023187226,0.09248033534730363,0.17753773722589494,0.31158389636992706,0.46067707789481066,1.0,0.07692307692307693,0.8333333333333334,13,618.130859375,122.14215087890624,0.26517025,1,-1,,,1.0295850907549404,7.635384920503459,False,not-round;elongated,reject
5724,95,15.979488271596924,0.06671806079998803,0.28387148961610964,0.2978946333249911,0.6263832099758295,2.0,0.6666666666666666,1.0,6,329.4249572753906,1183.4251708984375,0.2645534,-1,-1,,,1.1216017803413194,3.6055155644488095,False,two-cores;not-round;elongated,reject
6123,102,16.888331760698765,0.03348261252551679,0.1528146295568595,0.22713747850260202,0.5735483763999827,1.0,0.0,0.8854166666666666,6,662.3219604492188,87.7210464477539,0.26407838,-1,-1,,,1.121856483535276,7.66296728865571,False,not-round;elongated,reject
6128,54,15.983064244502703,0.03783677687704278,0.1177935002584572,0.2219016301465383,0.4740316534382686,1.0,0.0,0.875,3,1154.6650390625,817.8390502929688,0.26406859,-1,-1,,,0.8543490878021388,7.081092721182517,True,short;not-round;elongated;mislink,reject
101,72,12.433095995418565,0.15000035035276404,0.2403405692688267,0.26442128054109715,0.5014239662839768,1.0,0.0,1.0,5,239.5837173461914,464.768798828125,0.26339711,1,-1,,,2.2110295002767866,6.457225943058784,False,not-round;elongated,reject
4512,131,9.540440474024164,0.11215161871521612,0.1824367780704328,0.31638308141383864,0.5390836572976547,1.0,0.125,0.9166666666666666,8,1569.5694580078125,1153.65576171875,0.26337677,1,-1,,,0.5981606564915355,2.4118511418866304,False,not-round;elongated,reject
1035,54,18.292839218047778,0.22536263738210302,0.44190621555725085,0.4780857989381048,0.7972117738901875,1.0,0.0,0.9565217391304348,3,1618.447021484375,1169.9796142578125,0.262653335,1,-1,,,1.1857461049207203,7.9975989662298135,False,short;not-round;elongated,reject
2761,52,12.97812620113453,0.41296111326845913,0.13684886925396866,0.3167864474877106,0.4805930542029161,1.0,0.0,0.7916666666666667,4,660.0084838867188,90.07353591918945,0.260972785,1,-1,,,0.4437289320654557,3.915029366481932,True,short;not-round;elongated;defocus;mislink,reject
2551,77,11.284701943572578,0.1383635778385224,0.22934837589813928,0.3017462106682094,0.5789545794600193,1.0,0.3333333333333333,0.905363475177305,6,1130.2220458984375,864.07861328125,0.26090607,1,-1,,,1.5781796287300502,6.66825850573581,False,two-cores;not-round;elongated,reject
7455,57,12.483372341234979,0.03954571904497017,0.14687707304062303,0.24164459173042344,0.5391638157301171,1.0,0.2,0.8958333333333334,5,1567.0323486328125,1151.9425048828125,0.25926837,-1,-1,,,0.8484100221219765,2.627040242280379,False,short;not-round;elongated,reject
1816,181,13.265029922025745,0.10707412736918596,0.18361469306662498,0.27482671958543586,0.6200799630622591,1.0,0.07692307692307693,0.9166666666666666,13,1568.6090087890625,1164.6998291015625,0.25806093,-1,-1,,,0.7880192180953535,4.926845298345942,False,not-round;elongated,reject
2438,54,11.71619839428729,0.22363255075200983,0.2529036729329066,0.3977667092329258,0.600501023999573,1.5,0.5,0.8854166666666667,4,1167.3331909179688,775.2791442871094,0.25773735,1,-1,,,0.7472756930040196,6.155066251709979,True,short;two-cores;not-round;elongated;mislink,reject
4248,123,13.03079411393932,0.04204085790164175,0.1960981272539203,0.28151093113410336,0.5172159700686481,1.0,0.25,0.9166666666666666,8,674.6038818359375,127.16400146484376,0.2571132,-1,-1,,,1.030487657352226,7.724942632450898,False,not-round;elongated,reject
6660,54,14.234504705898535,0.044726833702682,0.2974474989760157,0.3077537807538969,0.6380121124637753,1.0,0.0,1.0,3,1615.0264282226562,1126.7614135742188,0.256733125,1,-1,,,1.6751709647971647,7.771406011049974,False,short;not-round;elongated,reject
322,64,11.827578918125525,0.07378225011113584,0.1486517308128433,0.25751159544961216,0.5651176595389569,1.0,0.0,0.8854166666666667,6,1147.2615356445312,797.3669738769531,0.25554975999999996,-1,-1,,,1.0752413768883777,7.152165087549747,False,not-round;elongated,reject
128,72,11.544885795725124,0.22925690228614312,0.25731866213815174,0.3045258919156634,0.573359768524971,1.0,0.0,0.9791666666666666,5,373.8611297607422,795.5650329589844,0.255020945,-1,-1,,,1.8647015189952179,7.794119946402133,False,not-round;elongated,reject
3141,63,12.205466436719387,0.04211976332456332,0.10402732361584928,0.2832692970760745,0.6328550309448802,1.0,0.0,0.8229166666666667,4,1575.0811767578125,1143.3311767578125,0.25490394,-1,-1,,,0.8604764048449004,4.114957983393818,False,not-round;elongated,reject
127,104,11.550891146981186,0.24467071724565997,0.36630236113592485,0.40354900023960155,0.786101051079892,1.0,0.125,1.0,8,432.62107849121094,246.65521240234375,0.25446855,1,-1,,,0.4974928987241599,1.4623546059193355,False,not-round;elongated,reject
5029,71,9.563586858112728,0.06644142535629118,0.28165978072949044,0.3431170596989759,0.5816847541971221,1.0,0.0,1.0,3,355.73028564453125,797.9910888671875,0.25278816,1,-1,,,1.1110070427114493,5.4417227536109065,False,not-round;elongated,reject
129,112,10.463740893079025,0.10850334757639175,0.24396629379426524,0.3524264962152225,0.6261426839973689,1.5,0.5,0.90625,8,1553.906494140625,1202.1022338867188,0.250566635,1,-1,,,0.9346766585782071,3.248207907776305,False,two-cores;not-round;elongated,reject
2719,55,12.078660460700458,0.07111271045748438,0.19957178629312283,0.2835145110378804,0.464280109217367,1.0,0.0,0.9270833333333333,4,225.4841461181641,457.8856201171875,0.2505081,1,-1,,,2.542722143755552,7.422425273836888,False,short;not-round;elongated,reject
6800,84,13.832629161167077,0.09143974827147869,0.1503594618196358,0.3034928244785798,0.2861259701315969,1.0,0.2,0.8958333333333334,5,1606.4580688476562,1151.9896850585938,0.249169795,-1,-1,,,0.8135140659424331,6.4733116775339425,False,not-round,reject
2295,258,15.044515333923632,0.04203054636419421,0.15943976526607773,0.2473969553294604,0.5170465465758446,1.0,0.11764705882352941,0.875,17,1144.860595703125,785.4860534667969,0.249142515,1,-1,,,1.3079318774027444,6.210246332715923,False,not-round;elongated,reject
1574,210,10.878032263282833,0.040367536983657776,0.22733644283451176,0.32373800637858335,0.4535702736396812,1.0,0.2,0.8958333333333334,15,456.0559844970703,257.7856903076172,0.24880802000000002,1,-1,,,1.4321543886287742,7.944552739077152,False,not-round;elongated,reject
3556,86,15.699785334595537,0.12857361680179757,0.246726134694271,0.34109956623597465,0.6006628924290442,1.0,0.16666666666666666,0.9791666666666666,6,1603.7571411132812,1145.3402709960938,0.248201415,-1,-1,,,0.9132210646620661,6.99435011309784,False,not-round;elongated,reject
5610,125,17.42655628371471,0.38670837004268727,0.17976788282906964,0.2889972841864133,0.6122798812615889,1.0,0.3,0.8854166666666666,10,1148.030517578125,764.213134765625,0.24712558,-1,-1,,,1.4684585817325548,6.5835570784220305,False,not-round;elongated;defocus,reject
1890,72,16.509261186052488,0.03682993731692995,0.24692984750520378,0.27185318064322606,0.4332150230061843,1.0,0.16666666666666666,0.9895833333333333,6,1596.0066528320312,1143.0201416015625,0.246453165,-1,-1,,,1.0754130809721822,2.9856807149438294,False,not-round,reject
3115,162,10.942223666668966,0.06367861507192853,0.2508563229708067,0.34627510410952556,0.6331770445322475,1.0,0.0,0.9479166666666667,12,1190.900390625,816.974853515625,0.245456615,1,-1,,,1.0103436311587553,7.130145750852054,False,not-round;elongated,reject
4629,90,13.510704473692538,0.17249542780500046,0.17096023212756267,0.28321781412732505,0.46572608637075,1.0,0.0,0.9166666666666666,5,1139.135986328125,855.2357177734375,0.24460386,1,-1,,,1.5010602388758731,7.668896731425943,False,not-round;elongated,reject
6647,100,11.653207162926906,0.10007730180226584,0.23531564918863382,0.3215187305528252,0.3704287384695303,1.0,0.0,0.9583333333333334,7,430.02374267578125,264.6792297363281,0.2440255,1,-1,,,1.358350947979789,4.121408498732398,False,not-round,reject
6288,102,12.143714312513909,0.09044735580766403,0.14536836224135494,0.22691210853891824,0.35061960881280013,1.0,0.14285714285714285,0.875,7,1134.7225952148438,831.9734802246094,0.241919365,1,-1,,,0.9497814296618212,6.360680681740874,False,not-round,reject
5441,60,14.940851663612076,0.07464132225584996,0.32211574320213276,0.3626246510190287,0.6350295034972346,1.0,0.16666666666666666,1.0,6,1307.0390625,342.31834411621094,0.241849295,1,-1,,,1.689925509113033,6.757357856920675,False,not-round;elongated,reject
124,149,10.902705386862351,0.10199328245650786,0.24897867091622278,0.30225407347421596,0.49133848121891954,1.0,0.0,0.9166666666666666,13,459.8109130859375,222.03836059570312,0.24168418,1,-1,,,1.2456261616748279,4.897850743019613,False,not-round;elongated,reject
131,186,17.895572467067446,0.07155596568108892,0.25438661515519057,0.3115855348864065,0.6181998122307966,1.0,0.07142857142857142,0.9055851063829787,14,1596.8859252929688,1113.7843017578125,0.240860105,1,-1,,,1.0184341800951913,5.0705270588875315,False,not-round;elongated,reject
4571,77,11.542999840468843,0.021426543426899706,0.22748572396689504,0.3420234123731049,0.35806718845539875,1.0,0.0,0.8854166666666667,4,1184.314697265625,791.4971923828125,0.23939414,1,-1,,,1.0147489708499828,4.235041034390586,False,not-round,reject
5362,58,12.221040302934675,0.04555420355143192,0.21354543754941344,0.29309350814844337,0.4458059788119121,1.0,0.2,0.9791666666666666,5,1124.0836791992188,977.7260437011719,0.23835700999999998,1,-1,,,0.7230736851376633,1.9160091624116935,False,short;not-round,reject
6047,58,10.602838028096635,0.1150730878728077,0.2571507248981496,0.327260184310619,0.6731995575655095,1.0,0.2,0.9166666666666666,5,1558.2164306640625,1176.7670288085938,0.23804693999999998,1,-1,,,1.427529373529655,7.491775509571957,False,short;not-round;elongated,reject
1182,96,20.00836273898734,0.07837681332889783,0.20609401828473684,0.27239590022615245,0.44618930055570255,1.0,0.125,0.96875,8,1616.0887451171875,1130.1310424804688,0.23792811,-1,-1,,,1.9224701347084407,7.887460038591825,False,not-round,reject
7388,56,18.46224404786627,0.29014613234872194,0.2546814928754526,0.2693362567630903,0.6225054768267289,2.0,0.6,1.0,5,1144.4404907226562,763.6669006347656,0.23466631500000001,-1,-1,,,1.1839395085491868,7.973558416504404,False,short;two-cores;not-round;elongated;defocus,reject
7211,55,10.468008315118471,0.08787547313693898,0.24886176867339332,0.3066986631796379,0.5213129600927333,1.0,0.0,0.9583333333333333,4,1178.6080322265625,802.371826171875,0.2346154,1,-1,,,0.8799997478962324,2.339537819521684,False,short;not-round;elongated,reject
1234,61,14.496739237762908,0.08671185419135785,0.1772959305652131,0.33713815874224856,0.5504781341558017,1.0,0.0,0.7916666666666666,3,1604.8682861328125,1190.1024169921875,0.23453595,-1,-1,,,0.8275696756666788,6.1833446272370844,False,not-round;elongated,reject
7237,54,14.345593520962252,0.14797924531612597,0.20633413125320987,0.2926340049807488,0.5293110570150904,1.0,0.0,0.9270833333333333,4,1578.0864868164062,1134.7146606445312,0.232572895,-1,-1,,,1.0587452336140164,2.728964225083965,False,short;not-round;elongated,reject
6639,92,15.315243230840116,0.05347536802659311,0.19010474456693455,0.2474957721049397,0.5720556577741565,1.0,0.0,0.9166666666666666,5,356.48426818847656,773.6600952148438,0.230622,-1,-1,,,1.0060010454827308,4.339342371677628,False,not-round;elongated,reject
6772,50,18.160504898217006,0.3543188440413197,0.1859253620065846,0.25525098125463885,0.5986373066356729,1.0,0.25,0.90625,4,1143.7300415039062,767.1812744140625,0.22932016,-1,-1,,,1.2326464635965035,5.636822602722376,False,short;not-round;elongated;defocus,reject
4643,61,14.566370482440693,0.0729638343836827,0.24278998025626547,0.2559145033296477,0.5331586973725929,1.0,0.2,0.9791666666666666,5,1176.93505859375,809.8023681640625,0.22424845,-1,-1,,,1.1010223097200897,7.460909466182134,False,not-round;elongated,reject
1255,60,14.79595410259607,0.11014787343688612,0.28110315715524437,0.367370949276304,0.6398868492706419,1.5,0.5,0.96875,4,1559.8642578125,1172.2056884765625,0.223721105,-1,-1,,,0.8698302259609,4.827819253694833,False,two-cores;not-round;elongated,reject
113,59,13.591090594597977,0.15189020019044833,0.30391773626810514,0.33199865422873154,0.6884751498114624,1.0,0.4,1.0,5,1594.0394287109375,1204.624755859375,0.21968418,-1,-1,,,0.7595262009154853,3.598704158309928,False,short;two-cores;not-round;elongated,reject
824,74,15.734973129981583,0.0400725758460067,0.21188759877877708,0.2496022657912403,0.574745478109399,1.0,0.3333333333333333,0.9479166666666667,6,351.400634765625,812.4714050292969,0.21820324000000002,-1,112,0.0740966697287271,0.7856294434037179,1.1380704554708778,3.1395625991121867,False,rigid-doublet;two-cores;not-round;elongated,reject
6482,89,9.450962613941112,0.027423543955866492,0.1946454221434158,0.2452217718773857,0.46744862891788164,1.0,0.0,0.9270833333333333,8,1567.7705078125,1173.87890625,0.21633506,-1,-1,,,0.7010640077239976,3.371575263263116,False,not-round;elongated,reject
613,76,14.157902912267073,0.054195971330982896,0.12370399102771501,0.23965326908527862,0.5859331309137508,1.0,0.0,0.8936170212765957,5,1614.759765625,1186.7384033203125,0.21274547500000002,-1,-1,,,0.8857959816684664,7.5497160012197115,True,not-round;elongated;mislink,reject
162,69,15.634827413627319,0.01664498731124386,0.1895093579363975,0.2767913810331968,0.5604389237211028,1.0,0.0,0.9166666666666666,4,347.2685546875,832.3182373046875,0.21065688,-1,112,0.08099936784554408,0.7439589755723616,0.8869815872978818,3.236702246308304,False,rigid-doublet;not-round;elongated,reject
0,1135,16.789547446841052,0.003601896157852225,0.004092334504369539,0.026185774497374643,0.13714793759791813,1.0,0.0,0.8125,80,586.8820190429688,654.7901611328125,234.62779,1,-1,,,0.7186480727879786,2.421163780925526,False,,single
3,1135,11.545473054866886,0.0073354013930204244,0.00854606924340662,0.010430725106425329,0.1329940350565506,1.0,0.0,0.9583333333333334,80,937.678955078125,375.1204833984375,87.96573,1,-1,,,1.0070024158045028,3.1328802073578412,False,,single
4,1135,11.32681626523021,0.026728884977278967,0.012441177956928902,0.013351436448049826,0.17176831332248138,1.0,0.0,1.0,80,1314.261962890625,1007.5088500976562,72.89289,1,-1,,,1.0816092797732675,3.5349624044530263,False,,single
5,1135,11.136030299525142,0.011621286677098266,0.010236071910647064,0.014326979618423278,0.1716528527792832,1.0,0.0,0.9375,80,1100.912841796875,140.8267059326172,70.978455,1,-1,,,1.0666141506008606,3.564239141055874,False,,single
8,1135,10.472602740645446,0.11290219435024593,0.01693716376989881,0.018058408675564533,0.20295967038284912,1.0,0.0625,0.9791666666666666,80,1403.81640625,105.02139282226562,48.465153,1,-1,,,1.1287288800768545,4.4314693390151465,False,,single
9,1135,10.27617903557934,0.16403975858002154,0.019766844236457824,0.019942722315983367,0.22065913595048448,1.0,0.1375,1.0,80,1345.9696044921875,520.024169921875,41.211628,1,-1,,,1.2558636171041186,5.140280590741895,False,,single
6,1135,13.660934174432796,0.008124918903468224,0.015369082617982635,0.03051930773530492,0.17433187406107792,1.0,0.0,0.8333333333333334,80,1119.4254150390625,986.3809814453124,39.90649,1,-1,,,0.8633240053750193,3.074288259136055,False,,single
7,1135,14.11302279599248,0.013066763200327942,0.01104531753375777,0.050149221066197354,0.24646127502440504,1.0,0.075,0.78125,80,231.63450622558597,270.1038513183594,36.88353,1,-1,,,0.8445345955649616,2.8061822865078137,False,,single
12,1135,13.688983622269546,0.013465006876597095,0.06413065839298426,0.06422976197479376,0.40239443730895597,1.0,0.0,1.0,80,1271.27197265625,293.85302734375,36.05203,1,-1,,,0.8971123897407234,3.2065645680136483,False,,single
10,1135,11.645541227652858,0.010043304247813183,0.009173976404632526,0.05236141587332303,0.24239769499366415,1.0,0.0125,0.7291666666666666,80,427.0625915527344,254.7540435791016,34.853466,1,-1,,,0.9418093850976198,3.1237050867898932,False,,single
14,1132,11.827813404618649,0.03382231065179693,0.022708114116368895,0.0632164250471183,0.2433562088304479,1.0,0.025,0.875,80,163.48049926757812,710.2051696777344,24.782339999999998,1,-1,,,0.8657087887887196,6.08235665901747,False,,single
11,1135,9.27095156793304,0.13306597464486808,0.015519695141205162,0.03480992493744533,0.24512352891650796,1.0,0.05,0.875,80,897.2122192382812,417.9565734863281,24.394594,1,-1,,,1.2837084234278477,4.100498502943462,False,,single
13,914,10.609565904182757,0.043402240902496086,0.026474930444995454,0.028011920813022673,0.25069120385498966,1.0,0.0,1.0,64,1325.9678344726562,1177.9924926757812,21.8799095,1,-1,,,1.2785946696523733,4.154205941703975,False,,single
23,130,8.616635878741548,0.10257213907789349,0.04485028009951038,0.04488415076095317,0.33936197921954725,1.0,0.0,1.0,10,11.121461868286135,1144.902587890625,7.7249865,1,-1,,,1.2210392271645154,4.2342615846315255,False,,single
26,1135,8.512130719048816,0.17365517900872163,0.028974321994131018,0.09210875220403322,0.3555369289132496,1.0,0.05,0.8958333333333334,80,1298.6278076171875,1115.1192626953125,7.354667,1,-1,,,1.484710802736862,5.077113223248178,False,,single
5198,381,15.40089400025022,0.008908834238027376,0.028320456666708304,0.09090465164601333,0.3212719830093155,1.0,0.0,0.7916666666666666,27,1150.270263671875,832.5863647460938,6.946017,1,-1,,,0.5751718278900956,4.0692631715219605,False,,single
29,1090,8.535599058582939,0.16618398941491272,0.03642197392063044,0.04179379064860909,0.298343164558755,1.0,0.11842105263157894,0.9791666666666666,76,672.9072265625,709.3218078613281,6.2389085,1,-1,,,1.714298285278245,6.708371580309315,False,,single
25,291,7.35806465748466,0.15539543913078677,0.03327455245682802,0.03477160951305812,0.2875178640342953,1.0,0.047619047619047616,1.0,21,752.3300170898438,203.9327392578125,6.0120215,1,-1,,,1.661861773444596,4.241149189548076,False,,single
21,1135,8.094925847579642,0.14583269391139414,0.03663537565448355,0.036653827240454254,0.2928273698195626,1.0,0.05,1.0,80,223.34780883789065,171.95176696777344,5.768169,1,-1,,,1.3906632628521487,4.755884564321263,False,,single
41,842,8.36735280359639,0.07512131719531437,0.0718040835260458,0.07194325590008191,0.4230900861054924,1.0,0.0,1.0,59,172.61457061767578,323.54808044433594,4.88329115,1,-1,,,1.4713801818224315,5.587374683563538,False,,single
5779,294,7.217345976854537,0.22413904396782222,0.030257404213930916,0.030267796637298963,0.25482047642471206,1.0,0.14285714285714285,1.0,21,159.3705596923828,382.0034942626953,3.98120095,1,-1,,,1.602392843984196,4.993204301430108,False,,single
38,1135,8.692147906756052,0.21271184950085015,0.04800226248041269,0.08519576714770462,0.37329221167157356,1.0,0.15,0.8854166666666667,80,311.9546813964844,713.7736206054688,3.4555283,1,-1,,,1.6353457338649218,6.017514108226319,False,,single
6570,100,9.149608905223943,0.13851144931308265,0.04552297174974743,0.0822005595214715,0.29793077898299636,1.0,0.2857142857142857,0.8958333333333334,7,965.6201171875,980.1722412109375,3.0689093,1,-1,,,1.4265855282133946,3.836457085359288,False,,single
6527,181,12.781637991381928,0.03271623051334743,0.05880658448966633,0.08846965113083234,0.2357440396590654,1.0,0.0,0.9375,11,1316.344970703125,33.054195404052734,0.6570281,1,-1,,,1.914593386089893,4.449062457148905,False,,single
