particle,n_frames,R_px_med,R_cv,resid_med,ring_cv_med,ecc_med,n_cores_med,frac_multicore,inlier_med,n_shape,x_med,y_med,sym_med,polarity,rigid_partner,rigid_sep_cv,rigid_corr,med_step,max_step,mislink,reason,proposed
0,1897,13.058316196304453,0.04233789350356078,0.006725452952573617,0.05226944090744229,0.2227120988539842,1.0,0.05,0.7291666666666666,80,1348.259033203125,524.9113159179688,120.259315,1,7062,0.058478409864075494,0.7059735945929715,0.9431027322924223,3.6700910035172187,False,rigid-doublet,reject
19,1462,11.154887171992339,0.09695547115078634,0.00827541031112524,0.12260273402973113,0.22787435473584605,1.0,0.06557377049180328,0.7291666666666666,61,919.8876037597656,890.8831176757812,49.1904215,1,-1,,,1.0512637654501955,8.394640780322693,False,not-round,reject
8373,438,11.130986495317059,0.029540149521797215,0.007582503805504062,0.12460633105315196,0.20380950926669547,1.0,0.10526315789473684,0.7083333333333334,19,900.9548645019531,880.3944091796875,49.002407000000005,1,-1,,,1.0137775060054535,3.754390287310285,False,not-round,reject
14,1897,10.076143932426922,0.15709631743568006,0.00979418925971906,0.06840240167382922,0.26015740673420507,1.0,0.1375,0.8125,80,1341.8642578125,770.972412109375,44.19217,1,2413,0.05894241958997506,0.7366204172823413,1.227022709306137,4.306844076337749,False,rigid-doublet,reject
24,1897,14.717212438848268,0.03458109388595548,0.021283030643590075,0.1514743580087395,0.2999665398054382,1.0,0.075,0.6875,80,1490.9783935546875,460.0042419433594,38.406002,1,7087,0.02409612934676058,0.7269984469109402,0.7331015307551917,3.320714158419369,False,rigid-doublet;not-round,reject
8041,488,10.408491759102995,0.1524222705321699,0.03288301199690074,0.11534273601840493,0.33067288842345055,1.0,0.09523809523809523,0.8333333333333334,21,1532.7730712890625,179.6428451538086,37.6325,1,-1,,,1.183249122638049,5.168797492517042,False,not-round,reject
20,1897,8.855508574873724,0.2755396192568073,0.0165757707898832,0.01669241649887234,0.20088010732698292,1.0,0.3375,0.9166666666666666,80,356.2626037597656,190.9224853515625,35.241207,1,-1,,,1.4272707086088552,5.650755492540328,False,defocus,reject
346,1856,16.676403351686304,0.044225919946484976,0.029690763765895946,0.22135725827616948,0.3690055023372919,1.0,0.2948717948717949,0.75,78,176.82157135009766,717.1639099121094,34.676666499999996,1,-1,,,0.7991717206833723,3.777329105104209,False,not-round,reject
405,1369,10.012413469955533,0.161577320700774,0.019850701767575925,0.1043108994268244,0.3080438786831864,1.0,0.15517241379310345,0.8125,58,1524.9107666015625,130.3669891357422,32.73987,1,-1,,,1.1001628599554711,6.255077408541185,False,not-round,reject
22,1897,15.878598356992178,0.04276759771556785,0.0808533252507683,0.14035299282729208,0.3847807448514372,1.0,0.4,0.9375,80,1497.17529296875,457.0692443847656,27.527452,1,24,0.06298619527852328,0.8359463492523912,0.845811185300798,6.106992835799639,False,rigid-doublet;two-cores;not-round,reject
4795,98,14.796983352986835,0.08558003428571066,0.08902518614080951,0.10477645594322135,0.29493073723535385,1.0,0.4,0.9767441860465116,5,1035.0308837890625,10.395716667175293,23.274316,-1,-1,,,1.9199949450683735,5.5672273916274335,False,two-cores;not-round,reject
8240,291,12.829034062156243,0.26254225480287874,0.05438801198913602,0.08016074539165056,0.304137516136175,1.5,0.5,0.90625,12,1602.945556640625,615.7747802734375,20.710312,-1,-1,,,1.898561760474227,5.143657526908045,False,two-cores;defocus,reject
4813,799,9.301596377740843,0.03230867421148218,0.03140113314572452,0.1253282421899808,0.3285665728962461,1.0,0.0,0.7708333333333334,32,1217.0008544921875,308.8628845214844,20.453657,1,-1,,,1.1074434643966937,4.315827772115595,False,not-round,reject
8981,82,12.92501897312161,0.2818505841509117,0.061576544822362675,0.061664258440264144,0.34872399778860536,2.0,0.6666666666666666,0.9583333333333334,3,1013.6522521972656,1211.6464233398438,20.0244,-1,-1,,,1.5476941830663515,3.9153642392180257,False,defocus,reject
7926,59,12.159560701484535,0.02805450493187711,0.054928793461405036,0.0701882531819497,0.29889801445422526,2.0,1.0,1.0,3,1621.1148681640625,622.9454956054688,19.798723,-1,-1,,,1.774777130202028,4.866952177469815,False,short,reject
29,1897,12.753632216210736,0.33258530393049485,0.04142127268959432,0.0597634201194462,0.2778385551197201,1.0,0.4125,0.9270833333333333,80,1266.7740478515625,561.090576171875,19.119368,-1,-1,,,1.7296450722119503,6.051774027807911,False,defocus,reject
7092,66,13.518559569005538,0.08447684542275706,0.08078951081643655,0.1344628484644776,0.46801395343921864,1.0,0.3333333333333333,1.0,3,1622.4761962890625,611.1554565429688,18.570218500000003,-1,-1,,,2.04132866634992,4.906133006456472,False,two-cores;not-round;elongated,reject
357,1856,7.801560072697658,0.2940659776021909,0.01705898113169597,0.01909413804198512,0.20763484923537376,1.0,0.1282051282051282,0.9791666666666666,78,595.5315856933594,873.885986328125,18.412831,1,-1,,,1.5319206776398722,6.066505883277436,False,defocus,reject
5545,172,15.827484584797235,0.09577353331479964,0.0819265548032485,0.11005122519855226,0.3269658515686242,1.0,0.2857142857142857,0.9583333333333334,7,1614.9894409179688,587.1817016601562,18.105235999999998,-1,-1,,,2.0225776394023027,4.848367681870371,False,not-round,reject
602,754,9.187011456474629,0.19662293908261227,0.03282461582961676,0.14051113785191646,0.35583711249730987,1.0,0.1724137931034483,0.7916666666666666,29,1216.2893676757812,298.44056701660156,17.894124,1,-1,,,1.2177674181769194,5.826189943811332,False,not-round,reject
1183,1458,9.436127744308482,0.13214673699294605,0.03366381147172433,0.1404579336308383,0.3326096908878431,1.0,0.13114754098360656,0.8125,61,1216.9501342773438,292.7799987792969,17.762392,1,-1,,,1.1528539297936449,3.853927137904822,False,not-round,reject
17,98,8.960392716793441,0.05456524119268481,0.059955935225483196,0.14801415149427957,0.4433535555337656,1.0,0.0,0.8541666666666666,5,957.1280517578125,1213.17578125,17.654823,1,-1,,,1.5631259065745315,4.581226252248623,False,not-round,reject
18,1851,10.053973051271004,0.1442042313199916,0.07184302422070973,0.16479487616773572,0.413018581875512,1.0,0.10256410256410256,0.8958333333333334,78,1487.052490234375,475.9251098632813,17.363651,1,7087,0.08210098749152592,0.8469582964066199,0.9589536075577108,5.869076519408129,False,rigid-doublet;not-round,reject
9532,243,9.21315991802711,0.1582776961079715,0.012744709644245327,0.16188123785965555,0.3485379535890893,1.0,0.09090909090909091,0.6666666666666666,11,1231.3326416015625,277.8324279785156,16.017448,1,-1,,,1.2427824260935618,4.175976700521228,False,not-round,reject
5792,881,12.391467280854455,0.3556924280968133,0.04618334157119218,0.054769974606110314,0.2957743236295453,1.0,0.4,0.9791666666666666,35,1006.2243041992188,24.08405876159668,15.668355,-1,-1,,,1.8156951466514801,7.1970239444193895,False,defocus,reject
3275,1092,10.040114386026277,0.20953262863029884,0.03352916434780215,0.12274640575155037,0.3690362123558428,1.0,0.044444444444444446,0.7708333333333334,45,272.19886779785156,179.83648681640625,15.425186499999999,1,-1,,,1.1670477644428134,4.98824405917685,False,not-round,reject
8397,354,9.001595685653616,0.02067636474205258,0.017607592375961174,0.1976731898684118,0.2551994053288373,1.0,0.0,0.7291666666666666,15,891.5675354003906,878.0943603515625,15.0659715,1,-1,,,1.1417183989411526,3.2202156037972904,False,not-round,reject
30,542,10.86192273287844,0.2250539439662482,0.05994819343203669,0.16730400419682243,0.4072697024659768,1.0,0.2608695652173913,0.8125,23,249.42967987060547,221.08636474609375,13.9529415,-1,-1,,,1.217138598943887,6.344267361790871,False,not-round,reject
9543,242,13.979460314473602,0.19674550783110703,0.094961900904577,0.2068177859637774,0.4251045222202557,2.0,0.5454545454545454,0.8541666666666666,11,260.83567810058594,167.71754455566406,13.2502205,-1,-1,,,1.1580744395593139,3.808482412337012,False,two-cores;not-round,reject
686,1003,8.891792739787789,0.12754104323738502,0.01757716602207127,0.19375409708849367,0.2627683646986767,1.0,0.047619047619047616,0.7083333333333334,42,922.553466796875,894.14208984375,12.196922,1,-1,,,1.133950898533616,3.9083467549588877,False,not-round,reject
8261,72,9.11705119032881,0.0878707856148711,0.07904827384898669,0.1543285576666614,0.4792592089028484,1.0,0.0,0.875,3,1020.6215209960938,1215.792724609375,12.019613,1,-1,,,1.194924425400366,3.7483942951490814,False,not-round;elongated,reject
9683,172,9.093368684648384,0.1796342418926155,0.024176088398347825,0.16584164272173096,0.3314450331285911,1.0,0.25,0.7395833333333333,8,1230.7844848632812,271.2274475097656,11.566609,1,-1,,,1.2760849507815106,3.8013702297164222,False,not-round,reject
6601,299,8.892005289997456,0.15849271701860074,0.020948147002469504,0.19609281775982212,0.2852961478017662,1.0,0.0,0.7708333333333334,12,918.9067993164062,894.9647216796875,11.546509,1,-1,,,1.0932236106349933,3.7497585945439633,False,not-round,reject
27,1893,7.560169394303237,0.3128390332000867,0.029639278364699154,0.0320520992254226,0.25618816408715767,1.0,0.3037974683544304,0.9791666666666666,79,892.593994140625,694.7605590820312,11.320365,1,-1,,,1.7125344578857806,5.772261677033933,False,defocus,reject
1470,801,11.70237272877491,0.36566129236903677,0.06568713867841129,0.14773002847969408,0.4273506986052732,1.0,0.18181818181818182,0.875,33,1382.738525390625,710.43994140625,11.180924,1,-1,,,1.4030476469617694,6.17295349627527,False,not-round;defocus,reject
25,1892,12.45445933773782,0.3026539634306124,0.053595112390341385,0.16675735865871283,0.4016088554931671,1.0,0.325,0.7916666666666666,80,483.4388732910156,1082.045654296875,11.0153945,-1,-1,,,1.4383787509351729,5.134686023774279,False,two-cores;not-round;defocus,reject
303,1543,8.025763589023347,0.2118996223281442,0.017917535715566514,0.12720030419424638,0.33004914347647796,1.0,0.171875,0.7916666666666666,64,682.474609375,1109.291015625,10.6975565,1,-1,,,1.5703266893752725,5.4968922994407095,False,not-round,reject
39,270,9.024991018707736,0.09062421535792611,0.06740755660965252,0.15557770638096072,0.5004127594103002,1.0,0.0,0.8854166666666667,12,1386.4976196289062,706.8696594238281,10.562576499999999,1,-1,,,1.3046446107380418,6.88354991649508,False,not-round;elongated,reject
10650,74,8.926566110751324,0.009648227283990585,0.018217049767387073,0.1990169622619838,0.2758897905802533,1.0,0.0,0.6979166666666667,4,911.3687744140625,882.3448791503906,10.200641000000001,1,-1,,,1.0423566343734811,2.9031955565161986,False,not-round,reject
4151,77,6.45295018829193,0.3218934198644226,0.020338774223119985,0.020341929893884746,0.2209925343058616,1.0,0.3333333333333333,1.0,3,134.7730255126953,1057.6494140625,10.148757,-1,-1,,,1.8919317160796298,5.406098348927811,False,defocus,reject
9940,176,9.321481960046178,0.22173960282303878,0.05765330599791087,0.12724131413858647,0.3918633287290605,1.0,0.125,0.9270833333333333,8,1534.4525756835938,198.86650848388672,10.106814,1,-1,,,1.2129160406359092,3.591079743035262,False,not-round,reject
4537,1096,10.650453561272439,0.2652604880427802,0.047145316338236536,0.07077283384394542,0.2972310948672835,1.0,0.32608695652173914,0.9583333333333334,46,867.9753112792969,933.2105407714844,9.65258975,-1,-1,,,2.0154672764482426,6.8729951620976655,False,defocus,reject
2024,959,10.842589002679015,0.32372404955623435,0.0448574403007584,0.06811593796067675,0.25293493046516097,1.0,0.1794871794871795,0.9375,39,944.0281372070312,1124.1171875,9.582887,-1,-1,,,1.9030730934526132,6.384546058863893,False,defocus,reject
7386,602,10.638800924055856,0.2639817199150428,0.03147850801353106,0.06317186517065547,0.24160787660886876,1.0,0.11538461538461539,0.9270833333333333,26,948.3974609375,1097.8756103515625,9.305985,-1,-1,,,2.0303757721935596,6.365993730701973,False,defocus,reject
10158,116,14.959567471440328,0.12931727937008455,0.0942253702029608,0.1743491098176194,0.23925416242082562,2.0,0.6,0.9166666666666666,5,1421.900146484375,703.7633666992188,9.0450985,-1,-1,,,1.7505026778181576,4.72896737009251,False,two-cores;not-round,reject
1432,840,8.952030742403709,0.18721775505544136,0.08751451263095666,0.20308718095954087,0.42352039646613543,1.0,0.02857142857142857,0.8958333333333334,35,1313.2902221679688,445.73570251464844,8.876909999999999,1,-1,,,1.0733119845169274,3.8652204077905767,False,not-round,reject
2513,1461,10.614825597955912,0.2961981136549448,0.05048043886407466,0.07305047183266,0.30396720986180426,1.0,0.16666666666666666,0.9479166666666667,60,1499.5137939453125,1066.02783203125,8.748487,-1,-1,,,2.035096573146344,6.663763128143645,False,defocus,reject
31,189,9.073739201113815,0.2366733870508298,0.11159670671661523,0.222464302669561,0.49210582885892973,1.0,0.2222222222222222,0.9375,9,1330.2796630859375,451.3919067382813,8.445732,1,-1,,,1.1777061769366055,4.441406346143287,False,not-round;elongated,reject
34,338,10.567469784368363,0.25566958641717197,0.03764366312482214,0.05900394368276819,0.3030626772267744,1.0,0.3333333333333333,0.9375,15,992.1607360839844,1172.349609375,8.4262905,1,-1,,,1.924020377378225,5.757188211426151,False,defocus,reject
33,860,11.788707054165108,0.4230080655911745,0.047289988419709564,0.0592897908499975,0.33307739891060206,1.0,0.16666666666666666,1.0,36,125.65340042114258,953.46533203125,8.378381749999999,-1,-1,,,1.7755205647636456,6.386750275219827,False,defocus,reject
451,71,12.47358840069077,0.3209547923065274,0.05042093877371108,0.08914545434321562,0.35690230462817196,2.0,0.6666666666666666,0.8958333333333334,3,1257.8558349609375,415.979248046875,8.362794,-1,-1,,,1.65795599429295,5.497880857804388,False,two-cores;defocus,reject
8903,347,8.571964926804847,0.03618416598264099,0.029192537562704395,0.034458206743604634,0.26664818166945625,1.0,0.0,1.0,15,178.76980590820312,1211.7774658203125,8.316083,1,9882,0.07012953304725794,0.704696783008309,0.6560301945681429,2.679156469093022,False,rigid-doublet,reject
6146,648,9.116206485893727,0.13821055817175976,0.07386094523556369,0.19074448052051168,0.42619518975002724,1.0,0.0,0.8541666666666666,27,1323.0354614257812,452.80857849121094,8.19512125,1,-1,,,0.9965440083753205,4.740032742890791,False,not-round,reject
5925,97,18.110670948482618,0.059756184356420036,0.11395549583477307,0.26321122339670355,0.5110714223717231,1.0,0.25,0.875,4,1384.4759521484375,724.0300903320312,8.122685,-1,-1,,,1.4954578620210004,7.028695832037331,False,not-round;elongated,reject
21,435,8.961448052920428,0.28736880881881544,0.0561386952054678,0.06076814099219469,0.32434039290049377,1.0,0.0,1.0,19,1542.166015625,1132.9656982421875,8.011332,-1,-1,,,2.0755939101132714,6.119370118060424,False,defocus,reject
3600,394,9.398463954411197,0.23071611720542548,0.06860461143091262,0.1637663588009245,0.3957773916504611,1.0,0.17647058823529413,0.8958333333333334,17,1523.3270874023438,140.25843048095703,7.996957,1,-1,,,1.1699203380200416,7.089010399600679,False,not-round,reject
271,656,12.002881509338847,0.26014307345597093,0.09143458484550358,0.23028951167558123,0.4546633954343666,1.0,0.2222222222222222,0.8333333333333334,27,257.26239013671875,227.9921417236328,7.747250299999999,-1,-1,,,1.3646593674280931,5.919057603888675,False,not-round;elongated;defocus,reject
4891,189,12.832722649374938,0.19711647461776494,0.10995465591033463,0.18655160197537562,0.40723455162842936,1.5,0.5,0.9791666666666666,8,1614.978271484375,165.30926513671875,7.648256,-1,-1,,,1.7702737046956578,5.564916089557545,False,two-cores;not-round,reject
8738,370,6.7406683217713255,0.28613207553856346,0.0273240479617687,0.02733170942426155,0.2574614972631276,1.0,0.1875,1.0,16,181.44234466552732,1060.9999389648438,7.62935565,1,-1,,,1.7731265814973394,6.133051285833057,False,defocus,reject
6405,645,17.253987457601042,0.16143313333275794,0.07864531477026404,0.2426441851363958,0.43776481597413863,1.0,0.038461538461538464,0.8125,26,1398.3023681640625,720.8314819335938,7.5412064,-1,-1,,,1.5812341154210077,5.181118581915761,False,not-round,reject
5885,470,7.633443643845557,0.256444567135744,0.03291399993299033,0.03834152876115007,0.28708435011504263,1.0,0.15,1.0,20,153.82537078857422,1046.760986328125,7.4209118,1,-1,,,1.7570827750550113,5.914481328071304,False,defocus,reject
3197,144,10.874631415585858,0.020564225853814913,0.09596337161293642,0.1819009868064724,0.4011437134906671,1.0,0.0,0.8493055555555555,6,202.37370300292966,1214.0050659179688,7.10758635,1,-1,,,0.7833807783793912,1.9946555538130397,False,not-round,reject
6000,433,17.629372899687322,0.22309059166418332,0.06540831251786834,0.22865932434865152,0.37405893193314427,1.0,0.05555555555555555,0.8333333333333334,18,85.2171859741211,968.37255859375,6.5196567,-1,-1,,,1.9241541316264712,7.326133079825414,False,not-round,reject
3553,1282,8.996022593765296,0.26661135269402636,0.05070799904432964,0.22581247437838675,0.39690193201857227,1.0,0.1111111111111111,0.7916666666666666,54,189.3116226196289,707.8267517089844,6.3453715,1,-1,,,0.9720564297090272,5.503741983884429,False,not-round;defocus,reject
5035,761,8.968960577667502,0.11397440463737872,0.04471088924418165,0.1400984746505345,0.37660046448583323,1.0,0.03125,0.7916666666666666,32,281.1038818359375,169.6372833251953,6.1526675,1,-1,,,1.1487605531681206,6.377029094637835,False,not-round,reject
4640,76,11.93989832445958,0.23348042643954428,0.05001858569038323,0.21311514901036083,0.5103530544527656,1.0,0.25,0.7444444444444445,4,1616.8298950195312,177.5224151611328,6.085784,-1,-1,,,1.9268341495951953,5.43394325733242,False,not-round;elongated,reject
41,90,8.997715326714614,0.15994331621471378,0.05791804721353322,0.15428639404552857,0.39835625394427354,1.0,0.0,0.84375,4,165.07324981689453,712.1229858398438,6.05876965,1,-1,,,1.0329873211274565,6.022598386349365,False,not-round,reject
40,52,12.298097567440886,0.018615932216567137,0.07189980943703962,0.08838945753247225,0.40391080754754394,2.0,0.6666666666666666,0.9166666666666666,3,1264.3419799804688,429.54400634765625,5.9285928000000006,-1,-1,,,1.607559681318491,4.379330316035088,False,short;two-cores,reject
9581,188,12.203165788189692,0.13831831789172652,0.13243169569896093,0.26058799446216363,0.47016902545571837,1.0,0.375,0.8645833333333334,8,274.46116638183594,166.28429412841797,5.85717395,-1,-1,,,1.3599824352969438,6.320181264479258,False,two-cores;not-round;elongated,reject
8459,419,14.159150300681885,0.3495152642464329,0.06461467654577313,0.1324979930360199,0.38839437028861956,1.0,0.16666666666666666,0.8645833333333333,18,996.075439453125,297.70556640625,5.770741,-1,-1,,,1.9163532799432268,6.218402089937307,False,not-round;defocus,reject
5276,504,9.63064480720202,0.21928460145593454,0.10896080687844799,0.2105766728971294,0.5219365142285217,1.0,0.0,0.8958333333333334,20,188.39037322998047,1211.3041381835938,5.73591525,1,4930,0.015295019241412557,0.7279099804761432,0.7909864437634806,7.681947529311729,True,rigid-doublet;not-round;elongated;mislink,reject
1835,191,9.545271602797175,0.03059916093444345,0.055994312496518206,0.15172836148711605,0.24405523564924303,1.0,0.0,0.84375,8,1519.93896484375,121.87715911865234,5.723437,1,-1,,,1.1942624998417632,3.5359365539424323,False,not-round,reject
2346,125,7.7654077116357,0.08121019857410222,0.024089307813107474,0.14857405393316025,0.2841929450674624,1.0,0.0,0.7291666666666666,6,1606.1866455078125,184.0904693603516,5.6452107,1,-1,,,1.4286617230101126,5.145884044530243,False,not-round,reject
3095,222,6.942226643559277,0.24117344844499317,0.027957105324236547,0.18830199698912944,0.4452810278912082,1.0,0.0,0.875,9,1593.9810791015625,178.10002899169922,5.5800614,1,-1,,,1.6696145931739805,4.394302071661861,False,not-round,reject
6910,162,9.16600864032196,0.14746447976634872,0.03968920185148379,0.18985593821403254,0.4310462529444468,1.0,0.0,0.6041666666666666,7,1533.1651000976562,152.98211669921875,5.5488148,1,-1,,,1.2202271895035637,4.8409404043533195,False,not-round,reject
9928,135,9.061076351119425,0.011530378617148297,0.06951235151526451,0.21311487273439905,0.42097423700537856,1.0,0.0,0.8229166666666667,6,1306.8343505859375,451.2460021972656,5.254535,1,-1,,,1.0667391150854306,6.582258785631011,False,not-round,reject
9028,328,11.068830512318886,0.18732083070614075,0.07552460774971886,0.10213877391267909,0.3858494051370702,1.0,0.2857142857142857,0.9270833333333333,14,206.99224853515625,478.64465332031256,5.21916165,-1,-1,,,2.0523842987884464,7.221134829020642,False,not-round,reject
153,267,9.411910092990048,0.1415495747581598,0.04533678434281802,0.2049095018126256,0.4312877690865518,1.0,0.18181818181818182,0.7083333333333334,11,1518.217529296875,118.9952621459961,5.150116,1,-1,,,1.2004871963817378,7.669113574122298,False,not-round,reject
23,1897,10.530838951619325,0.25761218939558866,0.07463098448630999,0.10406221358918005,0.3671395379566505,1.0,0.0625,0.9166666666666666,80,1403.34912109375,357.0386047363281,5.129253,-1,-1,,,2.1957634316159993,7.6598157346216205,False,not-round;defocus,reject
9081,108,18.232968470511533,0.05555663248340806,0.0857505359003174,0.18575219983542732,0.349396474926251,1.0,0.0,0.8837209302325582,5,1618.1561889648438,116.87625885009766,4.9918045,-1,-1,,,1.6716623315414076,5.469974480177323,False,not-round,reject
2472,58,12.786210577325637,0.10964083026003958,0.08534118995268689,0.1568196928647366,0.4780605234658242,1.0,0.3333333333333333,0.8333333333333334,3,111.99042510986328,331.029541015625,4.93239475,-1,-1,,,1.7975047205634616,5.580664380891177,False,short;two-cores;not-round;elongated,reject
4091,86,13.0464723467137,0.17941125363955848,0.12343919986086485,0.2511992935547731,0.43285187213635673,2.0,0.75,0.8333333333333333,4,285.1682586669922,219.3593521118164,4.61415885,1,-1,,,1.2588068976013105,4.8957386221162,False,two-cores;not-round,reject
1657,1069,15.770944194876812,0.18580879130617425,0.08919799283478588,0.15609054052034083,0.40686582427871576,1.0,0.022727272727272728,0.8958333333333334,44,812.8599853515625,73.75370025634766,4.5269117,-1,-1,,,2.208868926356417,7.638361186488913,False,not-round,reject
8303,74,12.22871418169876,0.14762709240497437,0.08103206806454065,0.23010337910599,0.4224162955804517,1.0,0.0,0.8125,3,170.96844482421875,1217.6043090820312,4.498723849999999,1,5971,0.018304779219403818,0.7657940699689784,0.7387087714631917,2.982521315602317,False,rigid-doublet;not-round,reject
2862,73,16.799795903729674,0.0414999530627932,0.06060311968400691,0.1608948807554367,0.4589936821167965,1.0,0.3333333333333333,0.875,3,181.4777069091797,716.3978271484375,4.4793057,1,-1,,,0.9261219628018823,7.72416430374489,True,two-cores;not-round;elongated;mislink,reject
48,789,14.49570155499391,0.21491934973681168,0.22771855951584974,0.3110168321982147,0.47799537231619654,1.0,0.15151515151515152,0.9583333333333334,33,876.3642578125,881.3654174804688,4.442526,-1,-1,,,2.1819868981601767,7.0016885933842845,False,not-round;elongated,reject
1078,146,12.20736950475058,0.24450240218970623,0.10331634181926641,0.10875148264063561,0.44737342971227845,1.5,0.5,1.0,6,1260.4607543945312,422.4978332519531,4.339689,-1,-1,,,1.8661971351235962,5.994647520950243,False,two-cores;not-round,reject
44,1497,10.710202821900955,0.33387316220465213,0.067904962419109,0.10023686819541204,0.36548012974551025,1.0,0.1111111111111111,0.9166666666666666,63,983.673583984375,107.5913314819336,4.3389816,-1,-1,,,2.158123746767406,7.393217179104146,False,not-round;defocus,reject
3961,152,11.911541074876126,0.22467869368859833,0.10581129859134336,0.1823952010240823,0.42192390949262243,1.0,0.42857142857142855,0.8125,7,487.02845764160156,1085.2451782226562,4.33384515,-1,-1,,,1.5712751709257289,4.8011973163548785,False,two-cores;not-round,reject
5953,440,16.819118149103936,0.20047795023002796,0.21541750023109613,0.31242392534799346,0.4042377744977396,1.0,0.05555555555555555,0.8958333333333334,18,975.5378723144531,281.4098663330078,4.3179057,-1,-1,,,2.336892961429921,7.726754969377889,False,not-round,reject
4357,64,12.540269121990518,0.02035502906103341,0.0760976932675167,0.19138063147723902,0.29550324895484414,1.0,0.0,0.851063829787234,3,202.2845458984375,1217.42822265625,4.30049875,1,3777,0.013726157473418613,0.7537126571317626,0.7814559946525711,2.796055130142036,False,rigid-doublet;not-round,reject
1389,239,12.279885330739456,0.21272391704512683,0.0889317930508679,0.18035651802367367,0.39821256211452477,2.0,0.5454545454545454,0.8541666666666666,11,486.1983642578125,1081.3502197265625,4.295252,-1,-1,,,1.470589512881027,4.6144246898729655,False,two-cores;not-round,reject
6629,145,13.10456870354597,0.08283191754117535,0.08222018946350101,0.21771285624617603,0.49989364359139055,2.0,0.8333333333333334,0.8125,6,67.96572875976562,239.9132232666016,4.2937045,-1,-1,,,1.8140688425241531,5.643262012137036,False,two-cores;not-round;elongated,reject
2925,91,7.871745166304612,0.06376992297231868,0.019755938013604157,0.21919229581227215,0.31295877334434136,1.0,0.0,0.7291666666666666,3,1341.0123291015625,726.3318481445312,4.264418,1,-1,,,1.2014902741484974,3.250130945507152,False,not-round,reject
2961,1384,11.248028674177979,0.21115571751617182,0.09543045592812688,0.12883903287988918,0.41123954128076173,1.0,0.034482758620689655,0.9375,58,1153.0673828125,408.0150146484375,4.221328,-1,-1,,,2.243242616531285,6.8318316462259645,False,not-round,reject
6640,119,13.642966776975955,0.07618319175588156,0.1197253414831513,0.16951732609076797,0.4042313448294972,2.0,0.6,0.8333333333333334,5,474.2406311035156,1100.7247314453125,4.1938066,-1,6847,0.10058732352297309,0.7268095770392634,1.6986699451043652,5.927138282245921,False,rigid-doublet;two-cores;not-round,reject
7957,108,14.469165167103917,0.10236963474102262,0.13235404511060592,0.25348944172542603,0.4327881458340602,1.0,0.4,0.8958333333333334,5,181.14041900634766,704.9886169433594,4.0254847,1,-1,,,1.0577717129577073,5.323900657752795,False,two-cores;not-round,reject
10254,129,11.813182218901401,0.22910844207280212,0.09651269459510366,0.10023931404437689,0.4470418516968979,1.5,0.5,0.9791666666666666,6,1246.1322021484375,397.7499694824219,3.8846595,-1,-1,,,1.7609147379532746,6.1109781818070585,False,two-cores;not-round,reject
1343,294,12.935116180801424,0.3036776362424405,0.12996115355868493,0.2563626197416012,0.4764457138922861,2.0,0.5384615384615384,0.875,13,170.89028930664062,708.298583984375,3.84894885,-1,-1,,,1.1998263991076812,7.7956358569595245,False,two-cores;not-round;elongated;defocus,reject
2951,54,8.908546875851297,0.039552529542904384,0.04553131380918833,0.18002007697535238,0.265431018985396,1.0,0.0,0.8125,3,1526.1273193359375,138.88323974609375,3.7225534,1,-1,,,1.124893807648703,6.7684560394340885,False,short;not-round,reject
8285,111,12.029007108133797,0.02598646766951259,0.058347412485721006,0.11808422050878406,0.3593898080417905,2.0,0.75,0.8958333333333333,4,1268.69287109375,408.1452331542969,3.6943226,-1,-1,,,1.7764624609394466,5.7638934923871705,False,two-cores;not-round,reject
1509,76,17.42779715234149,0.07279389876756402,0.16587670184325187,0.17776724135542696,0.5539502453009578,1.0,0.25,0.9791666666666666,4,129.1162109375,331.7118835449219,3.64846935,-1,-1,,,2.103916783263782,5.920650674024391,False,not-round;elongated,reject
4737,62,15.098955445772564,0.07332375579602415,0.1153989060199754,0.16042638156071534,0.4684525585984905,1.0,0.3333333333333333,0.9375,3,91.70355224609375,303.68470764160156,3.6208055,-1,-1,,,1.960214447952073,7.114627413032206,False,two-cores;not-round;elongated,reject
4765,70,7.567280497699937,0.28501632436773716,0.11293997652193062,0.11911601624710781,0.4980753604287664,1.0,0.3333333333333333,1.0,3,1292.8359375,412.83489990234375,3.58424035,-1,-1,,,1.8525282789556197,4.7675851402247265,False,two-cores;not-round;elongated;defocus,reject
611,145,15.413824756079332,0.10159210849738386,0.10637030325711869,0.17568344660238244,0.562952471578873,1.0,0.0,0.90625,6,97.13904571533205,312.196533203125,3.578523,-1,-1,,,1.9845301132437545,5.756856481035788,False,not-round;elongated,reject
9248,74,7.949207698364816,0.3280171089017247,0.06821223152765335,0.20755325112287448,0.3554842946918518,1.0,0.25,0.8854166666666667,4,1336.1137084960938,796.03857421875,3.4335102500000003,1,-1,,,1.3092704812360467,3.1943040735108474,False,not-round;defocus,reject
2754,109,13.385913985134307,0.08789820089503658,0.06491524582706618,0.18416530281547966,0.3769112098278298,1.0,0.4,0.8333333333333334,5,113.86785888671876,331.0667724609375,3.3917494,-1,-1,,,1.7659393910275782,6.988777405072014,False,two-cores;not-round,reject
54,925,8.081252606570962,0.17489729982436417,0.033576208240782904,0.19956840493252187,0.5312378749021897,1.0,0.02564102564102564,0.7708333333333334,39,1482.24267578125,475.9062194824219,3.3737438,1,1769,0.08674977813763926,0.7021074544587542,0.9026049272565614,6.00742993249767,False,rigid-doublet;not-round;elongated,reject
2413,83,7.289016883487332,0.027853997455751033,0.055949889757693036,0.23020661728767436,0.2836027190603493,1.0,0.0,0.8333333333333334,3,1349.8277587890625,723.064453125,3.35791,1,14,0.05894241958997506,0.7366204172823413,1.516540465513538,3.7845582898158603,False,rigid-doublet;not-round,reject
2977,272,8.571033866101946,0.25099371294936285,0.1058902222553228,0.1338749641023778,0.4945003825169067,1.0,0.25,0.9895833333333333,12,1286.7628784179688,416.69874572753906,3.33926475,1,-1,,,1.8109509856932517,6.649681223818322,False,not-round;elongated;defocus,reject
5647,77,16.808749276274288,0.028778895583368016,0.06326055899572632,0.15908384213985763,0.4324439491675973,1.0,0.0,0.8958333333333334,3,171.12261962890625,697.4845581054688,3.3307474,1,-1,,,0.9275089031687489,7.382121546985573,False,not-round,reject
4906,56,12.84373968281292,0.038263451562834463,0.062028367748326964,0.21907065505359544,0.3233432857122477,1.0,0.0,0.8085106382978723,3,196.8338470458984,1216.8944702148438,3.2923074000000003,1,-1,,,0.8293619471701714,1.844599920465008,False,short;not-round,reject
8042,112,10.211740179263975,0.23082891999897323,0.16700197733045574,0.23313178677880397,0.648076989149534,1.0,0.4,0.9375,5,502.4524230957031,1070.8463134765625,3.28718575,1,-1,,,1.5421913301981205,3.6397312479041233,False,two-cores;not-round;elongated,reject
1990,68,7.25813977405137,0.290061073858482,0.06523503169277992,0.25471125400576455,0.21843338739555498,1.0,0.0,0.875,3,1357.7597045898438,716.2109375,3.2134623500000004,1,14,0.051580150628803625,0.7963448548483351,1.316690705299536,3.853236337452023,False,rigid-doublet;not-round;defocus,reject
6320,53,11.483244199043872,0.10200562937385853,0.13840314091812436,0.21613909564821293,0.4195081087513043,2.0,0.6666666666666666,0.9583333333333334,3,471.18206787109375,1080.3492431640625,3.1974285,-1,-1,,,1.7296058685723006,5.181959017388985,False,short;two-cores;not-round,reject
7609,524,10.381759162248736,0.176367121131846,0.08570333642968203,0.11138487124480417,0.41238731946158974,1.0,0.18181818181818182,0.9375,22,802.2251281738281,43.56211471557617,3.1933313500000002,-1,-1,,,2.0337689388106917,6.90226177588955,False,not-round,reject
3336,749,13.117151825194252,0.2653357985492827,0.09986573140694366,0.14027605795907166,0.4240372592044124,1.0,0.125,0.9166666666666666,32,168.19093322753906,499.2209167480469,3.1868422,-1,-1,,,2.1427367314052725,6.883681478852278,False,not-round;defocus,reject
3783,90,15.67669116123633,0.08509111971288641,0.09545492847179693,0.10480565713788878,0.4070663211937158,1.0,0.0,0.9895833333333333,4,97.55123138427734,315.85923767089844,3.10299585,-1,-1,,,1.9824680455872394,7.490296540385461,False,not-round,reject
2069,62,12.007214227992849,0.27806951019310994,0.09454168975665957,0.10453130621716204,0.4638757373351775,1.0,0.3333333333333333,0.9583333333333334,3,1261.7828369140625,414.00535583496094,3.0877735,1,-1,,,1.978712322670886,4.622974792762048,False,two-cores;not-round;elongated;defocus,reject
4878,89,17.916502887488218,0.09289478162591015,0.09133719539379051,0.21480250532666698,0.41212666824318844,1.0,0.0,0.84375,4,478.10986328125,1091.820556640625,3.0711954,-1,-1,,,1.6165088592542072,4.767151852592971,False,not-round,reject
3500,84,9.710902427202768,0.2758341978290059,0.07569914646593956,0.23453609207156526,0.43685246533269306,1.0,0.25,0.8645833333333333,4,477.65716552734375,1073.1569213867188,3.05113405,1,-1,,,1.7593557486367488,5.49913776214846,False,not-round;defocus,reject
5574,203,12.873975050972351,0.06797850754746253,0.09075064979453448,0.1896259519812165,0.38483266384326814,2.0,1.0,0.875,9,72.28474426269531,297.6469116210937,3.0191116,-1,5759,0.08355177453546431,0.8062741561040964,1.790762502689803,5.040527331838264,False,rigid-doublet;two-cores;not-round,reject
5241,57,14.129540407483036,0.05279954378602684,0.13039913392373412,0.19116781806463568,0.4639932614163575,1.0,0.0,0.9166666666666666,3,74.16189575195312,294.83837890625,3.011349,-1,-1,,,2.146848954280599,4.996166061794451,False,short;not-round;elongated,reject
6378,106,9.35166333535448,0.294429201720529,0.08087230637100254,0.1771744282748228,0.42564609538651665,1.0,0.25,0.8333333333333333,4,1531.1763305664062,156.42327117919922,2.9927311,1,-1,,,1.19150584336518,6.8840609610559,False,not-round;defocus,reject
5499,269,7.459273253332156,0.024553446998242592,0.041777874534128616,0.23889650008322866,0.34751311077527836,1.0,0.0,0.7708333333333334,11,1341.237060546875,511.0780029296875,2.9679585,1,-1,,,1.0712049462637276,4.217029296368683,False,not-round,reject
380,134,10.858920456385388,0.10814672682820069,0.13908573479346456,0.15131008283400676,0.3719230069807473,1.0,0.0,0.9583333333333333,6,630.1740417480469,786.213134765625,2.9265231,-1,-1,,,2.814383740085031,8.047127514649178,False,not-round,reject
7715,175,12.123835554165145,0.2872239300515784,0.09913052039046892,0.20785749703151513,0.3627720142467246,2.0,0.5714285714285714,0.875,7,1321.1632080078125,784.766845703125,2.9178345,-1,7867,0.12174673904478014,0.8018813358275322,1.6449098528320674,4.597856556546757,False,rigid-doublet;two-cores;not-round;defocus,reject
10268,129,7.448248401797167,0.033307901240004864,0.03969477602173474,0.24721621262909882,0.39313390552895167,1.0,0.0,0.8333333333333334,6,1301.2392578125,504.4586486816406,2.9013813,1,-1,,,1.213420772391001,4.391138347128733,False,not-round,reject
563,248,11.196119805630797,0.28363835156021405,0.0827247569180378,0.20275932370595423,0.3536899806404391,1.0,0.36363636363636365,0.8541666666666666,11,1347.4728393554688,715.7865600585938,2.8504826999999997,1,1133,0.08411599295901688,0.7498328226942123,1.5522570303169705,4.383131258962718,False,rigid-doublet;two-cores;not-round;defocus,reject
714,480,16.355792269219116,0.14494159687835026,0.1139763839723208,0.26959420141065504,0.4500128100874442,1.0,0.15,0.9166666666666667,20,191.91387176513672,461.0991668701172,2.8431384,-1,-1,,,2.2009356919030547,7.707042373569082,False,not-round;elongated,reject
2447,73,8.986828278270167,0.21024185154462702,0.09462792584427136,0.15133235567527345,0.47366630032286244,1.0,0.3333333333333333,1.0,3,1286.8778076171875,423.1002502441406,2.8019555,1,-1,,,1.9759722825241548,7.530308508826651,False,two-cores;not-round;elongated,reject
6585,87,16.562647096578484,0.17264415396790195,0.060112120022518895,0.28715556622902877,0.47912285181862835,1.0,0.0,0.7916666666666666,3,174.2546844482422,700.7972412109375,2.7368085,1,-1,,,0.986388868534965,6.915240877554118,False,not-round;elongated,reject
8765,197,8.023573624158455,0.12899926172543386,0.03256184827160655,0.21726307447905924,0.3616678797280451,1.0,0.0,0.7291666666666666,8,507.6388549804688,1078.6358642578125,2.7162912,1,-1,,,1.3632283184752478,4.027687939839675,False,not-round,reject
92,105,18.778596261167586,0.07904585501266399,0.11867501456866317,0.18239311326610602,0.44544115552403907,1.0,0.25,0.8541666666666667,4,63.50802612304688,334.65576171875,2.7139485,-1,-1,,,2.0208582845974936,5.849391303894373,False,not-round,reject
5288,78,13.088635147053907,0.14157979593543654,0.17900288623684,0.18118729732024083,0.52971325900963,2.0,0.6666666666666666,1.0,3,1608.021240234375,168.11193084716797,2.68480015,-1,-1,,,1.5933689278012746,3.847321832533178,False,two-cores;not-round;elongated,reject
2395,95,7.772120558574818,0.12146077953793348,0.036774105638768,0.18338592005482188,0.26585306259319896,1.0,0.0,0.7291666666666666,4,1613.3544921875,181.56198120117188,2.680187,1,-1,,,1.58842317225692,4.746198847327283,False,not-round,reject
9975,86,7.811167695260856,0.011064200744167713,0.05949526745367964,0.18868890035493305,0.49900765869389263,1.0,0.0,0.8125,4,1496.234619140625,455.4300079345703,2.6749134000000003,1,18,0.06823989734505877,0.8408430175272277,0.9961529167868879,2.7680982119637236,False,rigid-doublet;not-round;elongated,reject
5622,83,13.379733841265107,0.20339174724524958,0.13251652633199892,0.25256828169996587,0.5559922396583723,1.5,0.5,0.8541666666666667,4,1475.1805419921875,458.18359375,2.659444,1,-1,,,0.9725958577861912,7.479814898373365,False,two-cores;not-round;elongated,reject
5897,77,15.5137060215764,0.20957563983972993,0.12241873197709491,0.2364388663780247,0.38462800081426674,1.0,0.25,0.8958333333333334,4,464.9868469238281,1081.8372802734375,2.6234355,-1,-1,,,1.8294801193667274,5.531383348973394,False,not-round,reject
1085,373,7.599843920748606,0.32217164028695094,0.042166399867829524,0.25467706919796185,0.42759602418510134,1.0,0.125,0.8229166666666667,16,1400.2261962890625,547.3603515625,2.5922709,1,-1,,,1.1735719128371325,4.684858353968872,False,not-round;defocus,reject
3641,173,12.306141283743756,0.17689929622623118,0.10702842177038206,0.18040357283412703,0.35018962212218835,2.0,0.7142857142857143,0.875,7,1344.6849365234375,732.7581787109375,2.53497,-1,3694,0.10499202693920832,0.7210820147990534,1.6062285157227651,4.373746780691988,False,rigid-doublet;two-cores;not-round,reject
955,377,13.190938800963782,0.2050925068996778,0.09565768349441445,0.25087080459821043,0.4143321021445442,1.0,0.0625,0.9270833333333334,16,1134.01416015625,403.167724609375,2.5182705,-1,-1,,,2.443318158253181,7.723021633445999,False,not-round,reject
8928,342,10.529619722746721,0.24947585971948946,0.09628468606859064,0.12619838509346215,0.3554511034551448,1.0,0.06666666666666667,0.9583333333333334,15,854.21435546875,734.5270385742188,2.49051835,-1,-1,,,2.2124311614808927,5.944531334431949,False,not-round,reject
7062,149,7.690385659395029,0.3805407309631777,0.05867673713548816,0.24276682823891518,0.40428156541150584,1.0,0.2857142857142857,0.8541666666666666,7,1331.958251953125,509.8718872070313,2.488052,1,0,0.058478409864075494,0.7059735945929715,1.1065483739105568,3.3257694408679446,False,rigid-doublet;not-round;defocus,reject
9791,50,21.90765778824813,0.21541267608046946,0.09080396227136378,0.24174389239810642,0.41104320243998627,1.0,0.0,0.7906976744186046,3,1620.87939453125,121.25868606567383,2.4851529,-1,-1,,,2.005137884671635,4.4929107914627915,False,short;not-round,reject
5832,124,7.169492687982266,0.2675114290924573,0.09273687963250572,0.2530554641551131,0.3887625617949788,1.0,0.2,0.8333333333333334,5,1325.9657592773438,788.2377319335938,2.4681065,1,-1,,,1.4553164370768563,8.182683712593255,False,not-round;defocus,reject
8929,136,7.711474425179578,0.2457553413052036,0.13851445739965054,0.13952089857644656,0.5467258203348487,1.0,0.16666666666666666,1.0,6,1260.714599609375,425.91099548339844,2.46219885,1,-1,,,1.9115096068495645,5.447252235934692,False,not-round;elongated,reject
4723,94,12.301733251430278,0.21627319405298553,0.06827933222352997,0.17518163412860877,0.2802736289644744,2.0,0.75,0.7916666666666667,4,1338.412109375,780.1188049316406,2.4569675999999996,-1,4725,0.11744051569286248,0.7340906066133275,1.4850255353781814,5.019669401205411,False,rigid-doublet;two-cores;not-round,reject
4433,64,13.163170602494132,0.1414436863885877,0.08635749942552304,0.25807443911870415,0.5027940170263595,1.0,0.3333333333333333,0.75,3,92.39529037475586,296.4877166748047,2.42663675,-1,-1,,,1.7397290492436812,6.766433417613351,False,two-cores;not-round;elongated,reject
7171,73,6.841668208394196,0.28453614884406336,0.10576485938623983,0.1269083878356535,0.46151797808190576,1.0,0.3333333333333333,1.0,3,1257.6690673828125,385.16546630859375,2.4192421,1,-1,,,2.044494575974328,5.303917342338344,False,two-cores;not-round;elongated;defocus,reject
484,733,14.616604779513404,0.12997916832144732,0.19623641996554664,0.30933277238662565,0.451343091730295,1.0,0.06451612903225806,1.0,31,1572.67333984375,280.7717590332031,2.405327,-1,-1,,,2.4440552385665555,7.270569087465877,False,not-round;elongated,reject
3237,123,19.2417571454007,0.12604068277649175,0.08935206489798762,0.1652807886167499,0.46704795639583824,1.0,0.0,0.9375,5,108.24431610107422,330.8913269042969,2.3866086,-1,-1,,,2.285070162946651,7.361384210922588,False,not-round;elongated,reject
4909,415,14.81922132295628,0.17705991800893725,0.22298928980790822,0.30885721797682736,0.42917403010921773,1.0,0.16666666666666666,0.9583333333333334,18,229.88169860839844,737.9356079101562,2.3632605,-1,-1,,,2.459183812754006,7.873026565108827,False,not-round,reject
2930,96,8.06714846330619,0.13378744196577896,0.035549458002940966,0.20838185609561788,0.4396795262489968,1.0,0.3333333333333333,0.7916666666666666,3,1594.11865234375,185.8296356201172,2.3349703,1,-1,,,1.7537845632988744,7.4013950078389845,False,two-cores;not-round,reject
6539,87,8.977377004611796,0.039119146821880835,0.09553413425010888,0.106253029508417,0.4859121557805659,1.0,0.0,1.0,4,1266.804931640625,408.4056396484375,2.3301475,1,-1,,,1.7468230411921413,5.075784796898055,False,not-round;elongated,reject
8777,210,14.96535436253083,0.2005347014753008,0.23586810388174057,0.345891258944175,0.39467167272498016,1.0,0.1111111111111111,0.9166666666666666,9,826.3110656738281,410.8143310546875,2.2635262000000003,-1,-1,,,2.476380100732507,6.874568830122029,False,not-round,reject
3803,345,17.091386592571602,0.1328145012397096,0.17419935347454696,0.28816893043182823,0.4404881305456476,1.0,0.0,0.8958333333333333,14,54.55513000488281,442.7923278808594,2.2421718,-1,-1,,,2.408924502120294,7.516950651453116,False,not-round,reject
3287,68,13.188978732374743,0.2414533704715603,0.08852345388861325,0.27422212192799506,0.4541956632958387,1.0,0.3333333333333333,0.9166666666666666,3,186.0109634399414,705.986328125,2.2417084000000003,0,-1,,,1.1365204882516546,6.479581551431456,False,two-cores;not-round;elongated,reject
7751,81,7.003789988705375,0.13175923020293337,0.125519071211554,0.1262662977270534,0.5270336264517331,1.0,0.0,1.0,3,1269.4659423828125,395.1291198730469,2.2355525,1,-1,,,2.16977634270258,6.962920860289084,False,not-round;elongated,reject
7087,96,8.182279633557112,0.1531765783851738,0.0666338440781854,0.1909886771808622,0.5453609159726653,1.0,0.0,0.8229166666666667,4,1482.4085083007812,460.234130859375,2.22343215,1,24,0.02409612934676058,0.7269984469109402,0.8763639209456177,2.6218227255820157,False,rigid-doublet;not-round;elongated,reject
4724,124,9.787264548959502,0.1596504725650448,0.11470568240437715,0.197733820706377,0.4443636448166626,1.0,0.0,0.9791666666666666,5,646.6089477539062,735.8636474609375,2.15565815,-1,-1,,,2.5717878682923336,7.712361646896852,False,not-round,reject
7679,553,12.144564990194995,0.11292460905988971,0.17923590816257634,0.21917173733086942,0.3989321413494997,1.0,0.041666666666666664,0.9583333333333334,24,583.44140625,919.7825317382812,2.1435504,-1,-1,,,2.772685315640273,7.884842528026666,False,not-round,reject
6882,635,10.156053914331478,0.13478646214480647,0.12946600408979617,0.16763998971844554,0.38392824915740964,1.0,0.038461538461538464,0.9375,26,594.1882934570312,817.879638671875,2.1170957,-1,-1,,,2.6193608833214417,7.833661578318483,False,not-round,reject
8403,170,13.655103628782406,0.1966674568511799,0.30651969209824176,0.3577432020673961,0.47095596069440165,1.0,0.0,0.9787234042553191,7,57.06970024108887,973.6809692382812,2.06282735,-1,-1,,,2.2874162772855233,6.259626918308016,False,not-round;elongated,reject
4833,162,15.28416940891508,0.10624726686810232,0.11366759343285632,0.17598011966187282,0.5042849432568802,1.0,0.0,0.9166666666666666,5,84.70888137817383,298.3213806152344,2.0565891,-1,-1,,,1.9509591274440239,7.929834132240124,False,not-round;elongated,reject
2792,376,11.083991011796048,0.40471917772895477,0.07282902198350386,0.14290174624797003,0.3819600114353815,1.0,0.26666666666666666,0.9375,15,272.95660400390625,706.2171936035156,2.00600235,-1,-1,,,2.164658966185253,6.573302918977339,False,not-round;defocus,reject
505,91,12.23192788592792,0.28836803478458134,0.11648638170735788,0.2611653684894918,0.6057743028276863,1.0,0.0,0.84375,4,168.69171142578125,712.9830932617188,1.9530787,1,-1,,,1.2938576705417724,7.710132374501034,False,not-round;elongated;defocus,reject
49,269,8.754249483729874,0.2627646086829856,0.06599287268015724,0.07835294638250816,0.379217524284399,1.0,0.08333333333333333,0.9583333333333334,12,839.8716430664062,141.4603271484375,1.9375349,-1,-1,,,1.9422512042698403,6.204931199480913,False,defocus,reject
10660,71,9.466558647273006,0.24001158928330285,0.10523975069284897,0.19770954391389273,0.45445248706905206,1.5,0.5,0.8958333333333334,4,85.08744812011719,299.7999572753906,1.9109524,1,-1,,,1.4847879600388347,5.6015074190987875,False,two-cores;not-round;elongated,reject
46,136,14.050328958237852,0.16095594582848996,0.31598894348801343,0.3834475998560136,0.602567569793895,1.0,0.0,0.9791666666666667,6,1104.1382446289062,392.3644561767578,1.8504374000000001,-1,-1,,,2.310624704549758,7.56882882169709,False,not-round;elongated,reject
3189,156,7.273100813744733,0.4383724666430774,0.05142174086475791,0.22230857092468084,0.34690723903523274,1.0,0.14285714285714285,0.8125,7,1368.7295532226562,515.9833984375,1.78933315,1,-1,,,1.1968373200620783,6.976315261226007,False,not-round;defocus,reject
10169,81,8.36756936798288,0.276747817531716,0.11657057276352224,0.19063228834101667,0.4539871873750654,1.0,0.0,0.8958333333333334,3,102.89161682128906,288.0858154296875,1.7703305,1,-1,,,1.6949177018774222,5.563249110046659,False,not-round;elongated;defocus,reject
58,80,12.02445295434322,0.26220041311865366,0.09194738716773435,0.29396436533193043,0.6127168564994061,1.0,0.0,0.8020833333333333,4,795.7440795898438,1148.7318725585938,1.72796285,1,-1,,,1.116958807916024,4.797167329935906,False,not-round;elongated;defocus,reject
10401,105,13.447357336445073,0.13244893883960168,0.2337468691465358,0.3499188516348367,0.6426458563635624,1.0,0.0,0.9270833333333333,4,828.7079467773438,424.4732055664063,1.7014312,-1,-1,,,2.592138754325422,7.190384716751781,False,not-round;elongated,reject
10226,137,20.606229388598614,0.02578763454829304,0.17579953314389557,0.28158194156886807,0.36655971753977457,1.0,0.3333333333333333,0.8958333333333334,6,178.93798828125,715.8753051757812,1.6191306,1,-1,,,0.7751716534399556,3.4912304538901364,False,two-cores;not-round,reject
9023,80,8.072299313306841,0.19024241964738609,0.18321982884105067,0.2094754755601717,0.399136896443455,1.0,0.3333333333333333,1.0,3,103.82040786743164,253.03821563720703,1.5953609499999999,1,-1,,,1.884919350301357,5.962868627908489,False,two-cores;not-round,reject
1184,446,12.035132702247182,0.13687460831643428,0.17171999595174636,0.22207450797387956,0.4233721335595408,1.0,0.0,0.9479166666666667,18,667.6749572753906,769.5902709960938,1.59335095,-1,-1,,,2.642081777544779,7.891052021140406,False,not-round,reject
1210,62,17.405589077899517,0.06857333502625115,0.15121817793962294,0.20861478359445318,0.552806199704956,1.0,0.0,0.9375,3,112.19292831420898,312.65977478027344,1.5873051500000002,-1,-1,,,1.7944681700089948,7.306399212624892,False,not-round;elongated,reject
5561,82,10.432301394196509,0.13342262270538557,0.14381668935437783,0.17597210783480338,0.37435202635531933,1.0,0.0,0.9166666666666666,3,1602.2235717773438,981.7967834472656,1.5789285,-1,-1,,,2.747824213934686,6.513010736752993,False,not-round,reject
4371,51,13.600031252089215,0.009144680470671457,0.1489327119721306,0.22947696113043126,0.33034569514682743,1.0,0.3333333333333333,0.8958333333333334,3,82.2529296875,294.955078125,1.5538853,-1,-1,,,1.5354649371020752,4.932554004207469,False,short;two-cores;not-round,reject
7797,206,7.4213721819173095,0.21920989161939503,0.07073772167270603,0.10547549476153735,0.440923063934034,1.0,0.2222222222222222,0.9375,9,187.09622192382812,491.1678009033203,1.541265,1,-1,,,2.1593674671673693,5.009487717757882,False,not-round,reject
10121,75,7.149521479113829,0.18598010493696335,0.08063151312637715,0.2386211737259641,0.4587010204338959,1.0,0.3333333333333333,0.8541666666666666,3,154.237548828125,1214.7130126953125,1.5164574,1,9236,0.013458303447035634,0.7400407823685281,0.62837506211868,2.6455113147601526,False,rigid-doublet;two-cores;not-round;elongated,reject
9204,102,7.980715336823376,0.3264989062100072,0.13425561280172338,0.21799814811937002,0.5158181391012107,1.0,0.25,0.9375,4,103.77528381347656,267.90093994140625,1.5121069,1,-1,,,1.8823068922521238,7.718677704248023,False,not-round;elongated;defocus,reject
8532,73,8.837295667502875,0.1134457210855061,0.11609545971259216,0.25684027067457393,0.563684366469606,1.0,0.0,0.8541666666666667,4,715.4348754882812,1084.4053955078125,1.44487,1,-1,,,1.6076596876315326,3.9955704170152435,False,not-round;elongated,reject
5854,121,14.195397564525237,0.12671264064196774,0.3143996885701275,0.3756822699846432,0.5626073558010907,1.0,0.0,0.9574468085106383,5,34.190853118896484,456.7825927734375,1.40414,-1,-1,,,2.496325097350206,6.966119480685518,False,not-round;elongated,reject
7741,125,7.246533221092571,0.21060443845592094,0.06004474579008402,0.19484251082282303,0.49164959247605206,1.0,0.2,0.875,5,72.9971694946289,229.66571044921875,1.4041219,1,-1,,,1.8026864340619824,7.467151742706364,False,not-round;elongated,reject
1698,213,9.83895300237607,0.248975301215722,0.05280996808920533,0.06947277244488272,0.3584282869898041,1.0,0.4444444444444444,0.9375,9,276.1455078125,678.4887084960938,1.3810081,1,-1,,,2.21975419238022,7.263046127428937,False,two-cores,reject
5971,553,12.933503903709632,0.10650453096617456,0.1678388149643852,0.26313525787465436,0.4656667416703122,2.0,0.9565217391304348,0.8958333333333334,23,161.267333984375,1201.140869140625,1.2634372,-1,8303,0.018304779219403818,0.7657940699689784,0.8646802626034152,5.44938354330597,False,rigid-doublet;two-cores;not-round;elongated,reject
1086,143,12.433549100382981,0.211478360181486,0.28925409314518247,0.3530726019992821,0.4885507298828482,1.0,0.0,0.9472517730496455,6,1153.1312255859375,732.6701049804688,1.252195,-1,-1,,,2.864154307392586,6.7293111710095666,False,not-round;elongated,reject
6859,263,12.242278582611966,0.2501573566860889,0.2004873008078038,0.34162733134771117,0.5612238381173444,1.0,0.08333333333333333,0.9166666666666666,12,877.3046875,388.76275634765625,1.228646,-1,-1,,,2.4474743420934724,6.590201795302566,False,not-round;elongated;defocus,reject
10485,78,11.976216408231554,0.18968321586203177,0.25459628674400514,0.3599057332262653,0.3804176603098472,1.0,0.0,0.8958333333333334,3,1035.9305419921875,450.9681396484375,1.2209853499999999,-1,-1,,,2.2398112607154115,6.098519919017125,False,not-round,reject
4173,387,14.783927821215837,0.09466491545946318,0.32077735865995743,0.36649677340596415,0.6088128759244502,2.0,0.5625,1.0,16,184.0894012451172,1200.279052734375,1.2135034,-1,5971,0.048173405494330954,0.8686961608500655,0.9702451731685506,4.561057325218852,False,rigid-doublet;two-cores;not-round;elongated,reject
3781,317,12.733979114520059,0.12024533916251737,0.2082942664344973,0.2678986308199524,0.3656863334331369,1.0,0.0,0.9583333333333334,13,1572.21923828125,1044.68896484375,1.1722244,-1,-1,,,2.83135611100412,7.996536624646795,False,not-round,reject
6051,678,9.588869604598653,0.1879971297433885,0.11700306092691436,0.1648647392530482,0.3945739653012925,1.0,0.06896551724137931,0.8958333333333334,29,1571.810546875,950.2453002929688,1.16713075,-1,-1,,,2.685069210230467,7.6057010012063095,False,not-round,reject
2774,300,13.631200230975104,0.11147729760730733,0.24187614638319532,0.3091944249203372,0.5273990730447655,1.0,0.15384615384615385,0.9791666666666666,13,1287.870849609375,666.2384033203125,1.13475875,-1,-1,,,2.6461353987887617,7.281654462304419,False,not-round;elongated,reject
5475,298,10.608481330828354,0.25227315250764315,0.10720292125361008,0.2978476090691998,0.4166474454828576,1.0,0.07692307692307693,0.8958333333333334,13,589.4235229492188,813.6348876953125,1.13378325,-1,-1,,,2.6659810700514694,7.351946680092392,False,not-round;defocus,reject
9749,200,9.366714425437777,0.17906575090160723,0.10883852796797266,0.1611836820918085,0.3128990433000861,1.0,0.0,0.9375,9,1385.0883178710938,225.16842651367188,1.1187586,-1,-1,,,2.509880297069524,7.874105797519001,False,not-round,reject
2401,238,13.903014523542812,0.13513959396929007,0.11243037285248395,0.22696194295511862,0.47556303769141,2.0,0.7,0.8843085106382979,10,185.36004638671875,1208.3985595703125,1.1115241999999999,-1,-1,,,1.067221427476897,5.479304567456246,False,two-cores;not-round;elongated,reject
9838,194,13.378422945493826,0.0682258727743357,0.25266175769551774,0.32215317208855204,0.498940008170704,1.0,0.0,0.9791666666666666,9,1151.9506225585938,708.3590393066406,1.0521102999999998,-1,-1,,,2.766310946916153,7.776875110766559,False,not-round;elongated,reject
1138,62,8.723515107018526,0.20388954063829623,0.12745359736554637,0.24271488072482014,0.5376004145204292,1.0,0.0,0.8333333333333334,3,252.59817504882812,217.30140686035156,1.04677295,1,-1,,,1.2186059164806498,6.581637252796912,False,not-round;elongated,reject
9909,179,15.471298141908031,0.08991457902547763,0.1499330103415744,0.2216352405009229,0.4700964686457385,2.0,0.7142857142857143,0.8571428571428571,7,138.89102172851562,1212.5225830078125,1.0384778,-1,-1,,,0.7891454183843299,2.6673875349469043,False,two-cores;not-round;elongated,reject
7239,76,18.694253662834534,0.026834771747767446,0.1815513142279681,0.2367537672348704,0.5584970868962564,1.0,0.0,0.926177536231884,4,153.26714324951172,1214.7332763671875,1.0312632499999999,-1,-1,,,1.086182470007331,6.731144916650368,False,not-round;elongated,reject
9136,104,8.635564281806143,0.225995791670604,0.07299066352777481,0.2807621863504397,0.44997407057255456,1.0,0.25,0.78125,4,736.6262817382812,1190.507568359375,1.03076505,1,-1,,,1.3031577372645213,5.996740752411593,False,not-round,reject
3426,475,10.68190452115978,0.25031408971566615,0.09974304134419121,0.2584929906762727,0.48134396154876335,1.0,0.2,0.8229166666666667,20,773.9554443359375,1184.455078125,1.0298295,1,-1,,,1.2192381935888847,3.9125407663275986,False,not-round;elongated;defocus,reject
7817,77,8.75008981010571,0.16184223594723587,0.11864380368517116,0.23404467459109174,0.45703854371717867,1.0,0.0,0.8541666666666667,4,701.5162353515625,1101.7684326171875,1.0180175,1,-1,,,1.3629400638670481,4.021285046222446,False,not-round;elongated,reject
9814,180,9.783913755193897,0.349437643300697,0.11799224579775106,0.24365882110676296,0.5269819458230147,1.0,0.375,0.830895390070922,8,737.5711975097656,1191.4527587890625,0.9876781750000001,1,-1,,,1.4289461840030069,6.597217143338332,False,two-cores;not-round;elongated;defocus,reject
9243,285,13.019987289258424,0.11520136256668369,0.19692359493540207,0.19984152752814235,0.5316213058582048,1.0,0.18181818181818182,1.0,11,254.36544799804688,33.913291931152344,0.9411952,-1,-1,,,2.5012029005967387,7.669082468030002,False,not-round;elongated,reject
6942,231,10.154391558232717,0.3004519934717896,0.11104892801152808,0.2635466449975028,0.48901944372368833,1.0,0.1,0.875,10,744.3929443359375,1193.412841796875,0.9105213,1,-1,,,1.4700696581188981,4.724736476117398,False,not-round;elongated;defocus,reject
4146,71,9.017219020450204,0.07645286058231192,0.17075748694625884,0.21365607414233231,0.6500672541410538,1.0,0.3333333333333333,0.9583333333333334,3,659.5900268554688,1124.917236328125,0.90217876,1,-1,,,1.8115552555599153,7.139206727065147,False,two-cores;not-round;elongated,reject
8306,146,11.075415856751937,0.29898778054483693,0.08578242072353867,0.250216262506576,0.43060306737636356,1.0,0.0,0.78125,6,731.8758544921875,1200.5340576171875,0.900603355,1,-1,,,1.6066216984908035,5.597828332328331,False,not-round;defocus,reject
5517,120,6.7129664205995105,0.3788489358484419,0.030964879937395638,0.2727507566588774,0.6117537796545791,1.0,0.4,0.7083333333333334,5,1188.4237670898438,315.68359375,0.8816398000000001,1,-1,,,1.177675660724054,5.954610184074997,False,two-cores;not-round;elongated;defocus,reject
8773,348,13.17636158724413,0.17002994263243587,0.12549975733954272,0.2516513342558259,0.5037891015363019,1.0,0.35714285714285715,0.8247098646034816,14,153.22098541259766,1205.55615234375,0.87496225,-1,-1,,,0.8657923938255031,8.091736754220086,True,two-cores;not-round;elongated;mislink,reject
8817,59,12.355092585429217,0.09244310186683474,0.3097862470627422,0.3494902664029506,0.6267499664087977,1.0,0.3333333333333333,0.9583333333333334,3,1186.866455078125,741.23046875,0.86954206,-1,-1,,,2.288525711375925,6.628683665379162,False,short;two-cores;not-round;elongated,reject
6262,168,16.159754300279417,0.15137633244146323,0.22683283504429613,0.27724379077308203,0.3865456410138326,1.5,0.5,0.9479166666666666,6,170.8317413330078,1204.9986572265625,0.8528664699999999,-1,-1,,,1.1555053605552603,7.028844012840216,False,two-cores;not-round,reject
5282,66,12.045813430883028,0.06533789124928437,0.22042160657651927,0.3530261060470725,0.4859347417530241,1.0,0.0,0.9791666666666666,3,180.93195343017578,1204.2215576171875,0.83341295,-1,-1,,,1.456943041125842,6.45329198106377,False,not-round;elongated,reject
9565,114,13.122176425133228,0.05032532613230188,0.08133677592227298,0.22853944731867637,0.43877825312809854,1.0,0.0,0.9479166666666667,4,49.38601303100586,951.6265258789062,0.82155217,1,-1,,,2.109134658910233,6.054655014155631,False,not-round,reject
5700,391,12.446833014261422,0.18203655632200164,0.3000322153634378,0.3530380856877784,0.5473091133742496,1.0,0.17647058823529413,0.9583333333333334,17,888.4107666015625,723.3749389648438,0.81643796,-1,-1,,,2.549492393891568,7.973474000492606,False,not-round;elongated,reject
7922,154,11.645692836584391,0.1619146219591904,0.10766291070300191,0.19753538201233475,0.3599371582960399,2.0,0.7142857142857143,0.875,7,80.40888595581055,231.61383056640625,0.79284875,-1,-1,,,1.9936816671583377,8.23216990880966,False,two-cores;not-round,reject
9277,155,6.953562862059654,0.1976316582436348,0.07781482955728973,0.21432514015491774,0.3576965319968737,1.0,0.0,0.8541666666666666,7,693.4239501953125,1066.8602294921875,0.7866717,1,-1,,,1.6907923068827988,4.620557968812992,False,not-round,reject
9618,87,10.873231578659523,0.228611292955174,0.11100897494432017,0.2172528774233899,0.5153312250877894,2.0,0.6666666666666666,0.8125,3,109.93128967285156,271.0648803710937,0.7827259,-1,-1,,,1.8519526541857227,7.173028773225553,False,two-cores;not-round;elongated,reject
150,98,10.77684745483818,0.1392953214548204,0.3681494393135337,0.4191353807529524,0.493503486991792,1.0,0.0,0.9791666666666666,4,112.26482391357422,445.31517028808594,0.7792101499999999,-1,-1,,,2.4892107393688776,6.606983230021988,False,not-round;elongated,reject
9222,261,9.561927037837044,0.1751513009151619,0.17389536748678278,0.2188778405095402,0.40560645376458904,2.0,0.6363636363636364,0.9583333333333334,11,168.24627685546875,1194.0087890625,0.7587509,1,-1,,,0.9884890436253607,7.31386526308945,False,two-cores;not-round,reject
6105,123,13.76320509379243,0.10661749603545227,0.07311284045306647,0.36243144260383886,0.473565695942603,1.0,0.2,0.7083333333333334,5,172.36631774902344,1207.9505615234375,0.7456009,-1,-1,,,1.1474148585411452,7.110512395166066,False,not-round;elongated,reject
7824,160,13.565274425335536,0.095570252200873,0.37511765802646807,0.396346164176752,0.5275753513182677,1.0,0.2857142857142857,1.0,7,1210.9065551757812,744.7629089355469,0.72125013,-1,-1,,,2.7722573583841963,8.260568581496726,False,not-round;elongated,reject
9732,147,11.10916624076142,0.18674766976194626,0.22475461911061054,0.2292528670374743,0.4585610827848,2.0,0.6,0.9375,5,163.54066467285156,1198.812255859375,0.71535844,1,-1,,,0.9378145961316718,7.384010160845776,False,two-cores;not-round;elongated,reject
51,92,12.507341997341799,0.04911044230859242,0.24990051085712647,0.3673801106096324,0.645669690604406,1.0,0.0,0.8695652173913043,5,1132.8673095703125,747.773681640625,0.7056944300000001,-1,-1,,,2.61455380565551,7.599016368065811,False,not-round;elongated,reject
6847,86,13.874468050007712,0.11846919888798522,0.19439312049047225,0.3092621374413672,0.4401431176046635,1.0,0.0,0.8958333333333334,4,484.304443359375,1104.5755004882812,0.70315505,1,6640,0.10058732352297309,0.7268095770392634,2.035610826995464,5.307875454206879,False,rigid-doublet;not-round,reject
6407,64,10.973164394258491,0.12200471037081083,0.19667299731007426,0.29164582229714703,0.44638435541477084,2.0,0.6666666666666666,0.8541666666666666,3,1521.6751708984375,154.44168090820312,0.68586205,-1,-1,,,1.8419717521025372,7.29270969954274,False,two-cores;not-round,reject
2891,73,6.778669807949126,0.17886471798575718,0.08522924119878507,0.26503013138273857,0.6308934689554231,1.0,0.0,0.8333333333333334,3,1235.0272216796875,295.4388122558594,0.68387324,1,-1,,,1.344748064047944,7.1290391524964845,False,not-round;elongated,reject
9454,87,12.596039221189901,0.35021189791961127,0.08097070373697454,0.28217002234012845,0.3484777406170365,2.0,0.5,0.84375,4,1328.8154296875,792.66015625,0.6806292,1,-1,,,1.7582937322397947,7.278044575542374,False,two-cores;not-round;defocus,reject
3250,65,11.486102373298246,0.17535038411441614,0.1874826964404911,0.3567817869528,0.5544714406810778,1.0,0.0,0.8695652173913043,3,33.89191055297852,419.8705749511719,0.6790239,-1,-1,,,2.2874825562065726,5.879736450370582,False,not-round;elongated,reject
9979,70,12.173446232470294,0.053222914567350864,0.21203698062901077,0.29031741360215796,0.4975058194782953,1.0,0.0,0.9166666666666666,3,176.72505950927734,725.1461181640625,0.677535655,1,-1,,,1.2617429108793947,6.701274080959498,False,not-round;elongated,reject
8109,84,15.724294748263162,0.23668012037886385,0.22563757683473593,0.35736443015002073,0.4715658863124955,3.0,0.6666666666666666,0.9148936170212766,3,153.95650482177734,1210.9153442382812,0.67667853,-1,-1,,,1.1827066494732275,6.998931243256678,False,two-cores;not-round;elongated,reject
8538,82,12.865080149454538,0.03802716135858442,0.24681700594789752,0.29640196119597295,0.5628960568533461,1.0,0.0,0.9895833333333333,4,1411.1293334960938,730.3134460449219,0.66236575,1,-1,,,2.3701989392196174,6.80309501512604,False,not-round;elongated,reject
9197,69,12.085491554093393,0.22537543422962109,0.08843017650749946,0.17159665112089875,0.48680446943573846,2.0,0.6666666666666666,0.8333333333333334,3,155.434814453125,1207.2352294921875,0.655854,1,-1,,,1.0889963248559493,4.5070232583872905,False,two-cores;not-round;elongated,reject
730,50,10.274479265931339,0.32428017943613535,0.10710575310955871,0.2300174767608408,0.4362705002494044,2.0,0.6666666666666666,0.875,3,692.5398559570312,1087.6583251953125,0.643980565,1,-1,,,1.318178530698142,3.602893378653158,False,short;two-cores;not-round;defocus,reject
8769,94,10.996090569686022,0.13825681856048527,0.30308790287873205,0.3867878437453518,0.4953372092002514,1.0,0.25,0.96875,4,1148.7378540039062,571.708984375,0.636504925,-1,-1,,,2.8757200101037315,7.947009278192803,False,not-round;elongated,reject
9748,67,12.861582416840896,0.043951792437226,0.08338261151212625,0.13435470767069244,0.3457992524373,1.0,0.0,0.875,3,1069.902587890625,457.1472473144531,0.6198667,1,-1,,,2.468316483786866,6.349451595167662,False,not-round,reject
5886,69,13.71758475893442,0.0962223671524718,0.277522596223381,0.28584554190038586,0.5619368458660359,1.0,0.0,0.9791666666666666,3,463.4557189941406,1091.3634033203125,0.6099979,1,-1,,,2.0872198378313493,5.647876092472435,False,not-round;elongated,reject
52,327,11.689853770661982,0.2577742937908356,0.208993189918746,0.3172115472779863,0.5161599960528254,1.0,0.3333333333333333,0.9166666666666666,15,180.80844116210935,1212.581787109375,0.6061863,1,-1,,,0.9132833958494018,6.713419585410265,False,two-cores;not-round;elongated;defocus,reject
4994,69,15.400968907085725,0.025957846248640396,0.19997236250655642,0.2568538420719334,0.5759921420839867,1.0,0.0,0.9375,3,467.6339416503906,1093.8623046875,0.60526013,1,-1,,,1.960987426271347,6.768411531779639,False,not-round;elongated,reject
5578,244,11.029235868689305,0.11408721005570328,0.2897635194526176,0.3417112147200525,0.5999716772747696,1.0,0.2222222222222222,0.9166666666666666,9,1244.84814453125,743.3203430175781,0.5988550800000001,-1,-1,,,2.391860419743751,8.327426145917014,False,not-round;elongated,reject
2227,51,11.755448419804182,0.026189044835051748,0.17858484375930547,0.19604522607432753,0.3068917701240841,3.0,1.0,1.0,3,709.0244750976562,1098.8201904296875,0.5957957,-1,-1,,,2.016636320272416,6.275114714548024,False,short;two-cores;not-round,reject
2584,308,10.206637506161918,0.16327213605923424,0.23034674244749148,0.2980980080989266,0.6098461003188188,1.0,0.21428571428571427,0.96875,14,186.00452423095703,1203.0098876953125,0.591511175,-1,-1,,,1.0420855654104066,6.325613218616808,False,not-round;elongated,reject
2517,90,11.998467847201587,0.04799652404513934,0.24657583067430358,0.2997119853015315,0.5209014921797015,1.0,0.0,0.9361702127659575,3,258.5181427001953,233.28466033935547,0.5837554899999999,1,-1,,,1.6115731613716462,7.691521104916601,False,not-round;elongated,reject
1391,220,11.155925644227231,0.10054083848362781,0.26409032527227483,0.3336070571981924,0.5111178419752925,1.0,0.2222222222222222,0.9791666666666666,9,1312.2188720703125,449.677490234375,0.5803408649999999,1,-1,,,0.6040699008877755,5.680778937082446,True,not-round;elongated;mislink,reject
9655,135,10.436034016197265,0.040393428628791826,0.24660795258851848,0.2642342257418918,0.49541430242486784,1.0,0.0,1.0,6,147.89340209960938,1209.3128662109375,0.5775925,1,-1,,,0.6662174221376806,6.6434155593924205,True,not-round;elongated;mislink,reject
7879,500,13.143827731893849,0.2681352698901511,0.1655340650684847,0.33590789839691965,0.6005075205977567,1.0,0.47619047619047616,0.875,21,151.66138458251953,1199.96435546875,0.574935765,-1,-1,,,0.8672710543634012,6.464653961505402,False,two-cores;not-round;elongated;defocus,reject
6691,96,14.129542142589267,0.03694793152920467,0.16507682662361664,0.2841453197354696,0.5178102307292279,1.0,0.0,0.875,3,469.8257598876953,1095.919677734375,0.57320125,1,-1,,,2.1358349673964487,4.884681363873001,False,not-round;elongated,reject
7222,127,14.332691565006318,0.08378703188553613,0.2858367824485657,0.35113162465531966,0.6692087473611195,1.5,0.5,0.9895833333333333,6,149.10240173339844,1204.90625,0.5700694,-1,-1,,,1.1431593669540419,7.797623874419242,False,two-cores;not-round;elongated,reject
1934,69,10.658406593440723,0.24756649566634162,0.3532854019380477,0.3708745355080046,0.5321485934584006,1.0,0.3333333333333333,1.0,3,181.6842193603516,1211.50146484375,0.5628078,1,-1,,,0.8781934943843958,4.623369459483031,False,two-cores;not-round;elongated,reject
10720,59,11.490646586805651,0.05629319411452966,0.23068421520602925,0.34800805017469105,0.4814631845368243,2.0,0.6666666666666666,0.9375,3,1387.3515625,841.9937133789062,0.56163543,-1,-1,,,2.883723679905714,6.647894624142861,False,short;two-cores;not-round;elongated,reject
3639,288,11.66884557549404,0.11205597548542778,0.25028023541788214,0.28698687809706297,0.443957461571266,1.0,0.18181818181818182,1.0,11,201.8504638671875,1204.9517211914062,0.5419283500000001,1,-1,,,1.0842879992745544,5.543176262926379,False,not-round,reject
5022,84,11.258974907462006,0.10455830252814462,0.21351727301134912,0.23008846634428828,0.5284929339212571,2.0,0.6666666666666666,0.9791666666666666,3,276.9322052001953,177.31273651123047,0.5297719999999999,-1,5190,0.12708881875569636,0.7001670776465256,1.6622262695554535,7.203248662414618,False,rigid-doublet;two-cores;not-round;elongated,reject
7619,310,10.833548478408183,0.0946939628914034,0.2154705034166824,0.30062452517958355,0.4859317969084251,1.0,0.08333333333333333,0.90625,12,1478.888671875,463.3444366455078,0.5281508,1,-1,,,1.25313116148256,7.246443286341674,False,not-round;elongated,reject
1472,61,9.756933703553871,0.058409127144366746,0.2378562176273679,0.4189777516426139,0.6227580471282028,1.0,0.0,0.851063829787234,3,89.14315795898438,426.3765869140625,0.5220967,-1,-1,,,2.5663179255772723,6.958289727075542,False,not-round;elongated,reject
4763,67,11.004541806481976,0.0316353296867715,0.1605900824255745,0.18398659872266798,0.6975090932957139,1.0,0.0,1.0,3,884.2098999023438,1170.65087890625,0.5121688,1,-1,,,1.544872014372051,5.51298844983106,False,not-round;elongated,reject
2973,68,12.13978174487132,0.05067297649268379,0.32156453847245453,0.3840966161419729,0.448902209353678,1.0,0.3333333333333333,0.9583333333333334,3,709.7424621582031,863.9483947753906,0.5105461499999999,-1,-1,,,2.511212020914701,6.6641121361770335,False,two-cores;not-round,reject
2722,124,11.281270421878023,0.10937930399486732,0.27582483957550397,0.3599837904181834,0.5626570271907111,1.0,0.0,0.9479166666666667,6,992.1657104492188,398.6120300292969,0.50521609,-1,-1,,,2.6681932257393313,7.440822169955526,False,not-round;elongated,reject
3807,165,7.590414596880836,0.13185058928561041,0.07747959678480087,0.14814355978761462,0.41978742101828254,1.0,0.0,0.875,7,674.9539794921875,746.230712890625,0.50406617,1,-1,,,2.272297519829034,6.9303582511080215,False,not-round,reject
9236,291,12.961792316910763,0.12246948246728193,0.259588867298903,0.3140418006688433,0.3866873008005627,1.0,0.07692307692307693,0.9791666666666666,13,141.9196319580078,1200.3067626953125,0.49655977,1,10121,0.013458303447035634,0.7400407823685281,0.7825670764496709,4.3370284043703045,False,rigid-doublet;not-round,reject
8907,140,11.970396009751482,0.17347281396486264,0.26637551140645316,0.3007493448007339,0.46138131205200666,1.0,0.16666666666666666,0.96875,6,1410.76220703125,220.20589447021484,0.4947452,-1,-1,,,2.6860725519535125,7.065398813847842,False,not-round;elongated,reject
2143,74,10.49685000101189,0.10671649797277344,0.30335080306478956,0.41308182427259826,0.6225972571742269,1.0,0.0,0.9375,3,997.3160400390624,407.0476989746094,0.48993984999999995,-1,-1,,,2.8481334867818995,6.948578123388922,False,not-round;elongated,reject
10508,91,10.374279914584871,0.23825297926978886,0.18595233863310656,0.23250212524760416,0.4240736365360146,1.0,0.0,0.9583333333333334,4,93.44872283935548,289.73260498046875,0.48853704,-1,-1,,,2.083140790979676,6.350055583641603,False,not-round,reject
3777,176,12.593221801614641,0.20207602443546135,0.13128691000999518,0.3430976957955193,0.5663057598924263,1.0,0.375,0.8528368794326242,8,192.2004852294922,1195.8547973632812,0.487252735,-1,4357,0.013726157473418613,0.7537126571317626,0.9303050544588038,6.7239103448535005,False,rigid-doublet;two-cores;not-round;elongated,reject
1048,126,11.252283580425273,0.060912164216444256,0.3098004522139429,0.33107169908092077,0.29591011978864623,1.0,0.0,1.0,5,1507.91943359375,472.2879333496094,0.486965965,1,-1,,,1.606170655296932,6.266896793689506,False,not-round,reject
8527,162,10.691495521974016,0.07343907971601646,0.24625739814950295,0.34988149200703805,0.4682532354480377,1.0,0.14285714285714285,0.9166666666666666,7,1501.8115234375,454.9149475097656,0.48564168500000005,1,-1,,,1.2722031436598356,7.76935719337757,False,not-round;elongated,reject
308,54,10.638277991058931,0.01764237091031182,0.08594855220581354,0.28113273265228406,0.22038457921544988,1.0,0.3333333333333333,0.75,3,1498.51171875,117.09024047851562,0.48432863000000004,1,-1,,,2.2691703066970272,7.464897790054375,False,short;two-cores;not-round,reject
10030,162,12.64626861886919,0.0773162871566999,0.1692155262904751,0.29731666828062253,0.4065166699771541,1.0,0.42857142857142855,0.9166666666666666,7,634.5632629394531,810.1098022460938,0.47607136,1,-1,,,2.5016636687287113,7.495870130649725,False,two-cores;not-round,reject
2569,120,11.952601312353732,0.04500888910949548,0.14325568281171722,0.3019098187179483,0.36510512235830606,1.0,0.0,0.7916666666666666,5,163.34151458740234,712.561279296875,0.47029221,1,-1,,,0.5837181399063893,4.0187489461760695,False,not-round,reject
5586,92,8.473755162729677,0.20286511015360503,0.18120304959330188,0.23912211915853393,0.46740886367572,1.0,0.25,0.9166666666666667,4,676.15771484375,1135.3970336914062,0.46867238,0,-1,,,1.940052999297854,5.550733438584518,False,not-round;elongated,reject
1313,91,11.217940088214961,0.11466394231373159,0.178390954418582,0.21322740896036615,0.6092062213854452,1.0,0.0,1.0,3,1390.59814453125,696.2750244140625,0.46710774,-1,-1,,,1.7945212648040405,4.640168403431056,False,not-round;elongated,reject
3024,61,12.277237157302883,0.25995679320497045,0.20274584911634755,0.3124113931740651,0.4219364530471598,1.0,0.0,0.875,3,1506.054931640625,455.8618469238281,0.46435222,1,-1,,,1.8999473235124498,4.985689050719519,False,not-round;defocus,reject
10218,135,11.207187562986938,0.07797601669706827,0.27001749679246384,0.3368498917921333,0.4522833341138006,1.0,0.0,0.9791666666666666,5,1312.8792724609375,450.3817443847656,0.46138465,1,-1,,,0.8263686764422843,5.8136827130380375,False,not-round;elongated,reject
9300,84,11.604404717651288,0.007894668303957826,0.24451477165611452,0.2764380501695894,0.5255871851311972,1.0,0.0,1.0,3,1322.1053466796875,464.6967468261719,0.4603001,1,-1,,,1.520028568693237,3.894112689267053,False,not-round;elongated,reject
1977,93,12.56950411760877,0.08170486993769324,0.24007441753412234,0.32058941330871293,0.4665405985381499,1.0,0.0,0.9583333333333333,4,255.3314514160156,241.33775329589844,0.46029755,1,-1,,,1.7852036766153188,7.809071731957135,False,not-round;elongated,reject
4093,1179,10.984256746285986,0.11156640435796204,0.23852130968118254,0.2959215477069733,0.45398298829869765,1.0,0.12,0.9375,50,183.0409393310547,697.1251831054688,0.45888206,1,-1,,,1.1477914674804344,6.275869340580632,False,not-round;elongated,reject
1948,104,12.355206235153396,0.08835375830994975,0.23431774104824646,0.30619569923401047,0.5693854732401278,1.0,0.0,0.9270833333333333,4,230.03097534179688,238.84783935546875,0.45682566,1,-1,,,2.0358514462791835,7.769741386405091,False,not-round;elongated,reject
9398,86,10.796625437846874,0.12161761708567907,0.20545191942416574,0.2792930776687186,0.38608227281594776,2.0,1.0,0.9166666666666666,3,165.47836303710938,1201.939453125,0.44695182,-1,-1,,,1.006953310634677,6.995771107897328,False,two-cores;not-round,reject
5036,51,8.65383621827383,0.03322786914930768,0.18904745627847006,0.24492942293692635,0.7083080204245644,2.0,0.6666666666666666,0.9583333333333334,3,661.5960083007812,1110.7060546875,0.4449776,-1,-1,,,2.044987779297787,7.090354399379494,False,short;two-cores;not-round;elongated,reject
8029,63,10.193291902698778,0.10316052399317249,0.11061785574640984,0.30440621105969945,0.4906137839306488,1.0,0.0,0.7446808510638298,3,1216.279052734375,281.0983581542969,0.44410113,1,-1,,,1.517295842746253,6.570789424333854,False,not-round;elongated,reject
489,71,11.963899616056068,0.012047328267410843,0.2712634360960396,0.3322842277153598,0.458990716993639,1.0,0.0,0.9375,3,1338.34619140625,461.0821838378906,0.43919644,1,-1,,,1.3969894881415361,5.760282682474027,False,not-round;elongated,reject
9819,196,10.84949649238692,0.1493327620988497,0.2914874976174871,0.32661562719162585,0.4846777511297294,1.0,0.0,1.0,9,1295.3867797851562,462.365478515625,0.437720285,1,-1,,,1.2877436179492832,4.922142986830232,False,not-round;elongated,reject
10188,134,11.078642745296577,0.06467473446050669,0.22502684937056877,0.2857108985848107,0.3419441671190384,1.0,0.0,0.9060283687943262,6,1541.046142578125,187.24512481689453,0.43353769,1,-1,,,1.5887681230049344,7.947024073022969,False,not-round,reject
3704,131,12.003944618365193,0.09625517660020175,0.07879138391493991,0.22697079577040868,0.43276452445888,1.0,0.16666666666666666,0.8020833333333333,6,724.0462646484375,814.20947265625,0.43291104,1,-1,,,2.7222152547079688,7.5322362083537495,False,not-round,reject
1792,288,10.415183116278161,0.09831851896822554,0.24760069925189673,0.3210943144001961,0.4359809337733285,1.0,0.0,0.9479166666666667,12,934.1697082519531,881.2606506347656,0.43183063,1,-1,,,1.6257373655327527,7.506538250574982,False,not-round,reject
67,111,10.782508846289089,0.047809908829861435,0.2372847004268353,0.3052696297420745,0.494738777908204,1.0,0.0,0.9375,4,163.10861206054688,725.7706298828125,0.42920712,1,-1,,,1.4194199342846479,7.458540356843408,False,not-round;elongated,reject
8211,69,12.36837719006336,0.03851736578327632,0.07250423864369455,0.1963281064436603,0.2860568468724979,1.0,0.0,0.8333333333333334,3,669.9823608398438,854.0973510742188,0.42914632,1,-1,,,2.2703058565009817,5.440261474279478,False,not-round,reject
293,102,10.364451205675074,0.023614252393478044,0.2874624570208639,0.29673823668463273,0.30164408514300556,1.0,0.0,1.0,4,253.23415374755854,231.05752563476562,0.42892259499999996,1,-1,,,2.1223134967204635,7.711583287728856,False,not-round,reject
728,54,11.452699253330485,0.19339447685954522,0.1786197494241606,0.3043624648014697,0.4608383665829678,1.0,0.3333333333333333,0.7708333333333334,3,1519.4177856445312,474.0679626464844,0.424373075,1,-1,,,1.4914535330915268,7.481866158922337,False,short;two-cores;not-round;elongated,reject
9661,77,14.794794289223056,0.26386652233578084,0.24449554960556658,0.2933353881884771,0.5598891108885888,1.0,0.0,0.9479166666666667,4,179.49305725097656,715.8084106445312,0.42397246,1,-1,,,1.3099461033356619,6.3475591985224895,False,not-round;elongated;defocus,reject
9486,248,10.384093290364314,0.10670183548810519,0.19785931963470227,0.313235923412747,0.5047887906117585,1.0,0.09090909090909091,0.9166666666666666,11,1488.5413208007812,464.92669677734375,0.42384843,1,-1,,,1.2311478900155934,5.557030986828706,False,not-round;elongated,reject
8900,126,12.228052742021934,0.03581707456611491,0.08629088241514199,0.19776952299557066,0.3423449878783548,1.0,0.0,0.875,5,665.6253356933594,835.4796447753906,0.42230806,1,-1,,,2.4026333845893255,8.44828279158104,False,not-round,reject
5289,420,10.994492905093331,0.07819767363835205,0.21941409747976082,0.3124421017189236,0.5309284255500629,1.0,0.1111111111111111,0.9479166666666667,18,1500.1441040039062,467.01869201660156,0.421218335,1,-1,,,1.1795147533018093,6.941763785224542,False,not-round;elongated,reject
8024,149,11.357127468889031,0.25627948787140653,0.21512707528085534,0.30158226109969666,0.4235037404464037,1.0,0.14285714285714285,0.8958333333333334,7,1505.86181640625,434.33447265625,0.42112446,1,-1,,,2.0691504740865536,7.355063288294611,False,not-round;defocus,reject
9113,249,10.721407695029999,0.1146095762737161,0.15278853672461165,0.31444126897344943,0.4879614180279396,1.0,0.2,0.7708333333333334,10,1487.8465576171875,424.6301574707031,0.42105767,1,-1,,,1.6357526066223076,6.486040527164332,False,not-round;elongated,reject
9502,246,11.010675497278523,0.057816647316462834,0.28017171599786456,0.3318050984766061,0.49723415633271917,1.0,0.0,0.9791666666666666,11,1496.1365356445312,436.1281433105469,0.420893205,1,-1,,,1.1415405691360285,4.717865041781336,False,not-round;elongated,reject
288,223,10.404105900310334,0.06112582949798549,0.29470942322853994,0.3270218440565805,0.42145500497986843,1.0,0.0,1.0,10,1526.93798828125,111.20338439941406,0.41698113,1,-1,,,1.5634248922415779,7.8078748512574405,False,not-round,reject
8009,125,11.989458309764402,0.11461396693484027,0.3162130178348242,0.3490596735489633,0.43819734099361163,1.0,0.0,0.9791666666666666,5,1170.6898193359375,583.1262817382812,0.41608664,-1,-1,,,2.347641363818126,6.883322916579119,False,not-round,reject
1442,273,11.185426020382955,0.0710617754006725,0.26748557308201587,0.33891334702727355,0.4742661219379432,1.0,0.0,0.9583333333333334,11,1322.9658203125,427.5368347167969,0.41291714,1,-1,,,1.4806424991259863,6.205013969903391,False,not-round;elongated,reject
3217,142,13.874485339829054,0.21022850682427088,0.13577432583085358,0.2862581282017418,0.4475262953572612,1.0,0.16666666666666666,0.8125,6,163.48505401611328,712.3405151367188,0.41245061,1,-1,,,0.7438817388010655,6.4829632064967475,True,not-round;mislink,reject
2972,56,12.437709597059966,0.2308224207059224,0.21210657301916533,0.35844916798300486,0.5192374597430834,1.0,0.0,0.8333333333333334,3,1508.667724609375,498.9462890625,0.41095144,1,-1,,,2.098348750212617,6.332238207788488,False,short;not-round;elongated,reject
9523,75,11.463928474940312,0.045807663332396824,0.19480052231153805,0.2733011643264082,0.4133172466716012,1.0,0.3333333333333333,0.8958333333333334,3,1328.2647705078125,446.3553466796875,0.41046897,1,-1,,,1.4078155893240683,4.492321110920459,False,two-cores;not-round,reject
9106,160,10.897084982272546,0.10377719568225838,0.21921238240479732,0.2743290245155437,0.41295712725841704,1.0,0.0,0.9375,7,268.8675079345703,159.0536117553711,0.40982072,1,-1,,,1.8427319719001862,8.108061788028987,False,not-round,reject
1638,52,12.692236002516186,0.08966182462223846,0.09209539487663408,0.17736273956923396,0.38982405624919325,1.0,0.0,0.9166666666666666,3,89.19570541381836,427.39976501464844,0.40903815,1,-1,,,2.1167593743501554,5.723033852785866,False,short;not-round,reject
7892,57,10.650285778463223,0.15948206951470975,0.12131833172109042,0.28389740616909387,0.43802652762022887,2.0,0.6666666666666666,0.8333333333333334,3,1468.810546875,444.0329284667969,0.4081787,1,-1,,,1.6877477216577326,6.492691359107156,False,short;two-cores;not-round,reject
2376,101,11.35202088226958,0.08216797047166167,0.22355127710989928,0.3160472484738297,0.46634945755284146,2.0,0.6666666666666666,0.8958333333333334,3,1496.4114990234375,456.04791259765625,0.40687683,1,-1,,,1.7949674939820965,6.80757013840123,False,two-cores;not-round;elongated,reject
6304,245,11.035828755371336,0.09022490539824747,0.2141085152041694,0.3600815232666098,0.4021291208393601,1.0,0.2222222222222222,0.8958333333333334,9,1509.914306640625,446.9618835449219,0.40620247,1,-1,,,1.6399044715892441,7.080074842928845,False,not-round,reject
6885,110,10.253518917010087,0.09696704882669058,0.3187675518981904,0.3315368356787898,0.33460063386254657,1.0,0.0,1.0,3,1475.6935424804688,431.9894561767578,0.405886035,1,-1,,,2.075381293872859,6.4178819287720215,False,not-round,reject
55,933,11.348576680185026,0.06822643306010026,0.13823336377411977,0.32548950552199685,0.45652363435478704,1.0,0.10526315789473684,0.75,38,1491.039794921875,494.8553466796875,0.40452954,1,-1,,,1.069385654302994,7.782624741857201,False,not-round;elongated,reject
1968,88,11.273223487324447,0.1351425264697396,0.19500288127851895,0.3544011186947035,0.536902202338897,1.0,0.0,0.8333333333333334,3,1497.84716796875,500.56817626953125,0.404273565,1,-1,,,1.6435000635297803,7.2092891570939654,False,not-round;elongated,reject
3406,78,12.40761316712594,0.08668258369134686,0.20649662819420347,0.2700291646423851,0.3936564143306568,1.0,0.25,0.9270833333333333,4,277.48182678222656,206.0735092163086,0.40386267,1,-1,,,2.3184320374928333,7.373145434460428,False,not-round,reject
7847,113,11.751491925892404,0.17676034018194703,0.2690611228946899,0.3685897560760364,0.6064799366007381,1.5,0.5,0.96875,4,1508.8502197265625,452.0321044921875,0.4034518,1,-1,,,1.537701675076249,6.374074763239229,False,two-cores;not-round;elongated,reject
2935,61,12.992609796253701,0.02134987426751171,0.20919930904005682,0.2630918069203748,0.47538506638473277,1.0,0.0,0.9166666666666666,3,1314.974365234375,429.7603149414063,0.40159526,1,-1,,,1.7995029592489744,6.315484404054923,False,not-round;elongated,reject
10688,67,9.48063871755973,0.13452215361025674,0.3090915376614608,0.32069732033609244,0.5231562275416861,1.0,0.0,1.0,3,907.555908203125,867.2597045898438,0.40051672,1,-1,,,1.687291517500575,7.877573098628489,False,not-round;elongated,reject
8775,118,11.649674684504465,0.10056216650235177,0.13108747171997384,0.2135855670997291,0.4203221903350395,1.5,0.5,0.8834219858156028,4,146.01837158203125,1197.8058471679688,0.4001962,1,-1,,,1.000196292542766,6.401172122867585,False,two-cores;not-round,reject
4855,76,12.073185802001806,0.008810164100847456,0.03758909469998948,0.18311783055530856,0.29091015023753997,1.0,0.0,0.75,3,701.2036743164062,832.103759765625,0.39494461000000003,1,-1,,,2.499035406170962,7.315050828232093,False,not-round,reject
5249,72,12.337596901571809,0.005963155178287751,0.09812787335273931,0.30905651851294047,0.38616875271570167,1.0,0.0,0.7916666666666666,3,666.8247375488281,842.0841979980469,0.393276615,1,-1,,,2.2399394639984513,7.322624621350461,False,not-round,reject
5657,68,11.111136733590028,0.008293568045748925,0.14683626888086385,0.288104755694574,0.42134338214495415,1.0,0.0,0.8333333333333334,3,1307.8906860351562,461.7895202636719,0.39307689,1,-1,,,1.3728586318820637,3.9227906154907926,False,not-round,reject
7933,71,12.478705711586338,0.061592585030361434,0.09717100754517867,0.27700857186608563,0.2231891121767235,1.0,0.0,0.7659574468085106,3,228.11474609375,690.6287841796875,0.39297542,1,-1,,,2.49143538999522,7.838485065588028,False,not-round,reject
76,65,11.049065305342904,0.02714024581596904,0.3312912326942023,0.3456846751092065,0.4797012591293748,1.0,0.0,1.0,3,1498.0933837890625,504.3927001953125,0.39110205,1,-1,,,1.5560873568312064,4.448758251349169,False,not-round;elongated,reject
1192,83,8.890937189943243,0.1340905310860669,0.25264148173162343,0.34761483123662873,0.45945658704270487,1.0,0.0,0.9166666666666666,3,1503.2452392578125,509.5642395019531,0.3895966,1,-1,,,1.886247314328908,5.683174245303309,False,not-round;elongated,reject
5190,132,9.413394065149374,0.12656981214116447,0.21741295100549402,0.2581026793414029,0.5655770627267807,1.0,0.0,0.9574468085106383,5,274.0943298339844,164.0902557373047,0.388753025,1,5022,0.12708881875569636,0.7001670776465256,1.5825596235071646,5.480602402885867,False,rigid-doublet;not-round;elongated,reject
7264,125,14.127967192834323,0.06691352010378794,0.22955261454039078,0.28907646857196245,0.4038385004234928,1.0,0.0,0.9583333333333333,6,163.3689422607422,712.2119140625,0.38833526,1,-1,,,0.8688892667913449,6.657315675067977,False,not-round,reject
10110,73,14.123888804301016,0.04791949860756473,0.22873594022627114,0.3595766886601393,0.5662275796509796,1.0,0.0,0.8936170212765957,3,116.6386260986328,1209.8370361328125,0.38652572,1,-1,,,1.939413739804423,6.384448094628212,False,not-round;elongated,reject
10684,65,9.803040566430061,0.13421884700454453,0.28476365050435787,0.34451568784884995,0.5428863568975133,1.0,0.3333333333333333,1.0,3,172.11744689941406,1210.4969482421875,0.3845943,-1,-1,,,0.6846885311668359,4.549968703017856,False,two-cores;not-round;elongated,reject
1060,402,9.993568254559019,0.16359933082780725,0.22570004120783307,0.30335092693787363,0.4310025478683134,1.0,0.058823529411764705,0.875,17,917.4017639160156,903.9347534179688,0.38260825,1,-1,,,1.8034682623004064,7.196679231158873,False,not-round,reject
8277,145,10.087156029076574,0.15269180457888565,0.24732427043868918,0.3183861059501295,0.38285174323741233,1.0,0.2,0.9166666666666666,5,1467.191162109375,438.9974670410156,0.38257834,1,-1,,,2.1579227109560124,5.863806880957966,False,not-round,reject
2037,105,10.050909545764096,0.06323178428538981,0.2876409739583195,0.32125994488290893,0.40914465715095594,1.0,0.0,0.9583333333333334,3,1210.5567626953125,295.2502136230469,0.38244924,1,-1,,,1.5744609134591747,6.312987852247665,False,not-round,reject
5135,109,11.321290972132147,0.27075527554270373,0.1415443283516565,0.25096459880644356,0.49963249440371554,1.0,0.0,0.7916666666666666,5,1510.5662841796875,472.5978698730469,0.38101014,1,-1,,,2.1471673691140154,7.407329030607498,False,not-round;elongated;defocus,reject
8326,59,10.618001145119681,0.06292507612765862,0.21279826213818107,0.30041831680558234,0.4497517447207959,1.0,0.0,0.9375,3,1332.14501953125,804.6705322265625,0.38021573,1,-1,,,2.1378117257838882,5.306928778239393,False,short;not-round,reject
2600,67,11.489384066196488,0.0644203255635438,0.06686411119754278,0.18962872100844494,0.3229160185458271,1.0,0.0,0.8958333333333334,3,1153.003662109375,657.2737426757812,0.3800398,1,-1,,,2.718324038417375,6.458267796508197,False,not-round,reject
7162,283,10.807122573994016,0.08267245058163071,0.16103460582913862,0.31929143982981767,0.4499565652021991,1.0,0.08333333333333333,0.78125,12,1314.7216796875,459.45068359375,0.37937406,1,-1,,,1.1861584910293237,5.114336855342012,False,not-round,reject
2094,88,13.226104221882006,0.08558143546452535,0.19653286742896794,0.32805578943536473,0.5267238373585321,1.0,0.2,0.875,5,1504.6083984375,504.76963806152344,0.376103445,1,-1,,,2.6099667759698315,7.59172119331969,False,not-round;elongated,reject
1825,161,11.198568734072692,0.06322405195723257,0.2650398592656266,0.33892179626729074,0.594646903104527,1.0,0.2857142857142857,0.9166666666666666,7,1306.111328125,408.9557800292969,0.37489918,1,-1,,,1.4476082295979862,5.596746639745839,False,not-round;elongated,reject
8379,64,10.635111847602758,0.20468208348072167,0.3272674392029835,0.3579532036450545,0.4782043786957511,1.0,0.0,1.0,3,910.0049133300781,871.0707702636719,0.373877585,1,-1,,,1.6843490653265014,5.723446249219642,False,not-round;elongated,reject
4308,168,10.668266102864186,0.07088771107790084,0.2103273458191518,0.33595942034389603,0.5204447429126442,1.0,0.0,0.875,7,1534.5344848632812,135.69503784179688,0.37316324,1,-1,,,1.7934302248563798,7.197594154199544,False,not-round;elongated,reject
1106,195,12.632013667767595,0.14625529878048713,0.23886646676561346,0.2886626301060322,0.46707387877805573,1.0,0.125,0.9583333333333333,8,1497.211669921875,463.3388671875,0.37276468,1,-1,,,1.7831921572581717,7.500160806888925,False,not-round;elongated,reject
7611,53,12.619210528952628,0.16009078760335388,0.18138701656771383,0.24602658743412,0.5967221214609834,2.0,0.6666666666666666,0.8958333333333334,3,196.0756378173828,725.4998779296875,0.37250754,-1,-1,,,1.1020300087351926,4.213441322439936,False,short;two-cores;not-round;elongated,reject
856,57,9.874330268254786,0.03478306373995643,0.29574356689691644,0.33609966710971567,0.540126076866969,1.0,0.0,0.9791666666666666,3,1501.7138671875,502.5798950195313,0.37247887,1,-1,,,1.7728414658143872,7.248297492474131,False,short;not-round;elongated,reject
6628,73,10.802582044437994,0.043702454768485104,0.3105077875443444,0.3222790374892886,0.47111406814626133,1.0,0.3333333333333333,1.0,3,930.7402954101562,878.1564331054688,0.3710065,1,-1,,,1.4788260312429633,5.698394348107861,False,two-cores;not-round;elongated,reject
2155,104,11.559203469483231,0.14695578194796188,0.16864653278849742,0.2454045580498147,0.4756498904230647,1.0,0.25,0.9479166666666666,4,1493.7098999023438,461.5166473388672,0.37006788,1,-1,,,1.9874573291081299,6.935676586922243,False,not-round;elongated,reject
8163,113,11.500301992116345,0.017040881744847268,0.29336943761093975,0.3088058840483565,0.46471918069751217,1.0,0.0,0.9791666666666666,3,1513.32763671875,431.1368713378906,0.36956587,1,-1,,,2.552049614455465,7.334206761177133,False,not-round;elongated,reject
9475,78,12.613565499515959,0.07013962763138673,0.0781827396721723,0.2969109508422243,0.436120395169431,1.0,0.3333333333333333,0.8125,3,14.310942649841309,489.5447692871094,0.367013455,1,-1,,,2.148922267509795,7.421376211962408,False,two-cores;not-round,reject
9538,108,10.482938354574037,0.08670470358917111,0.27861881357426693,0.30084042221908314,0.4045501647854695,1.0,0.2,1.0,5,1463.9371337890625,455.7637176513672,0.36634138,1,-1,,,2.0170439461982723,7.619225886148263,False,not-round,reject
1133,139,10.936317991017827,0.052644203570195156,0.16610550220831616,0.2704626779247955,0.37960827106913764,1.0,0.0,0.8840868794326242,6,1345.277587890625,712.6869506835938,0.36388507,1,563,0.08411599295901688,0.7498328226942123,1.9028415557466387,5.638351830473079,False,rigid-doublet;not-round,reject
7580,110,10.77898848191533,0.03128297475069276,0.19201564840888996,0.3295862000130102,0.4887635462825305,1.0,0.0,0.8645833333333333,4,928.2157897949219,908.7925415039062,0.36340842,1,-1,,,2.068092387819443,7.456163735831965,False,not-round;elongated,reject
3706,159,11.104889683397612,0.07102690460512354,0.2779834815436971,0.30437654131672487,0.3717858252636918,1.0,0.16666666666666666,0.9791666666666667,6,1335.53076171875,737.928955078125,0.36297724,1,-1,,,1.8292078153427602,7.8773101162478545,False,not-round,reject
6183,216,12.466013760730942,0.07522033684048254,0.23786398899574307,0.2443885350947695,0.43787401750173005,1.0,0.0,0.9895833333333333,10,160.96004486083984,1193.3605346679688,0.36270401,1,-1,,,1.551819246171707,6.091900118791224,False,not-round,reject
74,114,11.729622478357879,0.06212675552522793,0.235047603648383,0.3052204858017774,0.37188582257001196,1.0,0.0,0.9166666666666666,6,1518.5676879882812,473.30393981933594,0.362284615,1,-1,,,1.7638895178755536,7.368718791321387,False,not-round,reject
7461,93,11.449930809369711,0.056809855742559166,0.18784268886130742,0.2364480754692068,0.34004277180296966,1.0,0.0,0.9479166666666667,4,146.27462768554688,1198.022216796875,0.36226484,1,-1,,,1.527139637306408,5.501121582085806,False,not-round,reject
5839,68,11.321157241469827,0.19245521255615775,0.3458301840519246,0.36228524078848157,0.3769021346852109,1.0,0.3333333333333333,0.9791666666666666,3,1509.8663330078125,458.64952087402344,0.36163717500000003,1,-1,,,1.5602886094858888,7.623714660012469,False,two-cores;not-round,reject
3411,118,10.935996333262533,0.11806099269992851,0.1465694993194115,0.3074618919958754,0.3743418543267106,1.0,0.16666666666666666,0.8020833333333334,6,920.7996215820312,878.9467163085938,0.36087698,1,-1,,,2.407593939857919,7.598130292556024,False,not-round,reject
6605,80,10.473053784810869,0.01442443604901583,0.11235808612850236,0.28844059191449833,0.43276053583107266,1.0,0.0,0.7021276595744681,3,928.7537841796875,903.7694091796875,0.36080683999999996,1,-1,,,1.5087569228669913,7.057262645648094,False,not-round,reject
9623,80,12.163431753679536,0.013557975080433198,0.06165532998883976,0.2330429664058729,0.3365884722946837,1.0,0.0,0.7916666666666667,4,237.30397033691406,773.2740173339844,0.35829637999999997,1,-1,,,2.4173924142081953,7.666051271759673,False,not-round,reject
1164,87,11.789549017048712,0.08456549961699206,0.1918102672851686,0.2830549373243411,0.4213629757588503,1.0,0.0,0.9166666666666666,4,181.4268341064453,693.9646606445312,0.3581495,1,-1,,,2.1999310537541463,6.548425556134906,False,not-round,reject
9407,112,12.732160705451836,0.16176144555602906,0.22875157918429836,0.29616531917602223,0.4554742687694022,1.0,0.2,0.9767441860465116,5,190.38092803955078,1215.3123779296875,0.35722653,1,-1,,,0.692907330444389,4.386368217399911,False,not-round;elongated,reject
6992,92,10.962110383652334,0.29128404627720683,0.17585810054803386,0.31927139880670974,0.36723104118839084,1.0,0.0,0.8645833333333333,4,927.1864318847656,901.9835205078125,0.357206225,1,-1,,,2.336232334909324,7.437447271803768,False,not-round;defocus,reject
3309,233,11.287995476150845,0.08227899559522969,0.23181448480383648,0.30384854363644553,0.5278289438016008,1.0,0.0,0.9155585106382979,10,1320.2376708984375,455.630615234375,0.35554147,1,-1,,,1.5030120566714664,6.457120236561321,False,not-round;elongated,reject
5947,95,12.190986925403186,0.06257444714950473,0.21620724737735494,0.25437218369682013,0.44603740110757606,1.0,0.0,0.9685283687943262,4,169.4062042236328,1183.741455078125,0.35550383,1,-1,,,1.5402065386372001,6.3622868684263345,False,not-round,reject
10216,119,12.130982751267512,0.07309313850985028,0.26570083152567003,0.29879244385862636,0.4954601350574024,2.0,0.6666666666666666,0.9583333333333334,3,1465.0408935546875,470.81842041015625,0.3541563,1,-1,,,2.0693966373802217,8.18310074316974,False,two-cores;not-round;elongated,reject
2813,529,10.936261593317841,0.05133045848408253,0.23546504657537595,0.30839488741262167,0.4568875076714851,1.0,0.18181818181818182,0.9479166666666667,22,1306.572021484375,456.0055541992188,0.35376763,1,-1,,,1.2467092446203285,7.04861321721845,False,not-round;elongated,reject
7909,114,10.460383801257377,0.1218734661911763,0.24758455100290933,0.4799756778557847,0.7253272259560015,1.0,0.0,0.8333333333333333,4,199.89029693603516,724.1605834960938,0.35024879,1,-1,,,1.6138783131921304,8.077497181727464,False,not-round;elongated,reject
8399,173,9.258589339649674,0.16624834024815333,0.13863060649578252,0.3046204389913336,0.5474701593503234,1.0,0.14285714285714285,0.7916666666666666,7,890.7234497070312,894.3333740234375,0.34986842,1,-1,,,1.5358798567903074,5.585621036695739,False,not-round;elongated,reject
2684,82,11.96049336175339,0.013832673838017154,0.2002520657973117,0.27714075206939176,0.2947873383768589,1.0,0.0,0.8958333333333334,3,233.1431655883789,228.06920623779294,0.349817975,1,-1,,,1.9692680468229742,7.607459095684491,False,not-round,reject
10065,160,9.756201099624056,0.08704193195274156,0.2492234245073239,0.29777686684058474,0.5856842286907125,1.0,0.0,0.9375,7,1519.3424072265625,197.79700469970703,0.348941595,1,-1,,,1.705118253108917,6.347708493824688,False,not-round;elongated,reject
4142,319,10.433753653677186,0.10923287268763077,0.25951347263832947,0.33045817060662996,0.46763632182349785,1.0,0.09090909090909091,0.9583333333333334,11,929.2500610351562,891.11328125,0.34328786,1,-1,,,1.897443008084089,6.563776876410431,False,not-round;elongated,reject
2402,174,10.844816379041486,0.07866565013181108,0.3032580385547916,0.31419935009403727,0.44246368216915843,1.0,0.0,1.0,7,196.3313446044922,1207.85693359375,0.34325195,1,-1,,,1.2415586020164189,7.085796189072159,False,not-round,reject
4220,128,12.187134660067645,0.12714050079333636,0.09609794647478824,0.30653564210188683,0.3388705391616971,1.0,0.0,0.7395833333333333,6,1507.6014404296875,448.1055908203125,0.34323435,1,-1,,,1.8921283964876723,7.403018903076182,False,not-round,reject
10709,60,11.941326561652492,0.31189557962691644,0.29986087387569965,0.3117501854394243,0.49033479324751444,1.0,0.3333333333333333,1.0,3,1471.3685302734375,471.9495086669922,0.34244291,1,-1,,,1.646585307680569,5.475580258892394,False,two-cores;not-round;elongated;defocus,reject
7867,144,10.418870208207956,0.058192334603678925,0.19484644230029963,0.3079619114815842,0.5376379447121382,1.0,0.0,0.905363475177305,6,1316.0328369140625,779.9512634277344,0.342425125,1,7715,0.12174673904478014,0.8018813358275322,1.885430746709035,5.920951734174307,False,rigid-doublet;not-round;elongated,reject
7506,93,11.262325190023855,0.04259239633645044,0.28283039824408696,0.2917174053666599,0.4402993898805222,1.0,0.25,1.0,4,1239.8226318359375,298.99383544921875,0.3423991,1,-1,,,2.0975876860663107,7.44156110964099,False,not-round,reject
9487,82,11.94341147946898,0.014676275997402614,0.07543598063964224,0.17495362518271693,0.31611718138441924,1.0,0.0,0.8958333333333334,3,1190.6655883789062,574.4479370117188,0.341667725,1,-1,,,2.4746894156049213,6.659264248310407,False,not-round,reject
144,139,11.782456148740788,0.0860979456017875,0.21512045334282248,0.3306402331909351,0.5586610634690605,1.0,0.0,0.9148550724637681,6,1497.9234619140625,516.1190795898438,0.34165525,1,-1,,,1.9659138099074362,7.655564894072113,False,not-round;elongated,reject
2377,70,9.90662218297706,0.017977558712923104,0.183025036944756,0.3120185509501908,0.504500184766355,1.0,0.0,0.8541666666666666,3,1508.135986328125,131.93382263183594,0.34165382,1,-1,,,1.975758685361024,7.474688425526467,False,not-round;elongated,reject
3694,158,11.898873097629744,0.06025835454973996,0.19894216066941897,0.2936533315613016,0.3895485861964655,1.0,0.0,0.9166666666666666,7,1352.49169921875,733.0616455078125,0.34137588500000005,1,3641,0.10499202693920832,0.7210820147990534,1.7745156350591784,5.244129649409205,False,rigid-doublet;not-round,reject
892,83,10.593207393857424,0.03134421979066991,0.3252805520827594,0.3494448865923989,0.5153490087784934,1.0,0.25,0.96875,4,920.7996826171876,898.3656616210938,0.3392549,1,-1,,,2.036365003969409,7.148858301357296,False,not-round;elongated,reject
6396,88,9.48054867633638,0.03700407717626403,0.2098994094009215,0.3508867501884433,0.6137826610123795,1.0,0.0,0.9375,5,177.96465301513672,1189.0291137695312,0.33823025,-1,5971,0.05832654181015096,0.881924797279122,0.8468749520089811,4.356877437870342,False,rigid-doublet;not-round;elongated,reject
4421,78,13.547873088472183,0.16942935507201157,0.14326721275045026,0.23951628341914377,0.3966733969428708,2.0,0.6666666666666666,0.8333333333333334,3,1517.2750854492188,485.6876678466797,0.33734035,1,-1,,,1.9982087801849426,6.592560201110052,False,two-cores;not-round,reject
718,191,10.439397121008332,0.08982824303520702,0.26699177237741345,0.2913424776340742,0.45123006004934524,1.0,0.0,0.9583333333333334,7,1346.8399658203125,724.4044189453125,0.33680308,1,-1,,,2.014235537665475,7.562610642544587,False,not-round;elongated,reject
6177,178,10.254912725908174,0.07101498330241385,0.25912913903705315,0.3229329158066945,0.5423891626541968,1.0,0.125,0.9375,8,1304.7120971679688,447.7263946533203,0.33664735,1,-1,,,1.3946627182908944,7.380165049096052,False,not-round;elongated,reject
7516,95,10.322067622087152,0.057933748322031756,0.28433161880746427,0.29329944089647936,0.44519341236754195,1.0,0.0,1.0,5,742.874755859375,1179.5672607421875,0.3361626,1,-1,,,2.0785946215823983,6.22299565619901,False,not-round,reject
2982,87,11.16604487884294,0.04950474871785982,0.30477715148883133,0.3517417388593315,0.5464645896301579,2.0,0.75,1.0,4,1566.0537109375,1090.7921142578125,0.33382252,-1,-1,,,3.205065900487518,7.5583381913351255,False,two-cores;not-round;elongated,reject
6515,60,10.947916579346371,0.006435059979794894,0.22721460290478013,0.2871560687490954,0.42970895403678006,1.0,0.0,0.9574468085106383,3,190.44656372070312,710.231201171875,0.33318895000000004,1,-1,,,0.734737168594436,4.524079822384845,False,not-round,reject
3739,182,10.008282054521954,0.1026294423969706,0.1851179826314894,0.3174010885461377,0.43221204628318793,1.0,0.125,0.8333333333333334,8,1515.9548950195312,135.2313690185547,0.33218326,1,-1,,,1.5255977083630199,7.619359624199587,False,not-round,reject
9461,67,8.87575439998184,0.1725665915491702,0.19577691226075122,0.30123555560994164,0.6474935033626468,1.0,0.3333333333333333,1.0,3,110.859375,275.10504150390625,0.33102873,1,-1,,,2.93707066542951,6.647714812067384,False,two-cores;not-round;elongated,reject
9455,82,11.719222811119417,0.030471238750222535,0.23244799348649206,0.299587325824951,0.39975829148912084,1.0,0.25,0.9375,4,1452.1591186523438,456.0087890625,0.329954655,1,-1,,,2.0633779798015826,4.694044523144436,False,not-round,reject
5926,166,11.59674429441501,0.16041859461279426,0.21746396316443894,0.3074667669769202,0.563414825482409,1.0,0.125,0.8854166666666667,8,1480.9030151367188,426.85133361816406,0.32730663,1,-1,,,1.7616562082458784,7.296545700858323,False,not-round;elongated,reject
1168,94,12.733127486537194,0.03980931097442143,0.23809358193241398,0.3348301794026288,0.4359554407636685,1.0,0.0,0.9270833333333334,4,1502.00341796875,520.3984375,0.32725583,1,-1,,,2.0704411451942026,5.783483581107283,False,not-round,reject
9559,81,11.198433981119921,0.04734941596505089,0.20126556012215605,0.35173690824898207,0.5138346116387731,1.0,0.3333333333333333,0.875,3,1491.8978271484375,418.8163757324219,0.32510018,1,-1,,,1.9101708766777363,6.129028313493621,False,two-cores;not-round;elongated,reject
7155,203,11.36138296391832,0.15774667739779386,0.14251861530861765,0.30983896749172596,0.4502180861410401,1.0,0.125,0.78125,8,1329.446533203125,439.052978515625,0.32483602,1,-1,,,1.3469614235391272,5.13370366288063,False,not-round;elongated,reject
7231,159,11.10313670705197,0.10112872221836747,0.20338014113162628,0.3009880816848556,0.4978990610035813,1.0,0.0,0.875,6,1459.86083984375,435.0232543945313,0.3244755,1,-1,,,2.0974080864369866,7.315509991280606,False,not-round;elongated,reject
1959,67,12.609507131370206,0.024668801819276824,0.07256573512384797,0.18488020264688007,0.3345876272124962,1.0,0.0,0.875,3,79.24761199951172,426.1847839355469,0.3240263,1,-1,,,1.9584799377094149,7.158790587187724,False,not-round,reject
7058,90,10.887810361642757,0.055843186158698405,0.26346115954552773,0.3114055130045007,0.5472037789371119,2.0,0.6666666666666666,0.9166666666666666,3,906.69970703125,882.0428161621094,0.32389521499999996,1,-1,,,2.298694159872547,6.750768626446757,False,two-cores;not-round;elongated,reject
4725,75,11.120692088368386,0.057311595141984785,0.21362082940257765,0.3113974568611227,0.5229701136176572,1.0,0.0,0.8645833333333333,4,1345.590576171875,784.0443725585938,0.3218852,1,4723,0.11744051569286248,0.7340906066133275,2.1929515191132767,7.826989908187311,False,rigid-doublet;not-round;elongated,reject
1325,71,10.872715459920062,0.10596257100913158,0.21799918406493046,0.3107006887579139,0.4211982813172607,1.0,0.0,0.8854166666666667,4,927.832275390625,889.3670654296875,0.32086638,1,-1,,,2.3789261422558834,5.920512437231657,False,not-round,reject
5164,119,11.047821415765203,0.10496656208647825,0.28910983255287087,0.30852169646520394,0.5087565061598239,1.0,0.2,1.0,5,1489.17529296875,428.3736877441406,0.31825626,1,-1,,,2.0220031865942576,7.589550332718437,False,not-round;elongated,reject
3291,124,10.287512268909497,0.03176693723450174,0.2804041847121939,0.2989317102296685,0.5207784812620825,1.0,0.0,0.9791666666666666,5,1365.35595703125,510.28990173339844,0.3170537,1,-1,,,1.6539365195667164,6.266021888019481,False,not-round;elongated,reject
1141,71,9.839393868988566,0.09992115986756056,0.21080070134092277,0.296005616280947,0.4152836220646073,1.0,0.25,0.9479166666666667,4,242.61575317382807,212.98745727539065,0.31266662,1,-1,,,1.8036852771611342,7.466641601527969,False,not-round,reject
4732,84,10.757578523557926,0.023514183613951065,0.2404150067912565,0.3015162720903402,0.4080696199263195,1.0,0.0,0.96875,4,1330.8983764648438,775.5639343261719,0.31143734,1,-1,,,2.293107945769298,7.84400695307715,False,not-round,reject
10736,52,10.116787184310079,0.10117581134719576,0.08507037384771383,0.3464076398088234,0.5886251001896399,1.0,0.3333333333333333,0.6875,3,1465.9235229492188,438.5656127929688,0.3103623,1,-1,,,1.5562466865981548,5.612151237932134,False,short;two-cores;not-round;elongated,reject
6880,147,9.97879537550698,0.08417521247683522,0.2783875870127342,0.3126740758387516,0.4813237711491628,1.0,0.0,0.9791666666666667,6,1522.7481689453125,149.9644012451172,0.30677706,1,-1,,,1.8520569595397707,7.588532013217168,False,not-round;elongated,reject
9554,109,9.814716454537512,0.1574736101700771,0.2506900513330679,0.25678383032417185,0.5614641169149919,1.0,0.0,1.0,6,167.56552124023438,1213.0311279296875,0.30646566,1,-1,,,0.8115281709050965,8.102650322336585,True,not-round;elongated;mislink,reject
3337,55,13.854171375729457,0.09197001251803921,0.08254177721976892,0.250333665803676,0.5175252971777832,2.0,1.0,0.875,3,175.7791290283203,1207.1951904296875,0.30498955,1,-1,,,1.8203043697660979,8.209140833140511,False,short;two-cores;not-round;elongated,reject
4353,193,10.448924089242212,0.13278069900792008,0.2161338783659808,0.31092223649165535,0.3906385567055501,1.0,0.1111111111111111,0.9375,9,907.9953002929688,894.6785278320312,0.30473828,1,-1,,,2.1132311967869057,7.248543728970855,False,not-round,reject
8341,91,10.926208178222314,0.09757440354847259,0.2431870032744342,0.29970806690897434,0.36072330270659936,1.5,0.5,0.9583333333333333,4,1324.37451171875,440.5747680664063,0.30441687,1,-1,,,1.5255056339541282,4.06138897511375,False,two-cores;not-round,reject
9811,103,11.24933656374161,0.14376473899305095,0.25660588013908214,0.33242999527886313,0.45891838861687534,1.0,0.4,0.9166666666666666,5,894.2857055664062,859.0414428710938,0.30400756,1,-1,,,2.492032433412316,7.556498295285863,False,two-cores;not-round;elongated,reject
10696,65,10.939220544531496,0.07944717080499886,0.236060374127126,0.3812115778072626,0.4587855356388199,2.0,0.6666666666666666,0.8541666666666666,3,907.9110107421876,897.8842163085938,0.30383417,1,-1,,,1.868727450140498,7.7203138000205005,False,two-cores;not-round;elongated,reject
6155,171,10.810460553012568,0.03764472444371009,0.165406072627944,0.2944134143314566,0.4991661542493187,1.0,0.0,0.7604166666666667,8,1324.6080322265625,461.94970703125,0.30217686,1,-1,,,1.5400519247631301,6.159400648326676,False,not-round;elongated,reject
5759,108,11.43982798126101,0.08967443203372673,0.23241186697972332,0.25182710763603267,0.36644075049752445,1.0,0.2,0.9791666666666666,5,62.262582778930664,294.24000549316406,0.30035013,1,5574,0.08355177453546431,0.8062741561040964,2.0579919465186887,7.651862238402241,False,rigid-doublet;not-round,reject
9730,98,12.985401776400892,0.08194006735119183,0.23876553381842353,0.28419986294330657,0.5083189347578092,1.0,0.0,0.9583333333333333,4,134.12407684326172,1195.0723876953125,0.29828093499999997,1,-1,,,1.6377930444301296,6.334410421086612,False,not-round;elongated,reject
5930,166,10.40582624847812,0.0901671068119477,0.2543526354998946,0.28723860739029367,0.5069865952187669,1.0,0.14285714285714285,0.9791666666666666,7,1469.9185791015625,453.8360290527344,0.29380247000000004,1,-1,,,1.436906867486059,5.761854217440016,False,not-round;elongated,reject
8754,61,10.167879679227608,0.0946041706999991,0.15027921528224833,0.29618510924072344,0.5568582705463839,1.0,0.0,0.7916666666666666,3,892.1339111328125,867.0219116210938,0.2930768,1,-1,,,2.0871012496044568,6.34813145709341,False,not-round;elongated,reject
10564,56,10.174157691649237,0.03166969068047795,0.2456118504004629,0.2674010435165991,0.4744594266402923,1.0,0.0,0.9791666666666666,3,155.33389282226562,1212.2103271484375,0.29012467,1,-1,,,0.7312489498003304,7.1810265087395875,True,short;not-round;elongated;mislink,reject
10187,112,11.790793918231603,0.05563621880061937,0.20996329557509114,0.35563801133222844,0.5132316487178158,1.0,0.16666666666666666,0.8333333333333334,6,1478.5711669921875,416.69837951660156,0.28981714999999997,1,-1,,,1.7917915440051475,6.095972845099533,False,not-round;elongated,reject
1664,76,11.850337522745118,0.01777137463325986,0.08121166698979815,0.22942058497544612,0.37779748380146805,1.0,0.0,0.8085106382978723,3,983.6974792480469,422.2062225341797,0.289030495,1,-1,,,2.428447065559479,7.824024345860556,False,not-round,reject
5482,83,11.231695094328355,0.05849047735769309,0.2446655893368645,0.33034151696501735,0.5067985908863207,1.0,0.0,0.9166666666666667,4,190.25997924804688,709.6300659179688,0.28899756,1,-1,,,0.8491742554500888,5.930744122019486,False,not-round;elongated,reject
6077,68,14.582513566569043,0.044678133509487454,0.17789970038282707,0.38617538362304593,0.5048788188932565,1.0,0.0,0.8297872340425532,3,147.0579071044922,1208.1494750976562,0.28840688000000003,1,-1,,,1.875978700454064,5.815703944834508,False,not-round;elongated,reject
2080,59,10.01941118691198,0.23934107014400147,0.24929916867932736,0.31155472546822555,0.41454870850041936,1.0,0.0,0.9791666666666666,3,1389.1004638671875,557.7604370117188,0.28818405,1,-1,,,2.4301768615569683,6.8224579172488555,False,short;not-round,reject
7348,68,10.753308019811353,0.044609090037829806,0.2213515962912468,0.3726620098519224,0.6213490624874816,1.0,0.25,0.8417553191489362,4,210.20945739746094,719.5291137695312,0.285847885,1,-1,,,1.4623289887176667,6.271063430769705,False,not-round;elongated,reject
1574,55,11.33005570728145,0.09347824476287879,0.19696007238815702,0.2861972281337158,0.3942447128805626,1.0,0.0,0.8958333333333334,3,1026.4013671875,396.9909057617188,0.28545585,-1,-1,,,2.330767542152118,7.0702693293107055,False,short;not-round,reject
7299,58,13.72368924330615,0.0852380924585534,0.25974858595992334,0.28839330372056526,0.5871420839997312,1.0,0.3333333333333333,0.9772727272727273,3,190.2914276123047,1215.492431640625,0.284859925,1,-1,,,0.8381158460255335,6.494444781491049,False,short;two-cores;not-round;elongated,reject
9882,178,11.13728637383462,0.04739885352537731,0.18911407005410225,0.2112758301111653,0.340314016943314,1.0,0.16666666666666666,0.96875,6,189.00607299804688,1197.4307861328125,0.280803995,1,8903,0.07012953304725794,0.704696783008309,0.8294632972786812,3.131144069981547,False,rigid-doublet;not-round,reject
8236,58,11.818410992760597,0.07851504337134393,0.13576564781372136,0.19680816820775168,0.3406953137985834,1.0,0.3333333333333333,0.9361702127659575,3,823.5303039550781,728.7106018066406,0.27918509999999996,1,-1,,,2.3997945676730392,6.8016443553618355,False,short;two-cores;not-round,reject
82,71,9.490444005825703,0.036889741100589214,0.24630968523221347,0.3032120576063255,0.415394882956731,1.0,0.0,0.9375,4,1477.6258544921875,467.1110534667969,0.27678707,1,-1,,,1.8355204671293208,7.84734649679423,False,not-round,reject
5609,55,11.16539318953483,0.028126522938673553,0.16131806562123516,0.27604559756198244,0.3845163403929383,1.0,0.3333333333333333,0.8958333333333334,3,1468.9825439453125,447.8917236328125,0.2741931,1,-1,,,1.868892145958119,5.3987999622440235,False,short;two-cores;not-round,reject
5681,68,11.259815206433512,0.07686219140359155,0.20593052558531252,0.28401068757061987,0.5154820787977725,1.0,0.0,0.8854166666666666,4,192.60926818847656,1194.6591796875,0.273506275,1,-1,,,0.96374912192019,6.956749424495185,False,not-round;elongated,reject
9804,147,10.513526638421054,0.08617106187897065,0.1470655470492223,0.3136666479402612,0.5040852962009358,1.0,0.2857142857142857,0.7708333333333334,7,1305.87744140625,437.9983825683594,0.27181825,1,-1,,,1.31899868889279,6.424591427148468,False,not-round;elongated,reject
6565,57,12.311287598256039,0.1810224137287299,0.14827856194739636,0.3609096121361465,0.46002130070369723,2.0,0.6666666666666666,0.8125,3,1520.94384765625,455.56982421875,0.2678276,1,-1,,,2.5176123540355624,6.38171682678944,False,short;two-cores;not-round;elongated,reject
4930,135,9.436931086743721,0.30134960354323015,0.16470104553463,0.3535184364972916,0.621684026843797,1.0,0.0,0.875,5,183.98956298828125,1190.022216796875,0.26780742,-1,5276,0.015295019241412557,0.7279099804761432,0.9992702362963221,2.700041657097555,False,rigid-doublet;not-round;elongated;defocus,reject
5595,78,10.387510741485322,0.020874060089692312,0.31423661998499003,0.33572422366178595,0.36927213925018876,1.0,0.0,0.9895833333333333,4,905.2544860839844,879.7121276855469,0.26693552,1,-1,,,2.3356714753060106,6.920039828979175,False,not-round,reject
4064,63,10.599973198401038,0.03941939995968123,0.2582882143107866,0.26496349511786177,0.4158819186363279,1.0,0.0,1.0,3,185.1798248291016,1192.0245361328125,0.26631755,1,-1,,,1.5503802734899175,6.979424737971769,False,not-round,reject
3927,65,11.125243813445298,0.024937192161728086,0.19897196387966312,0.32004716292874474,0.44010760632428186,1.0,0.0,0.9583333333333334,3,177.57711791992188,1207.7086181640625,0.2662877,1,-1,,,0.7470114910582298,5.529078733429872,False,not-round,reject
534,161,9.96242222448913,0.07972940841872178,0.24559182244715072,0.32266690512204216,0.5070347492130141,1.0,0.0,0.9375,7,201.71112060546875,705.1104736328125,0.26596835,1,-1,,,1.91931758813777,7.522382869959804,False,not-round;elongated,reject
8932,182,10.166296459674491,0.09101878089932057,0.20205260476640347,0.24818631520095039,0.49215061285911227,1.0,0.1111111111111111,0.9791666666666666,9,166.82249450683594,1189.124755859375,0.26574865000000003,-1,-1,,,0.936083986420861,6.894539590900937,False,not-round;elongated,reject
1769,191,14.378124042793608,0.04305150458493077,0.21600202557234993,0.28370161469637434,0.5586506953036459,1.5,0.5,0.9270833333333334,6,1479.48974609375,481.0467224121094,0.26530877,-1,54,0.08674977813763926,0.7021074544587542,1.2304489247231798,4.494168414563032,False,rigid-doublet;two-cores;not-round;elongated,reject
3935,74,11.783723520752297,0.03820730971040898,0.25733277132224586,0.2916080054905223,0.5229840075197316,1.0,0.25,0.9583333333333334,4,197.14086151123047,704.7758178710938,0.264432965,1,-1,,,1.5307703196018634,5.599876513449328,False,not-round;elongated,reject
4915,63,14.332298503115718,0.023154090019750946,0.31664629995253274,0.3435441936504191,0.4708998053338213,2.0,0.6666666666666666,1.0,3,192.9976501464844,737.84228515625,0.2641086,1,-1,,,2.5356432490283423,6.280538611596594,False,two-cores;not-round;elongated,reject
9090,255,11.098761326491445,0.12056990114858769,0.2040539156366621,0.299378467790403,0.413724033842839,1.0,0.25,0.8645833333333334,12,162.03646850585938,1184.99267578125,0.2591872,1,-1,,,1.0014054201556395,6.116354335058335,False,not-round,reject
4836,108,13.981742950445787,0.03766334002634773,0.20777891651748398,0.27934376095037283,0.561872975777431,1.5,0.5,0.90625,4,1482.96728515625,464.3978271484375,0.25830186,-1,-1,,,1.0615192575028474,5.490661792833313,False,two-cores;not-round;elongated,reject
3383,109,11.595791715225374,0.09726200731982855,0.27637960027404274,0.2985771533647315,0.4878096728012335,1.0,0.0,0.9375,3,1376.1470947265625,521.418212890625,0.2571355,1,-1,,,1.708348906610237,6.625279882036399,False,not-round;elongated,reject
6753,110,13.44521833931829,0.049932730281276,0.1760050894165755,0.22668319820570804,0.5274052150837033,1.0,0.0,0.8958333333333333,4,153.38470458984375,1187.5186767578125,0.25625041000000004,1,-1,,,2.585468175060717,5.53429733511112,False,not-round;elongated,reject
2090,87,10.499155501995492,0.14164384963246682,0.25526426862371177,0.370758792042315,0.47190414637607736,1.0,0.0,0.9791666666666667,4,1228.167236328125,311.15606689453125,0.25510973,1,-1,,,2.1646265790311876,6.9885168385016465,False,not-round;elongated,reject
7918,213,11.881504169621191,0.056095332869971294,0.23126212054926776,0.2672799120634612,0.42791388111687034,1.0,0.2,0.9791666666666667,10,166.79710388183594,1204.6021728515625,0.2537093,1,-1,,,1.174353602638737,7.589611906048703,False,not-round,reject
9304,74,10.516390120918066,0.1406443248849345,0.29230989004708463,0.32485842634294365,0.5287174427100284,2.0,0.6666666666666666,0.9791666666666666,3,172.62532806396484,1202.2835693359375,0.25248894,1,-1,,,1.2022591004268472,7.006211839355506,False,two-cores;not-round;elongated,reject
995,105,10.110325183630527,0.1097625289234168,0.18260565707711846,0.2918411133250062,0.4587062977964133,1.0,0.0,0.875,5,1486.229248046875,468.8696594238281,0.24439089,1,-1,,,1.476159968558901,8.428708718392057,False,not-round;elongated,reject
9430,58,11.22621020056238,0.02031826923450299,0.1646253643907929,0.31249069288880504,0.3421202463163198,1.0,0.3333333333333333,0.8333333333333334,3,1328.1663208007812,785.2379150390625,0.24371505999999998,1,-1,,,2.3151416755243237,6.544048710131337,False,short;two-cores;not-round,reject
593,152,9.874121915806665,0.07465952728033262,0.2636065463345254,0.32571704129807344,0.5252387647292421,1.0,0.0,0.96875,6,1473.7467651367188,472.8431396484375,0.24006661499999998,1,-1,,,1.729288125227132,7.444506832087076,False,not-round;elongated,reject
6853,160,16.744007631405932,0.09960006623346027,0.25430092468074095,0.32060651154456693,0.5371185101588847,1.0,0.14285714285714285,0.9361702127659575,7,143.47530364990234,1211.0963745117188,0.23558832000000002,1,-1,,,1.2604820627845845,5.0878917522255005,False,not-round;elongated,reject
5982,93,11.399482754771984,0.03769910054019382,0.2865196700250251,0.3151467876410897,0.3127217842754618,1.5,0.5,0.9791666666666667,4,1355.48486328125,514.0225219726562,0.2255161,1,-1,,,1.4122996134743133,4.221452072755245,False,two-cores;not-round,reject
1999,72,9.985955479811292,0.07871664169080832,0.2914983379493601,0.3012105821213184,0.4041434818992299,1.0,0.25,1.0,4,1458.3886108398438,484.781005859375,0.22458092000000002,1,-1,,,1.5843305537719412,7.3927108434171025,False,not-round,reject
8603,67,17.078153794331364,0.10143033041908583,0.18046834938445605,0.28315512909572693,0.420344775538233,1.0,0.0,0.8934108527131783,4,134.7150421142578,1211.96142578125,0.21812065,1,-1,,,1.1438330888871626,2.757384253009284,False,not-round,reject
7140,54,10.554824837359154,0.10163395485462791,0.26482597264843977,0.3170494199109979,0.511780886108783,1.0,0.3333333333333333,0.9583333333333334,3,1344.709228515625,516.0946960449219,0.212976635,1,-1,,,2.0423279345285654,7.65539284025588,False,short;two-cores;not-round;elongated,reject
1,1897,11.43763233528026,0.0024893572676568843,0.005532602233816609,0.006093752693780015,0.10550529341636555,1.0,0.0,0.9791666666666666,80,591.82666015625,959.7297973632812,202.00226,1,-1,,,1.0732807683250762,5.957130425128024,False,,single
341,1853,10.84320763814856,0.0038156857536414644,0.004887505505783218,0.00585420799601321,0.0963921231304565,1.0,0.0,0.9583333333333334,78,1052.065185546875,930.7937622070312,142.75475,1,-1,,,1.1193733798678407,3.61260826004505,False,,single
2,1897,11.860674034127602,0.01330926985476697,0.005357623812775354,0.039109662714572044,0.205798834140417,1.0,0.0,0.75,80,755.4908447265625,1190.635009765625,120.03317,1,-1,,,1.0214596562613973,3.988267225195075,False,,single
4,1897,13.30599825164453,0.004413695127467443,0.0045909431628753,0.030320209263928137,0.17283583123445628,1.0,0.0,0.75,80,1311.3582763671875,444.5222778320313,118.92734,1,-1,,,0.8505289681048566,3.697742546963053,False,,single
5,1897,10.744597630334926,0.133799462135734,0.0062275428023114915,0.007660774737544014,0.11557501856167082,1.0,0.0625,0.9583333333333334,80,1022.36572265625,63.16592025756836,105.75366,1,-1,,,1.1449505133899645,4.9521831418566435,False,,single
7,897,10.035112482717436,0.038117903033838996,0.00818923545041051,0.009440006057668588,0.13967734479899802,1.0,0.0,0.9791666666666666,38,559.8189086914062,1185.951171875,92.19254,1,-1,,,1.20514379451898,4.6131318849034555,False,,single
6,1897,9.677129818470256,0.21603846612311223,0.006887151771454431,0.008044138031637536,0.12482698236722947,1.0,0.0875,0.96875,80,999.9922485351562,235.94517517089844,83.02784,1,-1,,,1.3411206667588973,5.497651079247816,False,,single
366,1856,8.934198540990243,0.23945051131567718,0.012167165572102694,0.013873311987337175,0.17103538774964228,1.0,0.1282051282051282,0.9791666666666666,78,1339.6356811523438,852.5868530273438,58.87689,1,-1,,,1.4200207366594075,4.595500184866555,False,,single
10,1897,9.100513701997684,0.15564143229258362,0.012149841745442109,0.014711087645834267,0.16980754287314886,1.0,0.0375,0.9791666666666666,80,1510.1649169921875,266.1249084472656,54.59305,1,-1,,,1.3318809422837448,5.048349835597802,False,,single
488,889,11.784455601138387,0.10203153366911466,0.008303551034077735,0.036064989731311774,0.20978266887566882,1.0,0.05405405405405406,0.8125,37,22.12333869934082,352.6858825683594,53.39967,1,-1,,,1.0455171916057475,3.330796227277761,False,,single
9,1897,9.491164094361785,0.19844878149774442,0.012639720164860133,0.045595822411365755,0.22876199171412567,1.0,0.2125,0.8333333333333334,80,872.9712524414062,1160.8551025390625,45.814648,1,-1,,,1.3537029380251382,4.884077319170448,False,,single
11,1897,8.484427400039426,0.13901046500351133,0.014764336348370134,0.01526462379453948,0.1949854526961343,1.0,0.0625,1.0,80,341.8600769042969,650.0757446289062,27.948729,1,-1,,,1.3694214648415415,4.841296108974464,False,,single
4319,367,8.478186281601454,0.14883940156849784,0.01774033785991719,0.020358727892297188,0.2030295132060615,1.0,0.06666666666666667,0.9791666666666666,15,995.4930419921876,1198.7152099609375,19.740618,1,-1,,,1.5856533676311564,5.019084643745656,False,,single
16,1897,7.892679391004355,0.17200541304759262,0.021497952830304437,0.023246758707405963,0.22797385225828246,1.0,0.0625,1.0,80,1186.486572265625,171.41549682617188,18.366251,1,-1,,,1.539244143765155,5.157139325415341,False,,single
988,516,7.463906714466953,0.0951151791494096,0.011676969840656127,0.014139496268426331,0.1649791843367342,1.0,0.0,0.9789450354609929,22,992.5462951660156,1192.3612670898438,18.005993,1,-1,,,1.7202352026621028,6.082064298446258,False,,single
4498,133,12.16870176794647,0.05098986842923401,0.05722247693307177,0.06266691544759179,0.32789498991363175,2.0,0.6666666666666666,0.9479166666666667,6,138.92617797851562,1062.25537109375,17.385414,-1,-1,,,2.110215702954015,4.951769146877878,False,,single
9082,316,8.042148769718363,0.051760824561731214,0.017761308417933972,0.08862321510513542,0.28139899931388657,1.0,0.0,0.8020833333333333,14,690.0441589355469,1075.5225830078125,11.662614999999999,1,-1,,,1.3747049795285133,4.3530646448786765,False,,single
362,230,7.534162444936083,0.1835860599011364,0.03317776943226015,0.03782329676287462,0.28984043403702875,1.0,0.1,1.0,10,155.20623779296875,999.4224853515625,7.3476535,1,-1,,,1.6595275395444542,7.316463017332476,False,,single
8971,338,10.644421132500362,0.16999581997782384,0.078320702242959,0.08748270836484187,0.3866931848948112,1.0,0.13333333333333333,0.9583333333333334,15,992.4800109863281,74.08113861083984,7.25874125,-1,-1,,,2.2753539034130816,7.089062638650535,False,,single
5261,108,7.635314422755405,0.24710914960912214,0.027316063707651883,0.032284506853262916,0.22469037060753644,1.0,0.25,0.9791666666666666,4,143.36004638671875,1061.3600463867188,6.5479628000000005,1,-1,,,1.6243530244046782,5.029967003892864,False,,single
2342,322,7.549333539951737,0.05825008075084763,0.04070882723081848,0.041924887351304306,0.31914512578596377,1.0,0.0,1.0,14,153.00270080566406,1065.1627807617188,6.49030565,1,-1,,,1.8397564319357433,6.190075656609046,False,,single
1827,99,7.02797393470239,0.20094419584421808,0.04078388672115034,0.04245379373659249,0.3184282814866879,1.0,0.0,1.0,4,164.99594116210938,1051.6029052734375,6.476299,1,-1,,,1.7893861410243441,5.9236543201207414,False,,single
105,264,10.697544395776427,0.1950419403854255,0.05968460179970268,0.08319708418154137,0.37592238400865535,1.0,0.18181818181818182,0.9375,11,272.97642517089844,723.5531921386719,5.420632149999999,-1,-1,,,2.00097709316385,6.228127365774594,False,,single
4940,180,7.079216023886703,0.1378257656574485,0.04292532066710744,0.04295527749367588,0.32372611807308127,1.0,0.0,1.0,8,118.79850387573242,967.2322387695312,4.698339,1,-1,,,1.7909083470526266,4.991211678448484,False,,single
5147,244,11.521703589413875,0.177146774345448,0.06938671678141772,0.08722228459453121,0.3757749032104692,1.0,0.2,0.9583333333333334,10,1271.6725463867188,394.0652618408203,4.4748332,-1,-1,,,1.7521195518723967,6.78164846818432,False,,single
