particle,n_frames,R_px_med,R_cv,resid_med,ring_cv_med,ecc_med,n_cores_med,frac_multicore,inlier_med,n_shape,x_med,y_med,sym_med,polarity,rigid_partner,rigid_sep_cv,rigid_corr,med_step,max_step,mislink,reason,proposed
2513,214,11.699292740418551,0.042900944090944505,0.01703713963332352,0.11311877399814728,0.39946194124736584,1.0,0.0,0.8738918439716312,12,468.2459716796875,10.746167182922363,55.5756815,1,-1,,,1.068424833018801,2.986597860801264,False,not-round,reject
5,55,10.003076089906632,0.00747796544086685,0.028341170007942555,0.02984756120631052,0.2760105988464009,1.0,0.0,1.0,4,19.08500289916992,960.8245239257812,39.401237,1,-1,,,1.3833775041318992,3.0655858259042263,False,short,reject
7,1421,9.267938107625064,0.29753882039019003,0.019676586738591968,0.021335533867602598,0.2183949681925889,1.0,0.2375,0.96875,80,1020.4960327148438,930.9688720703124,38.146397,1,-1,,,1.5449930232175575,4.981043336521845,False,defocus,reject
7477,75,11.103331048343948,0.05944256873036595,0.019418384535341567,0.1435345224438659,0.4271349140547953,1.0,0.0,0.7880434782608696,4,7.896824836730957,811.6539306640625,32.925236,1,-1,,,1.1492690203542963,3.7506820052501895,False,not-round,reject
15,1421,14.37712651118825,0.016404834847806322,0.02875047648775609,0.1174523911046909,0.2692777075864018,1.0,0.0,0.7708333333333334,80,1051.5928955078125,1022.115966796875,30.549103,1,3914,0.04261317977143031,0.7480273979980531,0.7744050961996894,2.759288389647799,False,rigid-doublet;not-round,reject
13,1421,15.285335243740468,0.024403600279231105,0.032743822993280915,0.10705125310871494,0.3282940722637443,1.0,0.0375,0.7916666666666666,80,1175.328369140625,175.06898498535156,28.631548,1,444,0.07350069334816924,0.729877502811414,0.7013904770343388,7.041896507551104,True,rigid-doublet;not-round;mislink,reject
3888,781,11.893599872125474,0.1230305222476026,0.011661491713782116,0.18590181849892445,0.3912781341481383,1.0,0.20454545454545456,0.7083333333333334,44,1158.068359375,196.47325134277344,24.594133,1,6456,0.035621866495209924,0.7685155929506493,0.7674901423165367,4.047536315352109,False,rigid-doublet;not-round,reject
513,867,9.422056662590377,0.10979391188061302,0.015903150404117987,0.12936490802823375,0.31290732004602767,1.0,0.04081632653061224,0.8125,49,830.6362915039062,612.7373657226562,23.056772,1,-1,,,1.2401843241331723,4.969309966913276,False,not-round,reject
5664,89,13.034765937194392,0.007915898666658198,0.12991102527312054,0.13370670969110274,0.5027149262001858,1.0,0.0,1.0,5,472.8380432128906,6.528103351593018,22.81621,1,-1,,,0.807866501618843,2.315907683957459,False,not-round;elongated,reject
4117,740,22.27627998231532,0.08404280193207292,0.008293497522007115,0.16787582735628376,0.30608362744186546,1.0,0.30952380952380953,0.8854166666666667,42,235.37973022460938,757.4462890625,22.389415999999997,1,-1,,,0.775355995698075,4.688490915769369,False,two-cores;not-round,reject
4923,125,12.813976041929767,0.03846779303555574,0.1356240711673029,0.15264831672891838,0.4491657338234205,1.0,0.0,0.9787234042553191,6,471.6220397949219,6.985374450683594,20.84272,1,-1,,,1.089702293378077,3.1968767548622994,False,not-round,reject
14,689,22.366966036994423,0.03174683776718291,0.005956891937802285,0.22384911598014645,0.3180694108778573,1.0,0.358974358974359,0.7708333333333334,39,256.54656982421875,751.1631469726562,19.676962,1,-1,,,0.7221642636653914,3.8130473248532404,False,two-cores;not-round,reject
5489,519,9.517966983700534,0.10199134146082628,0.016169053334316202,0.14253575177794714,0.30646687660173716,1.0,0.034482758620689655,0.7291666666666666,29,835.5404663085938,562.1754760742188,19.225319,1,-1,,,1.2054563015602702,3.85611382627329,False,not-round,reject
19,1421,8.437988715742208,0.2948724011074054,0.025037733273122205,0.029626907630449326,0.24275088779371928,1.0,0.15,0.9791666666666666,80,804.62255859375,250.0195770263672,17.751312,1,-1,,,1.525408599430639,5.496554716509124,False,defocus,reject
18,1421,10.737736799563283,0.36966828575305316,0.03616238039990555,0.04501532219309039,0.2999143536770015,1.0,0.1375,0.9583333333333334,80,810.2463989257812,189.54942321777344,17.287195,-1,-1,,,1.6134060707986633,5.606519828691414,False,defocus,reject
10,85,9.16909811551748,0.20620076083220973,0.020421519811508564,0.17212548838051162,0.3426703220244785,1.0,0.4,0.75,5,836.9429321289062,619.9483642578125,17.012201,1,-1,,,1.4513339621895025,3.3804338640644374,False,two-cores;not-round,reject
4253,433,13.63667693868015,0.1902004103646841,0.0619843268323384,0.15964590861862313,0.2478310115917138,2.0,0.75,0.9166666666666666,24,48.77530288696289,319.006591796875,13.783459,-1,4731,0.09555431111189286,0.8621066809324462,1.7053638290930926,5.330725277031601,False,rigid-doublet;two-cores;not-round,reject
1139,370,11.976707187031652,0.06664115450367422,0.08133283860331823,0.1298586144993417,0.42839492194655315,1.0,0.047619047619047616,0.9166666666666666,21,1187.9705200195312,161.21682739257812,13.770698,1,-1,,,0.6418944323485087,6.051921623910546,True,not-round;mislink,reject
36,423,13.440884518130172,0.03581323430638429,0.04449791759557366,0.10784195486009182,0.30699957678322165,1.5,0.5,0.8173611111111111,24,1370.14208984375,15.937529563903809,12.233337,1,-1,,,0.619363033475295,2.332866628571179,False,two-cores;not-round,reject
3283,883,7.3794678528505955,0.356912006527924,0.022063031036573158,0.024986357891976483,0.229453883881123,1.0,0.12,0.9791666666666666,50,665.7454223632812,1129.6868896484375,11.598728,1,-1,,,1.7923697910171723,5.84984608577303,False,defocus,reject
207,650,11.799513130025906,0.1095517495853888,0.10680720360449894,0.14425109379994497,0.4600491697648828,1.0,0.3783783783783784,1.0,37,179.0684585571289,440.28277587890625,11.461092,1,2617,0.1017390338715015,0.7905420819866075,1.2279408226484265,4.268265962599639,False,rigid-doublet;two-cores;not-round;elongated,reject
23,421,7.347006123943165,0.29368888728396586,0.03443531712725824,0.04334343671642993,0.25383844811645395,1.0,0.4583333333333333,0.9791666666666666,24,952.2611083984376,497.8908996582031,11.259282,1,-1,,,1.8085424196177553,5.84577818981189,False,defocus,reject
20,1421,11.057696821395446,0.2832082092558308,0.04063338033209231,0.055246365562736016,0.276854709352086,1.0,0.25,0.9583333333333334,80,421.2601013183594,1062.0208740234375,11.1894865,-1,-1,,,1.8958238472464948,5.740355118178994,False,defocus,reject
35,459,22.05791978493773,0.07279799547037258,0.015618311994084751,0.2617337258327248,0.4120012304265132,1.5,0.5,0.7083333333333334,26,513.64794921875,83.21971893310547,10.920311,1,-1,,,0.6821458384171915,5.253504089936049,False,two-cores;not-round,reject
34,1411,25.97916330697367,0.01947155756814474,0.01691171300901683,0.1034345718301003,0.28268051196102956,1.0,0.3670886075949367,0.7872340425531915,79,524.58349609375,30.10184860229492,10.60808,1,-1,,,0.7442715213701848,5.973816638231539,True,two-cores;not-round;mislink,reject
6133,144,11.49374947696404,0.08720433562625322,0.05738831878603734,0.0919044000463356,0.3666444434123023,2.0,0.875,0.9259751773049645,8,20.69830322265625,1007.7129211425781,9.983948999999999,-1,-1,,,1.7928795804580964,6.187297269463206,False,two-cores,reject
31,453,13.252674861172745,0.03192520444827544,0.05215903436917034,0.15546008003761652,0.3268291108630754,1.0,0.3076923076923077,0.8125,26,1388.146728515625,23.43674659729004,9.944814,1,-1,,,0.6384820749069494,4.9483551717269245,False,two-cores;not-round,reject
21,1418,9.119701871403613,0.43432570285110744,0.03316748615699394,0.03898534351368459,0.2581216629410553,1.0,0.175,0.96875,80,435.2056884765625,914.7133178710938,9.6829025,1,-1,,,1.8374779744073884,6.259300929197119,False,defocus,reject
8011,101,10.689892663433989,0.2441917169009012,0.02307802352878739,0.12306156780654533,0.36937224004600877,1.5,0.5,0.7708333333333334,6,75.23492431640625,731.3756713867188,9.566983,-1,-1,,,1.2821397329115087,3.909149155806051,False,two-cores;not-round,reject
4869,284,13.451472534153167,0.22842651565012545,0.041731569475297436,0.17434934968073457,0.29718303945099156,2.0,0.6875,0.7604166666666667,16,70.30372619628906,735.8056030273438,9.553459499999999,-1,-1,,,1.5782199324836976,4.6528396094530615,False,two-cores;not-round,reject
4000,372,12.052828929368717,0.0343335129652542,0.1236790555730664,0.13223469196974952,0.523001084630771,1.0,0.42857142857142855,1.0,21,145.28567504882812,445.64292907714844,9.4713335,1,5405,0.11476735382175578,0.7348372044383645,1.2234395496729338,6.858227772914218,False,rigid-doublet;two-cores;not-round;elongated,reject
29,52,7.591409599142856,0.23196420981395832,0.030112491192028773,0.035413968940289114,0.28345982006233494,1.0,0.0,0.96875,4,696.1794128417969,1099.9409790039062,9.423683,1,-1,,,1.8096216921030739,7.103626114116121,False,short,reject
2790,955,21.981239255514744,0.035424272624644815,0.009742189056821459,0.21020424057515694,0.3308906954468842,1.0,0.37037037037037035,0.75,54,490.1853942871094,65.3666000366211,9.397006,1,-1,,,0.871119131103928,6.341800988471785,False,two-cores;not-round,reject
9,96,12.270542218370482,0.1224154533507873,0.022380005217125666,0.1919870455168624,0.3375370364992992,1.5,0.5,0.71875,6,1164.1712036132812,177.3271026611328,8.758476,1,-1,,,0.974768483405108,4.1262316956727645,False,two-cores;not-round,reject
1896,304,9.205358075551684,0.15447385972370403,0.03088028323226453,0.14751347291752281,0.3709520418268471,1.0,0.058823529411764705,0.875,17,80.87167358398438,739.9107666015625,8.728905000000001,1,-1,,,1.310075183619526,5.163562809705235,False,not-round,reject
3110,916,12.144605577166338,0.34190443678058763,0.058656249187331616,0.06594331364243605,0.36981925642734126,1.0,0.40384615384615385,1.0,52,430.74195861816406,156.69485473632812,8.4476195,-1,-1,,,1.768862121033705,5.15283113904978,False,two-cores;defocus,reject
2617,85,13.654731381511665,0.09725479605267898,0.21676088241489969,0.2352518968723214,0.4201758865930648,2.0,0.8,0.9375,5,182.14508056640625,443.2488098144531,8.442061,-1,207,0.1017390338715015,0.7905420819866075,1.4050252028700387,5.859769623128689,False,rigid-doublet;two-cores;not-round,reject
7424,149,9.53808708049696,0.0731083743507377,0.021918850955981735,0.2047221230799624,0.273310935225557,1.0,0.0,0.6875,8,1466.9373779296875,832.8685302734375,8.371518,1,6401,0.07287990925065119,0.7007659268838298,1.2602669836645841,4.7186936838584055,False,rigid-doublet;not-round,reject
3233,169,11.515392378905464,0.11977919975633251,0.059828331339408236,0.14536090217013542,0.4350487026923806,1.0,0.4,0.8333333333333333,10,1155.49072265625,179.0900115966797,8.285198,1,-1,,,0.6891137732850868,5.07750950870467,False,two-cores;not-round,reject
4265,184,11.279410866503673,0.07634405420709169,0.06859294537267328,0.14998340465769266,0.34267847545824537,1.0,0.0,0.8541666666666666,10,1149.17919921875,181.7034683227539,8.265322,1,-1,,,0.7359408133909661,5.420621782187408,False,not-round,reject
1613,478,9.445035158467665,0.3060293533163722,0.054639819293125044,0.08381671454901443,0.37856132219078187,1.0,0.2692307692307692,0.9166666666666667,26,1421.767333984375,269.06504821777344,7.4401607,1,-1,,,1.7796718649487981,5.780769286899946,False,defocus,reject
33,1180,10.13891460495681,0.11924436825159568,0.05276281789738109,0.23369435866323918,0.3816966510645124,1.0,0.030303030303030304,0.7916666666666666,66,1041.8743286132812,1030.6973876953125,7.39618015,1,5876,0.05267770690556639,0.793040157649636,0.9163154135021256,3.7063361051009216,False,rigid-doublet;not-round,reject
5560,54,12.08185516620649,0.07453589206653005,0.06115015983993439,0.10080682312787632,0.3325472563550385,2.0,1.0,0.8541666666666666,3,25.920679092407227,1044.3190307617188,7.36580465,-1,-1,,,2.1245962819104878,5.800417436835228,False,short;two-cores;not-round,reject
3393,94,11.911459621630247,0.0825263091939642,0.11536489068986859,0.16204075225549702,0.4937918289906521,1.0,0.3333333333333333,0.9479166666666667,6,152.87552642822266,451.88600158691406,7.11515135,1,-1,,,1.1854253889808901,4.304242023953925,False,two-cores;not-round;elongated,reject
7443,94,8.910617522101074,0.19054305400233737,0.057937646436481145,0.1923667420136679,0.38610134615051894,1.0,0.2,1.0,5,66.02191162109375,739.861083984375,7.0956918,1,-1,,,1.3265538009478146,5.285859487646902,False,not-round,reject
4174,72,12.016806370902852,0.01919932037088109,0.12423045486359684,0.12495479047906573,0.5366505266297719,2.0,0.8,1.0,5,151.66443634033203,447.12437438964844,6.924842,1,-1,,,1.2722548376531535,3.4007455374163977,False,two-cores;not-round;elongated,reject
5325,218,11.881291639785875,0.037960432327943425,0.06709678434891203,0.12857859540682132,0.3625684425863874,1.0,0.0,0.8854166666666666,12,1154.7539672851562,185.10141754150388,6.91912825,1,5547,0.041898276456173625,0.7241761778377442,0.6935976005294426,4.496929654790743,False,rigid-doublet;not-round,reject
8342,50,8.541954494917658,0.02755139071907224,0.06992703709135703,0.07005556146086146,0.4092213695437272,1.0,0.0,1.0,3,1483.0694580078125,826.7276000976562,6.86943565,1,-1,,,1.542013507412351,4.226578763128058,False,short,reject
6763,306,9.028163171840252,0.19097082627609752,0.03184937511027297,0.20343101750484532,0.35774081404606517,1.0,0.05555555555555555,0.7916666666666666,18,831.4295959472656,542.1737060546875,6.818099500000001,1,-1,,,1.239153244974624,4.2660770984506735,False,not-round,reject
3651,182,8.89529810049984,0.24929923618274222,0.016101181022413466,0.11542191699082234,0.29914844443084654,1.0,0.4,0.6875,10,61.89865493774414,734.4507446289062,6.607560250000001,1,-1,,,1.499443900591085,7.35671253816997,False,two-cores;not-round,reject
676,548,12.21163416375176,0.0947837640525079,0.039706637679495144,0.21339209580860782,0.4672873204958686,1.0,0.2,0.7083333333333334,30,1173.4652709960938,172.95169067382812,6.535580400000001,1,-1,,,0.8904249517497748,7.258410949161022,True,not-round;elongated;mislink,reject
5858,52,10.86679792599586,0.06246707398148079,0.0695732958963862,0.08869552513699215,0.35558465743777706,2.0,1.0,0.9166666666666666,3,15.145261764526365,1015.1654052734375,6.478794,-1,-1,,,1.9611175592890622,5.757926718231301,False,short;two-cores,reject
5623,324,9.948337900121693,0.21061535397900394,0.058026497507219874,0.1593816200043655,0.3632026553770967,1.0,0.4444444444444444,0.8229166666666667,18,73.0422248840332,748.9178161621094,6.45826935,1,-1,,,1.4164513408541648,4.016671561219677,False,two-cores;not-round,reject
5002,155,8.390973650353166,0.049520776580789384,0.04144548265268762,0.20836286784412617,0.3967506942656862,1.0,0.0,0.75,7,1469.479248046875,831.2451782226562,6.413033,1,-1,,,1.5470064831414034,4.675590739142356,False,not-round,reject
4049,244,13.305391945732921,0.05243362311802642,0.036616345607877444,0.13407468774243148,0.3123255322869175,2.0,0.9285714285714286,0.8005937654626423,14,1369.6470947265625,9.966159343719482,6.2157885,1,-1,,,0.7381657868827306,6.075915624598193,True,two-cores;not-round;mislink,reject
8188,64,12.19291065020511,0.04706142074270577,0.11387333219481943,0.12554972470872544,0.530025729448761,1.0,0.2,1.0,5,200.24054718017578,464.2510681152344,6.1084081999999995,1,-1,,,1.1522139790268568,3.386244438889597,False,not-round;elongated,reject
7478,133,9.021686983371646,0.17523791486822618,0.04861991500367987,0.17844723273740887,0.5090873943981783,1.0,0.0,0.875,7,1059.4478759765625,1049.903076171875,6.0248027,1,-1,,,1.0650211271731416,3.7590831816261265,False,not-round;elongated,reject
6904,79,12.114269520646777,0.13529030884552698,0.13839489113409276,0.19845257454693932,0.5276798148344174,1.5,0.5,0.875,4,1156.1046142578125,174.48793029785156,6.021546,1,-1,,,0.7615086990499403,4.146370874888492,False,two-cores;not-round;elongated,reject
2784,705,13.18561481437429,0.042163102457048525,0.06551205552054831,0.18298847412735564,0.37249133144303936,1.0,0.34210526315789475,0.7708333333333334,38,1389.5736083984375,11.542255401611328,6.019589,1,-1,,,0.6940193515047443,8.098805869034107,True,two-cores;not-round;mislink,reject
1248,180,9.455885154083958,0.09334027243675884,0.07662070813729491,0.20492777510287,0.42715409988270614,1.0,0.0,0.7708333333333334,11,1478.8507690429688,853.6867065429688,5.94241405,1,-1,,,1.5124697524763657,7.986182370594554,False,not-round,reject
3219,130,9.377022607639343,0.06798096984682885,0.03796028823180335,0.2207226833756955,0.3273988256203179,1.0,0.14285714285714285,0.75,7,1469.0250244140625,839.9649047851562,5.92400335,1,3401,0.07761793884724173,0.7568049398761181,1.4907488173877719,7.265297790585002,False,rigid-doublet;not-round,reject
8,212,9.401859198526747,0.29660762970992416,0.09893944693800533,0.19623592841617377,0.47992596885970473,1.0,0.4166666666666667,0.875,12,1453.3814086914062,868.7575988769531,5.8260203,1,-1,,,1.6370743659609295,4.2689726492247395,False,two-cores;not-round;elongated;defocus,reject
3209,357,12.221408390771707,0.14191781367351938,0.07739505900424144,0.08843181282159429,0.3965889597813278,1.5,0.5,0.9569444444444445,20,132.7966766357422,44.96259689331055,5.811245,-1,3765,0.10887550224812449,0.9213690444793118,1.9024581861870717,5.743393684753278,False,rigid-doublet;two-cores,reject
3956,92,10.893186056022351,0.07180889893667476,0.13071739760609402,0.18922282925991976,0.6064207391920078,1.5,0.5,0.90625,6,1462.1698608398438,836.0469970703125,5.802543999999999,1,-1,,,1.385166560433802,6.792677483739491,False,two-cores;not-round;elongated,reject
1281,154,12.12058218180317,0.032455872101925715,0.13171926056822303,0.14238502631912467,0.5638768355864939,2.0,0.5555555555555556,1.0,9,192.6862335205078,437.8566436767578,5.7536548,1,207,0.11193670225403261,0.7269382197562421,1.2038242006720734,4.214735030083502,False,rigid-doublet;two-cores;not-round;elongated,reject
6208,181,9.192814447512989,0.12611972076569047,0.15162862871619945,0.17238112557026375,0.539315062378835,1.0,0.3,0.9479166666666667,10,1445.6041259765625,825.637939453125,5.7084765,1,-1,,,1.5531340175862514,4.836491874285627,False,not-round;elongated,reject
2105,355,14.320288553790972,0.22192851068118374,0.07220143030947199,0.1379585879791267,0.3624283297802907,1.0,0.3,0.8229166666666667,20,57.90291976928711,982.9581909179688,5.702143,-1,-1,,,2.0944227099195873,6.5901931170221815,False,not-round,reject
224,140,11.975815596732684,0.05982064877374245,0.12943027638820442,0.17646412777395842,0.5305002638807252,2.0,0.7,0.9479166666666666,10,209.5950164794922,432.8876647949219,5.622058,1,207,0.09820811541311894,0.7145771694032074,1.3205760507778899,4.2929280127048,False,rigid-doublet;two-cores;not-round;elongated,reject
22,742,13.81198569206542,0.0909018966885034,0.1251908790705577,0.18984271505319905,0.4112923236744974,1.0,0.05,0.9560386473429952,40,867.0997009277344,1215.0730590820312,5.542635000000001,-1,-1,,,0.47842740104634623,6.050366687610321,True,not-round;mislink,reject
4890,81,12.1753898696516,0.027725970849812622,0.12140392224022384,0.13656181390511343,0.533728159387588,1.0,0.25,0.9895833333333333,4,136.2023468017578,439.71771240234375,5.5418363,1,-1,,,1.2377194911177583,5.272430195178888,False,not-round;elongated,reject
3109,152,14.694190881873402,0.03767552279234738,0.06517219856816937,0.1259515010451155,0.2906370287724475,2.0,0.6666666666666666,0.8723404255319149,9,1368.7578735351562,6.450025796890259,5.497131400000001,1,-1,,,0.6795682794801792,1.8955386428059287,False,two-cores;not-round,reject
5405,60,11.929059985236373,0.012176582648263627,0.13205653722448968,0.13292741307294367,0.5487779208476831,1.0,0.0,1.0,3,135.4269790649414,439.87950134277344,5.289627749999999,1,4000,0.11476735382175578,0.7348372044383645,1.4966825757048279,5.432890779431922,False,rigid-doublet;not-round;elongated,reject
663,663,8.268474307354095,0.10118924843061966,0.029955595131205874,0.20210274361399594,0.30893437381697153,1.0,0.05555555555555555,0.7708333333333334,36,837.2706909179688,617.9838256835938,5.2757573,1,-1,,,1.215656659799372,4.106229836892169,False,not-round,reject
6656,89,15.944714458103705,0.0797189021873152,0.07375722373161493,0.15207811849761338,0.3348958362393609,1.0,0.2,0.8958333333333334,5,1258.8592529296875,920.0056762695312,5.1343546,-1,-1,,,1.8812470591777175,7.234083907832934,False,not-round,reject
2659,112,9.433031369161204,0.11727489717387413,0.06389140668710999,0.16539426007816652,0.4148960756135806,1.0,0.0,1.0,7,1478.989990234375,847.2072448730469,5.0776487,1,-1,,,1.4487203621936493,3.761249382727196,False,not-round,reject
7874,116,12.63335103281258,0.23305481324973082,0.0672020426243075,0.16968820870504325,0.4042107195502328,2.0,0.6666666666666666,0.8645833333333333,6,75.59060287475586,743.5625305175781,4.9039,-1,8012,0.083242878440696,0.7246604280403511,1.6917117946883458,6.384549886729634,False,rigid-doublet;two-cores;not-round,reject
5291,556,18.36246372876941,0.1562971611187094,0.11350199744650163,0.30218931356783063,0.4767080199144537,1.0,0.16129032258064516,0.875,31,1075.3256225585938,926.6005249023438,4.8905718,-1,-1,,,1.9979281285153112,6.495466312104163,False,not-round;elongated,reject
41,89,10.826010103014493,0.06428699620292327,0.07340780679756989,0.22406924814152201,0.47013824423579803,1.0,0.0,0.75,5,1177.311279296875,171.10125732421875,4.7574325,1,-1,,,0.8020487607268117,3.121658973607168,False,not-round;elongated,reject
47,1056,13.170051692115539,0.13080038375636235,0.17573450926885767,0.2871340271631959,0.5716013086931714,1.0,0.3220338983050847,0.875,59,1378.7260131835938,20.92685604095459,4.6543998,1,-1,,,0.7731120157644942,4.202921887172554,False,two-cores;not-round;elongated,reject
3215,304,9.494424115209254,0.1563884040177812,0.0721228393330951,0.17877395161547557,0.41747231367343046,1.0,0.0,0.8333333333333334,17,1346.4690551757812,1094.7611694335938,4.6459866,1,-1,,,1.3928247137931462,5.011854567831819,False,not-round,reject
28,623,8.672706937476974,0.2807910286620743,0.05253412200150461,0.07100552566068546,0.3335041059857129,1.0,0.08571428571428572,0.9375,35,409.418701171875,690.6871948242188,4.643896,1,-1,,,1.9447222272412663,5.329074613137075,False,defocus,reject
5873,136,12.698669938092795,0.03777273879728286,0.08638538927028469,0.14120191331956017,0.44815994225857014,2.0,0.625,0.9479166666666666,8,1242.905029296875,915.2453002929688,4.619657999999999,-1,-1,,,1.7383377118886538,5.238079686971032,False,two-cores;not-round,reject
5976,62,10.74888957811088,0.05056478652849688,0.12525691460312177,0.16208566439814281,0.49533734720241995,1.5,0.5,0.9791666666666667,4,1444.5820922851562,829.5494689941406,4.5941367,1,-1,,,1.4203242325696015,4.91006517574909,False,two-cores;not-round;elongated,reject
45,129,7.773923424889226,0.030026996384819357,0.0594788065418983,0.19675470509589085,0.42288617002090995,1.0,0.0,0.8541666666666666,8,115.43157958984376,731.921875,4.5743775,1,-1,,,1.271998841330757,5.504672078045845,False,not-round,reject
2327,80,9.400955000263341,0.11380447366928934,0.07528364392402034,0.12964253280509977,0.4233657363432768,1.0,0.0,0.9479166666666667,4,1492.6608276367188,847.8056945800781,4.5706728000000005,1,-1,,,1.6942713744730518,5.769460572866468,False,not-round,reject
39,151,10.657593241990638,0.13230697753685294,0.0702482734844631,0.16141521410396245,0.47842915203610936,1.0,0.0,0.875,9,1363.287353515625,1101.1951904296875,4.543425,1,-1,,,1.4508805238824025,4.322179203084136,False,not-round;elongated,reject
7510,166,12.349039841523425,0.16141305579134618,0.07920738802887366,0.1803731217698678,0.45526406193518604,2.0,0.8888888888888888,0.8333333333333334,9,1305.6990966796875,896.1045837402344,4.4905683,-1,-1,,,1.5500697398404892,7.554103012753842,False,two-cores;not-round;elongated,reject
4995,227,13.730095622868495,0.13294109190299533,0.12859482870106292,0.18504974369622623,0.4326934537032291,1.0,0.0,0.9565217391304348,13,865.2208251953125,1215.0067138671875,4.456046,-1,-1,,,0.5000294168347934,7.489531582108703,True,not-round;mislink,reject
3401,163,9.649075729380625,0.09691977444832568,0.09285532476073197,0.193889372513638,0.48443373121656863,1.0,0.4,0.875,10,1465.212890625,833.100830078125,4.451115,1,3219,0.07761793884724173,0.7568049398761181,1.4813107161657508,4.2548877493491855,False,rigid-doublet;two-cores;not-round;elongated,reject
4489,195,9.489392683465574,0.09272467839300443,0.10436965056755361,0.2185097132737497,0.45168402575692457,1.0,0.36363636363636365,0.9166666666666666,11,1469.7227783203125,833.3046264648438,4.424756,1,-1,,,1.6145663828613643,8.25306474993732,False,two-cores;not-round;elongated,reject
1252,426,11.021139968128882,0.03490068359113631,0.05280902149309685,0.1471338978562778,0.3073931532462489,1.0,0.0,0.8541666666666666,24,1181.3888549804688,178.43040466308594,4.395018,1,-1,,,0.7209136298472902,6.193030598560952,True,not-round;mislink,reject
5443,84,9.939050260908408,0.05231678345796824,0.06648689687178179,0.16930187094376115,0.4246621302951995,1.0,0.0,0.84375,4,1317.2376098632812,1093.8038330078125,4.3455435,1,-1,,,1.647983855993888,6.046839669710611,False,not-round,reject
1625,106,8.223479596210971,0.134058416220888,0.05128031256965049,0.17671484303792598,0.3743683499373138,1.0,0.2,0.8958333333333334,5,89.14351654052734,733.4045104980469,4.33331895,1,-1,,,1.3812838571663997,7.434333138214263,False,not-round,reject
975,231,10.757351319879312,0.0990533609875455,0.07915610278406858,0.17419625217696486,0.40958680736216424,1.0,0.0,0.8854166666666667,12,1350.9400634765625,1085.698486328125,4.2443957,1,-1,,,1.4452707352127176,4.99566650504811,False,not-round,reject
5077,67,9.446156335993434,0.030725905152101045,0.09951200961386532,0.14112366949175764,0.3839082631227785,1.0,0.0,0.9166666666666666,3,1327.73193359375,1084.4068603515625,4.2228622,1,-1,,,1.320195087458802,4.106926170707963,False,not-round,reject
6298,129,13.649825786373855,0.07398186843540938,0.10485349991494548,0.19350906747294544,0.45160237471153436,2.0,0.7142857142857143,0.8958333333333334,7,97.79533386230467,428.7545471191406,4.142383,-1,-1,,,1.8474452008146367,6.3934637835319545,False,two-cores;not-round;elongated,reject
6401,273,10.031675030934315,0.14346871663941455,0.13065466907925086,0.19930410642635532,0.5455622576116579,1.5,0.5,0.9583333333333334,16,1459.1224365234375,829.4937133789062,4.1319594,1,7424,0.07287990925065119,0.7007659268838298,1.4771575874146503,5.873485439334056,False,rigid-doublet;two-cores;not-round;elongated,reject
38,141,17.11673615635223,0.13243118319784183,0.2574095316733571,0.30008431500971655,0.45112184642457387,1.0,0.0,0.8958333333333333,8,569.3421630859375,121.99876403808594,4.0012975,-1,-1,,,2.1291725707829894,6.927444042845839,False,not-round;elongated,reject
936,120,11.107683841031227,0.06701340025344628,0.06363468165068001,0.08030184619697765,0.31890158761644105,2.0,0.8571428571428571,0.9166666666666666,7,97.10491180419922,979.0750122070312,3.9880875,-1,-1,,,2.213130524019523,6.182800554784604,False,two-cores,reject
6641,63,10.847468970516832,0.06391252783827134,0.10878233827604744,0.18646184911564526,0.3798770347192547,1.0,0.0,0.8958333333333334,4,1158.9114990234375,183.28208923339844,3.8798583,1,4148,0.0348303109729056,0.8180359406610395,0.7666145742336289,2.993861731049762,False,rigid-doublet;not-round,reject
3813,127,7.327607776682802,0.12222220539777283,0.059794901384196436,0.20367289968482347,0.4082685863412353,1.0,0.125,0.8645833333333333,8,50.22969436645508,739.168212890625,3.8746755,1,-1,,,1.6174046419365933,4.474795849964432,False,not-round,reject
7933,52,10.974754910717186,0.0257752044702588,0.07739064448258778,0.09040138598252556,0.4040290417386168,2.0,1.0,0.9166666666666666,3,9.737957000732422,1000.1116638183594,3.85772315,-1,-1,,,2.2520335268963017,5.40000691719624,False,short;two-cores,reject
44,1407,11.583755255705633,0.23684479870834396,0.07863204346683056,0.11047994789706045,0.3649508141051623,1.0,0.14102564102564102,0.9368351063829787,78,1160.909423828125,340.4355773925781,3.8207862,-1,-1,,,2.0862761121936204,6.8544532848615205,False,not-round,reject
523,73,14.639470862856014,0.07903126690664704,0.17246990921041835,0.3272222941606872,0.6927123761509375,1.0,0.4,0.8958333333333334,5,1193.3917236328125,163.650634765625,3.7911227,-1,-1,,,0.7860273785117777,7.0156743698219355,True,two-cores;not-round;elongated;mislink,reject
161,54,12.154444217174223,0.299530708538821,0.12930196476849695,0.18979403163943911,0.45224039136017236,2.0,0.6666666666666666,0.8958333333333334,3,1455.890869140625,856.8681335449219,3.78441955,-1,-1,,,1.8792235677603961,7.466090420388787,False,short;two-cores;not-round;elongated;defocus,reject
6748,70,8.892880524453261,0.06383721780885304,0.15740994551662404,0.23889040926885277,0.2997801607063598,1.0,0.0,0.9166666666666667,4,77.10017776489258,746.7175598144531,3.7759767,1,-1,,,1.4269624257261075,5.344135945657349,False,not-round,reject
3803,798,8.088521143217342,0.2764245407148207,0.05291898897777167,0.06527325230083235,0.3443281730615251,1.0,0.13333333333333333,0.9583333333333334,45,473.4372100830078,703.2395324707031,3.73978745,1,-1,,,1.9811471602091661,6.897791809875773,False,defocus,reject
3013,86,8.20545271067462,0.030101175411489024,0.022953482071980398,0.199361504832805,0.3513837751766876,1.0,0.0,0.7395833333333333,4,73.85835647583008,737.9467163085938,3.56933025,1,-1,,,1.3043781098741785,4.939438540402136,False,not-round,reject
4908,176,11.46431345928173,0.2268850091700921,0.060733573505188466,0.10676447409902218,0.38020216585200334,1.5,0.5,0.9895833333333333,10,1265.2112426757812,912.3227233886719,3.5661443,1,-1,,,1.8442675176508057,7.736238006962406,False,two-cores;not-round,reject
4390,89,7.911383287123617,0.20262798892506753,0.09652357484226182,0.1255305233108151,0.4794972591611423,1.0,0.2,1.0,5,1261.6766357421875,908.7526245117188,3.5268323,1,-1,,,1.829153255613849,7.860104480034969,False,not-round;elongated,reject
1704,109,9.62082629511232,0.12591922105145217,0.08925267874025287,0.211321791240155,0.47835018524158956,1.0,0.16666666666666666,0.8645833333333333,6,1487.11572265625,845.7041625976562,3.5109532,1,-1,,,1.4388280965604923,7.612986517339495,False,not-round;elongated,reject
4050,172,13.588308170076239,0.1408387098725619,0.11023374437029707,0.31667943438493634,0.5153686828955781,1.0,0.0,0.8909722222222223,10,1043.4684448242188,1010.1637573242188,3.5058820500000003,1,-1,,,1.007731782913295,7.569752823463858,False,not-round;elongated,reject
4014,250,14.184609953134814,0.16835517316087414,0.09405066226859256,0.18042644197648258,0.45784854753983445,1.0,0.3076923076923077,0.9166666666666666,13,78.13883590698242,419.9659881591797,3.5041244000000003,-1,-1,,,1.93702532128083,5.202062383821511,False,two-cores;not-round;elongated,reject
6624,55,13.386766500342134,0.049720195909941096,0.11700022480376021,0.2482442101169135,0.5086128858970362,2.0,0.75,0.9270833333333334,4,91.7912826538086,421.67529296875,3.3942308,-1,-1,,,1.6973286862505919,7.9011888072423355,False,short;two-cores;not-round;elongated,reject
4052,120,13.319165254981655,0.09108972565317855,0.12797580598533803,0.21728958308271873,0.40510472984427565,2.0,0.8333333333333334,0.875,6,86.14245986938477,420.15037536621094,3.3691941,-1,-1,,,2.1347755089643776,6.124634467620289,False,two-cores;not-round,reject
2187,117,9.267720015917472,0.08563674342656857,0.07231921712619167,0.20184913913370847,0.5285296892948034,1.0,0.0,0.7291666666666666,5,1354.1212158203125,1066.9522705078125,3.3484805,1,-1,,,1.7184346511705149,7.671398746450527,False,not-round;elongated,reject
3391,137,12.726994518907638,0.10424321039544987,0.0726922968905459,0.18761243659535526,0.4623501829092155,1.0,0.375,0.8333333333333333,8,85.0928726196289,425.8800354003906,3.346528,-1,-1,,,1.916160964561931,4.642171600866119,False,two-cores;not-round;elongated,reject
6082,273,8.833330029712515,0.1933857187137759,0.06447807303039939,0.1854487753140095,0.4469898617286969,1.0,0.1875,0.8645833333333333,16,1296.934814453125,1123.611572265625,3.3464978,1,-1,,,1.6175638948612594,4.562468506236029,False,not-round,reject
5968,142,12.733018895788799,0.07191812472116771,0.07138929103148978,0.20956587194578957,0.30543008912518194,1.0,0.125,0.9266400709219859,8,1374.0945434570312,12.262389183044434,3.30114295,1,-1,,,0.9305339862121015,5.298798519037797,False,not-round,reject
5126,206,14.465370499633124,0.14959275515811288,0.02859989711841862,0.15639660463340532,0.3062140445426974,1.0,0.18181818181818182,0.6458333333333334,11,1037.573486328125,1009.9561157226562,3.28927455,1,-1,,,1.0847019287820363,7.5560269006722125,False,not-round,reject
2152,1079,7.9414001998057,0.3055454685038207,0.05367152092589364,0.06728760295606329,0.3526625435233318,1.0,0.08333333333333333,0.9375,60,699.0689697265625,233.1970367431641,3.249573,1,-1,,,1.9403306448257571,6.1241272685192945,False,defocus,reject
6858,167,13.992688648028205,0.23624430147716663,0.14974294458071394,0.25810510529166575,0.5882777366568648,1.0,0.3333333333333333,0.9166666666666666,9,1164.4088134765625,159.41943359375,3.1576917,1,13,0.11914039320470203,0.7099441639846357,0.7494347879593376,3.2580846328737,False,rigid-doublet;two-cores;not-round;elongated,reject
704,110,8.55081162236815,0.12809256583728848,0.1281817283652889,0.21597066009699345,0.5307426908774677,1.0,0.3333333333333333,0.9270833333333333,6,1459.0645751953125,868.48291015625,3.1337444000000003,1,-1,,,1.7037811436372092,5.4839132177774355,False,two-cores;not-round;elongated,reject
7201,219,10.939380177760995,0.0774778017055605,0.07496860832793104,0.2079845765639595,0.36376099787273414,1.0,0.0,0.8333333333333334,13,1169.0338134765625,183.33224487304688,3.0605085,1,-1,,,0.7393922324275738,7.376422033109276,True,not-round;mislink,reject
2360,93,7.5775798769410985,0.16023689699140525,0.06713968351071446,0.13381349855101185,0.4123163483591192,1.0,0.0,1.0,5,1279.5352783203125,890.1580200195312,3.0309365,1,-1,,,1.5991075702530022,4.590085289789476,False,not-round,reject
2802,129,9.864975826025452,0.0885483467147431,0.10471938406623982,0.11079729493755042,0.4888315301348436,1.0,0.2857142857142857,1.0,7,1283.09375,890.6826171875,3.0195248,1,-1,,,1.4728441854156604,4.264400068563696,False,not-round;elongated,reject
4382,119,12.312516943039443,0.13828302484194807,0.15255997184932532,0.186769833507308,0.27575299731661396,1.0,0.0,0.9361702127659575,7,1602.0419921875,501.398193359375,3.0050356,-1,-1,,,2.499424806690965,7.594174281144611,False,not-round,reject
25,964,10.511791652528977,0.2751353882528265,0.08166745011310375,0.10396935395896016,0.3829772195513353,1.0,0.07407407407407407,0.9583333333333334,54,1294.2556762695312,206.1435089111328,2.9568058500000003,1,-1,,,2.167131966742143,7.103068685005065,False,not-round;defocus,reject
4758,54,11.593142160610922,0.20903372430769782,0.07043673461060726,0.20978689951689172,0.45147921388924916,2.0,0.75,0.84375,4,840.7273254394531,591.2037048339844,2.9512592499999997,0,-1,,,1.3019517101593554,2.921939355543822,False,short;two-cores;not-round;elongated,reject
444,623,9.463516575950944,0.24600603707372773,0.10754829901739693,0.28562691005082097,0.49337100035851944,1.0,0.17647058823529413,0.8020833333333333,34,1208.2308349609375,164.14285278320312,2.947765,1,13,0.07350069334816924,0.729877502811414,0.8324736120734652,5.422242942618613,False,rigid-doublet;not-round;elongated,reject
5498,72,13.289413583587637,0.01698265614548785,0.03194958391779419,0.12924971865438062,0.3182869416460677,2.0,0.75,0.7446808510638299,4,1378.0311889648438,14.358885765075684,2.93864535,1,-1,,,0.8356378375967828,7.419254122612,True,two-cores;not-round;mislink,reject
1702,322,14.094065069074702,0.21447664055586246,0.1262807345183428,0.23021724729631396,0.48738295417877975,2.0,0.5294117647058824,0.9375,17,133.2747802734375,401.1742858886719,2.86956405,-1,-1,,,1.834460515123357,6.818019509515375,False,two-cores;not-round;elongated,reject
1224,74,7.7253972401952575,0.1041166967085059,0.13454867307057744,0.1974617911607361,0.5503397986352946,1.0,0.0,0.9270833333333333,4,1284.6874389648438,929.9811401367188,2.86794005,1,-1,,,1.7994540416463565,5.972193609910643,False,not-round;elongated,reject
6485,59,10.635809272837928,0.10731006855699711,0.06441836575878795,0.06451880995486146,0.31421679815101966,2.0,0.6666666666666666,1.0,3,1526.578857421875,233.05694580078125,2.8668063,1,-1,,,1.9404517839399504,4.534663840221522,False,short,reject
7298,50,12.45618902347141,0.11655116659832636,0.1664101026917656,0.23569651274959513,0.4491137705563577,1.5,0.5,0.9680851063829787,4,1386.7804565429688,5.1299889087677,2.8559891,1,-1,,,0.8013685607603286,5.649694189618043,False,short;two-cores;not-round,reject
6213,65,10.920658220441087,0.14510924872660413,0.1805956931748714,0.2232887357915632,0.5964858431462601,1.0,0.3333333333333333,0.9583333333333334,3,842.695068359375,566.2261962890625,2.8338897,1,-1,,,1.3666067446210663,4.343660951898702,False,two-cores;not-round;elongated,reject
754,78,11.178795264668782,0.060191767779956315,0.1577482499132754,0.22712730701075998,0.46135872893771634,1.0,0.0,0.9375,4,1190.8543090820312,164.8888168334961,2.824085,1,-1,,,0.7453547842602755,2.7200022173374894,False,not-round;elongated,reject
6161,58,10.979065326841948,0.06677221811417881,0.06265434386777056,0.06274778443817614,0.3511460691876195,2.0,0.75,1.0,4,1522.28662109375,235.62168121337888,2.82160345,1,-1,,,1.8147827140221449,5.0310167298019,False,short;two-cores,reject
2205,194,13.111756139339784,0.13521705652024732,0.10336951296547317,0.20416114941872188,0.49526789203825944,1.0,0.0,0.8645833333333333,12,125.16473770141602,395.857421875,2.7023649,-1,-1,,,1.9221272522647184,7.419900456630944,False,not-round;elongated,reject
1027,53,10.843077721788728,0.0954454327133156,0.06286982138214958,0.06296318578291267,0.3485166809453189,1.0,0.3333333333333333,1.0,3,1568.7274169921875,183.09552001953125,2.6301432,1,-1,,,1.8072950428746395,4.252023584416593,False,short,reject
6878,241,12.648751405296906,0.16735574371219966,0.12794894109681945,0.1648394496161219,0.3924456442295313,1.0,0.07142857142857142,0.9775252525252525,14,863.8328247070312,1214.793212890625,2.6117952,-1,-1,,,0.6160740501775618,7.910519930838946,True,not-round;mislink,reject
5435,170,13.554356668334734,0.12427494077278281,0.1143298546210824,0.212563464581156,0.4897397445485836,2.0,0.7,0.84375,10,107.81966018676758,428.77870178222656,2.6045899500000003,-1,-1,,,1.8667484600676318,6.78657257674256,False,two-cores;not-round;elongated,reject
1645,116,8.59527262414441,0.11952928628907397,0.086309494304897,0.20436091766693076,0.4574808764302153,1.0,0.16666666666666666,0.8333333333333333,6,1292.3865966796875,910.4049072265625,2.5940541,1,-1,,,1.9848248518675535,6.9017896081340515,False,not-round;elongated,reject
6339,92,13.855596681532091,0.08317875613072692,0.13253671752386426,0.18379551333706304,0.4517912663870189,1.0,0.0,0.9565217391304348,5,866.0640869140625,1215.0262451171875,2.5891056,-1,-1,,,0.5629002494909278,7.786210273277134,True,not-round;elongated;mislink,reject
7586,162,9.62640057751131,0.2541014407387424,0.06794133591960644,0.07863922186498776,0.3735531849186973,1.0,0.3333333333333333,0.9375,9,1504.3348388671875,227.95720672607422,2.58764035,1,-1,,,1.7004614453154283,6.501831933053303,False,two-cores;defocus,reject
3458,448,25.191693885460296,0.1150516074249511,0.022150742690374356,0.2569777280721762,0.40904940321916927,1.0,0.23076923076923078,0.8847517730496455,26,512.8188171386719,22.666669845581055,2.5376439499999996,1,-1,,,0.8186367953766939,5.766329178142759,False,not-round,reject
1822,104,8.43590432661395,0.33594188641568656,0.06871881666492059,0.20959317205621408,0.5401896826799937,1.0,0.0,0.7916666666666666,6,1076.463134765625,1026.347900390625,2.51002215,1,-1,,,0.9338076684819693,6.828370809683781,False,not-round;elongated;defocus,reject
7707,145,10.239085008725297,0.18172102891909772,0.10334010760681449,0.21611481478277456,0.5815114260600001,1.0,0.1111111111111111,0.875,9,1263.0946044921875,1114.9705810546875,2.46966,1,-1,,,1.7307345556974643,6.370886304848889,False,not-round;elongated,reject
2608,511,9.773122794384747,0.20683432173367924,0.10276845016439218,0.134004649563369,0.39408255286611904,1.0,0.03571428571428571,0.90625,28,644.5199584960938,1166.815673828125,2.4393759,-1,-1,,,2.5109299570619603,7.794985721214922,False,not-round,reject
3756,91,7.574735872938879,0.06550305600238106,0.05134813084748365,0.19426779288667465,0.3746377133414238,1.0,0.0,0.7708333333333333,4,1265.90478515625,890.2305908203125,2.3887146,1,-1,,,1.481278426605772,7.02150897483238,False,not-round,reject
939,58,7.848202306162273,0.008422681841021046,0.07080335302552197,0.24690924056386654,0.48761311449765377,1.0,0.0,0.7916666666666666,3,109.76197814941406,736.1646423339844,2.38543175,1,949,0.06595751157044681,0.7393673854112623,1.5991799291850488,3.381513566722092,False,short;rigid-doublet;not-round;elongated,reject
6825,258,7.391570016959177,0.25896442496936756,0.050145089322513534,0.0663772454049565,0.33994660530497667,1.0,0.35714285714285715,0.9791666666666666,14,128.43235778808594,954.8194580078125,2.2772585999999997,1,-1,,,2.019733505602707,6.01182048092564,False,defocus,reject
7064,63,9.94284207826281,0.2553169510107162,0.11375596367284584,0.1981936492015822,0.3736901060626893,1.5,0.5,0.90625,4,82.97570037841797,428.0970764160156,2.2771206,-1,-1,,,1.750686685095657,6.511922592522446,False,two-cores;not-round;defocus,reject
6729,308,14.63947628773018,0.10670643914326985,0.05033303469434976,0.15732295920440126,0.4808747469890158,1.0,0.05555555555555555,0.7395833333333333,18,1058.4939575195312,1023.7792663574219,2.23529245,1,-1,,,1.0375298485661786,5.456451833015434,False,not-round;elongated,reject
53,56,9.685900206112546,0.06820576890733838,0.07796320013385794,0.09409588975462657,0.449447733591797,1.0,0.25,0.9895833333333333,4,1571.4188842773438,176.83631134033203,2.1514377500000004,1,-1,,,1.874096293092889,4.367349566740449,False,short,reject
2480,81,12.273067174895257,0.23377443263451825,0.06773026998287451,0.10510539827207357,0.38428210508064853,2.0,0.75,0.9375,4,1558.3037109375,194.2769317626953,2.139724,-1,-1,,,2.0489181784208137,7.922735480979469,False,two-cores;not-round,reject
8261,62,6.6951324096973455,0.2640952213090933,0.06515215789156328,0.07647690227332213,0.39627593244732284,1.0,0.25,1.0,4,11.77152156829834,1001.3930358886719,2.10619125,1,-1,,,1.8980853496848695,4.614277724383612,False,defocus,reject
5089,202,16.64548031041643,0.15637347011769173,0.10224297167348256,0.2425543185950832,0.43656470422115823,2.0,0.6666666666666666,0.90625,12,1163.0433349609375,164.58539581298828,2.0915079,-1,-1,,,0.7929017517505569,4.575133857511818,False,two-cores;not-round,reject
3595,51,9.846422193790053,0.025285151969373088,0.08922185617691988,0.11679392329652305,0.48400196173587245,1.0,0.3333333333333333,1.0,3,1274.2596435546875,889.6740112304688,2.0652757,1,-1,,,1.9605658924980194,4.5548056162675135,False,short;two-cores;not-round;elongated,reject
4119,86,8.912760834178629,0.28968073347987616,0.05609273976569654,0.2536180777161759,0.5062569834239823,1.0,0.0,0.7916666666666666,5,1174.3765258789062,168.17230224609375,2.0531542,-1,-1,,,0.78056375877391,3.697012566375206,False,not-round;elongated;defocus,reject
1302,190,8.551730288341238,0.19470374367617263,0.09419933167194394,0.09695912263263673,0.44778955933885145,1.0,0.4,1.0,10,1552.695556640625,176.19210052490234,1.99640575,1,-1,,,1.9299620456792281,6.104687884196469,False,two-cores,reject
2900,212,9.199314176512743,0.11487893218923778,0.09862149721692871,0.10162974142609726,0.48356758743443906,1.0,0.23076923076923078,1.0,13,1514.6830444335938,221.09749603271484,1.9872228,1,-1,,,2.0147903766309314,7.39810461367732,False,not-round;elongated,reject
2252,65,15.053995944538904,0.16366102473486766,0.09840547801064266,0.13360905228018194,0.4511250160905873,1.0,0.25,0.9583333333333333,4,1066.6612548828125,1011.9283447265624,1.9549619,1,-1,,,1.2417701822577056,4.032872179348528,False,not-round;elongated,reject
5649,493,11.845182375833165,0.10884741461763488,0.2297703458390538,0.2787425107931144,0.43601815686519096,1.0,0.0,0.9583333333333334,28,494.7301330566406,85.32564544677734,1.9497428,1,-1,,,0.3451569137371498,4.015090710574054,True,not-round;mislink,reject
2483,173,25.97806136691597,0.2276938491952487,0.01656510523100383,0.16384145570814337,0.27003020579628706,1.0,0.3333333333333333,0.8333333333333334,9,537.8704223632812,33.785064697265625,1.9428525,1,-1,,,0.8925367056978686,6.786305944168903,False,two-cores;not-round,reject
384,287,14.43571758238174,0.06018236526378166,0.0797710443794315,0.1608407639673995,0.45367376755407596,1.0,0.0,0.7608695652173914,17,1086.3104248046875,1020.1843872070312,1.928567,1,-1,,,1.058975334947856,7.019743315985972,False,not-round;elongated,reject
2353,55,12.050576622995877,0.2500776855382191,0.14286555062902767,0.2792414453221719,0.4367516699297307,1.5,0.5,0.8541666666666667,4,81.3258056640625,746.89697265625,1.9241681,1,-1,,,1.5957096138223998,4.961026083638047,False,short;two-cores;not-round;defocus,reject
5490,113,11.367877035454796,0.0848263538151612,0.08207372871460145,0.21432625651888126,0.41212433055975295,1.0,0.3333333333333333,0.8125,6,106.66371154785156,438.4520263671875,1.9194621,-1,-1,,,1.7480143229821823,5.240152902044316,False,two-cores;not-round,reject
6352,69,15.547256070183064,0.17148527994578044,0.19430747076627553,0.2793669000972577,0.5054028731059463,1.0,0.25,0.9581117021276595,4,1160.5303955078125,157.939697265625,1.9182773,-1,-1,,,0.8725797468599071,2.7605187624351855,False,not-round;elongated,reject
261,202,8.6786982209895,0.11021276801673952,0.12084572404222343,0.1889797081735905,0.47510995752589485,1.0,0.36363636363636365,0.9791666666666666,11,145.58240509033203,376.03491210937506,1.7532554,1,-1,,,1.7233705160606345,6.135434436153323,False,two-cores;not-round;elongated,reject
5725,76,8.261453468365204,0.08378321541372914,0.10140664617068643,0.10179963129149634,0.4383110376081259,1.0,0.3333333333333333,1.0,3,1516.6751098632812,232.16699981689453,1.7294496000000001,1,-1,,,1.8640566446351852,5.3600456648970125,False,two-cores;not-round,reject
6295,225,8.208780204472816,0.38442874499950136,0.07282139938404569,0.24759683175968045,0.537517623982205,1.0,0.3076923076923077,0.8333333333333334,13,1040.068115234375,1024.0765380859375,1.6836232,1,-1,,,1.1244402820613169,5.572964727843138,False,two-cores;not-round;elongated;defocus,reject
2597,233,13.768344400185171,0.2065573074436307,0.11139546849914395,0.2771388240880671,0.4855240549396166,1.0,0.3333333333333333,0.9270833333333333,12,1057.4901123046875,1011.1246948242188,1.6604847,1,-1,,,1.046271024116367,5.748622478118021,False,two-cores;not-round;elongated,reject
7234,227,8.384181513046592,0.094964777863286,0.1018452488166702,0.11567931380619796,0.38198981442479635,1.0,0.07692307692307693,0.9583333333333334,13,706.98779296875,1009.7256469726562,1.6554528,1,-1,,,2.201069083785782,6.340299859991701,False,not-round,reject
3991,483,9.056005328198115,0.22245660259510222,0.07791543368745428,0.1975172610674309,0.44636755926778676,1.0,0.11538461538461539,0.8541666666666666,26,1163.3826904296875,192.1803741455078,1.6459807,1,3888,0.05381082520835056,0.7062274185744818,0.7197855842402998,5.203375565807696,False,rigid-doublet;not-round,reject
7659,88,13.67856601435989,0.0533951079782924,0.08713140340239879,0.13382074831965052,0.4254797941824295,1.0,0.0,0.875,5,197.23558807373047,653.3635559082031,1.61330805,-1,-1,,,2.208570931867531,5.931761588203927,False,not-round,reject
1096,51,9.689938979441948,0.19901772558974487,0.10950894414399351,0.2834244830620477,0.6739199575716671,1.0,0.0,0.8541666666666666,3,1182.0457763671875,158.1735076904297,1.6013227,1,-1,,,0.9293518128050549,5.56984850750357,False,short;not-round;elongated,reject
7335,185,9.2905107635375,0.2476271076903552,0.08874183618989996,0.1877607874735096,0.4199969152087888,1.0,0.1111111111111111,0.875,9,1181.322509765625,184.9666748046875,1.5880127,1,-1,,,0.5683493644866142,6.736951837856626,True,not-round;mislink,reject
4148,700,12.065470410051208,0.19808663323369655,0.10091898191495532,0.2926085152789158,0.6297136145627638,1.0,0.07894736842105263,0.8020833333333333,38,1146.9337768554688,189.6210479736328,1.5780948499999998,1,6456,0.07527265524318313,0.7850885332590669,0.7798927617010489,5.792974474557047,False,rigid-doublet;not-round;elongated,reject
51,110,14.203858917206524,0.03720432522126042,0.03202368010166767,0.13663418213976988,0.4109124826513314,1.0,0.0,0.65625,6,1084.68603515625,1014.7276611328125,1.5699431499999998,1,-1,,,1.1497436143560948,2.961069498945025,False,not-round,reject
62,1421,9.499791194970381,0.2729548642364171,0.08982947750142815,0.12580485548205433,0.3976287654739891,1.0,0.0125,0.9166666666666666,80,1486.0152587890625,1092.095458984375,1.5325103,1,-1,,,2.2740954387687946,7.454905211762868,False,not-round;defocus,reject
49,379,9.906975040325683,0.2671777616667164,0.09691446937380391,0.18674734497656817,0.36504356263727533,1.0,0.0,0.9270833333333333,22,674.9443969726562,1192.9837646484375,1.5312785,-1,-1,,,2.444248711390128,7.838577182512152,False,not-round;defocus,reject
5344,80,9.521705164904601,0.04084100591457102,0.10531000628188145,0.10575031227652736,0.4923394994784446,2.0,0.6,1.0,5,1509.7883911132812,252.64862823486328,1.5241652499999998,1,-1,,,2.0383320977289743,5.412605011366786,False,two-cores;not-round;elongated,reject
4978,436,20.874159547807988,0.1296456355670512,0.2997391843070463,0.3208601298861696,0.5882645936360835,1.0,0.3076923076923077,1.0,26,500.3392028808594,26.243141174316406,1.5061648,1,-1,,,0.8878241868293179,7.640618766048867,True,two-cores;not-round;elongated;mislink,reject
54,86,9.305862491830428,0.18483462600826628,0.11307576965413538,0.18226284196263431,0.4605692809537259,1.0,0.0,0.875,5,1175.3010864257812,183.29678344726562,1.50083835,1,-1,,,0.7652065648375317,7.411447154592192,True,not-round;elongated;mislink,reject
263,141,8.962187402633457,0.22501070163071993,0.09450641170790162,0.20521416379604568,0.5757190756440153,1.0,0.0,0.8645833333333333,8,1178.6915283203125,160.00921630859375,1.4987197,1,-1,,,0.960043754351971,5.9077987661784706,False,not-round;elongated,reject
50,353,25.87867223404513,0.07428517816560988,0.019125661115363294,0.17895938243517293,0.3629978122372664,1.0,0.3333333333333333,0.7916666666666666,21,539.25537109375,36.660831451416016,1.4985796,1,-1,,,0.901295837613922,5.6980850659783355,False,two-cores;not-round,reject
7608,148,9.625372072978482,0.22375781888947258,0.10941424893074386,0.15366692452668268,0.45544443948892044,1.0,0.4,0.9166666666666666,10,82.34474563598633,417.13255310058594,1.4865205000000001,1,-1,,,2.023740913560091,7.37009299984097,False,two-cores;not-round;elongated,reject
6683,166,16.431605513903833,0.08721701518619282,0.1729492612080061,0.2466857972217675,0.3636793034975595,1.0,0.1111111111111111,0.9375,9,190.2356414794922,658.3034057617188,1.4755628,-1,-1,,,2.2630186039021916,6.758260610592973,False,not-round,reject
8285,57,15.604176940739988,0.17771204179424566,0.14302525316027587,0.17000314369980785,0.40027077940719613,1.0,0.0,0.9166666666666667,4,207.9568023681641,667.2354736328125,1.4366388,-1,-1,,,2.4671787250098185,6.422206015898595,False,short;not-round,reject
57,136,14.397669233393104,0.16631599352035936,0.29007910489784666,0.3432933485009163,0.5707739333458377,1.0,0.2222222222222222,0.9375,9,813.9282531738281,1014.9650573730469,1.35383625,-1,-1,,,2.743662355681407,7.8604662691428215,False,not-round;elongated,reject
3646,58,12.335967587473707,0.10951397168282452,0.10075179122569132,0.22953242769807305,0.518963595471128,1.0,0.3333333333333333,0.7708333333333334,3,1154.1175537109375,186.50121307373047,1.3327654999999998,-1,-1,,,0.9985326207995379,7.462762549827151,False,short;two-cores;not-round;elongated,reject
6258,161,11.26787002321431,0.24220432783032814,0.1198957327517232,0.1620212463004133,0.38177902137406367,1.0,0.2222222222222222,0.8541666666666666,9,665.8742065429688,1019.1599731445312,1.2904555,-1,-1,,,2.696423426526267,6.714571444178239,False,not-round,reject
7856,96,10.213919655399009,0.22657916601657124,0.07649763992310617,0.2398872562931881,0.3856427648590522,2.0,0.6,0.7916666666666666,5,1383.3358154296875,11.76163625717163,1.28889145,1,-1,,,1.0172197516179498,4.1957671116846535,False,two-cores;not-round,reject
3902,110,26.025528204208566,0.1462468519345468,0.013024786872629316,0.20805978139439602,0.3926621383087029,1.0,0.25,0.7083333333333333,8,500.1459197998047,33.86833572387695,1.28355875,1,-1,,,1.063000665597252,3.647864253337919,False,not-round,reject
5152,474,8.340900455706219,0.19815385038464448,0.09146341453900078,0.140366110223817,0.39839175607782584,1.0,0.0,0.9166666666666666,26,1602.7662963867188,481.4579620361328,1.235971,1,-1,,,2.337099660522829,6.909068266236391,False,not-round,reject
3840,170,8.221299357516134,0.26676868838588724,0.10491404347619501,0.2152852866927017,0.588587487513843,1.0,0.0,0.8229166666666667,8,1021.4264526367188,1030.16064453125,1.2337155499999999,1,3914,0.05677232537817326,0.7543397004022456,0.9549073157491643,5.37152867585012,False,rigid-doublet;not-round;elongated;defocus,reject
1806,59,21.531374719448237,0.18956572679931105,0.060813035188341955,0.17613906604993043,0.4336136695135927,1.5,0.5,0.75,4,243.9058380126953,756.0050048828125,1.2335674,1,-1,,,0.9921370046952237,7.534357773721278,False,short;two-cores;not-round,reject
7913,94,24.074767445429934,0.10419426021413464,0.22097178983584986,0.31419788604379184,0.4316658791644146,1.0,0.4,1.0,5,524.4670715332031,31.40726470947266,1.2179413000000001,1,-1,,,1.1348119200717708,5.913246385576167,False,two-cores;not-round,reject
7919,67,12.078839844739356,0.1130814434577479,0.14399124734341545,0.22539973645554326,0.4077219005800287,2.0,0.6666666666666666,0.8958333333333334,3,1306.1474609375,898.3004760742188,1.2148265,-1,-1,,,2.0081133663288684,7.571072990428078,False,two-cores;not-round,reject
3049,412,16.704501083806967,0.1369721631926822,0.14814243894733686,0.28393685299479066,0.5940139313262731,1.0,0.041666666666666664,0.8541666666666666,24,511.2803192138672,43.28262138366699,1.2089338500000002,1,-1,,,0.6879783727583803,7.809602647378999,True,not-round;elongated;mislink,reject
8159,78,13.491132333237958,0.028095856932258367,0.11358781761729682,0.211719392487935,0.45084288229772235,1.0,0.0,0.8541666666666666,5,1160.7491455078125,171.36181640625,1.19438,1,-1,,,0.6915585533164045,2.4684492392965174,False,not-round;elongated,reject
75,518,13.279419912686558,0.0827620218338497,0.15863415143000445,0.28312415463043006,0.47109868578982483,1.0,0.0,0.8333333333333334,29,503.7168426513672,55.32290267944336,1.19355985,1,-1,,,0.6106958813293923,5.500665652684372,True,not-round;elongated;mislink,reject
6692,79,26.02872336732299,0.07010807963711066,0.04454651515740259,0.3332879111456017,0.5310286585939078,2.0,0.6666666666666666,0.8936170212765957,3,520.01171875,33.90987014770508,1.1932201,1,-1,,,1.3716148773590393,4.1693985294862745,False,two-cores;not-round;elongated,reject
3334,55,10.99413797123229,0.13322890802627985,0.10674704011579417,0.1260203881502303,0.49364583790340905,1.0,0.3333333333333333,1.0,3,1281.1558837890625,883.6738891601562,1.1629812,1,-1,,,1.7828368041937956,4.622342821612747,False,short;two-cores;not-round;elongated,reject
4367,168,22.777301701717853,0.10969152968809481,0.2687368526910887,0.3126963458522158,0.6294091163875327,1.0,0.0,0.9583333333333334,9,516.39306640625,31.260862350463867,1.1517746,1,-1,,,0.9626733192921126,4.518180715443058,False,not-round;elongated,reject
7313,79,11.722950130026636,0.15595794971327526,0.2392015006537241,0.2662794912872391,0.4648707667866866,2.0,0.6666666666666666,0.9787234042553191,3,1383.7996826171875,13.45783519744873,1.1446822,1,-1,,,1.1165556263234577,6.944826094711588,False,two-cores;not-round;elongated,reject
5876,91,8.19863751217057,0.3558054367585081,0.06629844618288824,0.18973365779921544,0.4382953941035329,1.0,0.0,0.8541666666666666,5,1045.9283447265625,1040.1058349609375,1.1339746,1,33,0.05267770690556639,0.793040157649636,0.9895848973307811,3.2960284652494605,False,rigid-doublet;not-round;defocus,reject
142,93,10.197857033033477,0.08335987557468896,0.23690497938042934,0.25097497112150935,0.4742696192668065,1.0,0.0,0.9583333333333334,5,1238.7275390625,477.3210754394531,1.1337833,-1,-1,,,2.9914348438654272,7.250334669529882,False,not-round;elongated,reject
650,58,9.135175719286973,0.13246305305287087,0.13396170737061508,0.13488678486793682,0.5383519016294748,1.5,0.5,0.96875,4,152.67021942138672,369.99818420410156,1.1226201,1,-1,,,2.0633659147686774,7.15961806878948,False,short;two-cores;not-round;elongated,reject
855,91,9.844534777098033,0.09629380121996461,0.19893447030878394,0.23055985924066566,0.5080444097508269,1.0,0.0,0.9791666666666666,5,1271.2750244140625,481.72265625,1.1108243,-1,-1,,,3.1188442942050787,6.412708282115527,False,not-round;elongated,reject
6574,205,10.697266548858552,0.06252396052028471,0.14216878128206187,0.16582117788155107,0.4305208572933515,1.0,0.0,0.9583333333333334,11,185.7451934814453,822.025390625,1.0788655,-1,-1,,,2.3581474944909324,7.189031693090643,False,not-round,reject
6672,97,9.442874165980571,0.05394445619918063,0.17517656193746603,0.19201203263070443,0.39369219780444226,1.0,0.0,0.9791666666666666,5,845.2432861328125,382.7923583984375,1.0693132,-1,-1,,,2.9966514256766192,7.887419473305892,False,not-round,reject
73,66,14.735405687231971,0.03364026529616826,0.16309937033756844,0.23023310202802133,0.5304653785943763,2.0,0.75,0.875,4,1182.8311157226562,191.94491577148438,1.02867295,-1,-1,,,0.9503610217143493,5.933046419016067,False,two-cores;not-round;elongated,reject
1917,118,14.35873760422485,0.15946610657786783,0.3158495026648013,0.35040911036769556,0.509490899137702,1.0,0.2857142857142857,1.0,7,820.7530822753906,1005.4886779785156,1.01923315,-1,-1,,,2.3597423651673157,6.598337012113006,False,not-round;elongated,reject
56,56,8.678347599386827,0.08246329449617529,0.10509909826474109,0.19403011755735033,0.4474199591264547,1.0,0.0,0.90625,4,153.51482391357422,377.37855529785156,1.00312117,1,-1,,,1.7520094488259748,6.641161648229407,False,short;not-round,reject
6867,74,8.395647277605141,0.20289925427142722,0.09830716688985947,0.14339181160172038,0.4981590420396368,1.5,0.5,1.0,4,1514.6956176757812,241.64412689208984,0.9995912499999999,1,-1,,,2.00415663679376,6.295230184634476,False,two-cores;not-round;elongated,reject
907,76,8.241965168718503,0.18525226005229534,0.1772490680097208,0.1974545474445132,0.6268154553638843,2.0,0.6666666666666666,0.9375,3,1292.8312377929688,949.6041870117188,0.9932982699999999,0,-1,,,1.7962321534610086,7.794536435581963,False,two-cores;not-round;elongated,reject
71,53,12.95594175498697,0.13476986832744087,0.1728292403888365,0.2977922601109958,0.4906032448509143,1.0,0.25,0.8958333333333334,4,1055.5174560546875,1023.3836669921876,0.97223663,1,-1,,,0.7434446490674339,8.009805256438266,True,short;not-round;elongated;mislink,reject
1610,171,9.598323203932779,0.14845587077442107,0.16359420915568623,0.225336376636602,0.5068947000077885,1.0,0.0,0.96875,10,1216.8118896484375,134.51556396484375,0.96251655,-1,-1,,,2.835065686500268,7.553744684549611,False,not-round;elongated,reject
4947,206,20.3065953192041,0.06898220911145626,0.301001245207288,0.33632753451873026,0.5191703882929565,1.0,0.3,1.0,10,494.374267578125,49.33039665222168,0.956796025,-1,-1,,,0.6231624229965833,5.150391601527467,True,not-round;elongated;mislink,reject
2420,91,17.984965955100847,0.05473706693200202,0.3121367481730064,0.33071494056722417,0.522073948107957,1.0,0.0,1.0,5,525.5806274414062,69.02428436279297,0.95645136,-1,-1,,,0.7679232409028585,4.7826561496465345,False,not-round;elongated,reject
70,94,15.13507352176352,0.15758876888915965,0.3246078982043015,0.3910887516430849,0.5842815699718615,1.0,0.16666666666666666,0.9465579710144928,6,24.375511169433594,123.97775650024414,0.9555646,-1,-1,,,2.4096596391928014,6.4410959957912715,False,not-round;elongated,reject
3397,247,19.379941370118363,0.05707523276065867,0.24254483824125217,0.31500294148615515,0.5036565042167778,1.0,0.35714285714285715,0.9375,14,497.4515686035156,53.82399368286133,0.9424052,-1,-1,,,0.5350367393926408,4.417149414750416,True,two-cores;not-round;elongated;mislink,reject
8098,90,8.651275953987467,0.09563445785612831,0.09979226478515521,0.14572947379081827,0.36511681913396815,1.0,0.0,0.9375,5,1593.3619995117188,487.7520751953125,0.942261585,1,-1,,,2.5413920722760768,6.271209170214471,False,not-round,reject
1919,87,20.401477562908866,0.10376578678782362,0.3010479906974192,0.31174464906674015,0.6142701496085169,1.0,0.0,0.9791666666666666,5,535.1858520507812,38.963653564453125,0.92618513,1,-1,,,0.9382755470469638,7.282138105066011,False,not-round;elongated,reject
189,159,18.408727315284036,0.04139594129414894,0.325766025899265,0.3394260903897182,0.5804095183501875,1.0,0.1111111111111111,1.0,9,524.8095703125,64.56118774414062,0.9244933,-1,-1,,,0.7269995759960285,4.485292183059204,False,not-round;elongated,reject
3705,99,14.749535678667844,0.03629585581656205,0.20666950595033923,0.2324448232895071,0.4056744863087277,1.5,0.5,0.90625,6,1163.0633544921875,195.2099151611328,0.91905403,-1,3991,0.1481649348702919,0.7350007071871809,0.6096485561083481,6.283975654312781,True,rigid-doublet;two-cores;not-round;mislink,reject
7488,147,14.398513075870245,0.08431105432088962,0.21585211420967246,0.234326019272811,0.43411179913315745,1.0,0.0,0.9791666666666666,8,243.9655914306641,737.7035522460938,0.9174891,1,-1,,,0.8640463049606235,4.527645826856117,False,not-round,reject
2858,78,18.419385807936298,0.19534287969716824,0.2049397254634492,0.2879939128562871,0.5960188516777233,1.0,0.4,0.9375,5,516.296142578125,39.462886810302734,0.9174877100000001,1,-1,,,1.2570334542604715,6.1470623842351335,False,two-cores;not-round;elongated,reject
7600,91,11.962427949319338,0.0844480648673124,0.22469343567690955,0.2506487455962258,0.45265332754064014,1.0,0.0,0.9791666666666666,5,1156.877685546875,170.0360565185547,0.90040326,1,-1,,,0.688074902390685,3.3239192278079477,False,not-round;elongated,reject
8061,69,11.617164282986053,0.016988980752437214,0.20089857581411577,0.25345794453292075,0.4752447175795108,1.0,0.25,0.9479166666666667,4,1166.4542236328125,182.7420196533203,0.8903468,-1,-1,,,0.6623908339061545,3.117696410157982,False,not-round;elongated,reject
4037,53,9.503383080072556,0.13371680394033164,0.19997370098349765,0.226082626978033,0.587022025700163,2.0,1.0,0.9895833333333333,4,1259.536376953125,895.7951049804688,0.88382596,1,-1,,,1.9169819333039717,7.632915031806868,False,short;two-cores;not-round;elongated,reject
6659,82,16.80994124901204,0.02912931328398266,0.15962070462198694,0.25951569501348953,0.6043209381752678,2.0,0.6,0.8333333333333334,5,219.91241455078125,745.1630249023438,0.88363033,-1,-1,,,1.0210030369216057,3.3481841797519896,False,two-cores;not-round;elongated,reject
4089,745,12.324143963619319,0.09147644317491987,0.13991821878849448,0.28397364328240726,0.5566192707661741,1.0,0.023809523809523808,0.8645833333333333,42,513.2669067382812,56.020633697509766,0.86046606,1,-1,,,0.535660583370347,6.74031262116072,True,not-round;elongated;mislink,reject
6188,211,19.96856715744962,0.06953808561220705,0.26330661510465214,0.3181967064479012,0.5336574506250581,1.0,0.3333333333333333,0.9791666666666666,12,500.0392150878906,40.30760955810547,0.86015826,-1,-1,,,0.6379033570751743,5.416448490004169,True,two-cores;not-round;elongated;mislink,reject
1383,262,19.644207635450567,0.10336482998494546,0.19830421651756916,0.32315669409077424,0.3879363475110744,1.0,0.4666666666666667,0.8958333333333334,15,516.3477172851562,62.980228424072266,0.8544320000000001,-1,-1,,,0.7018126944234127,5.838293089053086,True,two-cores;not-round;mislink,reject
6329,225,13.998004064084354,0.09807634752227284,0.16803122719227537,0.23196053356496565,0.3913759908637387,1.0,0.07692307692307693,0.9375,13,242.84671020507807,737.76806640625,0.84783345,1,-1,,,0.7332772614107048,4.344994265573951,False,not-round,reject
5977,269,9.433887551947812,0.12009439804607146,0.14968539506311618,0.20471546118531073,0.394265226877962,1.0,0.0,0.9375,16,1219.5611572265625,503.8615417480469,0.83547765,-1,-1,,,2.9018955017162513,7.707278902097495,False,not-round,reject
2044,114,17.85805081039446,0.25396854580696976,0.16876559011170048,0.33428072279473436,0.6211935744405986,1.0,0.14285714285714285,0.8125,7,525.8673706054688,106.44166946411133,0.8269476,-1,-1,,,2.288630579552362,6.800190653809177,False,not-round;elongated;defocus,reject
7706,67,21.765032181740686,0.04379467018679656,0.01661258934817934,0.09237067933803411,0.2161209803507702,2.0,0.8,0.8958333333333334,5,235.0954742431641,753.0690307617188,0.8255058,1,-1,,,0.8082376404956295,4.155099865087958,False,two-cores,reject
5139,54,12.328785721839392,0.02522187665649268,0.13198637027717008,0.1382540367217036,0.3826135689549572,2.0,1.0,0.9791666666666666,3,1370.3556518554688,11.171041488647461,0.82172048,-1,-1,,,0.7377924244625889,2.2512660722944062,False,short;two-cores;not-round,reject
7743,99,13.231929754576099,0.08648872565926002,0.28172341489867003,0.2987847722535593,0.5993483958096941,1.0,0.16666666666666666,1.0,6,1189.9169921875,178.68789672851562,0.8212536,-1,-1,,,0.7848580829907251,6.35249125654647,True,not-round;elongated;mislink,reject
1215,80,12.30098755879811,0.1942521673190857,0.14866274469419777,0.2439252820843592,0.45564177900822567,1.0,0.0,0.9583333333333334,4,574.5090637207031,102.17322540283203,0.80569465,-1,-1,,,2.556330414056076,7.390739692371166,False,not-round;elongated,reject
4632,56,12.348429365072505,0.11867877247851694,0.22650690203594964,0.2645562055075723,0.4786223523194736,1.0,0.0,0.9653805496828753,4,1393.9337768554688,6.0569658279418945,0.80450938,-1,-1,,,0.44233692716470685,1.2945883295411529,False,short;not-round;elongated,reject
191,78,17.138274412859253,0.20507283965849574,0.15516793860488975,0.3165567014163685,0.5944023208325437,1.0,0.4,0.8541666666666666,5,518.402587890625,38.25728988647461,0.8020802149999999,1,-1,,,1.5235470512817832,7.325743069357568,False,two-cores;not-round;elongated,reject
973,64,20.733803963807645,0.04565844906331829,0.2236247715005759,0.29368175108872974,0.39335174601557354,1.0,0.0,0.9791666666666667,4,516.8186340332031,62.88144302368164,0.8020679,-1,-1,,,1.2491844494932307,6.594396336907424,False,not-round,reject
6070,109,12.343687518380495,0.11939720197052565,0.17780276314856802,0.2991064391746531,0.3812210491531748,1.0,0.0,0.8958333333333334,6,1181.8759765625,182.5211334228516,0.78774434,1,-1,,,0.7416075847507168,7.839558923258791,True,not-round;mislink,reject
4926,126,12.881456632935882,0.10889405967883331,0.23425159428960116,0.308897830109935,0.47280995645478074,2.0,0.5714285714285714,0.9375,7,697.0519409179688,1056.1224365234375,0.785078125,-1,-1,,,2.535125569487033,7.2799613470296025,False,two-cores;not-round;elongated,reject
4899,173,9.701087424920885,0.10728229787397603,0.15404352303754726,0.21153493614713953,0.3947350677790969,1.0,0.0,0.8958333333333333,10,1167.7694091796875,119.09367370605467,0.78453183,-1,-1,,,2.8811809571385427,7.403714418960154,False,not-round,reject
72,129,13.075056614202941,0.040629391009296925,0.1842121552136759,0.22328291478316445,0.4044309192248746,1.0,0.0,0.96875,8,223.50857543945312,839.9218139648438,0.77849513,-1,-1,,,2.349141864619841,6.494622522773581,False,not-round,reject
3120,102,18.29668740738244,0.2114340197050367,0.2816304737961726,0.358566367024943,0.5928129890964667,1.0,0.0,0.8958333333333334,7,521.7939147949219,68.0944595336914,0.7758134,-1,-1,,,1.2117622556168184,6.636798496090593,False,not-round;elongated,reject
2830,346,11.765687604287189,0.11813127341714806,0.16326269664079837,0.19808995339229787,0.49853705794796926,1.0,0.10526315789473684,0.9791666666666666,19,185.54989624023438,789.5308227539062,0.770141435,-1,-1,,,2.674028128370969,7.610749773726402,False,not-round;elongated,reject
7518,184,18.670394056720237,0.07669894087641525,0.25150196383978335,0.2823238419674662,0.42708084375848243,2.0,0.6363636363636364,0.9791666666666666,11,505.26043701171875,34.99245071411133,0.74961415,-1,-1,,,0.5862875613452762,2.418733200134883,False,two-cores;not-round,reject
858,65,12.280404411623056,0.07938817639698958,0.2541309796682189,0.37538903538900475,0.38639256317147475,1.0,0.0,0.8958333333333334,3,1176.783203125,185.31224060058597,0.747161,1,-1,,,1.1848527693595021,6.248292018756675,False,not-round,reject
916,113,14.608506849832409,0.2705654042070084,0.1489737819743072,0.28022411402629777,0.3829798800180358,1.0,0.14285714285714285,0.9166666666666666,7,1188.9761962890625,180.67117309570312,0.73958427,-1,-1,,,0.968199865793048,6.2283666394927275,False,not-round;defocus,reject
1119,214,15.484639605799273,0.30310682883226286,0.2192451902374235,0.3431119063816658,0.6984213189891401,1.0,0.25,0.8854166666666667,12,553.3631591796875,39.99736022949219,0.72765028,-1,-1,,,1.2568620979746103,4.497952310915133,False,not-round;elongated;defocus,reject
143,55,12.055954303653909,0.0500273630082087,0.06281784959188935,0.11362538848527765,0.2998868585620275,1.0,0.0,0.9148936170212766,3,1183.7442626953125,952.206787109375,0.7155966,1,-1,,,2.3829617149090385,5.464420206264713,False,short;not-round,reject
5552,71,13.808968127550765,0.05931357735123462,0.19533226263280698,0.29796244915638065,0.5516118961721423,1.0,0.4,0.8333333333333334,5,1173.9803466796875,186.4868927001953,0.71501154,-1,-1,,,0.8024332011401228,5.679843147941414,False,two-cores;not-round;elongated,reject
2572,79,10.922815318916427,0.04975976188931475,0.2174450316449247,0.2567790025842635,0.43655195040410333,1.0,0.0,0.9583333333333334,3,1335.96923828125,474.7669372558594,0.69769436,-1,-1,,,2.844838245906912,6.298098860005207,False,not-round,reject
4610,105,15.698945681474768,0.08828803357180443,0.25611570662855504,0.30883088667859043,0.5629849413860656,2.0,0.5714285714285714,0.9583333333333334,7,1165.1387939453125,191.56504821777344,0.685965,-1,-1,,,1.0316685716030896,5.5180819988579195,False,two-cores;not-round;elongated,reject
5174,85,11.26885438168461,0.04659667727241747,0.2742251105779292,0.2900363605879417,0.44214148428213973,1.0,0.0,1.0,5,1560.023193359375,36.79043197631836,0.68254536,-1,-1,,,2.62473197844466,6.17302645534975,False,not-round,reject
1400,106,10.254556521541952,0.10684172947100387,0.15714208862569548,0.32003119390019463,0.6266924757106722,2.0,0.5714285714285714,0.9583333333333334,7,1472.9387817382812,847.2320861816406,0.65629072,1,-1,,,2.071291214380685,6.999204119142787,False,two-cores;not-round;elongated,reject
1700,74,14.43066913319437,0.08500583612102246,0.2873958515038378,0.31229392978049453,0.5499775480836544,1.0,0.2,0.9787234042553191,5,1380.8966064453125,11.885099411010742,0.654668915,-1,-1,,,0.9706203133586531,6.980298244959363,False,not-round;elongated,reject
4347,52,10.611998432564658,0.020020488037000756,0.11791564451906059,0.2500532286810469,0.3551030759674289,2.0,0.6666666666666666,0.8541666666666666,3,148.76128387451172,655.9736022949219,0.65232415,-1,-1,,,2.041257171593525,5.06784153210304,False,short;two-cores;not-round,reject
6086,64,9.965451605586026,0.053753309829253415,0.19081126422955574,0.23057035225096267,0.4406029240950412,1.0,0.0,0.9472517730496455,4,834.3202819824219,388.01165771484375,0.64455,-1,-1,,,3.58390760818003,7.931618971829231,False,not-round,reject
6804,247,16.848021729201548,0.09511718538971711,0.21666200978842232,0.26732364340589276,0.5553452501751486,1.0,0.35714285714285715,0.9583333333333334,14,228.1132354736328,741.6610107421875,0.6302818,-1,-1,,,1.3182542343534362,6.580472510887838,False,two-cores;not-round;elongated,reject
6951,60,13.879911900405695,0.023943583013144084,0.18678246773724672,0.23707919234305563,0.4446607688988584,1.5,0.5,0.9479166666666667,4,1174.1089477539062,155.5340118408203,0.6291785750000001,-1,-1,,,0.9629328420893276,3.9190919890477547,False,two-cores;not-round,reject
7592,169,12.307999162885018,0.06289171696387949,0.21138483634529837,0.2682963237514455,0.4622016943067261,1.0,0.2,0.9157801418439716,10,1368.1124267578125,16.274799346923828,0.62219304,1,-1,,,0.6049991878740517,5.925691892212388,True,not-round;elongated;mislink,reject
5070,160,8.953780137094133,0.1906664220750033,0.13740057249008356,0.13838219525073212,0.501887976201803,2.0,0.5555555555555556,1.0,9,179.0334243774414,680.63427734375,0.61610377,1,-1,,,2.0735258407679256,6.588642045346067,False,two-cores;not-round;elongated,reject
2237,100,13.196946458704907,0.024924164527563547,0.2055034240742935,0.24028228126322324,0.5452858367901317,1.0,0.0,0.9583333333333334,5,125.67852401733398,401.5267028808594,0.61558152,1,-1,,,2.780514858401125,6.7114763693405095,False,not-round;elongated,reject
1179,96,15.942376149462406,0.11293214045792012,0.16894765822560698,0.32705855741968765,0.6155323659330977,1.0,0.4,0.8333333333333334,5,251.18529510498047,767.7825622558594,0.61307333,-1,-1,,,1.1869048527253152,5.147037747435384,False,two-cores;not-round;elongated,reject
6214,51,9.995323755954077,0.018028629221278646,0.13173010289807943,0.18099767384003196,0.35132276641682153,1.0,0.0,0.9791666666666666,3,189.829345703125,819.0585327148438,0.60778624,-1,-1,,,2.6080665693655076,6.78751833897975,False,short;not-round,reject
94,246,11.75856164601359,0.21090855565861785,0.18482267861424104,0.2681192894875119,0.5707136782652482,1.0,0.26666666666666666,0.8958333333333334,15,1060.7849731445312,1019.7546997070312,0.6071130899999999,1,-1,,,0.897125339739195,5.587905069618029,False,not-round;elongated,reject
3853,172,12.37086116108623,0.05583755661921208,0.26983406181560843,0.31539534476625936,0.4168525698310914,1.0,0.0,0.9583333333333334,9,1056.978515625,1027.7421264648438,0.60655912,1,-1,,,0.5719961381608161,5.177349913309583,True,not-round;mislink,reject
3427,71,12.763926122409838,0.07027804631747032,0.23927627474177576,0.26723697670786195,0.392003432976193,1.0,0.0,0.967095497278575,4,1392.7392578125,7.918274879455566,0.6047797,-1,-1,,,0.6580865675454104,4.398095796374352,False,not-round,reject
1821,236,14.490104971270572,0.039496000108407134,0.22443724907397666,0.2675039427483895,0.4236141631913417,1.5,0.5,0.9583333333333334,12,1192.3710327148438,163.78376007080078,0.592046575,-1,-1,,,1.0216410145698847,4.991447483146774,False,two-cores;not-round,reject
900,129,9.719330370432884,0.0868561705032489,0.12005375795190726,0.1460845919129639,0.44885094911947876,1.0,0.0,0.9375,7,236.6505889892578,831.9115600585938,0.5918164,-1,-1,,,2.440064508643272,7.643805768482931,False,not-round,reject
3844,70,12.87695126384148,0.14808724649287794,0.2886262480799074,0.3545390533835249,0.527847458495285,1.0,0.25,0.9791666666666667,4,1615.345947265625,501.7144775390625,0.58705312,-1,-1,,,2.4009275722703287,7.18969170076848,False,not-round;elongated,reject
6872,99,10.532760101203841,0.13292865872262447,0.1692253131569026,0.291325454786017,0.476582311024505,1.0,0.0,0.8125,6,1184.448486328125,184.0399169921875,0.5821641,1,-1,,,0.6311591794428046,7.857054162379039,True,not-round;elongated;mislink,reject
4847,58,11.690328452350363,0.2055532096965339,0.1756960058638134,0.3939285786464307,0.5663939605827402,1.5,0.5,0.875,4,1103.1657104492188,959.305419921875,0.577381625,-1,-1,,,2.75058737741672,6.4305798756064245,False,short;two-cores;not-round;elongated,reject
6365,114,8.479801414874284,0.32924130399575635,0.22801027420099912,0.30278567003196455,0.6286082882021695,1.0,0.16666666666666666,0.9375,6,1379.949951171875,22.963178634643555,0.575852305,1,-1,,,0.6275445842868349,6.659154699848005,True,not-round;elongated;defocus;mislink,reject
2221,148,16.645058181291308,0.04012570486430873,0.16227775773406491,0.2597271690067956,0.4785031894149868,1.0,0.0,0.9375,9,498.20933532714844,92.48417663574219,0.57253735,-1,-1,,,1.0176440940234268,6.154808587608126,False,not-round;elongated,reject
5629,135,11.767051020986866,0.03383909519964478,0.24132472564298058,0.2811975876085834,0.48771673877113314,1.0,0.0,0.9375,8,71.9525146484375,736.83447265625,0.56790787,1,-1,,,1.8683203384895206,6.602335794082598,False,not-round;elongated,reject
85,77,14.819235308590645,0.021403900822564347,0.2830269970001653,0.3092114121015451,0.5616177802611391,1.0,0.25,1.0,4,1384.2083740234375,14.31687831878662,0.5599529,-1,-1,,,0.9789447766926858,7.680442352016695,False,not-round;elongated,reject
598,83,13.175783595476702,0.11590922369481874,0.27530090159499054,0.30881225035554116,0.6167168536056348,1.0,0.0,0.9791666666666666,5,234.1914825439453,743.672607421875,0.5590317,1,-1,,,0.5256465499312974,4.63838415187765,True,not-round;elongated;mislink,reject
1754,87,14.36244242561931,0.06588938777909038,0.16321349475937463,0.24422305254081642,0.4033569825064991,2.5,0.75,0.8958333333333334,4,1170.815185546875,177.909423828125,0.5557893,1,-1,,,1.4980533977740076,7.68399293925416,False,two-cores;not-round,reject
1827,215,12.655766202894286,0.11660604856240767,0.20918815243742567,0.2839821319661866,0.5178134168360664,1.0,0.07692307692307693,0.9166666666666666,13,234.02532958984372,743.9049072265625,0.55107856,1,-1,,,0.5115530604139366,7.557664224782266,True,not-round;elongated;mislink,reject
7774,118,17.906687686617992,0.14772005564622812,0.17779868882660266,0.27902575719711165,0.5581115305792503,1.0,0.375,0.8843085106382979,8,500.4701385498047,55.68422317504883,0.5469455750000001,-1,-1,,,1.0569849596725667,6.476898205951817,False,two-cores;not-round;elongated,reject
8012,93,11.371713615968243,0.037047423765577146,0.2338060913522806,0.2896771445273374,0.3851782143085445,1.0,0.0,0.9479166666666667,6,67.33824920654297,738.3190307617188,0.545863,1,7874,0.083242878440696,0.7246604280403511,1.8913129578200998,7.165282953094808,False,rigid-doublet;not-round,reject
7226,106,19.466540782945394,0.13830609968504312,0.05164077839740283,0.25352685799905483,0.4904447936898758,1.0,0.0,0.7395833333333333,6,497.8087463378906,65.11656951904297,0.540524985,1,-1,,,0.7873167919237561,3.664294616423551,False,not-round;elongated,reject
5547,55,11.01768326941114,0.03214408410509654,0.1318695093566181,0.2449073183334866,0.3667551195861083,1.0,0.0,0.8645833333333334,4,1145.662109375,184.72454833984372,0.5291618,-1,5325,0.041898276456173625,0.7241761778377442,0.8719215135032757,2.861753879578242,False,short;rigid-doublet;not-round,reject
4637,249,16.514686698517842,0.08881373662538238,0.14678133162047435,0.2738717508083157,0.5714613026481488,1.0,0.0,0.8541666666666666,14,486.779541015625,84.60366821289062,0.5248787,-1,-1,,,0.5974985172640044,6.636766031224819,True,not-round;elongated;mislink,reject
6493,82,12.576507909557225,0.13411834234087697,0.15647207807132874,0.25382552190878754,0.5639485059059995,1.5,0.5,0.8958333333333333,4,1054.5639038085938,1044.364013671875,0.52074808,-1,-1,,,1.1560071365050173,6.395874101941122,False,two-cores;not-round;elongated,reject
4523,95,11.983534855854032,0.03719011563384149,0.2518202278973229,0.2765447458892495,0.5738432223053027,1.0,0.0,1.0,5,1182.548828125,182.3760681152344,0.5190054,1,-1,,,0.4490927134785168,6.030053614652277,True,not-round;elongated;mislink,reject
6808,294,12.692304865765044,0.09327041966052992,0.17484993245555344,0.27325494184628546,0.5115528120856598,1.0,0.17647058823529413,0.9583333333333334,17,1395.3429565429688,18.906929969787598,0.517903365,1,-1,,,0.6642509721905041,5.847195291466623,True,not-round;elongated;mislink,reject
6165,63,17.699933230093247,0.2169943847585383,0.1337724657775915,0.33928585711209347,0.5950441696784425,1.0,0.25,0.7916666666666667,4,518.0263671875,36.8212890625,0.50460064,1,-1,,,1.333170922411531,7.780573344570803,False,not-round;elongated,reject
2189,50,12.263968679175909,0.01676938121347589,0.11976548710680916,0.26554508685262246,0.4934801966446212,1.0,0.0,0.8541666666666666,3,125.1278190612793,386.0165710449219,0.49537666,1,-1,,,1.8092466928434419,5.7353479912337715,False,short;not-round;elongated,reject
4526,72,12.246339482830276,0.04940392107686973,0.189534183516327,0.2350873486770151,0.3778611607212767,1.0,0.0,1.0,5,1403.83154296875,6.311808109283447,0.48943039499999996,1,-1,,,0.6959585539273762,2.8098242152862936,False,not-round,reject
1484,61,18.004531406636158,0.02343931996264503,0.2907526921147662,0.3093743395988763,0.49881124332675675,1.0,0.0,1.0,4,521.5503540039062,71.70807647705078,0.4890333,-1,-1,,,1.633125618507241,6.8757054202427605,False,not-round;elongated,reject
1578,55,11.418389944983492,0.12231761460357489,0.33051432542931863,0.39106999554577926,0.6523192436494283,2.0,1.0,0.9791666666666666,3,831.4200439453125,999.035400390625,0.48824003,-1,-1,,,2.78939867275495,6.926199731283495,False,short;two-cores;not-round;elongated,reject
174,126,10.211385896521058,0.20157342030752495,0.16306825187851323,0.30708174380361963,0.5074282790323263,1.0,0.14285714285714285,0.7916666666666666,7,1169.0867919921875,192.0850601196289,0.48782691,1,-1,,,0.8602375389563431,7.42008410982086,True,not-round;elongated;mislink,reject
308,59,9.125523787773645,0.15844864918242133,0.18198985009498708,0.3273962760651342,0.5643287702483282,1.0,0.25,0.9166666666666667,4,1149.825927734375,192.1924743652344,0.48458084,1,-1,,,2.4780530788400923,6.094658896402641,False,short;not-round;elongated,reject
734,311,11.071700863308875,0.07038316078111263,0.275706269857222,0.3237600506660374,0.46739568922424035,1.0,0.0,0.96875,18,1385.31884765625,44.34516906738281,0.4806651,1,-1,,,1.6065831941835804,6.513910626635502,False,not-round;elongated,reject
5757,74,8.939751874020681,0.030522653245911528,0.120533978535738,0.14331955138604294,0.4624237151757259,1.0,0.0,0.9479166666666667,4,184.20523071289062,813.88623046875,0.46952045,1,-1,,,2.205460482937709,6.932980469626559,False,not-round;elongated,reject
2637,60,12.332428079921725,0.08643204365594015,0.09175355867853752,0.23536403574396808,0.2687026722516574,1.0,0.0,0.875,4,1212.9718627929688,893.1182556152344,0.468142045,1,-1,,,2.4130079064484113,6.304528917378472,False,not-round,reject
5120,91,12.79116651557131,0.2302354997406184,0.22708789511532818,0.3448562172718892,0.5768696705146895,1.0,0.0,0.9166666666666667,6,146.4724578857422,425.5935668945313,0.4672871,-1,-1,,,3.0332274482474473,7.502284567997011,False,not-round;elongated,reject
4731,126,14.130450691649896,0.10523695793197918,0.11538957863697603,0.2894409359031752,0.41681410067571756,1.5,0.5,0.8958333333333333,6,22.407888412475586,311.81805419921875,0.463400305,-1,4253,0.09555431111189286,0.8621066809324462,2.015849138498063,7.6020684696332435,False,rigid-doublet;two-cores;not-round,reject
2723,73,12.694044077944069,0.09289884895153942,0.139603651660859,0.2903901401686543,0.3996914191907955,1.0,0.0,0.8333333333333334,3,1386.625244140625,26.479267120361328,0.4632555,1,-1,,,1.1580774757423669,8.228687883453446,False,not-round,reject
1689,152,13.765909174258034,0.09633842843258072,0.25257496923669626,0.2877745964787745,0.4090513013220472,1.0,0.0,0.9569842738205365,8,1391.6998291015625,8.63304853439331,0.462365035,-1,-1,,,0.7295753801210455,5.965429822161309,True,not-round;mislink,reject
587,76,12.874815550719559,0.03771786074203551,0.1428797041526224,0.27147511293917537,0.30847114645854523,1.5,0.5,0.8125,4,1365.1822509765625,13.142442226409912,0.4619997,1,-1,,,0.7484025377360449,6.862354712513461,True,two-cores;not-round;mislink,reject
7481,111,13.540932094705791,0.11364048458979639,0.30040641194720324,0.3519975242208277,0.5888402264352669,1.0,0.0,0.9583333333333334,7,251.5834197998047,751.7381591796875,0.4612912,-1,-1,,,1.4175449184597086,5.932972807798549,False,not-round;elongated,reject
3306,93,11.004114096927726,0.09908049229729828,0.20951246425683873,0.2705487309085971,0.5156137235680398,1.0,0.0,0.875,6,1402.7159423828125,10.848429679870604,0.46013162,1,-1,,,0.7560861440328935,4.561715277909973,False,not-round;elongated,reject
3278,73,12.924854608797418,0.042076835791451196,0.17176624294127746,0.2322781061356233,0.29951227253669155,1.0,0.25,0.894281914893617,4,1168.1783447265625,165.7106170654297,0.45719913,1,-1,,,0.6300908128509858,6.751290099274862,True,not-round;mislink,reject
423,592,11.039167034674987,0.09548034967653728,0.19019987499918828,0.29648706041675243,0.5267100609244943,1.0,0.15151515151515152,0.875,33,1187.0175170898438,192.21356964111328,0.455121125,1,-1,,,1.0307167831365502,7.9907562052940015,False,not-round;elongated,reject
3686,596,10.93540698483285,0.08069200574882805,0.19863245346739142,0.26912620781832464,0.39563490254219835,1.0,0.030303030303030304,0.9166666666666666,33,1152.6028442382812,166.15424346923828,0.45323503499999995,1,-1,,,0.9187026919605606,5.416629725578241,False,not-round,reject
77,277,15.057795716916772,0.06589401039669539,0.14063883717320574,0.23429301496323124,0.5924239266520641,1.0,0.0,0.8541666666666666,16,498.5170593261719,91.51758575439452,0.44318604,-1,-1,,,0.886379503434327,7.369788522138813,True,not-round;elongated;mislink,reject
1934,56,11.139469230167062,0.03713266980736972,0.11002763783499858,0.25076838303541515,0.5301264280016289,1.0,0.0,0.8541666666666666,3,834.1162414550781,641.6562805175781,0.43365601,-1,-1,,,1.5003914459585748,5.651186852011093,False,short;not-round;elongated,reject
5337,73,9.067646146779063,0.08014646761338963,0.1906008617318384,0.27437893207544173,0.5594369237562972,1.0,0.0,0.8958333333333334,3,1411.889404296875,27.86073875427246,0.4297301,1,-1,,,2.095170411456529,7.038950792680963,False,not-round;elongated,reject
61,382,12.605273409093297,0.1411557632474734,0.2023533351306489,0.2855406016318128,0.6138264179436136,1.0,0.09090909090909091,0.90625,22,494.3017578125,79.2518310546875,0.429720985,-1,-1,,,0.627084212062269,8.29269162578169,True,not-round;elongated;mislink,reject
4808,63,15.842762882190712,0.03758520357130232,0.16383107776723038,0.2406707305843338,0.6266194080550425,1.0,0.0,0.8541666666666666,3,230.96902465820312,751.6473388671875,0.4294965,-1,-1,,,1.2500014821039702,5.531325718790493,False,not-round;elongated,reject
6668,149,12.112896451974322,0.06695761350716756,0.08288494019071019,0.14083278654403095,0.22659450559826505,1.0,0.0,0.9270833333333334,8,1254.93310546875,96.22128295898438,0.42774644,1,-1,,,2.335816884182351,6.507160215918786,False,not-round,reject
610,79,9.797870688721247,0.2043843853428576,0.22375929444583229,0.28907129286896355,0.45928329300710025,1.0,0.2,0.9375,5,214.6076202392578,420.18060302734375,0.42746195,1,-1,,,2.779339968534873,7.564087014039332,False,not-round;elongated,reject
1797,63,7.423816064004473,0.048743627490060164,0.11152135580330355,0.13357111922964818,0.5181000848671365,1.0,0.3333333333333333,0.9791666666666666,3,187.74221801757807,647.3697509765625,0.42642984,1,-1,,,2.2634699695595,6.6069067607425245,False,two-cores;not-round;elongated,reject
5781,142,11.664125044709776,0.07538332039718015,0.2536795790612168,0.3159204928141357,0.4022795935586461,1.0,0.0,0.9583333333333333,8,1058.599609375,1027.7521362304688,0.4252931,1,-1,,,0.6456011514128537,7.736902358838619,True,not-round;mislink,reject
3328,307,10.82976283328361,0.2001361297439147,0.21082345457363272,0.2887784048252888,0.4472206776926705,1.0,0.05555555555555555,0.9361702127659575,18,1386.56884765625,32.851409912109375,0.42283127,1,-1,,,1.5917185165686336,7.613181207525701,False,not-round,reject
3752,66,9.255664597070586,0.1444657817796881,0.11969747781942323,0.1463304804867321,0.4681442589811864,1.5,0.5,0.9791666666666667,4,156.08484649658203,642.6662292480469,0.41991901499999995,-1,-1,,,2.393045414314908,7.708512934567709,False,two-cores;not-round;elongated,reject
5044,127,10.646535129156032,0.054511670587923756,0.2894761701382342,0.3601685943512699,0.5524231539804544,1.0,0.42857142857142855,0.9583333333333334,7,1062.12548828125,1031.299072265625,0.41821232,1,-1,,,1.438884931341503,6.246815759030153,False,two-cores;not-round;elongated,reject
5675,129,11.583458132220102,0.06425649786030214,0.26256266449270427,0.2894628925916326,0.43499096153142586,1.0,0.0,0.9791666666666666,7,87.95655059814453,740.8628540039062,0.41640446,1,-1,,,2.0014168300283273,6.3527723068157576,False,not-round,reject
3044,64,11.897698819355256,0.042482333975684045,0.22410150134747875,0.27266029518542456,0.37646727992665285,1.0,0.0,0.9479166666666667,4,1181.5731201171875,890.2614440917969,0.41477027,1,-1,,,2.096837953131773,6.649173460728862,False,not-round,reject
5961,79,11.034787433001235,0.15549010228751914,0.1802149271075793,0.31266857775368234,0.6583669012182072,1.0,0.0,0.8645833333333334,4,1175.7943115234375,195.41525268554688,0.41341284,1,-1,,,1.6190885530534682,7.613313446738703,False,not-round;elongated,reject
4917,176,10.1580905320703,0.10582009766999183,0.24888201396141768,0.32239392832897984,0.5371840408748185,1.0,0.1,0.9375,10,1031.2166137695312,1032.8857421875,0.40895175,1,-1,,,1.4588026905692624,6.5930855595679425,False,not-round;elongated,reject
8096,89,11.603968377380136,0.08350103599232891,0.3285896439132883,0.38294972665395427,0.48901843394282773,1.0,0.2,1.0,5,1200.230224609375,188.11964416503903,0.40635887,1,-1,,,1.1278746934221402,5.451607071929431,False,not-round;elongated,reject
1922,110,8.632976030065253,0.14857695764545586,0.1722809850208389,0.17723016999074528,0.4801951733084875,1.0,0.0,0.9375,5,266.1885986328125,825.867919921875,0.399808225,1,-1,,,2.3411387639098686,7.68233143443122,False,not-round;elongated,reject
2417,93,10.4374058678605,0.09828662902747104,0.22426238285136058,0.2912575530442007,0.3411008638134297,1.0,0.4,0.9166666666666666,5,1038.041259765625,1033.777099609375,0.39913294,1,-1,,,1.4793411988688483,6.405704626796078,False,two-cores;not-round,reject
574,87,19.80517916589434,0.2635929105974217,0.18600661464124088,0.3492055477019989,0.5308261565930905,1.0,0.4,0.8958333333333334,5,262.05181884765625,765.7702026367188,0.3990594,-1,-1,,,1.4124833294532526,5.17792304682223,False,two-cores;not-round;elongated;defocus,reject
960,126,10.122317547921867,0.15088862755591903,0.22663101311377898,0.2707746909018538,0.3445418735979423,1.0,0.25,0.96875,8,1170.82763671875,187.64818572998047,0.3982124,1,-1,,,0.7906174051288258,7.628783921984077,True,not-round;mislink,reject
2948,62,11.699086973330049,0.05195863118334182,0.2304043265636727,0.2549852657973025,0.4250551973211944,1.0,0.25,0.9791666666666666,4,1179.951171875,156.0135040283203,0.39349544000000003,1,-1,,,1.135548721233076,6.377137408817542,False,not-round,reject
744,112,12.18244634636375,0.11116312657597736,0.1840071617110519,0.23452841867656476,0.41039907214305477,1.0,0.0,0.9583333333333334,7,1161.7239990234375,170.87423706054688,0.39276752000000004,1,-1,,,1.0609197443134224,7.894508696717408,False,not-round,reject
102,89,11.299253855631566,0.0810271769802759,0.29181342599229004,0.32622675523730604,0.5840025016659238,1.0,0.16666666666666666,0.9791666666666667,6,1390.9473876953125,45.36155700683594,0.3857942,1,-1,,,1.7488933917551024,6.198225756134223,False,not-round;elongated,reject
5318,114,10.1668883950441,0.10475109826589028,0.22952835834702098,0.3187662435989741,0.5467511636833489,1.0,0.0,0.9375,7,1184.7850952148438,182.9830780029297,0.38143302,1,-1,,,0.7717602092803791,6.910444291832171,True,not-round;elongated;mislink,reject
4909,60,12.839569162435495,0.032536985010779354,0.22817945947737722,0.2788533798179679,0.6067576953582109,1.0,0.0,0.9479166666666667,4,522.5289306640625,59.45661926269531,0.381103925,1,-1,,,1.2151108863452442,5.670327801209472,False,not-round;elongated,reject
3066,54,12.064814765937212,0.06917269405580719,0.33840178759959333,0.35377921948611263,0.48876815280319674,1.0,0.3333333333333333,1.0,3,1075.9107055664062,1009.5494384765626,0.37813151,1,-1,,,2.086104348621912,5.023043389011057,False,short;two-cores;not-round;elongated,reject
4321,72,12.74539357982029,0.04080486247119008,0.05590532452896875,0.2561668519403755,0.48863701332576537,1.0,0.0,0.6875,3,478.9899597167969,47.721853256225586,0.37796784,1,-1,,,0.8322828872643995,5.844284108118098,False,not-round;elongated,reject
7839,105,11.670455877104041,0.10514141499825017,0.22229657942846173,0.2753374111576504,0.514552746805564,1.0,0.2857142857142857,0.9583333333333334,7,1199.52783203125,165.18667602539062,0.37646306,1,-1,,,1.2616997068481168,6.265100508380211,False,not-round;elongated,reject
5469,86,13.739874164881662,0.0688519409055155,0.2394910418538668,0.24831696244863058,0.5682192425063243,1.0,0.0,0.9791666666666666,5,1051.349609375,1026.3335571289062,0.37342651000000004,-1,-1,,,0.9239827902568535,7.3198411033619175,False,not-round;elongated,reject
83,405,14.250256402787993,0.14572640609174425,0.28306557893966405,0.3454376248392914,0.615982311661678,1.0,0.09090909090909091,0.9578900709219859,22,1399.90625,16.277135848999023,0.3729597,-1,-1,,,0.8851454584495492,5.738045898952259,False,not-round;elongated,reject
4782,72,19.715590983264015,0.17031356399766578,0.33747261828929437,0.38347632118774727,0.5872872673590368,1.0,0.4,0.9791666666666666,5,499.7538757324219,58.33242988586426,0.37288229,-1,-1,,,0.6883497591312445,1.8114734445189018,False,two-cores;not-round;elongated,reject
1535,411,10.294527402920945,0.07356116526302055,0.14833694486081095,0.31836627938788464,0.5225297420828897,1.0,0.08695652173913043,0.8333333333333334,23,1163.3294677734375,160.30264282226562,0.3719972,1,-1,,,1.1773881766847212,7.812668267241015,False,not-round;elongated,reject
1936,276,10.805463902189867,0.10410362254008994,0.23705542762002105,0.30849089618448367,0.3749936595167225,1.0,0.0,0.9583333333333333,16,236.4328384399414,770.4706420898438,0.37116550000000004,1,-1,,,0.6629455617717964,6.602442837372979,True,not-round;mislink,reject
2724,54,12.109921701538163,0.06004861540436879,0.11222260827358695,0.23584658571559433,0.44585582339320656,1.0,0.0,0.8333333333333334,3,134.26456451416016,385.90142822265625,0.37053594,1,-1,,,3.028111316113677,7.9722435732471535,False,short;not-round,reject
3364,153,12.303506935990757,0.3206603176609954,0.1742492331665519,0.28558279510690115,0.5663766707418898,1.0,0.0,0.90625,8,487.5955810546875,46.735748291015625,0.37023768,1,-1,,,1.0502082681664264,6.034786847908525,False,not-round;elongated;defocus,reject
1167,224,12.421573573953694,0.15758393367927265,0.2217574333395027,0.2610301969204182,0.5078386316937519,1.0,0.3333333333333333,0.96875,12,1160.9598388671875,171.6993179321289,0.369912995,1,-1,,,0.6534707076645545,7.612313957316397,True,two-cores;not-round;elongated;mislink,reject
390,247,12.919903804409318,0.03841036902162112,0.20166966287711047,0.2579927966043282,0.5992563689993069,2.0,0.7142857142857143,0.9479166666666667,14,1388.3974609375,38.13479995727539,0.3687545,-1,-1,,,0.851257473823591,4.883532656491303,False,two-cores;not-round;elongated,reject
7699,60,10.568918551244597,0.046513947858883624,0.31909776862520844,0.369172519415653,0.46386029814552543,1.0,0.25,0.9479166666666667,4,1195.2355346679688,190.66263580322266,0.36535179,1,-1,,,1.4297582809033693,5.652241482024311,False,not-round;elongated,reject
3914,115,14.837189595328951,0.028918926068414216,0.13304576769014426,0.25759177510080344,0.5371358124325794,1.0,0.125,0.8020833333333333,8,1030.2320556640625,1030.835205078125,0.36514905,-1,3840,0.05677232537817326,0.7543397004022456,1.0111199577109828,3.996540964873467,False,rigid-doublet;not-round;elongated,reject
8217,64,15.534984967192678,0.10013018586904032,0.2522547769013843,0.3197209545939951,0.46519455165598167,1.5,0.5,0.9583333333333333,4,517.2808227539062,41.70978355407715,0.36513341,-1,-1,,,0.7053353081513217,5.957445718000063,True,two-cores;not-round;elongated;mislink,reject
4370,151,10.920458130887278,0.0521264993972803,0.3080282208699403,0.3693628896955636,0.5909479490210242,1.0,0.42857142857142855,0.9791666666666666,7,1154.32421875,206.73049926757807,0.36022857,1,-1,,,1.311126021844482,6.581839327479648,False,two-cores;not-round;elongated,reject
3439,59,12.689631065220604,0.05005972518588361,0.09994295171737445,0.23095181925015934,0.28011334691741907,1.0,0.0,0.875,3,1116.8516845703125,950.1964111328124,0.35967454,1,-1,,,2.0961220394077484,7.574205827077969,False,short;not-round,reject
4769,73,14.802452337107939,0.1396977007879898,0.3239461803169038,0.3606372768444321,0.7714574303027232,1.0,0.2,0.9791666666666666,5,1140.47412109375,180.16310119628903,0.35875985,-1,-1,,,1.128615682558801,5.64886207126392,False,not-round;elongated,reject
2386,96,12.132475540675623,0.07228695842564109,0.20795549790832374,0.28509320683330724,0.4568397254963694,1.0,0.4,0.9583333333333334,5,1395.8519287109375,19.254852294921875,0.35824432,1,-1,,,0.7451206813395619,5.984345125910903,True,two-cores;not-round;elongated;mislink,reject
7472,67,12.388383906370452,0.06334793150190729,0.27351667639122945,0.2816008505265902,0.5620066525119689,1.0,0.0,1.0,4,1404.71923828125,28.10572052001953,0.353943,1,-1,,,2.037101484135201,6.817062919389726,False,not-round;elongated,reject
79,302,10.578980788245083,0.06301333310384463,0.23231999809747791,0.2843058420839799,0.37940429420614913,1.0,0.17647058823529413,0.9166666666666666,17,1205.1414794921875,157.62852478027344,0.35353480000000004,1,-1,,,0.9944856183062744,6.50750569832347,False,not-round,reject
84,296,11.756848229259159,0.10706017721971038,0.30598441005258065,0.33040701873017936,0.45092546944640666,1.0,0.125,1.0,16,236.57451629638672,770.2588500976562,0.34845756,1,-1,,,0.6424181629131754,5.143183455845217,True,not-round;elongated;mislink,reject
5086,69,13.257115672994518,0.030106070874467913,0.17437935473423516,0.25623797554961825,0.6449598775558212,1.0,0.0,0.9375,3,1403.6104736328125,18.826316833496094,0.34397444,-1,-1,,,1.2388725228042912,5.78673260525201,False,not-round;elongated,reject
7493,93,12.179977302642884,0.05834936917904172,0.07184592736720521,0.18407002688937654,0.2858330795125781,1.0,0.0,0.8541666666666666,5,1227.037841796875,91.08184814453124,0.34213457,1,-1,,,2.4099792284299157,7.3508949711645375,False,not-round,reject
1958,69,9.95336714715605,0.03561189104136152,0.254039680044593,0.33676952345367017,0.3675507369117124,1.0,0.0,0.9583333333333333,4,1176.1259765625,186.77589416503903,0.3405179,1,-1,,,0.5516550812242241,2.5747415034925343,False,not-round,reject
6467,64,22.501785536320114,0.1492981706249068,0.1580028736852592,0.3217681207640699,0.5417076797239598,1.0,0.3333333333333333,0.7708333333333334,3,503.14894104003906,49.01081085205078,0.339675515,-1,-1,,,0.47110660568076607,1.5037361392699042,False,two-cores;not-round;elongated,reject
287,70,10.3691758203977,0.2516309387986789,0.12694981482309223,0.1989195888749798,0.465188285154038,1.5,0.5,1.0,4,204.25265502929688,596.5945434570312,0.33831168,-1,-1,,,2.669048582977827,5.928376963651606,False,two-cores;not-round;elongated;defocus,reject
3876,78,11.414256327635554,0.09555809568981637,0.18813766388425085,0.2922248474871565,0.4751664984010516,1.0,0.0,0.8958333333333334,5,1396.102294921875,19.886570930480957,0.33793938,1,-1,,,0.4846132936685018,4.641801347872382,True,not-round;elongated;mislink,reject
2526,95,9.606714169036263,0.0511197868451599,0.23174948400699658,0.32117189527222134,0.5893586458590012,1.0,0.4,0.9166666666666666,5,1035.0406494140625,1004.8209838867188,0.33647704,1,-1,,,1.905085784176137,7.219979924535295,False,two-cores;not-round;elongated,reject
6976,65,12.54393930828393,0.021894323418758938,0.12076721291223422,0.2579808454516305,0.4646654052403456,1.0,0.0,0.8333333333333334,5,1384.752685546875,20.94175720214844,0.3348942,1,-1,,,0.9133485181569924,6.106953423484232,False,not-round;elongated,reject
7134,105,18.81629612011953,0.06686019370013921,0.31545436417558015,0.34032604707082786,0.6081458909962854,1.0,0.0,0.9791666666666666,5,497.0607299804688,33.81916809082031,0.3346833,-1,-1,,,1.0494231937177205,5.354870253797326,False,not-round;elongated,reject
407,208,14.226981287683433,0.08314151917116931,0.23791922082507064,0.28601905161448,0.5737982585824658,1.0,0.25,0.9479166666666667,12,1065.3182373046875,1017.2650451660156,0.33394238,-1,-1,,,0.9077863243056992,6.366719073996796,False,not-round;elongated,reject
7059,88,14.743239180639396,0.019843370879796558,0.12931217863835492,0.26828937132696545,0.5097448558355805,1.0,0.0,0.8125,4,517.7143859863281,46.513038635253906,0.333497465,-1,-1,,,0.8628529535162658,6.205427655553773,False,not-round;elongated,reject
8248,51,10.263733927414254,0.15056686686511267,0.15855005253883728,0.28197822190660177,0.48155676585462937,1.0,0.3333333333333333,0.875,3,1056.6575927734375,1027.123779296875,0.33128646,1,-1,,,1.1201895607408188,8.072140626523776,False,short;two-cores;not-round;elongated,reject
3889,98,16.405236411366356,0.06243292380940325,0.15302888145884452,0.25704253160916324,0.6004415024099132,1.0,0.0,0.8541666666666667,6,487.2088317871094,85.81020736694336,0.329533205,-1,-1,,,0.8888321483082432,5.288846448278225,False,not-round;elongated,reject
1728,76,15.00954577889385,0.05569227965195776,0.24442589824569058,0.2590144152313184,0.5481942471356489,1.0,0.0,1.0,5,1069.9734497070312,1011.7916564941406,0.32830169,-1,-1,,,1.0951093076088347,4.436588321752293,False,not-round;elongated,reject
6068,103,13.832397963799396,0.130487033269674,0.2769202893713125,0.3268149431399079,0.6409441134023075,1.0,0.0,0.9791666666666666,5,1187.3707275390625,169.9307403564453,0.32676467,1,-1,,,0.6117971900231566,3.432386952007588,False,not-round;elongated,reject
688,70,14.472813343073495,0.033380123783285434,0.16807340156140585,0.26474147786196517,0.6270562472789131,1.0,0.0,0.8958333333333334,3,249.2618865966797,734.8667297363281,0.32574780000000003,-1,-1,,,1.0001727708891954,6.006973021289435,False,not-round;elongated,reject
99,177,11.475901026253899,0.07082899795699071,0.10817751110816642,0.2908053094401595,0.49995170683952367,1.0,0.0,0.7083333333333334,11,1408.0987548828125,16.196575164794922,0.32360375,1,-1,,,1.1149090429480946,4.805292957913439,False,not-round;elongated,reject
3979,348,10.839258386707579,0.14619273686690776,0.26375717748541894,0.30683077416511323,0.48170228211594296,1.0,0.2631578947368421,0.9583333333333334,19,1171.2052001953125,200.32726287841797,0.31969001500000005,1,-1,,,1.0352665137205435,4.715948161038882,False,not-round;elongated,reject
3765,239,11.757176582700973,0.1396996124910815,0.23661735599663117,0.29849511687832936,0.47020153215103005,1.0,0.0,0.96875,14,113.41141510009766,49.37519073486328,0.31875166,1,3209,0.10887550224812449,0.9213690444793118,2.040831317933811,6.648922914869806,False,rigid-doublet;not-round;elongated,reject
949,52,10.975132422916653,0.00937730590638486,0.2579940788575939,0.28204910785459675,0.4366308727263316,1.0,0.0,0.9791666666666666,3,110.6224136352539,747.2475891113281,0.31867523499999995,1,939,0.06595751157044681,0.7393673854112623,2.250717970056731,5.05226671568223,False,short;rigid-doublet;not-round,reject
89,94,14.702255000327463,0.06197367635171359,0.1706362383436124,0.2542574689238145,0.5706983672540078,1.0,0.3333333333333333,0.8854166666666667,6,1082.8363647460938,1007.8886413574219,0.3180212,-1,-1,,,1.008409363654897,5.06623279645521,False,two-cores;not-round;elongated,reject
4843,409,11.702062789508076,0.08228485521155428,0.11744601293251965,0.2694367424759616,0.5201074439029181,1.0,0.0,0.7916666666666666,23,479.5660095214844,38.8217658996582,0.31650728,1,-1,,,0.8868787673847538,4.991998026577377,False,not-round;elongated,reject
6299,51,14.123696664553417,0.0398599577842469,0.21957866830505368,0.2878602158920127,0.6281328202010864,1.5,0.5,0.90625,4,1052.0865478515625,1036.656982421875,0.31554803,-1,-1,,,1.1017411847673402,6.9979111355336565,False,short;two-cores;not-round;elongated,reject
3163,54,14.838152905650245,0.04406841176778428,0.12437173370679298,0.27757659564789927,0.5111325078220323,1.0,0.0,0.8229166666666666,4,1038.127685546875,1018.44091796875,0.31492410000000004,-1,-1,,,1.0792972885091754,4.236655266435074,False,short;not-round;elongated,reject
1863,73,16.13543916600866,0.12520653917452035,0.20233307819661694,0.3407264920877451,0.6868762969671176,1.0,0.0,0.875,4,539.6817626953125,30.80135154724121,0.31484708,-1,-1,,,0.8950999571770056,3.527198950811476,False,not-round;elongated,reject
6360,87,16.312278104623513,0.05894157953378643,0.2393560746749338,0.3234523460496005,0.7195859302860459,1.0,0.0,0.8958333333333334,3,496.03033447265625,68.21125793457031,0.314104,-1,-1,,,0.5763651697974242,3.0620885519180456,False,not-round;elongated,reject
2817,83,11.416346074230487,0.07682371096012133,0.12597794133246562,0.2990200573131187,0.3535412942111359,1.0,0.0,0.7291666666666666,5,1363.5758056640625,19.99800109863281,0.3140564,1,-1,,,1.0209699002477648,6.878615814221802,False,not-round,reject
6219,68,9.480109415415615,0.04676113196226582,0.26532420240798865,0.29183537515822483,0.5659992122183493,1.0,0.0,1.0,3,841.7266235351562,553.8603820800781,0.31378436,1,-1,,,2.4606004183431867,5.911710082572478,False,not-round;elongated,reject
3886,99,10.690686367639417,0.11320723763623712,0.20848507944713107,0.2895228951017575,0.43502000532690843,1.0,0.2,0.9166666666666666,5,1043.364501953125,1000.5181274414062,0.31059083,1,-1,,,2.0383923506591857,6.877650808139847,False,not-round,reject
7950,111,14.225315418011446,0.09439241474371708,0.26537992378664693,0.4023795465820084,0.719052982128684,1.0,0.0,0.9166666666666666,7,505.7918395996094,80.43657684326172,0.31011552,1,-1,,,1.4473381907439777,5.794856865607064,False,not-round;elongated,reject
6789,57,10.078054294840275,0.10033936155803246,0.20464971252504938,0.2795848219327577,0.2535813834206604,1.0,0.0,0.9583333333333334,3,70.28380584716797,738.479248046875,0.30955032,1,-1,,,2.4186372960954365,7.35887889434592,False,short;not-round,reject
4240,403,14.868178767548635,0.10361940520967629,0.27694960172690597,0.3782236043346981,0.4477271845515323,2.0,0.5217391304347826,0.8958333333333334,23,543.0137939453125,31.77489471435547,0.30702457,1,-1,,,0.8993998697031297,6.52845144260474,False,two-cores;not-round,reject
4200,103,16.692636901560533,0.027832005904829867,0.1355390921139153,0.2665177285732544,0.6209405999709317,1.0,0.0,0.7708333333333334,4,231.6887969970703,765.9354248046875,0.30683246,-1,-1,,,1.2139654055950664,4.571353354984525,False,not-round;elongated,reject
4268,50,10.853833705976491,0.02695200667424941,0.3359561168198611,0.3509899318559182,0.44473145068804165,1.0,0.3333333333333333,1.0,3,829.0702514648438,568.9598388671875,0.3052399,1,-1,,,1.9042980259757536,6.621420090223041,False,short;two-cores;not-round,reject
3291,58,11.201167942078852,0.029158072373564256,0.2674805791629786,0.2749120543722883,0.48235562454961817,1.0,0.0,1.0,3,145.21431732177734,15.601358890533447,0.30208534,1,3209,0.12347311799880137,0.7428026261655356,2.2111036183615513,6.595583313430298,False,short;rigid-doublet;not-round;elongated,reject
6445,53,10.461177132906709,0.15331281487963766,0.18558139914972555,0.2628007435595378,0.5953763175206922,1.0,0.0,0.8958333333333334,3,1180.50146484375,198.02317810058597,0.30133048,-1,-1,,,1.7336329023598307,7.572147022833419,False,short;not-round;elongated,reject
7293,50,11.162454443238262,0.07919302279462448,0.25561415180921154,0.2971057905493233,0.29494009505727625,1.0,0.0,0.9791666666666666,3,1154.7972412109375,168.09697723388672,0.300406995,1,-1,,,1.0929033815772418,6.386726887291098,False,short;not-round,reject
8117,53,12.611049357737402,0.06396354421955856,0.11787375518442776,0.20020183049496826,0.3264137488761848,1.0,0.3333333333333333,0.9166666666666666,3,1228.33154296875,59.530609130859375,0.3002996,1,-1,,,2.371928970185995,7.373397467646902,False,short;two-cores;not-round,reject
5969,122,11.103108092433201,0.03993594816697703,0.1917938602222379,0.2144508184017867,0.49725283646061014,1.0,0.4,0.8958333333333334,5,1364.2991333007812,10.575796127319336,0.29951149499999996,-1,-1,,,0.9511224387685937,7.160407442673177,False,two-cores;not-round;elongated,reject
6657,58,10.196777066315718,0.15549033504369764,0.11673090885276051,0.22691475109137083,0.49433693536497064,1.0,0.25,0.875,4,1292.3399658203125,1120.036376953125,0.296844875,-1,-1,,,2.0775727602815994,7.631527204662664,False,short;not-round;elongated,reject
1099,131,10.554146011304288,0.15324828170759278,0.30575694187678887,0.34980173808307496,0.5673419901639377,1.0,0.42857142857142855,0.9791666666666666,7,1163.5096435546875,187.89163208007807,0.2961486,1,-1,,,0.4216328958077977,5.3791300340785915,True,two-cores;not-round;elongated;mislink,reject
6720,56,10.262711630859343,0.05055267125263118,0.2989117927308672,0.31466582784203945,0.4572813507846156,1.0,0.0,0.9895833333333333,4,75.79011154174805,761.2461853027344,0.294195695,1,-1,,,2.302907127039242,6.822491928493147,False,short;not-round;elongated,reject
1777,80,12.686740863012856,0.2254894677668344,0.16243207096599985,0.25503513491150065,0.6726263681069864,1.0,0.4,0.9148936170212766,5,1348.0997924804688,1073.5023193359375,0.29418460999999996,-1,-1,,,1.9420767516347355,7.549458626735583,False,two-cores;not-round;elongated,reject
7601,68,14.601132984906268,0.02024026557085443,0.15011336592879745,0.2559802057331588,0.5605062359269386,1.0,0.0,0.875,4,517.32080078125,48.01848602294922,0.291919765,-1,-1,,,0.8097525512033692,6.039945722760185,False,not-round;elongated,reject
6922,129,10.657255654853522,0.13084438065653878,0.28739137555418026,0.3313445795625808,0.45491057557755327,1.0,0.14285714285714285,1.0,7,841.9208984375,540.3798828125,0.29189545,1,-1,,,1.745174042892427,7.972430506827966,False,not-round;elongated,reject
5290,103,11.127906408707958,0.18848183211994426,0.2763367671904559,0.3074503055986074,0.543666592364819,1.0,0.0,0.96875,6,1186.777587890625,169.71400451660156,0.29147455,1,-1,,,0.4851044998000528,2.635561492884416,False,not-round;elongated,reject
3801,82,14.72093453171484,0.028657335002194022,0.16364927827429437,0.32740643568064454,0.6047284528182135,1.0,0.2,0.8333333333333334,5,535.5496520996094,32.35698699951172,0.29144475000000003,-1,-1,,,2.45446953928087,5.700710262455031,False,not-round;elongated,reject
7025,52,13.293138039707095,0.05062933931520629,0.15651831357228815,0.3201895351948651,0.49822745922602196,1.0,0.3333333333333333,0.75,3,1390.4789428710938,32.01940631866455,0.28994188,1,-1,,,2.033109827202456,5.055954234753115,False,short;two-cores;not-round;elongated,reject
972,54,17.00537360728026,0.3096582859097241,0.07290213049131734,0.23293507096714378,0.4315335999885944,1.0,0.25,0.78125,4,501.0327606201172,71.45683288574219,0.288991435,-1,-1,,,0.9064276157128598,7.458533848606082,True,short;not-round;defocus;mislink,reject
2882,108,13.643442306265559,0.08192198530033669,0.1521748696959601,0.23512570978382002,0.49880490151016715,1.0,0.0,0.8854166666666666,6,488.7584533691406,78.96451187133789,0.28824647999999997,-1,-1,,,0.6343486635481792,3.182097756083271,False,not-round;elongated,reject
7901,86,15.066089899106144,0.20981840190333587,0.28064608354561005,0.34427065185426714,0.6444305572650182,1.0,0.0,0.9166666666666666,5,508.1431579589844,62.21032905578613,0.287138595,1,-1,,,0.7363703889466606,4.490038853380033,False,not-round;elongated,reject
2061,124,10.573588634930271,0.12882044325874453,0.23466390473365079,0.3181972852842044,0.4612068404419699,1.5,0.5,1.0,8,1163.5228881835938,188.0757598876953,0.28711211000000003,1,-1,,,0.4582012495829963,7.621233732086296,True,two-cores;not-round;elongated;mislink,reject
4104,168,12.05178365762128,0.1323036262406778,0.1777862332775404,0.30147665238988436,0.4537033316766082,1.0,0.0,0.8125,9,1186.1649780273438,170.12065887451172,0.28516389,1,-1,,,0.7256811278530568,3.8644375746998034,False,not-round;elongated,reject
7630,107,14.756201356852022,0.07446142703712975,0.20927933215002176,0.3622468255339616,0.49263814451491617,1.5,0.5,0.8854166666666667,6,254.30517578125,763.5989990234375,0.28504923,1,-1,,,1.1333928831140208,5.221529570191514,False,two-cores;not-round;elongated,reject
6651,72,14.812784879098148,0.019380710264464477,0.15360800381941203,0.3549579275318269,0.7147165656049169,1.0,0.0,0.7872340425531915,3,536.0245056152344,31.063714027404785,0.28409127,-1,-1,,,2.1329479943408143,4.802262522137726,False,not-round;elongated,reject
2321,98,10.705527418548698,0.155984165449013,0.25540024971839664,0.311751755918231,0.3872622805628965,1.0,0.16666666666666666,0.9895833333333333,6,844.1008605957031,613.7416381835938,0.279893585,1,-1,,,1.8831636944280628,6.9419332467548305,False,not-round,reject
969,72,11.078732623834474,0.08734557823665244,0.21325400111119808,0.3025093782295633,0.617414683865924,1.0,0.0,0.875,5,1075.0537719726562,1040.0482177734375,0.27764229,1,-1,,,0.956584940235485,6.1558793171653425,False,not-round;elongated,reject
8079,85,10.057739957092652,0.06194533265133318,0.27538798712064316,0.32072139086549356,0.43585237698704904,1.0,0.0,1.0,4,1158.251953125,187.89434814453125,0.2772845,1,-1,,,1.0423087154413875,7.330282470585804,False,not-round,reject
117,78,10.935537263121054,0.03353907407114298,0.2604176713500115,0.3096916122713269,0.4280946482274689,1.0,0.0,1.0,4,1159.844482421875,161.82329559326172,0.27637979,1,-1,,,1.2565861423483984,4.540583128483385,False,not-round,reject
6928,70,14.332035879357925,0.18676357675815763,0.21990776247226979,0.28394226107088283,0.6092003727978124,1.0,0.0,0.9166666666666666,4,250.8791961669922,752.8616333007812,0.27604726,-1,-1,,,2.0239581109768316,5.537560012454108,False,not-round;elongated,reject
2986,68,10.97238242146209,0.026916590867333046,0.289607536976825,0.32221200730977095,0.3657053029417904,1.0,0.0,0.9893617021276595,4,71.68694305419922,748.3349304199219,0.27553451,1,-1,,,1.8987659079848433,5.037850742647572,False,not-round,reject
7794,105,17.534235223058563,0.24310702582780735,0.25003773983637445,0.31112366266424185,0.6054720957663342,1.0,0.16666666666666666,0.9479166666666667,6,496.6678466796875,22.64494132995605,0.27350366,-1,-1,,,1.4299730398261565,6.303933567921584,False,not-round;elongated,reject
2372,65,14.240067286686852,0.07054302673748696,0.1917024267841314,0.31796481526505177,0.6358173472876746,1.0,0.0,0.8125,3,503.27532958984375,47.204959869384766,0.272312,1,-1,,,1.1158520704887631,7.1058187078319435,False,not-round;elongated,reject
5737,120,13.37202497618569,0.049973688357812476,0.1786576308771017,0.2951890395233329,0.5736729602464633,1.0,0.0,0.9166666666666666,7,520.9039306640625,63.64498329162598,0.272001665,1,-1,,,1.6058368858184162,6.69937653933107,False,not-round;elongated,reject
3943,54,11.106137557198906,0.047130489039545705,0.13725396616354757,0.3093744927769051,0.5790585252097527,1.5,0.5,0.7604166666666666,4,519.0482788085938,61.88083076477051,0.27098353,1,-1,,,1.2159568207723919,7.673108570481442,False,short;two-cores;not-round;elongated,reject
2369,76,10.153395727316482,0.06465914093541521,0.29531522556256806,0.30543380226890493,0.4048452313882404,1.0,0.25,1.0,4,832.0807189941406,632.98095703125,0.270309625,1,-1,,,1.877611815784021,5.664845806642967,False,not-round,reject
1905,158,10.639169587436752,0.19849172279947497,0.25637229795974853,0.2720461705843033,0.402638208659669,1.0,0.0,0.9791666666666666,9,1201.3592529296875,151.26514434814453,0.269584485,1,-1,,,1.2200279805896832,7.071515974220415,False,not-round,reject
5569,79,11.179958269656318,0.22098226461493148,0.3060157401373796,0.3294614842146965,0.4289815243020336,1.0,0.2,0.9791666666666666,5,1178.7562255859375,157.73985290527344,0.2693346,1,-1,,,0.6197838718975245,2.181130355866666,False,not-round,reject
7769,89,13.851608989081788,0.14816029910472472,0.17367055242161583,0.36652313906141987,0.6762456852127207,1.0,0.2,0.875,5,520.8970336914062,63.88818359375,0.26488847,1,-1,,,1.6413777912563685,6.63395015099391,False,not-round;elongated,reject
7189,115,13.972831821059668,0.054265763664846686,0.1579677671746026,0.2472205988197309,0.5424739302405942,1.0,0.16666666666666666,0.8526152482269503,6,543.2926025390625,14.96367073059082,0.26476964,-1,-1,,,1.0674343115509677,7.717334166733848,False,not-round;elongated,reject
5404,50,9.75800072923665,0.14574438657025524,0.18392960034030906,0.3546755007586498,0.5950114905164432,1.0,0.3333333333333333,0.9583333333333334,3,1170.7726440429688,207.92792510986325,0.26432679000000003,1,-1,,,1.8259542970468723,4.730334018587913,False,short;two-cores;not-round;elongated,reject
4247,51,9.374636830085349,0.13498899742713505,0.2785788414067929,0.3100064774451234,0.3544445643547781,1.0,0.0,0.9791666666666666,3,832.154296875,596.3820190429688,0.26427037,1,-1,,,1.6678808344034515,7.8210617839375685,False,short;not-round,reject
5271,82,18.15426015290839,0.08504671588527322,0.3193489794272881,0.39611010770781363,0.6282661643415025,2.0,0.6,1.0,5,487.7762908935547,45.8570499420166,0.264068155,-1,-1,,,0.6879272884800797,5.743555657827943,True,two-cores;not-round;elongated;mislink,reject
779,68,10.542663580818008,0.08266015119675695,0.24432189050722192,0.32179392771396653,0.44665926047542803,1.0,0.0,0.9166666666666667,4,1174.6254272460938,151.61923217773438,0.261520345,1,-1,,,1.5480528388350456,5.6792462724120965,False,not-round,reject
7238,183,12.294096688751232,0.1067354704228917,0.2184499465358502,0.2750185755931433,0.48632812591813557,1.0,0.3333333333333333,0.9791666666666667,6,555.2609252929688,10.142518043518066,0.25689355,1,-1,,,2.0351040010307173,6.83897743787255,False,two-cores;not-round;elongated,reject
7339,169,9.754991053703156,0.07594067143459425,0.27180469154047515,0.3041721683863704,0.4303195789272732,1.0,0.1111111111111111,0.9583333333333334,9,1160.450439453125,202.51788330078125,0.2568261,1,-1,,,1.1633818104132494,5.829650293559682,False,not-round,reject
6443,74,12.714115909046544,0.030550287259645658,0.17384610226346597,0.30805037237208444,0.6157017846217188,1.0,0.0,0.8958333333333334,5,520.8431396484375,63.83004951477051,0.25497327999999997,1,-1,,,1.2159841555391735,4.085510973140495,False,not-round;elongated,reject
5805,59,13.406308198189599,0.056281696985784495,0.12116765170073662,0.29635165816725406,0.6175498277039788,1.0,0.3333333333333333,0.7916666666666666,3,519.223876953125,41.335670471191406,0.25398833,-1,-1,,,1.369949109854129,6.650898108642324,False,short;two-cores;not-round;elongated,reject
1412,62,10.630320968646252,0.10417351333935242,0.2394477852621143,0.27309776982613004,0.5887514027374543,2.0,0.6666666666666666,1.0,3,1159.0869750976562,179.97359466552734,0.252413075,1,-1,,,0.6196887077854113,5.471330748698437,True,two-cores;not-round;elongated;mislink,reject
7530,52,10.516556356056308,0.05086670583813574,0.262955334775016,0.3951403233588333,0.4347029229678493,1.0,0.0,0.9583333333333334,3,1147.90869140625,188.26405334472656,0.25055735,1,-1,,,1.4495262071007218,6.310826467240088,False,short;not-round,reject
2534,79,13.000189863167373,0.1182411348202948,0.183161346832112,0.2664548620879947,0.431592069256741,1.0,0.25,0.9166666666666667,4,1213.9697265625,157.9550323486328,0.24754234,1,-1,,,2.519671301272825,6.143646906000294,False,not-round,reject
5185,76,13.654736120808868,0.015880582298125702,0.14093946560730722,0.33308997318405864,0.6582777165838503,1.0,0.0,0.78125,4,518.9979248046875,42.97294044494629,0.24364048,-1,-1,,,0.9740766609790388,2.8535560086790985,False,not-round;elongated,reject
4421,158,11.782240014809268,0.10812199666613401,0.24438403993940755,0.3094658969503364,0.46598442257856887,1.0,0.25,0.9583333333333333,8,1178.39404296875,159.12845611572266,0.24104,1,-1,,,0.8306319819999184,6.69690850608725,True,not-round;elongated;mislink,reject
4277,149,10.09701806798899,0.023173988519430838,0.3080838736578083,0.3195757775638245,0.40385257465576857,1.0,0.0,1.0,8,1130.2691650390625,184.84878540039065,0.2372802,1,3888,0.03891139795049826,0.7095698769277076,1.1612838198866124,4.815079888055462,False,rigid-doublet;not-round,reject
854,73,9.743804097180032,0.16641310138435228,0.2907288499933102,0.3032345825467947,0.6192398313763277,1.0,0.2,0.9791666666666666,5,1159.4671630859375,179.98580932617188,0.23456953,-1,-1,,,0.5613804500598257,5.546667548833849,True,not-round;elongated;mislink,reject
7944,96,13.97823151481728,0.08044430895043282,0.26356450824111993,0.39011657376077197,0.6477260001408529,1.0,0.0,0.875,7,494.5053253173828,74.42980575561523,0.233979935,1,-1,,,0.6034473957828225,7.324478601121785,True,not-round;elongated;mislink,reject
652,145,10.320982996737241,0.04647810814480122,0.26333348079588914,0.3098636043025969,0.5574395911286651,1.0,0.1,0.9479166666666667,10,1365.254150390625,42.212528228759766,0.23343916,1,-1,,,1.198106864135358,6.692111799126421,False,not-round;elongated,reject
6516,53,14.061110215144915,0.06395351013819481,0.20648281348718361,0.2258075146011625,0.5736359090761285,1.0,0.0,0.9893617021276595,4,534.4591064453125,12.260174751281738,0.23058753,-1,-1,,,1.2524852664319168,7.035247999208363,False,short;not-round;elongated,reject
470,353,11.676756145081786,0.06941708137948788,0.13228027235097076,0.2700893610123119,0.40854108823161844,1.0,0.047619047619047616,0.8125,21,537.1591796875,76.3192138671875,0.22972977,1,-1,,,0.8432915090423251,3.4541552434886826,False,not-round,reject
3337,54,11.641846682145951,0.05718358801644138,0.27000179542604247,0.2946806510796802,0.3801622764733435,1.0,0.3333333333333333,0.9791666666666666,3,1196.1377563476562,175.75293731689453,0.228439765,1,-1,,,1.4478189647957793,4.482852724375552,False,short;two-cores;not-round,reject
3587,60,12.67072577076808,0.03429729077100599,0.2686361766569513,0.35713518437496866,0.40469221963347163,1.0,0.0,0.9791666666666666,3,544.83984375,30.580303192138672,0.221612065,1,-1,,,1.0861123043524064,6.6195981945989315,False,not-round,reject
6456,57,10.104299437890546,0.07264575746704606,0.20593369757832444,0.3175260793253444,0.310455758512384,1.0,0.0,0.9583333333333334,3,1142.981689453125,196.73162841796875,0.22124499,1,4148,0.07527265524318313,0.7850885332590669,1.1584831769786557,4.12061864539019,False,short;rigid-doublet;not-round,reject
1593,75,11.961553313236465,0.16109247261789614,0.16671301287491697,0.21954000162640047,0.4924675300589445,1.0,0.0,0.8958333333333334,4,1070.836181640625,1042.4317626953125,0.2211981,-1,-1,,,1.6424390837674108,6.747077575618397,False,not-round;elongated,reject
1832,59,11.956393350188293,0.036700667790687674,0.1656388100303016,0.31341958489215216,0.3510217993901612,1.0,0.0,0.8333333333333334,3,527.0252075195312,18.20331573486328,0.21660262,1,-1,,,0.6519247401174075,1.6512544754118772,False,short;not-round,reject
198,54,15.259412905036218,0.0593252937226832,0.19237789046611498,0.2702931251736507,0.663110704311916,1.0,0.0,0.8958333333333334,4,236.86064910888672,732.5672302246094,0.21468438,-1,-1,,,1.3041575285415745,5.774199656549911,False,short;not-round;elongated,reject
1,1421,12.78039093564098,0.0024045293063956743,0.004726574579698887,0.010518798454622646,0.11123149140090569,1.0,0.0,0.875,80,796.9166259765625,344.0308837890625,173.23492,1,-1,,,1.019658382500697,3.3371915679891866,False,,single
0,1421,11.734357765128461,0.01299993797844095,0.00716303283322091,0.008478338540668078,0.11866497756865657,1.0,0.0,0.9791666666666666,80,1105.3048095703125,1094.947265625,161.93858,1,-1,,,1.089184039597928,3.946984562312116,False,,single
6,640,12.069242909527027,0.046203471020121616,0.008868877999988315,0.009832625494558128,0.13299043372693678,1.0,0.0,0.9583333333333334,36,1607.4205322265625,643.6938781738281,158.98798,1,-1,,,1.0644297748017082,3.711900243135248,False,,single
4708,659,12.04835437682028,0.03549660020794583,0.008355893713750645,0.010081215398860673,0.12830595945681966,1.0,0.0,0.9583333333333334,36,1609.1214599609375,680.8822021484375,155.91257,1,-1,,,1.1215735787472396,5.095172454760933,False,,single
2,1421,11.610727046447224,0.008394546798662856,0.008208680985374155,0.012677021815517412,0.13967572439338596,1.0,0.0,0.90625,80,1345.331787109375,255.0766143798828,121.853,1,-1,,,1.0724313122319202,3.4590132955844535,False,,single
8151,81,11.070305953464578,0.013982358805679811,0.016369225362561142,0.02197605822272098,0.23617452818817922,1.0,0.0,1.0,5,23.286455154418945,803.1275634765625,56.33357,1,-1,,,1.173869002842629,3.0085598219353384,False,,single
1447,234,12.0195078854797,0.0666087361002301,0.009066523666703623,0.013492607594674074,0.17366270989522017,1.0,0.0,0.9583333333333334,13,11.172271728515625,331.3681640625,49.7429275,1,-1,,,1.0954048219084267,3.4348411027183907,False,,single
3,1421,9.03920190592557,0.22255572756625983,0.01988766343073618,0.021361577131097854,0.22929253402815963,1.0,0.15,1.0,80,1132.9830322265625,304.7968444824219,40.0166,1,-1,,,1.3868849788008963,5.662128812804088,False,,single
782,62,11.54394297423663,0.059773569730334083,0.011912891475452415,0.027771185924504956,0.1803383759016024,1.0,0.0,0.9574468085106383,3,499.7662811279297,8.720821380615234,39.8028865,1,-1,,,1.0915036588937967,2.684616805744665,False,,single
693,99,11.989592560307596,0.06716747788605588,0.010720650788777835,0.09222812856484007,0.2678761759372029,1.0,0.0,0.8958333333333334,5,8.311707496643066,336.1575012207031,36.738132,1,-1,,,1.0855146830161497,2.897337762862924,False,,single
4,1421,8.552566422068482,0.0541879899861417,0.01813944639525436,0.02040305624780353,0.22097616492372363,1.0,0.0,1.0,80,940.7211303710938,277.9182434082031,30.542074,1,-1,,,1.493588336807964,4.331680478534299,False,,single
3395,864,9.519134421008154,0.06391057147658906,0.01698735887813032,0.06754875796975651,0.24510613709360402,1.0,0.0,0.8125,48,1234.6209716796875,1000.3660888671874,27.225849,1,-1,,,1.3380084011822435,5.012056792753439,False,,single
17,558,9.848163183668607,0.05521620780504672,0.019800973404838777,0.0958525455032034,0.3032439787168385,1.0,0.0,0.8229166666666667,32,1260.9971923828125,995.4567260742188,27.080844,1,-1,,,1.2721387724418347,3.85516854697907,False,,single
4408,611,9.627088406147399,0.05759103992501873,0.02999605234556,0.03149242438240239,0.27701034609010367,1.0,0.0,1.0,35,152.48883056640625,1196.345947265625,26.241112,1,-1,,,1.269861795549064,4.141394043898916,False,,single
6394,72,9.579329389412454,0.007252081011217498,0.014811119116061033,0.021708578151099577,0.21140729893316232,1.0,0.0,0.8958333333333333,4,8.817818641662598,969.8946838378906,25.700837,1,-1,,,1.3275873484738778,3.27681345552084,False,,single
16,1421,8.70627335969862,0.17291251906436322,0.022036436873694526,0.02330747323030601,0.2273778729194624,1.0,0.125,1.0,80,799.09033203125,892.7998657226562,20.237503,1,-1,,,1.6099268157174333,5.534863751974078,False,,single
5866,446,11.15479144429442,0.0551636740115958,0.06147648851322515,0.09755194087442655,0.3667859363582508,1.0,0.08,1.0,25,171.59961700439453,452.2555389404297,14.021860499999999,1,-1,,,1.1237714699696353,4.684489887718711,False,,single
11,1218,7.933907104903478,0.21495015162789965,0.025350467121810806,0.027797035699373633,0.23837641761790018,1.0,0.14705882352941177,0.9791666666666666,68,934.5066223144531,525.3318481445312,13.232802,1,-1,,,1.661850659103337,6.052698979777403,False,,single
7342,205,7.233712863228804,0.06189941280749536,0.016458246226784372,0.017744953945248897,0.20331882284926817,1.0,0.0,0.96875,12,948.8934326171876,479.5473937988281,11.886932,1,-1,,,1.7818309614139847,5.18526762016882,False,,single
6710,315,8.603966515449017,0.2304468254328263,0.038024051950744375,0.03965266146902079,0.22547059394710234,1.0,0.2222222222222222,1.0,18,70.37568664550781,332.4580993652344,11.650281,1,-1,,,1.3820200589736875,4.34508471107753,False,,single
27,1421,8.235840345484574,0.12156026849629403,0.022208280373830255,0.05167092477452832,0.2693665500695851,1.0,0.0125,0.875,80,715.6993408203125,1161.7137451171875,11.574788,1,-1,,,1.5900825784795833,5.454849243911019,False,,single
396,489,7.110502594201592,0.20772283639796352,0.019012908137225237,0.02058271880255019,0.21267301955855145,1.0,0.1111111111111111,0.9583333333333334,27,699.1405639648438,1068.2891845703125,10.235563,1,-1,,,1.7908964541998524,5.134272682670331,False,,single
24,218,11.965024359149062,0.23352742108342436,0.044752477582985214,0.07857096052040632,0.3102866455527473,2.0,0.5384615384615384,0.9375,13,1456.9609375,285.7175750732422,9.683018,-1,-1,,,1.6310013827911363,5.8321623034929235,False,,single
2592,847,7.750943186315628,0.09784828893172023,0.024449089513696152,0.04483996891205194,0.3006832524292505,1.0,0.0,0.875,47,902.55712890625,530.0145874023438,9.446462,1,-1,,,1.5320441306025157,5.854161595048648,False,,single
7651,155,7.239739925707863,0.09215255027756875,0.022746071007528606,0.034474006938962264,0.2627511040405301,1.0,0.0,0.8125,9,902.9385375976562,487.8508911132813,9.243069,1,-1,,,1.6118973623452222,4.563302467646956,False,,single
30,205,8.301077727925318,0.020851433213678116,0.011880930783294785,0.06790146601984488,0.2981906967187178,1.0,0.0,0.78125,12,118.78667449951172,739.2218627929688,8.123478,1,-1,,,1.3456710332536015,4.066519088136032,False,,single
48,302,10.935156222237847,0.21758351745075888,0.0720925978471877,0.08426832085871117,0.3796574563083957,1.0,0.17647058823529413,0.9375,17,702.4098510742188,204.80462646484375,7.2344935,-1,-1,,,1.9004665420559714,6.362697124719896,False,,single
6126,405,8.655769541188281,0.21375001995298676,0.04878799321440925,0.08284307678752661,0.3657435512739469,1.0,0.13043478260869565,0.9583333333333334,23,1394.9017333984375,302.3721008300781,6.7537956,1,-1,,,1.741097684495799,5.720686122576838,False,,single
26,903,11.194516067328793,0.22411574365380113,0.07090089384462302,0.0858434616334928,0.3510283483288061,1.0,0.27450980392156865,0.9583333333333334,51,153.9752655029297,964.0140991210938,6.552528,-1,-1,,,2.0505335018101425,6.54416949854917,False,,single
4478,290,7.83110736503478,0.16180425732739318,0.0512525837585405,0.07884020333986372,0.38855734243303186,1.0,0.0625,1.0,16,1392.0835571289062,277.92926025390625,5.8989762,1,-1,,,1.688305435718933,4.847750854348286,False,,single
1663,76,10.600782092171283,0.22563505296187997,0.0375610563323074,0.070196486140186,0.28567446165690025,2.0,0.75,0.84375,4,90.50135803222656,969.6412048339844,4.5845785,-1,-1,,,1.9994015927330342,7.667501720499973,False,,single
74,160,9.785808766903344,0.19102320146430277,0.061307169252595724,0.09755800540725648,0.37309320998553086,1.0,0.3,1.0,10,1305.905517578125,945.3218078613281,3.21704855,1,-1,,,1.6532128270413633,6.57867347613582,False,,single
37,143,7.090026641707929,0.20034713641365542,0.03556156707710929,0.0440785193072165,0.28686875573866755,1.0,0.125,0.9791666666666667,8,170.05380249023438,988.3072509765624,3.1851454,1,-1,,,1.9304762283534298,4.732474888719025,False,,single
3528,844,8.264123992954802,0.16430177264470672,0.05822571545076631,0.07456432208684163,0.34020796829510624,1.0,0.02127659574468085,0.9583333333333334,47,1573.3472900390625,276.6251525878906,2.7418514,1,-1,,,2.100758655961274,7.498919954960891,False,,single
40,571,8.775311974316402,0.21236604222611496,0.07557012585378847,0.07891256007556165,0.3779671708555206,1.0,0.09375,0.96875,32,1599.127685546875,242.0856170654297,2.4262333,1,-1,,,2.0605492997776125,6.362146426535823,False,,single
5516,219,6.893200967765383,0.19021399050502955,0.04749886892185086,0.05887270295268518,0.3456222150813033,1.0,0.08333333333333333,0.9791666666666667,12,116.14364624023438,957.9274291992188,2.0473666,1,-1,,,2.0301991372411017,7.730352690561388,False,,single
4802,91,9.327715030531195,0.0744888096973902,0.06702154194357235,0.06713468042494741,0.3718653154198134,1.0,0.0,1.0,5,1516.0517578125,259.8362731933594,1.8788075,1,-1,,,1.772821232466789,5.088441372203861,False,,single
4143,107,12.249249610947913,0.03904968927396461,0.07816442829625245,0.0827846309169416,0.2339652386615727,1.0,0.0,0.9375,6,1101.2100830078125,980.8716430664062,0.9509807,1,-1,,,2.164071851422878,5.8045471591073765,False,,single
