particle,frame,x,y,x_raw,y_raw,sym,r_est,polarity,contrast
0,0,113.30953216552734,1103.6578369140625,113.30953216552734,1103.6578369140625,19.494173,10.0,1,35.682575
1,0,550.7353515625,663.9241333007812,550.7353515625,663.9241333007812,12.419754,10.0,-1,44.038162
2,0,280.25927734375,129.54051208496094,280.25927734375,129.54051208496094,10.28284,10.0,1,28.673845
3,0,837.2574462890625,1071.6666259765625,837.2574462890625,1071.6666259765625,10.263768,8.0,1,26.710474
4,0,1480.39404296875,193.721435546875,1480.39404296875,193.721435546875,8.5834055,10.0,-1,9.562862
5,0,523.8560180664062,434.6996154785156,523.8560180664062,434.6996154785156,8.201274,10.0,-1,19.428728
6,0,1221.5294189453125,589.3444213867188,1221.5294189453125,589.3444213867188,7.794998,10.0,1,37.722042
7,0,176.26473999023438,433.4203186035156,176.26473999023438,433.4203186035156,5.6591573,8.0,-1,1.9738386
8,0,836.151611328125,326.6521911621094,836.151611328125,326.6521911621094,5.2522044,22.0,-1,12.263782
9,0,228.1605224609375,50.08012390136719,228.1605224609375,50.08012390136719,4.7989087,8.0,1,24.87223
10,0,1243.5242919921875,178.8262481689453,1243.5242919921875,178.8262481689453,4.7803416,10.0,-1,19.394213
11,0,775.9766845703125,835.9683837890625,775.9766845703125,835.9683837890625,4.665535,8.0,-1,37.102024
12,0,80.91841125488281,456.5853576660156,80.91841125488281,456.5853576660156,4.5449166,22.0,-1,21.209923
13,0,1528.0479736328125,884.170166015625,1528.0479736328125,884.170166015625,4.4417844,10.0,-1,23.726673
14,0,1600.378173828125,393.0007629394531,1600.378173828125,393.0007629394531,4.325105,16.0,-1,18.952507
15,0,1294.49560546875,53.49371337890625,1294.49560546875,53.49371337890625,4.1194654,10.0,-1,14.473365
16,0,1403.9501953125,1207.99609375,1403.9501953125,1207.99609375,3.5079296,6.0,1,13.067177
17,0,666.5532836914062,297.9919738769531,666.5532836914062,297.9919738769531,3.2233036,6.0,1,2.0703883
18,0,469.6152648925781,816.3153686523438,469.6152648925781,816.3153686523438,3.211168,20.0,-1,15.43397
19,0,970.2914428710938,543.2298583984375,970.2914428710938,543.2298583984375,3.007039,8.0,-1,20.762852
20,0,543.3941650390625,808.29736328125,543.3941650390625,808.29736328125,2.959205,16.0,-1,13.218404
21,0,1382.52734375,25.98883056640625,1382.52734375,25.98883056640625,2.832338,16.0,-1,35.384987
22,0,183.70863342285156,412.0845947265625,183.70863342285156,412.0845947265625,2.6677263,6.0,1,5.03598
23,0,764.970947265625,306.5807189941406,764.970947265625,306.5807189941406,2.5964887,12.0,-1,9.786169
24,0,1310.3983154296875,449.10223388671875,1310.3983154296875,449.10223388671875,2.0882878,8.0,1,16.241762
25,0,415.70556640625,515.4743041992188,415.70556640625,515.4743041992188,2.0019844,18.0,-1,11.293256
26,0,764.723876953125,1159.3433837890625,764.723876953125,1159.3433837890625,1.9841723,6.0,1,3.4679015
27,0,199.8426513671875,632.3006591796875,199.8426513671875,632.3006591796875,1.8218201,10.0,1,1.708518
28,0,65.86243438720703,525.2622680664062,65.86243438720703,525.2622680664062,1.6363639,6.0,1,18.951511
29,0,481.65570068359375,392.8844299316406,481.65570068359375,392.8844299316406,1.0572333,26.0,-1,2.9649615
32,0,424.1227722167969,160.21771240234375,424.1227722167969,160.21771240234375,0.73740417,6.0,1,8.5487175
33,0,524.9815063476562,1194.956298828125,524.9815063476562,1194.956298828125,0.5573748,6.0,1,4.94851
34,0,632.5208740234375,1141.39599609375,632.5208740234375,1141.39599609375,0.48995838,26.0,-1,1.8336085
35,0,448.1811218261719,746.6148071289062,448.1811218261719,746.6148071289062,0.4263961,10.0,-1,2.6194654
36,0,94.23312377929688,467.51971435546875,94.23312377929688,467.51971435546875,0.41476548,22.0,1,3.4484277
40,0,203.94664001464844,498.5375671386719,203.94664001464844,498.5375671386719,0.3129848,6.0,1,1.7544852
41,0,733.518798828125,729.4256591796875,733.518798828125,729.4256591796875,0.30614182,24.0,-1,3.4650111
43,0,1409.0567626953125,26.46729850769043,1409.0567626953125,26.46729850769043,0.24186347,26.0,1,12.973061
0,1,114.31829071044922,1104.0772857666016,114.46876525878906,1104.1011962890625,17.382729,10.0,1,36.906914
2,1,282.17618560791016,129.64845275878906,282.32666015625,129.67236328125,11.040703,10.0,1,28.98687
1,1,550.8780288696289,663.7602081298828,551.0285034179688,663.7841186523438,10.843379,10.0,-1,43.06547
3,1,837.7081069946289,1070.393814086914,837.8585815429688,1070.417724609375,10.218514,8.0,1,24.093184
5,1,525.6762466430664,434.4742889404297,525.8267211914062,434.4981994628906,8.779183,10.0,-1,19.974298
6,1,1221.6811904907227,589.2458648681641,1221.8316650390625,589.269775390625,8.2110615,10.0,1,38.21673
4,1,1480.3218154907227,194.49551391601562,1480.4722900390625,194.51942443847656,6.1972733,10.0,-1,5.948893
15,1,1292.9582901000977,49.61048126220703,1293.1087646484375,49.63439178466797,5.5792103,10.0,-1,22.15631
8,1,836.8699111938477,330.17445373535156,837.0203857421875,330.1983642578125,4.9688487,22.0,-1,12.7919655
7,1,176.03194427490234,433.61158752441406,176.1824188232422,433.635498046875,4.8504558,8.0,-1,4.6752634
11,1,774.1375503540039,835.4964141845703,774.2880249023438,835.5203247070312,4.411057,8.0,-1,33.510246
9,1,228.35054779052734,49.3155632019043,228.5010223388672,49.339473724365234,4.1528797,8.0,1,24.834002
10,1,1243.8207168579102,179.90371704101562,1243.97119140625,179.92762756347656,4.1171184,10.0,-1,16.968714
16,1,1403.9095840454102,1206.792984008789,1404.06005859375,1206.81689453125,3.9072435,6.0,1,12.906131
13,1,1527.0316543579102,884.0882720947266,1527.18212890625,884.1121826171875,3.885954,10.0,-1,21.112078
19,1,971.3893814086914,545.8116607666016,971.5398559570312,545.8355712890625,3.5094023,8.0,-1,21.065586
26,1,765.2665176391602,1158.217056274414,765.4169921875,1158.240966796875,3.2378242,6.0,1,0.015519083
14,1,1602.5525283813477,394.9779815673828,1602.7030029296875,395.00189208984375,3.175252,16.0,-1,23.10775
23,1,764.2126846313477,308.46299743652344,764.3631591796875,308.4869079589844,3.0886252,12.0,-1,18.564453
12,1,79.54232788085938,452.5622100830078,79.69280242919922,452.58612060546875,2.942092,22.0,-1,21.363358
28,1,65.99140930175781,524.9965362548828,66.14188385009766,525.0204467773438,2.4121897,6.0,1,13.807151
20,1,542.9772109985352,806.1832427978516,543.127685546875,806.2071533203125,2.184563,16.0,-1,12.56767
24,1,1310.1081924438477,449.1841278076172,1310.2586669921875,449.2080383300781,2.1469252,8.0,1,16.951649
25,1,413.76578521728516,516.9478302001953,413.916259765625,516.9717407226562,1.9143525,18.0,-1,12.1167555
17,1,665.0483169555664,294.66102600097656,665.1987915039062,294.6849365234375,1.8897276,6.0,1,8.310741
21,1,1382.6993789672852,28.080514907836914,1382.849853515625,28.10442543029785,1.8691019,16.0,-1,35.65597
18,1,468.70438385009766,815.2287750244141,468.8548583984375,815.252685546875,1.8204503,20.0,-1,15.284788
29,1,481.4750747680664,391.71714782714844,481.62554931640625,391.7410583496094,1.7918915,28.0,-1,3.4577746
22,1,183.7492446899414,412.50184631347656,183.89971923828125,412.5257568359375,1.6248139,6.0,1,10.123854
27,1,200.11934661865234,632.2016754150391,200.2698211669922,632.2255859375,1.3895445,10.0,1,1.0863879
35,1,449.05261993408203,748.3023834228516,449.2030944824219,748.3262939453125,0.6342446,10.0,-1,3.1595576
32,1,423.03214263916016,161.73248291015625,423.1826171875,161.7563934326172,0.6135588,12.0,-1,0.22310686
33,1,522.4908218383789,1196.060806274414,522.6412963867188,1196.084716796875,0.5734585,6.0,1,6.6330295
34,1,629.3168106079102,1141.974136352539,629.46728515625,1141.998046875,0.5094114,26.0,-1,3.9972525
41,1,738.1894912719727,729.8094635009766,738.3399658203125,729.8333740234375,0.50716627,24.0,-1,1.448883
36,1,91.1444320678711,462.75498962402344,91.29490661621094,462.7789001464844,0.40409103,24.0,1,0.24214059
40,1,205.06781768798828,498.0217742919922,205.21829223632812,498.0456848144531,0.31839466,10.0,-1,2.6145828
43,1,1408.6803359985352,27.519235610961914,1408.830810546875,27.54314613342285,0.3096752,24.0,1,12.942919
51,1,197.52159881591797,416.9297332763672,197.6720733642578,416.9536437988281,0.2973059,10.0,1,8.177512
1,2,550.0485610961914,662.0084991455078,550.1926879882812,661.8952026367188,17.270586,10.0,-1,42.17356
0,2,112.4601821899414,1105.7662506103516,112.60430908203125,1105.6529541015625,13.287418,10.0,1,24.706
4,2,1477.8513565063477,196.12745666503906,1477.9954833984375,196.01416015625,12.909523,10.0,-1,7.3650284
2,2,280.7859573364258,130.2978515625,280.9300842285156,130.18455505371094,9.956425,10.0,1,29.386707
6,2,1221.6811904907227,589.0459747314453,1221.8253173828125,588.9326782226562,9.018748,10.0,1,40.69937
3,2,839.7751235961914,1070.097183227539,839.9192504882812,1069.98388671875,8.158931,8.0,1,20.935484
5,2,524.1957168579102,435.94102478027344,524.33984375,435.8277282714844,7.8747144,10.0,-1,21.172148
15,2,1293.4575576782227,49.34315872192383,1293.6016845703125,49.229862213134766,7.257935,10.0,-1,24.560524
7,2,177.04228973388672,433.8362274169922,177.18641662597656,433.7229309082031,5.2923255,8.0,-1,2.453886
14,2,1603.5412979125977,396.17604064941406,1603.6854248046875,396.062744140625,5.039252,18.0,-1,21.134018
11,2,772.3056411743164,836.6850128173828,772.4497680664062,836.5717163085938,4.9512563,8.0,-1,29.442066
16,2,1403.9645156860352,1205.962417602539,1404.108642578125,1205.84912109375,4.1796317,6.0,1,13.746138
9,2,227.42256927490234,50.18263244628906,227.5666961669922,50.0693359375,3.8023233,8.0,1,25.8247
13,2,1525.9770889282227,880.6764068603516,1526.1212158203125,880.5631103515625,3.6842792,10.0,-1,22.003763
19,2,970.8400650024414,544.5529937744141,970.9841918945312,544.439697265625,3.4737933,8.0,-1,22.488987
18,2,471.55020904541016,815.4203643798828,471.6943359375,815.3070678710938,3.4583523,20.0,-1,14.824148
8,2,838.5992202758789,331.25059509277344,838.7433471679688,331.1372985839844,3.4038963,22.0,-1,12.118954
23,2,763.2079238891602,307.3917999267578,763.35205078125,307.27850341796875,3.0315259,14.0,-1,19.873142
26,2,765.3901748657227,1157.929214477539,765.5343017578125,1157.81591796875,3.0270329,6.0,1,2.345372
10,2,1241.1853408813477,179.28695678710938,1241.3294677734375,179.1736602783203,2.9512575,10.0,-1,14.304091
22,2,185.7323226928711,412.5965118408203,185.87644958496094,412.48321533203125,2.5570388,6.0,1,2.1418858
25,2,411.52295684814453,517.9330596923828,411.6670837402344,517.8197631835938,2.4034572,18.0,-1,11.7151
21,2,1384.2521133422852,26.586280822753906,1384.396240234375,26.472984313964844,2.371819,16.0,-1,35.241447
12,2,77.1762924194336,451.4098358154297,77.32041931152344,451.2965393066406,2.3627274,24.0,-1,19.183224
28,2,66.31929016113281,524.1204376220703,66.46341705322266,524.0071411132812,2.3061025,6.0,1,17.366629
24,2,1310.3845596313477,449.60169982910156,1310.5286865234375,449.4884033203125,1.8349262,8.0,1,18.81678
20,2,541.5577163696289,806.3111114501953,541.7018432617188,806.1978149414062,1.8116134,16.0,-1,13.666823
27,2,201.8404312133789,632.2016754150391,201.98455810546875,632.08837890625,1.8065186,10.0,1,1.3182114
29,2,481.7355422973633,389.8109893798828,481.8796691894531,389.69769287109375,1.2977515,26.0,-1,5.3299627
33,2,523.0905532836914,1193.103042602539,523.2346801757812,1192.98974609375,0.8334386,6.0,1,9.550686
32,2,421.94010162353516,161.36843872070312,422.084228515625,161.25514221191406,0.7763123,14.0,-1,7.7746735
35,2,447.8057327270508,750.8219757080078,447.9498596191406,750.7086791992188,0.5981767,10.0,-1,5.9671955
40,2,203.53958892822266,499.8064727783203,203.6837158203125,499.69317626953125,0.46578574,4.0,1,0.4138609
34,2,630.9469985961914,1143.530288696289,631.0911254882812,1143.4169921875,0.44921973,26.0,-1,2.0439892
41,2,733.9767227172852,730.3319854736328,734.120849609375,730.2186889648438,0.44799232,26.0,-1,2.7636561
36,2,91.71378326416016,462.09202575683594,91.85791015625,461.9787292480469,0.42428207,26.0,1,1.5100374
43,2,1409.9530410766602,26.162532806396484,1410.09716796875,26.049236297607422,0.27798608,24.0,1,12.775574
1,3,550.0485610961914,662.7782897949219,550.0066528320312,662.6442260742188,15.341533,12.0,-1,42.014717
0,3,111.79219818115234,1106.5404357910156,111.75028991699219,1106.4063720703125,10.704117,10.0,1,20.334526
4,3,1476.2450332641602,196.69180297851562,1476.203125,196.5577392578125,9.323846,10.0,-1,10.243072
2,3,281.3571548461914,130.88047790527344,281.31524658203125,130.7464141845703,9.212313,10.0,1,30.755337
15,3,1293.9264297485352,48.70197296142578,1293.884521484375,48.567909240722656,9.151786,10.0,-1,25.709555
6,3,1223.8573379516602,589.9754943847656,1223.8154296875,589.8414306640625,8.996867,10.0,1,36.988964
5,3,525.5904312133789,436.6817321777344,525.5485229492188,436.54766845703125,7.106426,10.0,-1,21.49964
3,3,839.5687026977539,1069.1972961425781,839.5267944335938,1069.063232421875,5.485332,8.0,1,19.682556
10,3,1240.2838516235352,179.73086547851562,1240.241943359375,179.5968017578125,4.9269314,10.0,-1,16.77282
23,3,762.0632095336914,305.14874267578125,762.0213012695312,305.0146789550781,4.82951,14.0,-1,18.493122
7,3,178.4217758178711,433.89794921875,178.37986755371094,433.7638854980469,4.4495587,8.0,-1,0.017050028
19,3,968.3978042602539,540.2861633300781,968.3558959960938,540.152099609375,4.269712,8.0,-1,20.267773
14,3,1606.3054580688477,395.7658996582031,1606.2635498046875,395.6318359375,4.1332498,18.0,-1,21.51524
11,3,771.6827163696289,839.6916198730469,771.6408081054688,839.5575561523438,3.9813983,8.0,-1,27.4871
13,3,1524.6766738891602,882.1279602050781,1524.634765625,881.993896484375,3.8433912,12.0,-1,19.733522
18,3,470.0378189086914,812.6609802246094,469.99591064453125,812.5269165039062,3.7521927,20.0,-1,14.573187
16,3,1402.3514785766602,1205.9608459472656,1402.3095703125,1205.8267822265625,3.6852496,6.0,1,12.205141
9,3,225.12317657470703,52.07085418701172,225.08126831054688,51.936790466308594,3.439738,8.0,1,24.113092
8,3,836.1091079711914,333.7913818359375,836.0671997070312,333.6573181152344,3.4000876,22.0,-1,11.993765
21,3,1383.2698135375977,26.24103546142578,1383.2279052734375,26.106971740722656,2.7461836,16.0,-1,36.672646
25,3,408.0452651977539,522.0603332519531,408.00335693359375,521.92626953125,2.633032,16.0,-1,12.735085
12,3,80.38682556152344,448.5003662109375,80.34491729736328,448.3663024902344,2.5667837,24.0,-1,22.119272
28,3,66.52740478515625,524.1275939941406,66.4854965209961,523.9935302734375,2.540727,6.0,1,18.62499
22,3,185.98746490478516,412.6376037597656,185.945556640625,412.5035400390625,2.4654448,6.0,1,0.3983677
26,3,766.3492202758789,1157.8718566894531,766.3073120117188,1157.73779296875,2.4360287,6.0,1,0.35422724
17,3,664.6692886352539,297.1008605957031,664.6273803710938,296.966796875,2.2509687,6.0,1,5.978841
24,3,1309.5666885375977,451.3645324707031,1309.5247802734375,451.23046875,2.1761966,8.0,1,18.961369
20,3,545.3842544555664,801.8885192871094,545.3423461914062,801.7544555664062,1.9556149,16.0,-1,12.031246
27,3,204.77408599853516,630.2648620605469,204.732177734375,630.1307983398438,1.841623,10.0,1,0.05800569
29,3,484.2514114379883,391.8508605957031,484.2095031738281,391.716796875,1.4205865,28.0,-1,3.2355082
32,3,422.42020416259766,161.36843872070312,422.3782958984375,161.234375,0.97023493,12.0,-1,3.7240777
33,3,523.1656875610352,1192.9721984863281,523.123779296875,1192.838134765625,0.6921887,6.0,1,9.920501
35,3,446.7864761352539,750.1968688964844,446.74456787109375,750.0628051757812,0.66992235,8.0,-1,10.723449
36,3,91.7894287109375,461.7832336425781,91.74752044677734,461.649169921875,0.60472006,24.0,1,3.2012076
41,3,732.0056533813477,729.6010437011719,731.9637451171875,729.4669799804688,0.38890755,28.0,-1,4.4560695
34,3,632.6903457641602,1146.5152893066406,632.6484375,1146.3812255859375,0.38343033,28.0,-1,1.9671772
43,3,1406.8209609985352,23.758127212524414,1406.779052734375,23.62406349182129,0.33944556,24.0,1,11.659702
40,3,205.08374786376953,499.1454772949219,205.04183959960938,499.01141357421875,0.3216681,6.0,1,2.1233776
5,4,524.5062637329102,435.71116638183594,524.124755859375,435.9474792480469,14.043241,10.0,-1,27.325909
1,4,549.8313369750977,663.3289947509766,549.4498291015625,663.5653076171875,13.301281,12.0,-1,41.310005
2,4,281.31131744384766,129.8224639892578,280.9298095703125,130.05877685546875,10.267514,10.0,1,29.615583
0,4,111.85655975341797,1106.4937896728516,111.47505187988281,1106.7301025390625,9.716247,10.0,1,18.554897
4,4,1476.9540176391602,193.84707641601562,1476.572509765625,194.08338928222656,8.606123,10.0,-1,6.8179827
6,4,1223.8563613891602,590.1076202392578,1223.474853515625,590.3439331054688,8.347404,10.0,1,34.47578
3,4,838.3096694946289,1068.2891998291016,837.9281616210938,1068.5255126953125,8.120975,8.0,1,23.999872
15,4,1293.9274063110352,48.21977233886719,1293.5458984375,48.456085205078125,6.8952346,10.0,-1,23.494997
23,4,762.8116836547852,303.1577606201172,762.43017578125,303.3940734863281,5.7501388,14.0,-1,14.028353
7,4,178.2035903930664,433.94459533691406,177.82208251953125,434.180908203125,4.385367,8.0,-1,1.7962924
13,4,1524.2373428344727,883.8947296142578,1523.8558349609375,884.1310424804688,4.179204,10.0,-1,21.826122
8,4,836.4167861938477,334.6273956298828,836.0352783203125,334.86370849609375,4.122668,22.0,-1,14.171125
9,4,224.17499542236328,51.06320571899414,223.79348754882812,51.29951858520508,3.7084942,8.0,1,25.52678
14,4,1604.7729873657227,398.3943634033203,1604.3914794921875,398.63067626953125,3.664079,18.0,-1,21.75174
16,4,1403.2114639282227,1205.7083892822266,1402.8299560546875,1205.9447021484375,3.3864243,6.0,1,13.683522
26,4,767.8080825805664,1158.9107818603516,767.4265747070312,1159.1470947265625,3.251198,10.0,-1,1.247641
11,4,772.9742813110352,839.4198760986328,772.5927734375,839.6561889648438,3.0854552,8.0,-1,24.185045
12,4,81.86166381835938,449.80458068847656,81.48015594482422,450.0408935546875,2.844266,24.0,-1,20.82196
24,4,1309.9713516235352,451.8736114501953,1309.58984375,452.10992431640625,2.73086,8.0,1,19.467287
10,4,1238.7435684204102,179.1600341796875,1238.362060546875,179.39634704589844,2.6353168,10.0,-1,15.28452
25,4,405.8476333618164,523.7290191650391,405.46612548828125,523.96533203125,2.6048548,16.0,-1,13.919553
18,4,473.5465774536133,809.1244659423828,473.1650695800781,809.3607788085938,2.5689754,20.0,-1,13.983973
19,4,967.9279556274414,537.8675689697266,967.5464477539062,538.1038818359375,2.372018,8.0,-1,23.262177
21,4,1383.0841445922852,24.435178756713867,1382.70263671875,24.671491622924805,2.3442361,16.0,-1,36.409946
22,4,185.84850311279297,412.56846618652344,185.4669952392578,412.8047790527344,2.0285962,6.0,1,1.5840101
28,4,66.2384262084961,523.5615386962891,65.85691833496094,523.7978515625,1.9724017,6.0,1,21.408627
20,4,547.9217910766602,802.2337188720703,547.540283203125,802.4700317382812,1.7501966,18.0,-1,12.635565
17,4,663.8252334594727,295.9241485595703,663.4437255859375,296.16046142578125,1.5703435,6.0,1,5.1425095
33,4,522.2701797485352,1194.321304321289,521.888671875,1194.5576171875,1.1997856,6.0,1,7.6911
27,4,209.22431182861328,629.5239410400391,208.84280395507812,629.76025390625,1.110233,28.0,-1,1.469981
29,4,487.5226516723633,394.25636291503906,487.1411437988281,394.49267578125,0.87764376,26.0,-1,4.7738943
32,4,421.7903518676758,162.22821044921875,421.4088439941406,162.4645233154297,0.6591013,12.0,-1,1.9453952
35,4,447.85660552978516,748.7096099853516,447.47509765625,748.9459228515625,0.55698675,10.0,-1,4.139623
41,4,734.4679336547852,731.5189361572266,734.08642578125,731.7552490234375,0.52724224,24.0,-1,2.6585402
34,4,634.4761734008789,1150.5225982666016,634.0946655273438,1150.7589111328125,0.5174766,26.0,-1,1.6404352
40,4,204.45308685302734,500.9196014404297,204.0715789794922,501.1559143066406,0.5081468,6.0,1,9.284833
43,4,1409.5073623657227,25.410442352294922,1409.1258544921875,25.64675521850586,0.405795,24.0,1,11.691737
36,4,96.66438293457031,467.0786590576172,96.28287506103516,467.3149719238281,0.34036812,24.0,1,10.32514
51,4,198.92610931396484,418.03794860839844,198.5446014404297,418.2742614746094,0.20981504,10.0,1,9.21593
1,5,548.2996597290039,665.329345703125,548.4249267578125,665.7207641601562,14.447806,12.0,-1,43.905903
6,5,1223.705909729004,589.9960327148438,1223.8311767578125,590.387451171875,12.041844,10.0,1,33.814907
5,5,526.1274795532227,435.9592590332031,526.2527465820312,436.3506774902344,11.628826,10.0,-1,28.064264
4,5,1477.7555923461914,194.18431091308594,1477.880859375,194.5757293701172,11.23453,10.0,-1,8.042341
2,5,282.2980422973633,129.8224639892578,282.4233093261719,130.21388244628906,10.041005,10.0,1,28.369053
15,5,1294.425636291504,45.96318435668945,1294.5509033203125,46.3546028137207,8.419746,10.0,-1,25.449713
0,5,112.02725982666016,1107.4326782226562,112.15252685546875,1107.8240966796875,6.139972,10.0,1,13.368763
3,5,838.6493911743164,1067.7340698242188,838.774658203125,1068.12548828125,5.807734,8.0,1,20.902987
23,5,762.4111709594727,303.2144470214844,762.5364379882812,303.6058654785156,4.753602,12.0,-1,17.01048
9,5,223.5625991821289,51.46448516845703,223.6878662109375,51.85590362548828,4.5960355,8.0,1,25.7326
14,5,1601.839210510254,399.2994384765625,1601.9644775390625,399.69085693359375,4.308518,16.0,-1,22.799107
18,5,474.58850860595703,812.2119140625,474.7137756347656,812.6033325195312,4.14588,20.0,-1,14.874687
8,5,838.0690689086914,332.2925109863281,838.1943359375,332.6839294433594,3.925522,22.0,-1,12.033564
16,5,1401.483009338379,1203.2808227539062,1401.6082763671875,1203.6722412109375,3.576465,6.0,1,12.872203
7,5,178.05590057373047,435.1518249511719,178.18116760253906,435.5432434082031,3.370457,8.0,-1,2.2054443
10,5,1236.344581604004,180.20738220214844,1236.4698486328125,180.5988006591797,3.23553,10.0,-1,18.456985
19,5,970.9465103149414,539.155029296875,971.07177734375,539.5464477539062,3.021341,8.0,-1,20.151537
26,5,765.8934097290039,1157.5280151367188,766.0186767578125,1157.91943359375,2.615848,6.0,1,2.0311592
12,5,81.76192474365234,447.5125427246094,81.88719177246094,447.9039611816406,2.52183,24.0,-1,19.887917
11,5,773.0773086547852,840.7910766601562,773.2025756835938,841.1824951171875,2.4419973,10.0,-1,20.544224
13,5,1521.641944885254,879.5117797851562,1521.7672119140625,879.9031982421875,2.4392788,12.0,-1,16.55463
17,5,666.3740615844727,294.76409912109375,666.4993286132812,295.155517578125,2.3407536,6.0,1,7.8382735
25,5,407.33011627197266,522.0463256835938,407.45538330078125,522.437744140625,2.3355467,16.0,-1,13.741969
21,5,1380.017677307129,24.33246421813965,1380.1429443359375,24.7238826751709,2.2792342,14.0,-1,33.688442
20,5,551.3733291625977,803.8134155273438,551.4985961914062,804.204833984375,2.2713647,16.0,-1,13.28833
28,5,65.91413116455078,524.1443481445312,66.03939819335938,524.5357666015625,2.0994203,6.0,1,20.638916
24,5,1309.790382385254,450.7817077636719,1309.9156494140625,451.1731262207031,1.9344362,8.0,1,17.863903
22,5,185.68286895751953,412.3031005859375,185.80813598632812,412.69451904296875,1.7847301,16.0,-1,1.9356318
29,5,488.07581329345703,397.30975341796875,488.2010803222656,397.701171875,1.3595853,26.0,-1,3.9276383
32,5,420.74198150634766,159.382080078125,420.86724853515625,159.77349853515625,0.973471,12.0,-1,3.2636266
27,5,210.47942352294922,628.887939453125,210.6046905517578,629.2793579101562,0.9005615,28.0,-1,0.572255
35,5,449.9398880004883,747.7946166992188,450.0651550292969,748.18603515625,0.8298543,8.0,-1,9.584778
33,5,520.5944595336914,1193.0918579101562,520.7197265625,1193.4832763671875,0.71640104,6.0,1,5.1663804
40,5,205.9352035522461,501.7373962402344,206.0604705810547,502.1288146972656,0.6180564,6.0,1,6.6590295
34,5,634.4761734008789,1149.9263305664062,634.6014404296875,1150.3177490234375,0.59696794,26.0,-1,1.4897134
36,5,95.46894073486328,467.9197082519531,95.59420776367188,468.3111267089844,0.30909798,26.0,1,10.972215
41,5,739.7090835571289,730.9736328125,739.8343505859375,731.3650512695312,0.27892438,26.0,-1,2.6718636
43,5,1407.1410903930664,25.703439712524414,1407.266357421875,26.094858169555664,0.2578195,22.0,1,12.620388
51,5,199.4162826538086,418.70281982421875,199.5415496826172,419.09423828125,0.24854296,10.0,1,7.8027864
1,6,548.1155776977539,665.5274047851562,548.0291748046875,666.1085205078125,17.237347,12.0,-1,43.482086
5,6,528.0687637329102,438.0857849121094,527.9823608398438,438.6669006347656,10.550319,10.0,-1,25.938692
6,6,1223.705909729004,589.9960327148438,1223.6195068359375,590.5771484375,9.946486,10.0,1,32.045685
4,6,1476.677833557129,195.98226928710938,1476.5914306640625,196.56338500976562,9.534862,10.0,-1,12.615485
15,6,1296.2343521118164,46.84383010864258,1296.14794921875,47.42494583129883,8.542285,10.0,-1,29.30129
2,6,282.3996047973633,128.25253295898438,282.3132019042969,128.83364868164062,7.8789616,10.0,1,27.308336
23,6,763.4811782836914,302.7703857421875,763.394775390625,303.35150146484375,5.9942403,12.0,-1,23.467297
3,6,840.2349014282227,1067.1871948242188,840.1484985351562,1067.768310546875,5.9161134,8.0,1,18.851871
0,6,110.41851043701172,1107.7738647460938,110.33210754394531,1108.35498046875,5.5894904,12.0,1,10.19546
16,6,1401.9716567993164,1203.4962768554688,1401.88525390625,1204.077392578125,5.559194,6.0,1,13.516665
10,6,1235.289405822754,182.09649658203125,1235.2030029296875,182.6776123046875,4.822469,10.0,-1,17.879625
7,6,178.51465606689453,433.5819091796875,178.42825317382812,434.16302490234375,4.7686787,18.0,1,2.0102453
9,6,223.62499237060547,51.63655090332031,223.53858947753906,52.21766662597656,4.2256246,8.0,1,24.91224
19,6,970.1313858032227,539.0689086914062,970.0449829101562,539.6500244140625,3.496157,8.0,-1,17.985325
13,6,1516.687599182129,878.594482421875,1516.6011962890625,879.1755981445312,3.4428253,12.0,-1,16.31488
8,6,838.0392837524414,330.49993896484375,837.952880859375,331.0810546875,3.075578,22.0,-1,10.913839
14,6,1600.3630142211914,402.9638977050781,1600.276611328125,403.5450134277344,3.0194159,16.0,-1,23.151344
18,6,474.1709976196289,813.7127685546875,474.0845947265625,814.2938842773438,2.928384,18.0,-1,15.48249
25,6,409.1071548461914,521.1640625,409.020751953125,521.7451782226562,2.927512,16.0,-1,13.40321
11,6,775.7184219360352,841.7232055664062,775.6320190429688,842.3043212890625,2.8104658,8.0,-1,24.799297
26,6,765.9224014282227,1155.8020629882812,765.8359985351562,1156.3831787109375,2.7938492,6.0,1,1.3245839
24,6,1309.5016860961914,451.8320007324219,1309.415283203125,452.4131164550781,2.7027671,8.0,1,9.66309
21,6,1381.278907775879,20.96234893798828,1381.1925048828125,21.54346466064453,2.6669085,16.0,-1,36.518528
12,6,80.35365295410156,443.9044189453125,80.26725006103516,444.48553466796875,2.4338315,24.0,-1,20.945606
20,6,548.3619766235352,804.238525390625,548.2755737304688,804.8196411132812,2.4331071,16.0,-1,14.194037
28,6,65.35721588134766,522.1971435546875,65.27081298828125,522.7782592773438,2.321226,6.0,1,24.342531
17,6,666.3479385375977,291.3987731933594,666.2615356445312,291.9798889160156,1.6651345,6.0,1,7.2263255
22,6,186.38311004638672,413.8476867675781,186.2967071533203,414.4288024902344,1.3285607,6.0,1,10.778499
27,6,214.14461517333984,630.6234741210938,214.05821228027344,631.20458984375,0.7621882,28.0,-1,0.9493208
32,6,420.28763580322266,158.76849365234375,420.20123291015625,159.349609375,0.75606227,12.0,-1,9.482918
35,6,450.2088088989258,744.99609375,450.1224060058594,745.5772094726562,0.7480323,8.0,-1,13.860065
29,6,490.8468704223633,397.8634033203125,490.7604675292969,398.44451904296875,0.656402,28.0,-1,3.8644316
41,6,739.1741714477539,734.0961303710938,739.0877685546875,734.67724609375,0.6100162,24.0,-1,3.1
33,6,523.3505020141602,1190.6067504882812,523.2640991210938,1191.1878662109375,0.6017124,6.0,1,4.8917575
34,6,631.9128189086914,1147.2146606445312,631.826416015625,1147.7957763671875,0.4853671,24.0,-1,4.9829617
40,6,205.3598403930664,501.897216796875,205.2734375,502.47833251953125,0.41357657,6.0,1,7.2706695
36,6,93.64115905761719,463.0146484375,93.55475616455078,463.59576416015625,0.39120436,22.0,1,6.6504965
43,6,1408.3879165649414,24.972932815551758,1408.301513671875,25.554048538208008,0.2729272,24.0,1,11.805432
51,6,199.99256134033203,419.5505676269531,199.90615844726562,420.1316833496094,0.2532297,8.0,1,8.50475
5,7,529.8736953735352,437.3675231933594,529.9786987304688,438.0654602050781,18.019629,10.0,-1,22.306044
1,7,548.1155776977539,666.5221557617188,548.2205810546875,667.2200927734375,12.137042,10.0,-1,42.565987
4,7,1478.0839614868164,197.26666259765625,1478.18896484375,197.964599609375,10.361305,10.0,-1,7.762573
2,7,282.22925567626953,126.88371276855469,282.3342590332031,127.58164978027344,9.578944,10.0,1,26.156296
3,7,839.9954605102539,1067.1176147460938,840.1004638671875,1067.8155517578125,8.358992,8.0,1,17.726177
15,7,1298.018653869629,44.8303337097168,1298.1236572265625,45.52827072143555,8.200768,10.0,-1,26.93206
6,7,1222.2668228149414,591.2297973632812,1222.371826171875,591.927734375,6.1704745,10.0,1,24.0691
9,7,223.87297821044922,51.363460540771484,223.9779815673828,52.061397552490234,5.956696,8.0,1,26.243324
16,7,1401.881935119629,1203.4962768554688,1401.9869384765625,1204.1942138671875,5.346893,6.0,1,13.117253
8,7,836.1727676391602,331.1026916503906,836.2777709960938,331.8006286621094,4.4843554,22.0,-1,12.252963
23,7,759.7192764282227,302.7182312011719,759.8242797851562,303.4161682128906,4.269955,12.0,-1,21.711056
0,7,109.57192993164062,1108.7244262695312,109.67693328857422,1109.42236328125,3.888522,12.0,1,14.759993
20,7,546.3395767211914,801.794677734375,546.444580078125,802.4926147460938,3.77882,16.0,-1,15.151438
19,7,968.4542007446289,539.0709838867188,968.5592041015625,539.7689208984375,3.5235558,8.0,-1,16.675425
7,7,181.1750259399414,435.2590637207031,181.280029296875,435.9570007324219,3.4673605,16.0,1,6.4680576
26,7,767.8605117797852,1154.7327270507812,767.9655151367188,1155.4306640625,3.3610713,10.0,-1,1.9102037
10,7,1235.9797134399414,181.5985107421875,1236.084716796875,182.29644775390625,2.984174,10.0,-1,15.592295
25,7,411.1361770629883,521.2363891601562,411.2411804199219,521.934326171875,2.830332,18.0,-1,12.680226
11,7,776.2222671508789,840.7109375,776.3272705078125,841.4088745117188,2.792895,10.0,-1,23.12651
13,7,1516.3141860961914,877.8208618164062,1516.419189453125,878.518798828125,2.4174185,14.0,-1,15.085589
12,7,81.10087585449219,445.914794921875,81.20587921142578,446.61273193359375,2.3591886,24.0,-1,20.170418
21,7,1383.313087463379,21.281028747558594,1383.4180908203125,21.978965759277344,2.3589385,16.0,-1,36.793186
18,7,467.79578399658203,813.8182373046875,467.9007873535156,814.5161743164062,2.299066,20.0,-1,16.291552
24,7,1312.086280822754,449.1183776855469,1312.1912841796875,449.8163146972656,2.2730591,8.0,1,15.474048
14,7,1599.540870666504,404.3805236816406,1599.6458740234375,405.0784606933594,2.2524729,16.0,-1,21.474495
28,7,63.87820816040039,522.073974609375,63.983211517333984,522.7719116210938,1.7878288,6.0,1,24.107552
17,7,661.3224258422852,291.55755615234375,661.4274291992188,292.2554931640625,1.6793095,6.0,1,6.133197
35,7,451.4609146118164,744.7694702148438,451.56591796875,745.4674072265625,1.3893949,8.0,-1,15.5475855
22,7,186.52584075927734,413.5809326171875,186.63084411621094,414.27886962890625,1.0748237,6.0,1,8.515841
29,7,491.20508575439453,395.4341735839844,491.3100891113281,396.1321105957031,1.0690262,28.0,-1,3.0904202
33,7,522.9488296508789,1193.5856323242188,523.0538330078125,1194.2835693359375,0.9716391,6.0,1,8.055798
27,7,215.04215240478516,629.2246704101562,215.14715576171875,629.922607421875,0.8675857,10.0,1,0.32670766
32,7,420.2761001586914,160.34072875976562,420.381103515625,161.03866577148438,0.8042043,12.0,-1,8.442877
34,7,634.1436538696289,1144.4940795898438,634.2486572265625,1145.1920166015625,0.7768889,24.0,-1,4.921382
41,7,737.7100601196289,735.8875732421875,737.8150634765625,736.5855102539062,0.7262489,24.0,-1,4.3534083
40,7,201.92911529541016,503.1518249511719,202.03411865234375,503.8497619628906,0.5193146,6.0,1,6.346513
43,7,1406.1960220336914,25.094676971435547,1406.301025390625,25.792613983154297,0.3438867,22.0,1,12.142766
51,7,200.0920181274414,419.02447509765625,200.197021484375,419.722412109375,0.27704155,10.0,1,7.308248
36,7,97.17277526855469,465.9793701171875,97.27777862548828,466.67730712890625,0.2652977,22.0,1,11.353408
1,8,550.0532760620117,667.8204345703125,550.0820922851562,669.0770874023438,11.284436,10.0,-1,40.78748
2,8,282.0244674682617,125.28201293945312,282.05328369140625,126.53866577148438,9.106664,10.0,1,27.19175
6,8,1223.4533615112305,590.208984375,1223.482177734375,591.4656372070312,8.532823,10.0,1,27.553955
4,8,1476.5861740112305,198.15133666992188,1476.614990234375,199.40798950195312,7.4287124,10.0,-1,5.7644873
5,8,531.837516784668,437.682373046875,531.8663330078125,438.93902587890625,6.5707326,10.0,-1,17.718748
3,8,841.9445724487305,1067.6089477539062,841.973388671875,1068.8656005859375,6.2580085,8.0,1,17.306555
11,8,778.1270065307617,840.7117919921875,778.1558227539062,841.9684448242188,5.862528,8.0,-1,32.191963
15,8,1301.2031173706055,43.039222717285156,1301.23193359375,44.295875549316406,4.946322,10.0,-1,20.979868
7,8,181.43146514892578,436.5356750488281,181.4602813720703,437.7923278808594,4.7318945,16.0,1,5.3434362
0,8,109.30980682373047,1109.0075073242188,109.338623046875,1110.26416015625,4.5742617,12.0,1,16.866499
20,8,546.2880783081055,802.903564453125,546.31689453125,804.1602172851562,4.2985973,14.0,-1,17.940046
9,8,224.09461212158203,50.56962203979492,224.12342834472656,51.82627487182617,3.9490383,8.0,1,25.257921
18,8,464.6912155151367,812.9244384765625,464.72003173828125,814.1810913085938,3.7902658,18.0,-1,16.59991
10,8,1238.1022872924805,182.21063232421875,1238.131103515625,183.46728515625,3.7765462,10.0,-1,13.049625
8,8,837.0601119995117,330.9737548828125,837.0889282226562,332.23040771484375,3.3109303,22.0,-1,13.643127
23,8,756.4421310424805,303.3332824707031,756.470947265625,304.5899353027344,3.2052622,12.0,-1,21.166374
26,8,767.9025802612305,1155.1161499023438,767.931396484375,1156.372802734375,3.1038542,10.0,-1,2.910743
16,8,1403.262565612793,1202.9196166992188,1403.2913818359375,1204.17626953125,2.9610531,6.0,1,13.41194
12,8,85.72303771972656,447.967529296875,85.7518539428711,449.22418212890625,2.887602,24.0,-1,19.300415
13,8,1516.7990646362305,874.8873901367188,1516.827880859375,876.14404296875,2.8767073,12.0,-1,14.705585
25,8,409.26692962646484,520.2100830078125,409.2957458496094,521.4667358398438,2.6593223,16.0,-1,12.968428
17,8,658.944938659668,290.5852355957031,658.9737548828125,291.8418884277344,2.5794241,6.0,1,5.4184704
14,8,1599.745475769043,402.33154296875,1599.7742919921875,403.58819580078125,2.4809375,16.0,-1,23.141523
24,8,1309.543571472168,449.9848937988281,1309.5723876953125,451.2415466308594,2.2662354,8.0,1,19.027643
19,8,967.3393478393555,538.0357055664062,967.3681640625,539.2923583984375,2.1215181,8.0,-1,15.532489
22,8,185.67276763916016,412.74017333984375,185.7015838623047,413.996826171875,1.7448994,6.0,1,1.0354879
21,8,1376.9877853393555,21.028669357299805,1377.0166015625,22.285322189331055,1.7230787,16.0,-1,31.238693
28,8,63.75454330444336,520.2157592773438,63.78335952758789,521.472412109375,1.5615726,6.0,1,22.238874
29,8,489.93260955810547,399.73638916015625,489.96142578125,400.9930419921875,1.0404372,28.0,-1,2.5398889
33,8,524.0305099487305,1195.9649047851562,524.059326171875,1197.2215576171875,1.014682,6.0,1,6.7753234
40,8,199.51250457763672,502.2625427246094,199.54132080078125,503.5191955566406,0.85832185,6.0,1,0.51210177
32,8,418.23336029052734,160.7576904296875,418.2621765136719,162.01434326171875,0.81225663,12.0,-1,7.345665
27,8,213.05619049072266,629.0510864257812,213.0850067138672,630.3077392578125,0.6272674,28.0,-1,0.5940244
35,8,454.6937789916992,746.2008056640625,454.72259521484375,747.4574584960938,0.54401946,8.0,-1,9.377389
34,8,632.0522384643555,1149.4655151367188,632.0810546875,1150.72216796875,0.53625053,26.0,-1,3.3157277
41,8,740.7687301635742,736.6500854492188,740.7975463867188,737.90673828125,0.3944298,26.0,-1,5.4135284
43,8,1408.486442565918,24.5122013092041,1408.5152587890625,25.76885414123535,0.27300835,20.0,1,11.943703
51,8,200.0499496459961,419.02362060546875,200.07876586914062,420.2802734375,0.21968901,10.0,1,6.5933566
2,9,283.4142379760742,126.80217742919922,284.02874755859375,127.55455780029297,10.456004,10.0,1,23.964842
1,9,549.770622253418,667.619384765625,550.3851318359375,668.3717651367188,9.564393,10.0,-1,37.999382
6,9,1223.4194259643555,590.5712890625,1224.033935546875,591.3236694335938,9.40395,10.0,1,29.7147
3,9,841.0861740112305,1067.6089477539062,841.70068359375,1068.361328125,7.241651,8.0,1,17.042082
11,9,777.3066940307617,840.7012939453125,777.9212036132812,841.4536743164062,6.5653157,8.0,-1,36.807175
4,9,1475.0654220581055,197.40333557128906,1475.679931640625,198.1557159423828,6.3955097,10.0,-1,3.3820496
5,9,533.1467819213867,437.68438720703125,533.7612915039062,438.436767578125,5.9557843,10.0,-1,18.421875
15,9,1303.802116394043,41.23130798339844,1304.4166259765625,41.98368835449219,5.6813865,10.0,-1,26.145832
10,9,1239.3420333862305,185.3048553466797,1239.95654296875,186.05723571777344,5.256915,10.0,-1,18.684298
0,9,109.276611328125,1109.0225219726562,109.89112091064453,1109.77490234375,4.993521,12.0,1,19.38409
7,9,180.88800811767578,437.4004821777344,181.5025177001953,438.1528625488281,4.587614,16.0,1,4.4831896
16,9,1405.208122253418,1202.4391479492188,1405.8226318359375,1203.1915283203125,3.981197,6.0,1,13.111216
23,9,756.891960144043,302.2232971191406,757.5064697265625,302.9756774902344,3.928704,14.0,-1,31.338911
20,9,546.1096725463867,802.1196899414062,546.7241821289062,802.8720703125,3.797931,14.0,-1,18.711931
9,9,223.85735321044922,50.40454864501953,224.47186279296875,51.15692901611328,3.6993673,8.0,1,23.268784
24,9,1307.6672286987305,451.8287658691406,1308.28173828125,452.5811462402344,3.4789896,8.0,1,19.09094
14,9,1600.2319259643555,403.5735778808594,1600.846435546875,404.3259582519531,2.9879868,16.0,-1,21.795124
28,9,65.42639923095703,519.6539916992188,66.04090881347656,520.4063720703125,2.986264,6.0,1,20.790638
13,9,1516.1838302612305,875.6371459960938,1516.79833984375,876.3895263671875,2.8656237,12.0,-1,13.331415
25,9,406.8212203979492,521.5733032226562,407.43572998046875,522.32568359375,2.8097937,16.0,-1,13.559742
17,9,658.944938659668,290.0096740722656,659.5594482421875,290.7620544433594,2.755452,6.0,1,1.452338
18,9,465.32518768310547,810.9580688476562,465.939697265625,811.71044921875,2.6201332,20.0,-1,16.91013
8,9,837.4777145385742,330.8572082519531,838.0922241210938,331.6095886230469,2.4974391,24.0,-1,12.775682
12,9,82.47614288330078,445.8362121582031,83.09065246582031,446.5885925292969,2.458175,24.0,-1,21.451187
26,9,765.574333190918,1152.3421020507812,766.1888427734375,1153.094482421875,2.14532,10.0,-1,2.4325938
19,9,968.3398971557617,536.6333618164062,968.9544067382812,537.3857421875,2.0718703,8.0,-1,16.65332
21,9,1377.892204284668,21.496395111083984,1378.5067138671875,22.248775482177734,2.0708754,16.0,-1,35.764492
33,9,521.506950378418,1197.6776733398438,522.1214599609375,1198.4300537109375,1.2479607,6.0,1,8.393143
22,9,187.12146759033203,413.93853759765625,187.73597717285156,414.69091796875,1.1066288,18.0,-1,2.972893
40,9,199.6073989868164,503.09765625,200.22190856933594,503.85003662109375,0.99433255,10.0,-1,3.0969853
35,9,453.20845794677734,746.5935668945312,453.8229675292969,747.345947265625,0.9680074,8.0,-1,12.742387
32,9,417.55501556396484,160.95899963378906,418.1695251464844,161.7113800048828,0.96271324,12.0,-1,4.756052
27,9,213.50337982177734,631.086669921875,214.11788940429688,631.8390502929688,0.8241532,28.0,-1,1.3899117
29,9,492.62862396240234,398.46588134765625,493.2431335449219,399.21826171875,0.67168325,28.0,-1,2.3723485
34,9,635.3671188354492,1149.1376342773438,635.9816284179688,1149.8900146484375,0.5390678,24.0,-1,2.7034438
41,9,743.5319747924805,732.0432739257812,744.146484375,732.795654296875,0.47053456,24.0,-1,2.773281
36,9,95.35888671875,465.39678955078125,95.97339630126953,466.149169921875,0.38417396,26.0,1,14.088463
43,9,1406.045036315918,25.242271423339844,1406.6595458984375,25.994651794433594,0.29204366,20.0,1,12.010242
2,10,284.7019729614258,126.12104034423828,285.52532958984375,127.49417114257812,13.369142,10.0,1,22.109953
1,10,551.0816116333008,668.5539321899414,551.9049682617188,669.9270629882812,12.044688,10.0,-1,38.819187
11,10,779.4746780395508,840.9571304321289,780.2980346679688,842.3302612304688,10.132184,10.0,-1,37.089794
5,10,531.3642654418945,434.6176223754883,532.1876220703125,435.9907531738281,8.974214,10.0,-1,24.889038
6,10,1223.477424621582,591.0726699829102,1224.30078125,592.44580078125,8.910456,10.0,1,25.371565
3,10,841.4506301879883,1068.3671035766602,842.2739868164062,1069.740234375,6.3198586,8.0,1,17.503778
0,10,109.38693237304688,1107.1327285766602,110.21028900146484,1108.505859375,6.1322627,12.0,1,17.23728
4,10,1472.108039855957,198.0762710571289,1472.931396484375,199.44940185546875,6.109115,10.0,-1,1.1036727
7,10,182.69393157958984,435.76038360595703,183.5172882080078,437.1335144042969,5.7910733,16.0,1,7.0075474
10,10,1240.839973449707,184.91226959228516,1241.663330078125,186.285400390625,5.443083,10.0,-1,21.361553
15,10,1301.540901184082,36.36528015136719,1302.3642578125,37.73841094970703,5.275811,10.0,-1,25.387043
9,10,224.8097915649414,50.07515335083008,225.63314819335938,51.44828414916992,5.184839,8.0,1,24.03154
24,10,1307.4497146606445,452.76322174072266,1308.2730712890625,454.1363525390625,4.13148,8.0,1,23.63103
20,10,546.6657791137695,802.6987686157227,547.4891357421875,804.0718994140625,4.009056,14.0,-1,18.839174
16,10,1406.8715896606445,1201.5401992797852,1407.6949462890625,1202.913330078125,3.8162441,6.0,1,13.772849
18,10,466.18274688720703,810.7451553344727,467.006103515625,812.1182861328125,3.71336,18.0,-1,17.456505
14,10,1596.6213455200195,400.65540313720703,1597.4447021484375,402.0285339355469,3.303786,16.0,-1,23.444668
8,10,835.8386306762695,331.8490676879883,836.6619873046875,333.2221984863281,3.2380474,22.0,-1,12.47975
12,10,80.4236068725586,446.57791900634766,81.24696350097656,447.9510498046875,3.0668547,24.0,-1,20.355366
25,10,406.82352447509766,522.2062759399414,407.6468811035156,523.5794067382812,2.715228,18.0,-1,12.25457
13,10,1519.510627746582,878.4429702758789,1520.333984375,879.8161010742188,2.698308,14.0,-1,12.567822
23,10,756.7687454223633,301.6935806274414,757.5921020507812,303.06671142578125,2.4172804,12.0,-1,25.839624
40,10,201.28856658935547,502.61475372314453,202.11192321777344,503.9878845214844,2.1544993,10.0,-1,7.2604017
17,10,662.290901184082,289.24576568603516,663.1142578125,290.618896484375,2.1347444,6.0,1,1.5521017
19,10,969.5503616333008,537.9361953735352,970.3737182617188,539.309326171875,2.1103265,8.0,-1,13.775946
21,10,1375.819221496582,20.501434326171875,1376.642578125,21.87456512451172,2.0795228,16.0,-1,35.84173
26,10,764.7869338989258,1151.9648818969727,765.6102905273438,1153.3380126953125,2.0585105,10.0,-1,0.35958612
22,10,186.8279800415039,412.7123794555664,187.65133666992188,414.08551025390625,1.8590733,6.0,1,2.7938037
28,10,64.7109603881836,519.8304214477539,65.53431701660156,521.2035522460938,1.6389928,6.0,1,19.967102
33,10,519.117805480957,1198.6321182250977,519.941162109375,1200.0052490234375,1.5354242,6.0,1,6.362004
41,10,742.6358108520508,732.2363662719727,743.4591674804688,733.6094970703125,0.82602626,26.0,-1,2.0623062
32,10,417.12158966064453,160.79996490478516,417.9449462890625,162.173095703125,0.8190284,12.0,-1,4.4013405
34,10,638.1016311645508,1149.2966690063477,638.9249877929688,1150.6697998046875,0.78640914,26.0,-1,2.7410233
35,10,452.7891616821289,749.4888687133789,453.6125183105469,750.8619995117188,0.7068961,8.0,-1,9.108506
29,10,491.63053131103516,399.7279739379883,492.4538879394531,401.1011047363281,0.6810717,26.0,-1,4.1124334
43,10,1408.4169998168945,25.455198287963867,1409.2403564453125,26.82832908630371,0.62007153,24.0,1,11.513171
27,10,213.5010757446289,629.4683609008789,214.32443237304688,630.8414916992188,0.554573,28.0,-1,1.1400177
36,10,91.84398651123047,459.9889907836914,92.66734313964844,461.36212158203125,0.521607,22.0,1,2.5039697
1,11,551.7460556030273,668.432991027832,552.3560791015625,669.7064819335938,11.654618,10.0,-1,37.475212
2,11,284.65306854248047,126.1690444946289,285.2630920410156,127.44253540039062,11.309955,10.0,1,23.44166
3,11,843.4245223999023,1068.7057571411133,844.0345458984375,1069.979248046875,9.018175,8.0,1,18.466894
15,11,1300.9026718139648,33.76784133911133,1301.5126953125,35.04133224487305,7.603536,10.0,-1,28.743204
6,11,1222.9508895874023,591.6157913208008,1223.5609130859375,592.8892822265625,7.1178837,10.0,1,19.679516
10,11,1239.1906356811523,186.23526763916016,1239.8006591796875,187.50875854492188,7.0707736,10.0,-1,22.572306
0,11,110.5558853149414,1108.2836380004883,111.16590881347656,1109.55712890625,6.0483556,10.0,1,24.801075
5,11,530.5164413452148,434.3808059692383,531.12646484375,435.654296875,5.597202,10.0,-1,25.861147
11,11,779.5235824584961,844.1704177856445,780.1336059570312,845.4439086914062,5.438175,8.0,-1,34.579784
9,11,225.08924102783203,51.05622863769531,225.6992645263672,52.32971954345703,4.949495,8.0,1,25.378614
4,11,1470.6658554077148,198.33914947509766,1471.27587890625,199.61264038085938,4.8313985,6.0,1,1.2701006
20,11,544.2710800170898,802.734016418457,544.881103515625,804.0075073242188,4.655318,14.0,-1,20.093445
7,11,180.19109344482422,433.01111602783203,180.80111694335938,434.28460693359375,4.5305185,16.0,1,6.5469255
8,11,836.5449447631836,331.26770782470703,837.1549682617188,332.54119873046875,3.7555501,22.0,-1,12.113251
16,11,1407.2177352905273,1201.3347854614258,1407.8277587890625,1202.6082763671875,3.3917477,6.0,1,11.226685
24,11,1308.3798446655273,453.3961868286133,1308.9898681640625,454.669677734375,3.2914946,8.0,1,26.405993
18,11,464.4920883178711,814.308723449707,465.10211181640625,815.5822143554688,2.968981,20.0,-1,18.277729
23,11,756.6698226928711,297.09766387939453,757.2798461914062,298.37115478515625,2.719098,12.0,-1,21.999716
21,11,1377.9434432983398,22.279216766357422,1378.553466796875,23.55270767211914,2.6016195,14.0,-1,35.56143
12,11,79.44823455810547,446.6166763305664,80.05825805664062,447.8901672363281,2.588215,24.0,-1,19.661667
13,11,1519.6549911499023,878.872200012207,1520.2650146484375,880.1456909179688,2.4877813,14.0,-1,12.756095
17,11,663.0369491577148,289.58606719970703,663.64697265625,290.85955810546875,2.387561,6.0,1,1.0244354
14,11,1596.7735214233398,402.54175567626953,1597.383544921875,403.81524658203125,2.107146,16.0,-1,22.030931
25,11,410.5897445678711,520.625862121582,411.19976806640625,521.8993530273438,1.9917068,18.0,-1,13.103939
26,11,763.0333480834961,1152.4972610473633,763.6433715820312,1153.770751953125,1.7453235,6.0,1,0.5285827
22,11,185.61029815673828,411.21402740478516,186.22032165527344,412.4875183105469,1.5105771,6.0,1,3.5433495
19,11,968.4438705444336,536.4256057739258,969.0538940429688,537.6990966796875,1.406178,10.0,-1,8.115046
28,11,63.088565826416016,519.321418762207,63.69858932495117,520.5949096679688,1.2271128,6.0,1,20.662846
33,11,519.6521835327148,1198.5968704223633,520.26220703125,1199.870361328125,1.2055327,6.0,1,4.8068867
32,11,418.6204147338867,158.20879364013672,419.2304382324219,159.48228454589844,0.92267203,10.0,-1,2.725041
27,11,213.64214324951172,627.933479309082,214.25216674804688,629.2069702148438,0.9213796,28.0,-1,1.2553544
29,11,495.9472885131836,395.52359771728516,496.55731201171875,396.7970886230469,0.74118453,24.0,-1,1.9459848
35,11,452.66573333740234,749.4439163208008,453.2757568359375,750.7174072265625,0.70118207,8.0,-1,11.915212
40,11,202.46102142333984,500.69837188720703,203.071044921875,501.97186279296875,0.5923975,10.0,-1,3.7265542
41,11,740.2154159545898,733.5940017700195,740.825439453125,734.8674926757812,0.50628346,24.0,-1,3.884244
36,11,92.56442260742188,462.9864273071289,93.17444610595703,464.2599182128906,0.43364057,28.0,1,6.863202
34,11,636.3824691772461,1148.5337600708008,636.9924926757812,1149.8072509765625,0.4104092,26.0,-1,4.5886197
43,11,1407.4462509155273,25.35774803161621,1408.0562744140625,26.63123893737793,0.31030938,26.0,1,11.256976
51,11,199.92537689208984,416.0582046508789,200.535400390625,417.3316955566406,0.28021693,10.0,1,5.3035502
78,11,171.34732818603516,405.9124526977539,171.9573516845703,407.1859436035156,0.23182356,10.0,1,3.8880367
79,11,1456.2287216186523,420.45557403564453,1456.8387451171875,421.72906494140625,0.21179402,10.0,1,1.7519137
1,12,557.0664901733398,670.694655418396,557.3796997070312,671.8394775390625,11.3607645,10.0,-1,39.830948
15,12,1299.933494567871,34.81678295135498,1300.2467041015625,35.961605072021484,11.18957,10.0,-1,29.69769
6,12,1223.8593978881836,593.1451559066772,1224.172607421875,594.2899780273438,8.516452,10.0,1,16.717697
2,12,284.61800384521484,125.88453578948975,284.93121337890625,127.02935791015625,7.8900027,10.0,1,22.991602
5,12,530.5177841186523,434.04749965667725,530.8309936523438,435.19232177734375,7.2104926,10.0,-1,26.441402
3,12,843.5760116577148,1067.780348777771,843.8892211914062,1068.9251708984375,6.499064,8.0,1,17.846272
11,12,779.4430770874023,843.5685567855835,779.7562866210938,844.71337890625,6.052,8.0,-1,35.66765
0,12,110.54647827148438,1109.1574239730835,110.85968780517578,1110.30224609375,5.9513917,10.0,1,27.65301
4,12,1469.4153060913086,198.11271572113037,1469.728515625,199.25753784179688,5.69546,10.0,-1,1.5258899
7,12,181.35894012451172,435.2635335922241,181.67214965820312,436.4083557128906,5.637363,16.0,1,6.4751062
9,12,225.98748016357422,50.42330455780029,226.30068969726562,51.5681266784668,5.035054,8.0,1,24.581333
10,12,1240.824607849121,185.1231985092163,1241.1378173828125,186.2680206298828,4.915362,10.0,-1,21.369942
23,12,755.4737167358398,299.2948751449585,755.7869262695312,300.439697265625,4.7209563,12.0,-1,36.00426
24,12,1307.891502380371,454.45252895355225,1308.2047119140625,455.59735107421875,4.67213,8.0,1,26.82293
26,12,763.6527328491211,1155.020827293396,763.9659423828125,1156.1656494140625,4.6511006,10.0,-1,7.3925233
18,12,465.8864059448242,813.2541036605835,466.1996154785156,814.39892578125,4.3445177,20.0,-1,17.89014
21,12,1380.956443786621,24.27963352203369,1381.2696533203125,25.424455642700195,4.1971803,16.0,-1,34.806324
17,12,662.2608871459961,287.541090965271,662.5740966796875,288.6859130859375,4.1419473,12.0,-1,6.3108954
20,12,543.1248397827148,802.7890157699585,543.4380493164062,803.933837890625,3.6845913,14.0,-1,21.512173
12,12,76.90868377685547,448.9051351547241,77.22189331054688,450.0499572753906,3.2025712,24.0,-1,20.023224
16,12,1407.232810974121,1201.268141746521,1407.5460205078125,1202.4129638671875,3.081578,6.0,1,10.720206
8,12,840.2337265014648,332.99528408050537,840.5469360351562,334.1401062011719,3.0394456,22.0,-1,13.320055
13,12,1519.2463607788086,876.2852926254272,1519.5595703125,877.4301147460938,2.7573574,14.0,-1,11.667859
22,12,185.4490737915039,411.2121114730835,185.7622833251953,412.35693359375,2.7487478,18.0,-1,8.218577
14,12,1596.921043395996,402.77665615081787,1597.2342529296875,403.9214782714844,2.454592,16.0,-1,22.823595
25,12,415.1334457397461,520.2606344223022,415.4466552734375,521.4054565429688,2.3067834,18.0,-1,11.765716
19,12,965.9070053100586,536.9026021957397,966.22021484375,538.0474243164062,1.7704144,10.0,-1,13.279528
33,12,519.6508407592773,1198.9955587387085,519.9640502929688,1200.140380859375,1.4032935,6.0,1,7.151962
28,12,63.14948272705078,518.4574728012085,63.46269226074219,519.602294921875,1.3401198,6.0,1,18.663383
29,12,494.33480072021484,397.1869649887085,494.64801025390625,398.331787109375,1.1990509,28.0,-1,1.6384711
35,12,454.8797836303711,748.527419090271,455.1929931640625,749.6722412109375,0.85432166,8.0,-1,13.095454
27,12,216.14156341552734,627.0399923324585,216.45477294921875,628.184814453125,0.79450446,28.0,-1,1.2050835
32,12,419.7715377807617,156.25884914398193,420.0847473144531,157.40367126464844,0.6928968,6.0,1,0.9147928
36,12,90.4517593383789,460.1579427719116,90.76496887207031,461.3027648925781,0.63507813,24.0,1,3.1955223
40,12,200.24535369873047,503.97877407073975,200.55856323242188,505.12359619140625,0.4970779,6.0,1,1.5027136
41,12,741.9129867553711,733.1657247543335,742.2261962890625,734.310546875,0.49357986,24.0,-1,2.848929
43,12,1409.1723861694336,25.35966396331787,1409.485595703125,26.504486083984375,0.36062655,24.0,1,11.390474
34,12,635.1239242553711,1147.9909200668335,635.4371337890625,1149.1357421875,0.32002565,28.0,-1,1.5572932
51,12,197.8615951538086,416.83256435394287,198.1748046875,417.9773864746094,0.274932,10.0,1,9.020604
78,12,170.8987808227539,407.81474208831787,171.2119903564453,408.9595642089844,0.21693887,10.0,1,6.503723
5,13,531.4669570922852,432.7912588119507,531.9050903320312,434.16900634765625,10.695843,10.0,-1,28.178467
20,13,543.6178970336914,804.7459707260132,544.0560302734375,806.1237182617188,8.9064,12.0,-1,24.067083
1,13,557.9553604125977,669.9370718002319,558.3934936523438,671.3148193359375,8.172502,10.0,-1,38.491337
2,13,282.63208770751953,126.00975704193115,283.0702209472656,127.38750457763672,7.9587173,10.0,1,25.21769
3,13,843.5321426391602,1066.4569692611694,843.9702758789062,1067.834716796875,7.58779,8.0,1,19.11199
15,13,1299.338478088379,36.113139152526855,1299.776611328125,37.49088668823242,7.1776357,10.0,-1,26.218483
4,13,1469.3508071899414,196.75175380706787,1469.7889404296875,198.12950134277344,6.6017957,10.0,-1,0.74738336
6,13,1223.2070083618164,594.0681142807007,1223.6451416015625,595.4458618164062,6.2838206,10.0,1,11.979262
0,13,111.57023620605469,1108.8358755111694,112.00836944580078,1110.213623046875,6.024593,10.0,1,27.457752
9,13,225.81522369384766,49.17033290863037,226.25335693359375,50.54808044433594,4.7389746,8.0,1,24.153267
11,13,779.2903823852539,841.6394033432007,779.728515625,843.0171508789062,4.6501317,8.0,-1,33.26497
23,13,753.5030899047852,297.20407009124756,753.9412231445312,298.5818176269531,4.542312,12.0,-1,33.1858
10,13,1242.028175354004,183.48339748382568,1242.46630859375,184.86114501953125,4.2710547,10.0,-1,20.61885
24,13,1308.188575744629,454.1629934310913,1308.626708984375,455.5407409667969,4.0202565,8.0,1,26.63951
17,13,661.5028457641602,285.1959218978882,661.9409790039062,286.57366943359375,3.8445787,12.0,-1,5.514849
7,13,180.94776153564453,435.7191457748413,181.38589477539062,437.0968933105469,3.7667396,16.0,1,6.3850603
21,13,1380.6884536743164,24.66882038116455,1381.1265869140625,26.046567916870117,3.5279264,16.0,-1,34.366932
18,13,465.8567886352539,813.3710317611694,466.294921875,814.748779296875,3.1657665,20.0,-1,17.197174
8,13,842.8940200805664,328.6460256576538,843.3321533203125,330.0237731933594,3.0324793,22.0,-1,13.058595
26,13,763.8289566040039,1153.939269065857,764.26708984375,1155.3170166015625,2.7866547,10.0,-1,8.097225
14,13,1596.3371353149414,402.65972805023193,1596.7752685546875,404.0374755859375,2.7629626,16.0,-1,20.647022
25,13,413.35746002197266,521.0610952377319,413.79559326171875,522.4388427734375,2.628169,18.0,-1,13.031613
16,13,1404.442237854004,1203.134337425232,1404.88037109375,1204.5120849609375,2.408642,6.0,1,9.625555
13,13,1520.0021743774414,877.4719228744507,1520.4403076171875,878.8496704101562,2.165004,14.0,-1,11.369808
12,13,79.66582489013672,449.4734182357788,80.10395812988281,450.8511657714844,2.1244485,24.0,-1,20.309078
22,13,184.90943145751953,411.97384548187256,185.34756469726562,413.3515930175781,1.7848358,6.0,1,0.3896586
28,13,62.8727912902832,520.4999990463257,63.3109245300293,521.8777465820312,1.6702337,6.0,1,15.651756
19,13,968.1606216430664,536.6629629135132,968.5987548828125,538.0407104492188,1.4396125,10.0,-1,7.0573955
29,13,493.58609771728516,397.99178981781006,494.02423095703125,399.3695373535156,1.0574352,28.0,-1,2.8815432
33,13,519.9913711547852,1196.6439809799194,520.4295043945312,1198.021728515625,1.000522,6.0,1,6.3311653
27,13,220.43401336669922,630.6009511947632,220.8721466064453,631.9786987304688,0.93158406,10.0,1,2.096259
32,13,417.6319046020508,158.399733543396,418.0700378417969,159.77748107910156,0.84925395,10.0,-1,7.290298
41,13,741.9426040649414,732.2850942611694,742.3807373046875,733.662841796875,0.7019686,22.0,-1,2.9893422
43,13,1409.934181213379,24.87959384918213,1410.372314453125,26.257341384887695,0.5316989,26.0,1,10.954581
40,13,201.48714447021484,500.76290798187256,201.92527770996094,502.1406555175781,0.4504964,12.0,-1,2.0147076
35,13,454.6775894165039,750.2368154525757,455.11572265625,751.6145629882812,0.43568215,8.0,-1,8.898701
34,13,638.6483535766602,1145.3246450424194,639.0864868164062,1146.702392578125,0.40626547,26.0,-1,0.33174676
51,13,199.50943756103516,417.9051809310913,199.94757080078125,419.2829284667969,0.2782228,10.0,1,6.2491407
36,13,94.4566879272461,466.1017141342163,94.89482116699219,467.4794616699219,0.22862338,22.0,1,9.110258
78,13,173.6830062866211,408.5647268295288,174.1211395263672,409.9424743652344,0.22030361,8.0,1,8.296423
79,13,1458.757911682129,419.07647609710693,1459.196044921875,420.4542236328125,0.20010029,10.0,1,2.0451095
6,14,1223.8061294555664,596.5143880844116,1224.445556640625,597.79150390625,13.806079,10.0,1,16.805012
5,14,531.4408950805664,432.751540184021,532.080322265625,434.0286560058594,13.768276,10.0,-1,31.781805
1,14,557.4805068969727,669.8112020492554,558.1199340820312,671.0883178710938,10.205592,10.0,-1,40.40045
3,14,844.6754531860352,1066.4966878890991,845.3148803710938,1067.7738037109375,7.467686,8.0,1,19.05572
2,14,281.31897735595703,124.68034267425537,281.9584045410156,125.95745849609375,6.982903,10.0,1,27.008825
0,14,111.78872680664062,1109.4012289047241,112.42815399169922,1110.6783447265625,6.3546925,10.0,1,28.060856
15,14,1297.8193130493164,36.84157848358154,1298.458740234375,38.11869430541992,6.055492,10.0,-1,26.28298
7,14,182.83391571044922,436.7775411605835,183.4733428955078,438.0546569824219,5.7649746,16.0,1,5.2251306
4,14,1467.7580337524414,196.70207118988037,1468.3974609375,197.97918701171875,5.55554,10.0,-1,1.8248564
11,14,777.3931045532227,842.4025716781616,778.0325317382812,843.6796875,4.8153887,8.0,-1,31.39646
23,14,752.9374160766602,296.2018880844116,753.5768432617188,297.47900390625,4.7874866,12.0,-1,34.5823
21,14,1381.6193618774414,26.1001615524292,1382.2587890625,27.377277374267578,4.5290933,16.0,-1,34.787
9,14,225.13524627685547,47.830199241638184,225.77467346191406,49.10731506347656,4.31853,8.0,1,24.251785
10,14,1243.899513244629,184.11419582366943,1244.5389404296875,185.3913116455078,4.290403,10.0,-1,21.618046
16,14,1403.054786682129,1200.5734701156616,1403.6942138671875,1201.8505859375,4.2631965,6.0,1,11.069006
26,14,763.5008926391602,1153.8675374984741,764.1403198242188,1155.1446533203125,4.0579185,10.0,-1,8.818386
20,14,540.6670913696289,808.3179769515991,541.3065185546875,809.5950927734375,3.9507372,12.0,-1,20.694036
25,14,414.4050064086914,521.2565145492554,415.04443359375,522.5336303710938,3.640989,18.0,-1,12.257707
17,14,661.5289077758789,285.71583461761475,662.1683349609375,286.9929504394531,3.4212983,12.0,-1,1.4967153
12,14,80.1139907836914,450.65238857269287,80.75341796875,451.92950439453125,3.0992663,24.0,-1,22.287796
13,14,1518.968605041504,876.8914632797241,1519.6080322265625,878.1685791015625,2.8745432,14.0,-1,12.786344
24,14,1307.6532974243164,453.86109828948975,1308.292724609375,455.1382141113281,2.7695668,8.0,1,29.69307
14,14,1597.396095275879,400.24928188323975,1598.0355224609375,401.5263977050781,2.6988814,18.0,-1,20.388546
8,14,843.8989028930664,327.8607931137085,844.538330078125,329.1379089355469,2.5280163,22.0,-1,12.737787
18,14,466.75321197509766,813.8959188461304,467.39263916015625,815.1730346679688,2.5241625,20.0,-1,15.83913
28,14,63.36810302734375,517.4992513656616,64.00753021240234,518.7763671875,2.2573495,6.0,1,16.360899
22,14,186.9577865600586,413.20927333831787,187.5972137451172,414.48638916015625,1.8380016,6.0,1,2.7969759
33,14,522.5729751586914,1197.2106771469116,523.21240234375,1198.48779296875,1.2251667,6.0,1,7.1380653
29,14,493.6861343383789,397.69618129730225,494.3255615234375,398.9732971191406,1.1290492,26.0,-1,3.498176
19,14,968.8646011352539,533.4131307601929,969.5040283203125,534.6902465820312,0.8911678,10.0,-1,7.291013
32,14,418.30509185791016,156.617506980896,418.94451904296875,157.89462280273438,0.65727544,6.0,1,0.2269069
35,14,453.54322052001953,753.0766439437866,454.1826477050781,754.353759765625,0.65099925,8.0,-1,14.210599
41,14,741.4366226196289,731.4650106430054,742.0760498046875,732.7421264648438,0.6483868,22.0,-1,3.3575828
27,14,217.56653594970703,629.3668050765991,218.20596313476562,630.6439208984375,0.61500794,28.0,-1,0.21734133
34,14,633.7746963500977,1146.1345052719116,634.4141235351562,1147.41162109375,0.55901366,26.0,-1,1.4910524
36,14,93.7903060913086,464.4947347640991,94.42973327636719,465.7718505859375,0.52388805,20.0,1,6.839434
40,14,200.61840057373047,503.75273036956787,201.25782775878906,505.02984619140625,0.36808172,6.0,1,0.8408204
43,14,1404.639503479004,25.398486137390137,1405.2789306640625,26.675601959228516,0.3362305,20.0,1,13.215868
79,14,1461.588722229004,418.5463705062866,1462.2281494140625,419.823486328125,0.19407748,12.0,1,1.681786
78,14,175.8303451538086,409.15748500823975,176.4697723388672,410.4346008300781,0.18789195,10.0,1,6.4646306
6,15,1223.9960708618164,596.8132772445679,1224.3897705078125,597.9332275390625,14.086442,10.0,1,17.307169
1,15,557.5155410766602,669.2572469711304,557.9092407226562,670.377197265625,12.106933,10.0,-1,39.368107
2,15,281.1543655395508,124.51694393157959,281.5480651855469,125.63689422607422,10.326478,10.0,1,26.727777
5,15,529.2612686157227,430.8282308578491,529.6549682617188,431.94818115234375,9.127616,10.0,-1,30.260065
3,15,844.0220718383789,1068.3224325180054,844.415771484375,1069.4423828125,6.724956,8.0,1,17.521889
20,15,543.3801040649414,810.8753499984741,543.7738037109375,811.9953002929688,6.5079594,14.0,-1,19.614744
0,15,113.26363372802734,1110.5987997055054,113.65733337402344,1111.71875,6.056248,10.0,1,30.445656
7,15,182.70836639404297,436.37541103363037,183.10206604003906,437.495361328125,5.731546,16.0,1,5.6560593
10,15,1242.123634338379,187.1002492904663,1242.517333984375,188.22019958496094,4.935724,10.0,-1,21.144518
4,15,1468.630226135254,199.2184133529663,1469.02392578125,200.33836364746094,4.7424283,6.0,1,0.015015006
11,15,779.1648330688477,839.0998373031616,779.5585327148438,840.2197875976562,4.540008,8.0,-1,30.596222
23,15,752.7814712524414,297.88148403167725,753.1751708984375,299.0014343261719,4.5001874,12.0,-1,29.943024
9,15,224.78166961669922,47.12179470062256,225.1753692626953,48.24174499511719,4.3613014,8.0,1,24.347113
12,15,75.70697021484375,450.93962001800537,76.10066986083984,452.0595703125,4.2639914,22.0,-1,20.405045
18,15,467.93836212158203,812.0206136703491,468.3320617675781,813.1405639648438,4.1769395,22.0,-1,13.018121
16,15,1405.562599182129,1198.7994832992554,1405.956298828125,1199.91943359375,4.0075684,6.0,1,12.25365
15,15,1297.208839416504,38.53324794769287,1297.6025390625,39.6531982421875,3.8618257,10.0,-1,21.068735
17,15,664.0802993774414,287.20301723480225,664.4739990234375,288.3229675292969,3.5386393,6.0,1,5.0211735
8,15,847.1922378540039,332.4313497543335,847.5859375,333.5513000488281,3.3596509,22.0,-1,12.211181
13,15,1519.445899963379,876.8914632797241,1519.839599609375,878.0114135742188,2.9639976,14.0,-1,11.510479
21,15,1381.4821548461914,22.63900852203369,1381.8758544921875,23.75895881652832,2.926236,16.0,-1,34.31803
14,15,1601.096534729004,397.884840965271,1601.490234375,399.0047912597656,2.8467531,18.0,-1,19.134914
24,15,1308.6608657836914,455.21501064300537,1309.0545654296875,456.3349609375,2.6780586,8.0,1,31.00322
25,15,410.5054702758789,521.2862386703491,410.899169921875,522.4061889648438,2.571668,18.0,-1,12.357546
26,15,766.2681655883789,1153.0735311508179,766.661865234375,1154.1934814453125,2.4528778,10.0,-1,8.239171
28,15,63.824195861816406,516.0206747055054,64.2178955078125,517.140625,1.6966001,6.0,1,16.018309
22,15,185.54625701904297,412.21888637542725,185.93995666503906,413.3388366699219,1.5660661,16.0,-1,1.5840788
35,15,454.97022247314453,754.8746175765991,455.3639221191406,755.9945678710938,1.4403204,8.0,-1,16.641949
29,15,490.2217483520508,399.2079610824585,490.6154479980469,400.3279113769531,1.430325,28.0,-1,3.6343126
27,15,217.54444122314453,630.9414510726929,217.93814086914062,632.0614013671875,0.95008564,10.0,1,0.072246075
41,15,741.8260269165039,729.0046224594116,742.2197265625,730.1245727539062,0.85622716,22.0,-1,2.9118807
36,15,90.32847595214844,459.903883934021,90.72217559814453,461.0238342285156,0.8250299,22.0,1,1.7554145
33,15,522.3305435180664,1195.2688436508179,522.7242431640625,1196.3887939453125,0.7522103,6.0,1,7.8860307
32,15,416.0018997192383,156.30799770355225,416.3955993652344,157.42794799804688,0.63721585,10.0,-1,2.362782
19,15,971.3177871704102,533.3112630844116,971.7114868164062,534.4312133789062,0.49431357,6.0,1,1.3583913
43,15,1405.5978775024414,26.19479274749756,1405.9915771484375,27.314743041992188,0.4576596,22.0,1,14.480278
79,15,1461.588722229004,418.67533779144287,1461.982421875,419.7952880859375,0.4000597,12.0,1,2.176065
40,15,199.35977935791016,507.92814540863037,199.75347900390625,509.048095703125,0.30371025,8.0,-1,10.518089
34,15,627.9949111938477,1143.5770711898804,628.3886108398438,1144.697021484375,0.27095,26.0,-1,6.6784644
51,15,199.64310455322266,417.9256429672241,200.03680419921875,419.04559326171875,0.21758842,10.0,1,6.866884
6,16,1224.6235961914062,596.3651189804077,1225.55615234375,597.4788208007812,13.584069,10.0,1,21.911932
2,16,281.21417236328125,124.20990657806396,282.146728515625,125.3236083984375,10.08264,10.0,1,25.730307
5,16,526.8209228515625,429.25870418548584,527.7534790039062,430.3724060058594,9.656839,10.0,-1,29.331635
0,16,113.26363372802734,1111.213080406189,114.1961898803711,1112.3267822265625,8.60219,10.0,1,30.617407
1,16,555.3671264648438,669.6154851913452,556.2996826171875,670.7291870117188,8.004747,10.0,-1,37.00204
10,16,1240.9496459960938,186.85500240325928,1241.8822021484375,187.9687042236328,5.6216674,10.0,-1,22.077736
9,16,225.39956665039062,47.12179470062256,226.33212280273438,48.235496520996094,5.5335565,8.0,1,22.856352
3,16,843.2991333007812,1068.306097984314,844.231689453125,1069.4197998046875,5.391751,8.0,1,17.28169
4,16,1466.6489868164062,200.25492000579834,1467.58154296875,201.36862182617188,5.2788982,6.0,1,0.9068973
11,16,779.1212158203125,836.6688299179077,780.0537719726562,837.7825317382812,5.173097,8.0,-1,33.86105
23,16,752.1502075195312,300.34439754486084,753.082763671875,301.4580993652344,5.0304365,12.0,-1,27.199467
8,16,849.0595703125,330.4643316268921,849.9921264648438,331.5780334472656,4.733074,22.0,-1,11.268111
20,16,543.6566162109375,812.089545249939,544.5891723632812,813.2032470703125,4.6682544,14.0,-1,21.471584
7,16,181.39529418945312,435.4691228866577,182.32785034179688,436.58282470703125,4.160204,16.0,1,5.4245687
17,16,664.09033203125,286.6567144393921,665.0228881835938,287.7704162597656,3.8473432,6.0,1,6.804978
18,16,466.31500244140625,811.2832098007202,467.24755859375,812.3969116210938,3.821602,22.0,-1,14.621885
15,16,1297.1843872070312,40.90184688568115,1298.116943359375,42.01554870605469,3.5841992,10.0,-1,16.702965
16,16,1407.3673706054688,1198.308051109314,1408.2999267578125,1199.4217529296875,3.3918505,6.0,1,8.486875
26,16,767.2505493164062,1156.439642906189,768.18310546875,1157.5533447265625,3.3828278,10.0,-1,9.184321
12,16,74.72039794921875,450.1307439804077,75.6529541015625,451.24444580078125,3.3404825,24.0,-1,19.777729
21,16,1383.7129516601562,23.250601768493652,1384.6455078125,24.364303588867188,3.0733194,16.0,-1,33.363007
24,16,1308.2067260742188,456.17105770111084,1309.1392822265625,457.2847595214844,2.7279053,8.0,1,33.855373
13,16,1520.3483276367188,876.083441734314,1521.2808837890625,877.1971435546875,2.517161,12.0,-1,12.12598
14,16,1601.8908081054688,400.78214168548584,1602.8233642578125,401.8958435058594,2.3402987,18.0,-1,18.695745
25,16,412.1934509277344,523.2317571640015,413.1260070800781,524.345458984375,2.0755203,16.0,-1,12.207877
22,16,184.84487915039062,411.94754695892334,185.77743530273438,413.0612487792969,1.9483814,16.0,-1,2.6127846
19,16,971.1195068359375,530.5916814804077,972.0520629882812,531.7053833007812,1.5426573,10.0,-1,4.6503797
28,16,63.95927429199219,516.2974920272827,64.89183044433594,517.4111938476562,1.2816885,6.0,1,17.877937
32,16,412.45068359375,155.2611608505249,413.38323974609375,156.37486267089844,1.1193322,10.0,-1,7.589027
35,16,456.0641784667969,754.8490056991577,456.9967346191406,755.9627075195312,1.0963506,8.0,-1,15.426143
33,16,519.8622436523438,1197.5120306015015,520.7947998046875,1198.625732421875,1.0254506,6.0,1,6.575048
36,16,90.14068603515625,461.6301031112671,91.0732421875,462.7438049316406,0.81104016,24.0,1,4.9572916
29,16,490.99578857421875,401.0328130722046,491.9283447265625,402.1465148925781,0.76056474,28.0,-1,3.5492363
43,16,1407.0455932617188,25.126900672912598,1407.9781494140625,26.240602493286133,0.6482677,22.0,1,14.877594
27,16,219.84031677246094,631.187933921814,220.7728729248047,632.3016357421875,0.5925018,10.0,1,1.099973
79,16,1457.6513061523438,418.96768856048584,1458.5838623046875,420.0813903808594,0.55095214,10.0,1,4.3352256
34,16,629.5150146484375,1146.164984703064,630.4475708007812,1147.2786865234375,0.49250033,26.0,-1,1.5869341
41,16,742.8935546875,725.9800481796265,743.8261108398438,727.09375,0.38883877,22.0,-1,1.7656265
51,16,198.5495147705078,418.49848079681396,199.48207092285156,419.6121826171875,0.25037193,8.0,1,9.058085
78,16,173.1110382080078,406.1704168319702,174.04359436035156,407.28411865234375,0.20552246,10.0,1,6.1367183
6,17,1225.1021347045898,596.1165685653687,1225.5960693359375,597.5003051757812,17.059664,10.0,1,22.892025
1,17,555.3930892944336,670.4332799911499,555.8870239257812,671.8170166015625,11.036595,10.0,-1,36.70453
2,17,280.6633529663086,124.28057765960693,281.15728759765625,125.66431427001953,10.392695,10.0,1,25.633743
5,17,523.9159774780273,428.0560827255249,524.409912109375,429.4398193359375,8.28697,10.0,-1,28.555573
0,17,113.2376708984375,1111.4285192489624,113.73160552978516,1112.812255859375,7.5573077,10.0,1,31.406027
3,17,842.0577011108398,1068.1714391708374,842.5516357421875,1069.55517578125,6.5908446,8.0,1,16.731691
11,17,779.4777450561523,836.6533117294312,779.9716796875,838.0370483398438,6.350385,8.0,-1,36.942284
15,17,1301.3333358764648,42.14137554168701,1301.8272705078125,43.52511215209961,5.92442,10.0,-1,21.015316
20,17,543.0890121459961,808.5633459091187,543.5829467773438,809.9470825195312,5.89047,12.0,-1,21.996002
23,17,750.3337020874023,300.34313106536865,750.82763671875,301.72686767578125,5.45961,12.0,-1,21.455755
10,17,1239.7456893920898,186.4049596786499,1240.2396240234375,187.7886962890625,5.27075,10.0,-1,23.664518
9,17,225.76563262939453,46.06059169769287,226.2595672607422,47.44432830810547,4.589869,8.0,1,23.329266
26,17,769.5841903686523,1153.7310094833374,770.078125,1155.11474609375,4.4837346,10.0,-1,15.432009
21,17,1387.0716171264648,23.85252094268799,1387.5655517578125,25.236257553100586,4.4373507,18.0,-1,33.58458
4,17,1466.0811386108398,201.54077816009521,1466.5750732421875,202.9245147705078,4.2859616,10.0,-1,0.1224643
12,17,76.05865478515625,451.4971532821655,76.5525894165039,452.8808898925781,3.850892,24.0,-1,19.892704
13,17,1519.4798202514648,872.7454137802124,1519.9737548828125,874.129150390625,3.648955,14.0,-1,15.286527
18,17,463.6628952026367,814.5496129989624,464.1568298339844,815.933349609375,3.215787,20.0,-1,16.903522
7,17,180.2845687866211,436.1375341415405,180.77850341796875,437.5212707519531,3.064071,16.0,1,1.7865239
16,17,1408.9394149780273,1198.3020544052124,1409.433349609375,1199.685791015625,2.8433924,6.0,1,8.801976
25,17,414.2490768432617,523.3437414169312,414.7430114746094,524.7274780273438,2.8106813,16.0,-1,12.865446
17,17,663.2720565795898,287.99986934661865,663.7659912109375,289.38360595703125,2.6304538,6.0,1,13.554329
24,17,1309.9237899780273,455.15538692474365,1310.417724609375,456.53912353515625,2.4991562,8.0,1,30.401085
8,17,844.7939071655273,328.34813594818115,845.287841796875,329.73187255859375,2.4147182,24.0,-1,12.794754
35,17,457.1565170288086,753.8813390731812,457.65045166015625,755.2650756835938,1.5446564,8.0,-1,20.7619
19,17,971.4147567749023,530.8004064559937,971.90869140625,532.1841430664062,1.3264866,10.0,-1,1.5934802
22,17,184.19628143310547,413.0667943954468,184.69021606445312,414.4505310058594,1.2916375,6.0,1,8.525164
28,17,65.13594818115234,514.1801671981812,65.6298828125,515.5639038085938,1.2791336,6.0,1,17.538233
14,17,1608.8199081420898,404.0835485458374,1609.3138427734375,405.46728515625,1.2702165,18.0,-1,17.331417
27,17,218.92745208740234,633.4708166122437,219.42138671875,634.8545532226562,1.0590767,10.0,1,2.415395
32,17,412.85594940185547,154.6431646347046,413.3498840332031,156.0269012451172,0.988574,10.0,-1,6.2677603
33,17,523.3938217163086,1197.5969762802124,523.8877563476562,1198.980712890625,0.82453847,6.0,1,6.901341
41,17,739.0979843139648,724.9426794052124,739.5919189453125,726.326416015625,0.7765574,22.0,-1,3.135019
43,17,1408.3346786499023,25.234511375427246,1408.82861328125,26.618247985839844,0.76406366,20.0,1,15.12577
29,17,494.1308822631836,401.0340795516968,494.62481689453125,402.4178161621094,0.6997226,28.0,-1,2.3429232
36,17,89.85221099853516,461.3630590438843,90.34614562988281,462.7467956542969,0.6264356,24.0,1,1.9377828
79,17,1461.5097274780273,418.4873876571655,1462.003662109375,419.8711242675781,0.52877796,10.0,1,3.2295868
34,17,625.6601181030273,1146.3823766708374,626.154052734375,1147.76611328125,0.31978437,28.0,-1,3.192285
78,17,171.74541473388672,410.0527563095093,172.23934936523438,411.4364929199219,0.25285265,8.0,1,9.836431
51,17,197.35050201416016,417.4038915634155,197.8444366455078,418.7876281738281,0.2235598,10.0,1,8.828367
6,18,1225.2915420532227,596.5389471054077,1225.854736328125,597.5484619140625,17.857325,10.0,1,25.55977
5,18,523.4106826782227,426.86490535736084,523.973876953125,427.8744201660156,12.638848,10.0,-1,27.00546
0,18,114.2806167602539,1111.1292791366577,114.84381103515625,1112.1387939453125,7.770395,10.0,1,31.086903
2,18,281.0510025024414,123.24057674407959,281.61419677734375,124.25009155273438,7.394036,10.0,1,25.17039
1,18,553.0925674438477,672.644476890564,553.65576171875,673.6539916992188,6.6260543,10.0,-1,31.873262
3,18,840.8298110961914,1068.7989568710327,841.3930053710938,1069.8084716796875,6.5269217,8.0,1,16.781923
11,18,778.9385757446289,838.1834173202515,779.5017700195312,839.1929321289062,5.762165,8.0,-1,37.63337
9,18,226.16254425048828,44.701842308044434,226.72573852539062,45.71135711669922,5.5399437,8.0,1,23.445301
10,18,1241.4501113891602,187.02738094329834,1242.0133056640625,188.03689575195312,5.4181485,10.0,-1,21.21665
26,18,769.2877578735352,1155.4493474960327,769.8509521484375,1156.4588623046875,5.2092433,10.0,-1,14.574222
4,18,1466.1450576782227,203.0688238143921,1466.708251953125,204.07833862304688,5.172421,6.0,1,0.99500436
21,18,1389.3799209594727,25.363259315490723,1389.943115234375,26.372774124145508,4.9059405,18.0,-1,33.18888
20,18,541.6171646118164,808.8614568710327,542.1803588867188,809.8709716796875,4.672326,12.0,-1,21.919569
23,18,749.6825942993164,300.9712896347046,750.2457885742188,301.9808044433594,4.5957885,14.0,-1,21.410927
12,18,75.44329833984375,451.4054937362671,76.0064926147461,452.4150085449219,4.434872,24.0,-1,19.27642
15,18,1300.0587539672852,39.446024894714355,1300.6219482421875,40.45553970336914,4.3133483,10.0,-1,20.348305
7,18,181.04146575927734,434.93204402923584,181.6046600341797,435.9415588378906,3.9144075,16.0,1,3.773406
24,18,1310.1247940063477,456.9474859237671,1310.68798828125,457.9570007324219,3.8182247,8.0,1,31.711756
17,18,662.7267837524414,288.05853939056396,663.2899780273438,289.06805419921875,3.798226,6.0,1,3.123804
25,18,415.1942825317383,522.6744451522827,415.7574768066406,523.6839599609375,3.5699074,18.0,-1,12.043534
13,18,1515.8191299438477,870.8123235702515,1516.38232421875,871.8218383789062,3.043516,12.0,-1,17.845638
16,18,1409.2922744750977,1197.7537908554077,1409.85546875,1198.7633056640625,2.8583453,6.0,1,5.7041254
18,18,463.5989761352539,814.3514471054077,464.16217041015625,815.3609619140625,2.6237051,20.0,-1,16.708433
8,18,842.5346450805664,325.4292058944702,843.0978393554688,326.438720703125,2.528979,22.0,-1,11.057214
22,18,185.21712493896484,411.6802740097046,185.7803192138672,412.6897888183594,2.1263452,16.0,-1,2.6059816
28,18,62.912147521972656,514.4705877304077,63.475341796875,515.4801025390625,2.055106,6.0,1,22.97174
35,18,454.4801712036133,754.524847984314,455.0433654785156,755.5343627929688,1.3649131,8.0,-1,17.745157
19,18,969.5074844360352,532.3754949569702,970.0706787109375,533.385009765625,1.1359504,10.0,-1,2.0840049
14,18,1611.9482803344727,404.0248785018921,1612.511474609375,405.0343933105469,1.1002275,18.0,-1,18.497906
33,18,523.8111343383789,1198.7642889022827,524.3743286132812,1199.7738037109375,0.90781707,6.0,1,4.7950006
32,18,411.52124786376953,156.08718013763428,412.0844421386719,157.09669494628906,0.7641468,10.0,-1,5.3140593
43,18,1409.0566787719727,25.798699378967285,1409.619873046875,26.80821418762207,0.64858073,18.0,1,14.697342
29,18,493.22562408447266,399.75980281829834,493.788818359375,400.7693176269531,0.625663,28.0,-1,2.1835785
36,18,93.0649642944336,464.5573797225952,93.62815856933594,465.56689453125,0.4418112,22.0,1,9.058486
40,18,199.28345489501953,512.236273765564,199.84664916992188,513.2457885742188,0.44037881,8.0,-1,10.469093
34,18,628.9253311157227,1148.3378973007202,629.488525390625,1149.347412109375,0.3836589,26.0,-1,0.91908
27,18,219.43753814697266,631.5608587265015,220.000732421875,632.5703735351562,0.3652821,12.0,1,2.22398
41,18,736.6660537719727,721.9857244491577,737.229248046875,722.9952392578125,0.35571182,22.0,-1,3.810238
79,18,1464.0771865844727,418.18610286712646,1464.640380859375,419.19561767578125,0.30915648,10.0,1,2.6679983
51,18,197.4799575805664,417.22928524017334,198.04315185546875,418.2388000488281,0.25192514,8.0,1,10.585032
78,18,170.58751678466797,407.8261785507202,171.1507110595703,408.835693359375,0.21572648,10.0,1,6.4143014
1,19,549.0937118530273,673.3197507858276,549.8343505859375,673.9537963867188,10.942062,10.0,-1,34.253098
6,19,1224.2663192749023,595.8768796920776,1225.0069580078125,596.5109252929688,9.476401,10.0,1,18.648026
23,19,747.3650741577148,299.46345806121826,748.105712890625,300.0975036621094,8.806537,12.0,-1,30.499231
11,19,779.6627426147461,839.5463132858276,780.4033813476562,840.1803588867188,8.789917,8.0,-1,42.846783
2,19,282.06139373779297,123.55948162078857,282.8020324707031,124.19352722167969,8.14306,10.0,1,24.575087
5,19,522.1006088256836,427.123797416687,522.8412475585938,427.7578430175781,7.610359,10.0,-1,27.117725
4,19,1463.3859481811523,204.25796794891357,1464.1265869140625,204.8920135498047,7.313886,10.0,-1,1.6899259
3,19,839.8250961303711,1069.4339475631714,840.5657348632812,1070.0679931640625,6.7272606,8.0,1,18.156006
0,19,113.30384063720703,1109.8558225631714,114.04447937011719,1110.4898681640625,6.6008887,10.0,1,28.323343
9,19,227.2352066040039,44.924784660339355,227.97584533691406,45.55883026123047,5.468965,8.0,1,21.685394
20,19,544.2967758178711,809.6515378952026,545.0374145507812,810.2855834960938,5.244892,12.0,-1,21.222132
13,19,1515.2582626342773,869.0446653366089,1515.9989013671875,869.6787109375,4.8971343,10.0,-1,19.838717
17,19,659.3665390014648,286.3664426803589,660.107177734375,287.00048828125,4.854921,12.0,-1,12.107569
15,19,1299.6026229858398,37.96938991546631,1300.34326171875,38.60343551635742,4.6025014,10.0,-1,18.524532
10,19,1241.5404891967773,189.27456951141357,1242.2811279296875,189.9086151123047,4.5281634,10.0,-1,21.011297
25,19,418.99129486083984,521.7224607467651,419.73193359375,522.3565063476562,4.024372,16.0,-1,12.390729
7,19,180.86978912353516,436.07637310028076,181.6104278564453,436.7104187011719,3.7752657,16.0,1,2.9164944
26,19,769.8542098999023,1153.351061820984,770.5948486328125,1153.985107421875,3.6214144,10.0,-1,12.696753
12,19,73.97332763671875,450.75102519989014,74.7139663696289,451.38507080078125,3.3890655,24.0,-1,21.419477
21,19,1390.4088973999023,25.363259315490723,1391.1495361328125,25.997304916381836,2.9835718,18.0,-1,35.084255
16,19,1407.6352157592773,1197.334948539734,1408.3758544921875,1197.968994140625,2.8330176,6.0,1,9.236168
24,19,1310.8035507202148,456.39714336395264,1311.544189453125,457.03118896484375,2.6511643,8.0,1,27.92105
18,19,465.48155975341797,814.1918821334839,466.2221984863281,814.825927734375,1.7564305,22.0,-1,13.765548
8,19,841.4967269897461,324.6329221725464,842.2373657226562,325.2669677734375,1.6756463,24.0,-1,11.729979
28,19,63.03463363647461,513.2780027389526,63.775272369384766,513.9120483398438,1.6196748,6.0,1,23.272886
14,19,1611.2126083374023,403.97651958465576,1611.9532470703125,404.6105651855469,1.5967194,18.0,-1,17.579802
22,19,184.7835464477539,412.738299369812,185.52418518066406,413.3723449707031,1.5380234,18.0,-1,0.22192097
35,19,451.87999725341797,755.2769651412964,452.6206359863281,755.9110107421875,1.2959962,8.0,-1,16.814451
19,19,970.2030868530273,532.5760374069214,970.9437255859375,533.2100830078125,1.0134503,6.0,1,0.7940758
32,19,414.53682708740234,157.0034055709839,415.2774658203125,157.637451171875,0.9359732,10.0,-1,3.6308696
29,19,492.4250717163086,397.07707500457764,493.16571044921875,397.71112060546875,0.8293298,28.0,-1,1.9981875
33,19,524.2697982788086,1199.2205686569214,525.0104370117188,1199.8546142578125,0.82298565,6.0,1,4.8708797
41,19,739.1318588256836,720.0710935592651,739.8724975585938,720.7051391601562,0.68096256,24.0,-1,1.7070059
40,19,199.71756744384766,510.82255840301514,200.4582061767578,511.45660400390625,0.6758985,8.0,-1,8.920614
36,19,89.70256042480469,460.4494504928589,90.44319915771484,461.08349609375,0.58022505,26.0,1,5.0093355
43,19,1409.5058212280273,26.20505428314209,1410.2464599609375,26.839099884033203,0.5136978,18.0,1,12.938066
27,19,219.43753814697266,633.7785520553589,220.1781768798828,634.41259765625,0.4566821,10.0,1,1.8111815
79,19,1464.5561141967773,416.868670463562,1465.2967529296875,417.5027160644531,0.3648615,10.0,1,1.9568505
34,19,629.9623641967773,1149.126696586609,630.7030029296875,1149.7607421875,0.2881938,10.0,1,0.14205599
51,19,197.4571304321289,418.59636211395264,198.19776916503906,419.23040771484375,0.2766523,8.0,1,11.818427
78,19,172.53553009033203,408.9718198776245,173.2761688232422,409.6058654785156,0.20117323,8.0,1,8.388242
6,20,1223.87939453125,596.8646020889282,1225.314208984375,597.571044921875,12.319486,10.0,1,21.372723
3,20,836.8331298828125,1069.2559595108032,838.2679443359375,1069.96240234375,9.762287,8.0,1,22.82737
1,20,548.4979858398438,673.9813623428345,549.9328002929688,674.6878051757812,8.404584,10.0,-1,34.714676
11,20,779.2100830078125,839.2426538467407,780.6448974609375,839.9490966796875,7.9979014,10.0,-1,44.703434
5,20,522.34326171875,425.9713830947876,523.778076171875,426.6778259277344,7.463845,10.0,-1,25.024231
2,20,281.5567932128906,124.09696292877197,282.9916076660156,124.80340576171875,6.7249312,10.0,1,24.141668
10,20,1242.032470703125,190.12996768951416,1243.46728515625,190.83641052246094,5.8550572,10.0,-1,23.481443
23,20,746.63623046875,302.0245752334595,748.071044921875,302.73101806640625,5.6017613,14.0,-1,34.613308
20,20,544.6055908203125,806.4181909561157,546.0404052734375,807.1246337890625,5.394396,12.0,-1,22.189436
4,20,1463.714111328125,204.3595209121704,1465.14892578125,205.0659637451172,5.3178396,6.0,1,0.3705079
0,20,111.61784362792969,1111.2311792373657,113.05265808105469,1111.9376220703125,5.2239923,10.0,1,30.835077
12,20,74.81407928466797,451.672402381897,76.24889373779297,452.37884521484375,4.9096866,22.0,-1,20.494064
9,20,226.64588928222656,42.84851551055908,228.08070373535156,43.55495834350586,4.2958074,8.0,1,25.176079
21,20,1390.70361328125,26.931923866271973,1392.138427734375,27.63836669921875,4.0509343,16.0,-1,32.700172
17,20,657.6076049804688,289.1249475479126,659.0424194335938,289.8313903808594,3.8991683,12.0,-1,20.40104
18,20,468.9832763671875,817.9984521865845,470.4180908203125,818.7048950195312,3.659499,20.0,-1,13.411697
15,20,1299.324462890625,38.01831912994385,1300.75927734375,38.724761962890625,3.650573,10.0,-1,16.581398
13,20,1514.935546875,867.343056678772,1516.370361328125,868.0494995117188,3.5208683,10.0,-1,22.464794
26,20,770.3421630859375,1153.7537622451782,771.7769775390625,1154.460205078125,3.4916904,10.0,-1,15.340399
7,20,180.897216796875,435.37012577056885,182.33203125,436.0765686035156,3.1884928,16.0,1,4.332119
24,20,1311.908203125,456.3482141494751,1313.343017578125,457.0546569824219,2.6002762,8.0,1,26.263283
8,20,845.4067993164062,322.7678003311157,846.8416137695312,323.4742431640625,2.5348141,24.0,-1,10.177313
16,20,1404.4114990234375,1195.1869897842407,1405.8463134765625,1195.8934326171875,2.352492,6.0,1,5.3591213
25,20,416.60150146484375,521.0177392959595,418.03631591796875,521.7241821289062,2.0937257,20.0,-1,11.764118
19,20,971.1295166015625,532.9202661514282,972.5643310546875,533.626708984375,1.1434016,6.0,1,1.6009467
35,20,451.5228271484375,756.955605506897,452.9576416015625,757.6620483398438,1.0929339,8.0,-1,13.896
14,20,1605.9383544921875,404.88709354400635,1607.3731689453125,405.5935363769531,1.0794033,18.0,-1,14.583075
22,20,185.24134826660156,413.7599878311157,186.67616271972656,414.4664306640625,1.0725563,6.0,1,8.966984
32,20,413.35479736328125,156.14751529693604,414.78961181640625,156.8539581298828,0.99874187,10.0,-1,3.9397466
36,20,90.02851104736328,463.0165796279907,91.46332550048828,463.7230224609375,0.92732745,22.0,1,5.5663166
33,20,521.7145385742188,1197.4358911514282,523.1493530273438,1198.142333984375,0.9090381,6.0,1,4.369985
28,20,64.10652160644531,512.6302881240845,65.54133605957031,513.3367309570312,0.88770866,6.0,1,22.233002
29,20,488.34466552734375,399.8132104873657,489.77947998046875,400.5196533203125,0.7266064,28.0,-1,1.8624592
27,20,220.368896484375,631.6383447647095,221.8037109375,632.3447875976562,0.71601135,10.0,1,3.1852694
40,20,200.0298614501953,509.2843408584595,201.4646759033203,509.99078369140625,0.633174,12.0,-1,5.0854197
79,20,1464.0069580078125,413.63892459869385,1465.4417724609375,414.3453674316406,0.43743047,10.0,1,1.8843682
41,20,740.8042602539062,722.2604150772095,742.2390747070312,722.9668579101562,0.35029575,24.0,-1,1.173822
43,20,1409.6793212890625,25.073966026306152,1411.1141357421875,25.78040885925293,0.33912393,16.0,1,10.119067
34,20,629.9349365234375,1146.6959009170532,631.3697509765625,1147.40234375,0.32169157,28.0,-1,0.17702141
51,20,198.76658630371094,418.3529748916626,200.20140075683594,419.0594177246094,0.23410647,10.0,1,8.4789295
6,21,1223.486312866211,597.5104150772095,1224.8319091796875,597.8583984375,18.01338,10.0,1,19.197931
3,21,836.3199920654297,1069.685097694397,837.6655883789062,1070.0330810546875,11.445428,8.0,1,24.383818
1,21,550.4492645263672,673.1605615615845,551.7948608398438,673.508544921875,8.446151,10.0,-1,33.88899
5,21,518.8710174560547,425.3606958389282,520.2166137695312,425.70867919921875,8.111877,10.0,-1,27.440884
11,21,776.6798553466797,838.509316444397,778.0254516601562,838.8572998046875,8.103463,10.0,-1,42.163734
2,21,281.1689910888672,124.783127784729,282.51458740234375,125.13111114501953,7.784746,10.0,1,24.066025
0,21,111.51677703857422,1111.757119178772,112.86237335205078,1112.1051025390625,7.293825,10.0,1,31.524237
20,21,548.7256317138672,803.7100610733032,550.0712280273438,804.0580444335938,6.9799256,10.0,-1,30.780733
21,21,1392.179183959961,26.214869499206543,1393.5247802734375,26.56285285949707,6.73179,18.0,-1,32.67863
9,21,226.69358825683594,41.866971015930176,228.0391845703125,42.2149543762207,5.9847665,8.0,1,25.852058
10,21,1241.250473022461,189.41870975494385,1242.5960693359375,189.76669311523438,5.196399,10.0,-1,23.688135
4,21,1463.952865600586,204.41419315338135,1465.2984619140625,204.76217651367188,5.0810447,6.0,1,0.5920545
15,21,1300.7354583740234,35.880051612854004,1302.0810546875,36.22803497314453,5.0115247,10.0,-1,20.827618
23,21,744.5657196044922,303.9614953994751,745.9113159179688,304.3094787597656,4.361632,14.0,-1,36.723396
17,21,655.5578460693359,291.7769556045532,656.9034423828125,292.12493896484375,3.9886959,14.0,-1,21.373833
7,21,181.8406524658203,435.38343143463135,183.18624877929688,435.7314147949219,3.9298952,16.0,1,3.7116642
26,21,769.1779022216797,1153.620888710022,770.5234985351562,1153.9688720703125,3.8741696,10.0,-1,15.906379
12,21,75.70706939697266,450.16297245025635,77.05266571044922,450.5109558105469,3.7628648,24.0,-1,20.372215
13,21,1514.9703216552734,869.8548974990845,1516.31591796875,870.202880859375,3.3500917,10.0,-1,23.37093
18,21,471.5658721923828,817.985146522522,472.9114685058594,818.3331298828125,3.1749942,20.0,-1,13.665276
24,21,1312.3751068115234,456.66541385650635,1313.720703125,457.0133972167969,2.7236376,8.0,1,25.604218
8,21,847.1429290771484,320.3755884170532,848.488525390625,320.72357177734375,2.6915843,26.0,-1,7.6984167
25,21,414.5153045654297,518.7770166397095,415.86090087890625,519.125,2.5945122,18.0,-1,12.974965
22,21,186.5120086669922,412.0626611709595,187.85760498046875,412.41064453125,2.353495,18.0,-1,1.2910994
16,21,1402.6094818115234,1193.797890663147,1403.955078125,1194.1458740234375,2.3340857,6.0,1,5.5138483
32,21,411.62001037597656,156.93773746490479,412.9656066894531,157.2857208251953,1.4258366,10.0,-1,9.448569
19,21,971.6120452880859,534.3398218154907,972.9576416015625,534.6878051757812,1.2949811,6.0,1,1.5085555
28,21,63.26423645019531,511.427773475647,64.60983276367188,511.7757568359375,1.1818093,6.0,1,26.522104
35,21,452.88539123535156,761.306679725647,454.2309875488281,761.6546630859375,1.0101947,8.0,-1,17.631983
33,21,521.0190277099609,1199.596474647522,522.3646240234375,1199.9444580078125,0.9815262,6.0,1,5.1440463
14,21,1611.226303100586,406.7719202041626,1612.5718994140625,407.1199035644531,0.86700726,18.0,-1,16.36544
40,21,200.63247680664062,508.81336307525635,201.9780731201172,509.1613464355469,0.8184321,6.0,1,2.0302193
27,21,221.33917236328125,632.9723291397095,222.6847686767578,633.3203125,0.5860756,10.0,1,2.8216982
36,21,89.96991729736328,462.607705116272,91.31551361083984,462.9556884765625,0.5843057,22.0,1,3.3789415
29,21,488.26637268066406,396.85962772369385,489.6119689941406,397.2076110839844,0.5665967,28.0,-1,1.1908166
34,21,630.1101531982422,1149.382363319397,631.4557495117188,1149.7303466796875,0.4239781,26.0,-1,3.44201
41,21,736.2194061279297,725.6550073623657,737.5650024414062,726.0029907226562,0.39475346,22.0,-1,5.401186
43,21,1410.6907806396484,26.490553855895996,1412.036376953125,26.838537216186523,0.29496688,18.0,1,9.810177
79,21,1463.3187103271484,417.50696659088135,1464.664306640625,417.8549499511719,0.2119872,10.0,1,1.7061341
51,21,198.7318115234375,417.1056604385376,200.07740783691406,417.4536437988281,0.19791591,10.0,1,9.053441
6,22,1222.5467529296875,597.6930322647095,1223.924560546875,597.9993286132812,14.608577,10.0,1,14.631615
2,22,281.05450439453125,125.81672763824463,282.43231201171875,126.1230239868164,9.04337,10.0,1,24.90682
15,22,1302.4012451171875,36.05431079864502,1303.779052734375,36.3606071472168,8.34781,10.0,-1,22.286379
5,22,517.6941528320312,425.33057498931885,519.0719604492188,425.6368713378906,8.169518,10.0,-1,26.853447
0,22,113.61678314208984,1111.7012720108032,114.99459075927734,1112.007568359375,8.120471,10.0,1,31.648464
3,22,835.2872924804688,1070.6933374404907,836.6651000976562,1070.9996337890625,7.8047023,8.0,1,26.311502
1,22,549.3292236328125,671.3568506240845,550.70703125,671.6631469726562,7.3775697,10.0,-1,31.6545
10,22,1240.6788330078125,191.58792972564697,1242.056640625,191.89422607421875,6.976223,10.0,-1,23.068819
11,22,778.4279174804688,839.8573389053345,779.8057250976562,840.1636352539062,6.9324756,10.0,-1,43.878075
4,22,1465.247314453125,203.24669742584229,1466.6251220703125,203.55299377441406,6.2065797,10.0,-1,1.8028696
9,22,225.50424194335938,42.34945774078369,226.88204956054688,42.65575408935547,6.1984906,8.0,1,24.901438
7,22,180.66891479492188,434.1129541397095,182.04672241210938,434.41925048828125,6.108869,16.0,1,1.7410523
23,22,744.5834350585938,303.7882776260376,745.9612426757812,304.0945739746094,4.8864746,14.0,-1,38.080894
26,22,768.7435913085938,1153.1386499404907,770.1213989257812,1153.4449462890625,4.531904,10.0,-1,14.9859
12,22,76.9690933227539,454.0052881240845,78.3469009399414,454.31158447265625,4.435096,22.0,-1,21.976326
21,22,1393.9405517578125,26.576420783996582,1395.318359375,26.88271713256836,4.0268,16.0,-1,29.38256
20,22,554.54052734375,801.6647119522095,555.9183349609375,801.9710083007812,3.9401379,10.0,-1,31.487959
17,22,655.70947265625,291.54346561431885,657.0872802734375,291.8497619628906,3.3561656,14.0,-1,13.540524
24,22,1313.5634765625,456.3351221084595,1314.9412841796875,456.64141845703125,3.064442,8.0,1,24.19748
13,22,1514.4635009765625,870.9751977920532,1515.84130859375,871.281494140625,2.9155378,10.0,-1,20.156927
18,22,471.5127868652344,817.991982460022,472.8905944824219,818.2982788085938,2.413052,20.0,-1,14.584042
25,22,415.37982177734375,516.5038843154907,416.75762939453125,516.8101806640625,2.187623,18.0,-1,12.108343
8,22,845.8101196289062,319.4945459365845,847.1879272460938,319.80084228515625,2.1452029,24.0,-1,10.51783
22,22,186.49429321289062,412.0558252334595,187.87210083007812,412.36212158203125,2.0087376,6.0,1,4.8805275
32,22,410.3470764160156,156.4883050918579,411.7248840332031,156.7946014404297,1.952468,10.0,-1,14.947004
16,22,1400.1683349609375,1193.0986108779907,1401.546142578125,1193.4049072265625,1.9241766,6.0,1,7.8959284
35,22,452.66375732421875,763.5109033584595,454.04156494140625,763.8171997070312,1.6917313,8.0,-1,19.906279
28,22,63.549644470214844,510.11914920806885,64.92745208740234,510.4254455566406,1.5894736,6.0,1,24.94252
19,22,970.4769897460938,534.4764795303345,971.8547973632812,534.7827758789062,1.5507747,6.0,1,0.1744494
40,22,201.95809936523438,508.1901025772095,203.33590698242188,508.49639892578125,1.0171779,6.0,1,4.772638
14,22,1614.38671875,405.6542444229126,1615.7645263671875,405.9605407714844,0.91755706,20.0,-1,13.945822
36,22,90.37799072265625,463.576699256897,91.75579833984375,463.88299560546875,0.8998297,26.0,1,1.7306118
33,22,521.358642578125,1201.0001001358032,522.7364501953125,1201.306396484375,0.76155424,6.0,1,3.9928026
29,22,487.5267639160156,396.31873416900635,488.9045715332031,396.6250305175781,0.7575702,28.0,-1,1.544873
27,22,227.3631591796875,636.4447412490845,228.740966796875,636.7510375976562,0.7193377,10.0,1,5.7511344
79,22,1466.8272705078125,420.00940799713135,1468.205078125,420.3157043457031,0.5065727,10.0,1,1.6886233
34,22,629.2726440429688,1144.3936548233032,630.6504516601562,1144.699951171875,0.48123908,28.0,-1,1.6369079
41,22,741.132080078125,725.9525537490845,742.5098876953125,726.2588500976562,0.42225567,24.0,-1,2.0435882
51,22,200.02713012695312,417.11426639556885,201.40493774414062,417.4205627441406,0.2448324,10.0,1,7.3895893
43,22,1407.867431640625,27.30424976348877,1409.2452392578125,27.610546112060547,0.2341439,16.0,1,3.5768414
78,22,172.92559814453125,407.7008447647095,174.30340576171875,408.00714111328125,0.21104199,10.0,1,7.3852477
3,23,834.6117057800293,1070.8651971817017,835.9420776367188,1070.8385009765625,14.147469,8.0,1,28.260069
15,23,1304.7086906433105,38.01024341583252,1306.0390625,37.98354721069336,8.803762,10.0,-1,20.116608
0,23,113.79316329956055,1111.6811151504517,115.12353515625,1111.6544189453125,7.8376694,10.0,1,31.723999
2,23,281.3370170593262,125.82418918609619,282.6673889160156,125.79749298095703,7.5817943,10.0,1,23.10583
23,23,739.1363639831543,302.0994806289673,740.4667358398438,302.0727844238281,7.0361423,14.0,-1,33.05732
4,23,1464.793529510498,202.54058170318604,1466.1239013671875,202.51388549804688,6.8082232,6.0,1,0.18374896
5,23,517.0526847839355,425.2715082168579,518.383056640625,425.24481201171875,6.800753,10.0,-1,27.509888
6,23,1222.1002922058105,597.6855707168579,1223.4306640625,597.6588745117188,6.6816335,10.0,1,11.089679
1,23,549.4826774597168,668.1742792129517,550.8130493164062,668.1475830078125,5.641683,10.0,-1,28.718115
9,23,226.52422714233398,43.640252113342285,227.85459899902344,43.613555908203125,5.5387554,8.0,1,24.591143
11,23,778.389476776123,841.8452386856079,779.7198486328125,841.8185424804688,5.2526083,10.0,-1,44.187286
10,23,1240.4599113464355,193.04209232330322,1241.790283203125,193.01539611816406,5.2390246,10.0,-1,21.443008
17,23,654.8583488464355,293.4842767715454,656.188720703125,293.45758056640625,5.0980954,14.0,-1,8.262063
7,23,178.5151481628418,433.63570499420166,179.84552001953125,433.6090087890625,5.0350466,8.0,-1,2.3997095
20,23,556.0511589050293,798.0435419082642,557.3815307617188,798.016845703125,4.9308124,8.0,-1,39.29936
26,23,767.6434440612793,1151.5783319473267,768.9738159179688,1151.5516357421875,3.9528286,10.0,-1,14.146674
18,23,474.0969047546387,815.3964471817017,475.4272766113281,815.3697509765625,3.6865053,20.0,-1,14.329296
12,23,77.00753402709961,454.82943058013916,78.33790588378906,454.802734375,3.4481554,22.0,-1,18.819529
13,23,1510.137279510498,869.5445795059204,1511.4676513671875,869.5178833007812,3.2479699,10.0,-1,21.383728
24,23,1313.108226776123,457.3990716934204,1314.4385986328125,457.37237548828125,3.2351668,8.0,1,26.700718
8,23,842.2876091003418,318.46221256256104,843.6179809570312,318.4355163574219,2.950489,24.0,-1,11.658877
25,23,416.5651969909668,515.2028436660767,417.89556884765625,515.1761474609375,2.2370892,18.0,-1,10.999769
16,23,1398.173900604248,1193.8943719863892,1399.5042724609375,1193.86767578125,2.2145326,6.0,1,8.555414
21,23,1395.483959197998,27.288521766662598,1396.8143310546875,27.261825561523438,2.1924112,16.0,-1,28.326359
28,23,64.1802864074707,509.4411554336548,65.51065826416016,509.4144592285156,2.0694683,8.0,1,24.104813
32,23,410.8516960144043,157.54467105865479,412.18206787109375,157.51797485351562,1.5359014,10.0,-1,15.7126045
35,23,454.56977462768555,760.5094842910767,455.900146484375,760.4827880859375,1.301839,8.0,-1,19.799603
22,23,186.95637130737305,412.63701725006104,188.2867431640625,412.6103210449219,1.2345301,6.0,1,9.38828
19,23,971.3481559753418,535.8164911270142,972.6785278320312,535.789794921875,1.1023142,6.0,1,3.621276
14,23,1611.5097160339355,406.2401056289673,1612.840087890625,406.2134094238281,1.0119385,20.0,-1,14.41316
40,23,200.63476181030273,507.95333194732666,201.9651336669922,507.9266357421875,0.83258843,6.0,1,6.913721
27,23,229.27427291870117,638.2307367324829,230.60464477539062,638.2040405273438,0.7101049,10.0,1,6.7002077
29,23,489.8402214050293,395.3676996231079,491.17059326171875,395.34100341796875,0.6030158,28.0,-1,1.2943313
34,23,624.967357635498,1141.7693719863892,626.2977294921875,1141.74267578125,0.56849015,26.0,-1,2.3051972
33,23,518.9607048034668,1199.9751825332642,520.2910766601562,1199.948486328125,0.49135172,6.0,1,6.372738
41,23,746.3991813659668,730.1852045059204,747.7295532226562,730.1585083007812,0.46387205,24.0,-1,0.7924247
79,23,1464.3964347839355,419.9658441543579,1465.726806640625,419.93914794921875,0.4593711,10.0,1,3.3030636
36,23,94.63406753540039,467.25554752349854,95.96443939208984,467.2288513183594,0.4085839,24.0,1,7.969043
51,23,200.63679122924805,418.26921939849854,201.9671630859375,418.2425231933594,0.33291343,10.0,1,7.6151576
43,23,1407.794750213623,31.669930458068848,1409.1251220703125,31.643234252929688,0.2859119,14.0,1,7.5216546
3,24,834.3343925476074,1071.8276014328003,835.8823852539062,1071.7161865234375,14.31385,8.0,1,28.866907
2,24,282.5152702331543,125.61040019989014,284.0632629394531,125.49898529052734,7.924172,10.0,1,22.347145
0,24,114.48263168334961,1110.5985975265503,116.03062438964844,1110.4871826171875,7.495548,10.0,1,30.296701
15,24,1304.6296195983887,39.82824993133545,1306.1776123046875,39.716835021972656,7.2617726,10.0,-1,20.162363
5,24,516.9291191101074,425.2974805831909,518.4771118164062,425.1860656738281,7.1633725,10.0,-1,30.328466
26,24,766.4949150085449,1150.1039686203003,768.0429077148438,1149.9925537109375,6.3660684,10.0,-1,15.400399
11,24,778.3635063171387,841.8377332687378,779.9114990234375,841.726318359375,6.0411754,10.0,-1,44.025833
7,24,178.04864120483398,433.6223096847534,179.5966339111328,433.5108947753906,6.0314527,8.0,-1,2.1091943
1,24,549.8805961608887,668.9151258468628,551.4285888671875,668.8037109375,6.001913,10.0,-1,28.917242
20,24,556.3568534851074,798.4159803390503,557.9048461914062,798.3045654296875,5.7263274,8.0,-1,40.397472
10,24,1238.7820854187012,189.70026683807373,1240.330078125,189.58885192871094,5.6039886,10.0,-1,23.971434
17,24,654.7218437194824,293.68191051483154,656.2698364257812,293.57049560546875,5.5978928,14.0,-1,6.0622354
6,24,1221.7468070983887,597.3896741867065,1223.2947998046875,597.2782592773438,5.5003357,10.0,1,10.409995
23,24,740.7675590515137,301.1525526046753,742.3155517578125,301.0411376953125,5.4489117,14.0,-1,27.470482
4,24,1463.5215873718262,202.84418773651123,1465.069580078125,202.73277282714844,4.972272,10.0,-1,1.6074107
9,24,226.63206100463867,43.6477575302124,228.1800537109375,43.53634262084961,4.9618483,8.0,1,24.873777
12,24,75.33395004272461,457.05242443084717,76.88194274902344,456.9410095214844,3.815547,24.0,-1,18.87265
24,24,1313.2747611999512,456.8474073410034,1314.82275390625,456.7359924316406,3.1801417,8.0,1,24.201721
13,24,1510.9418754577637,866.0735731124878,1512.4898681640625,865.962158203125,3.1186295,12.0,-1,19.623064
18,24,475.5766410827637,815.370265007019,477.1246337890625,815.2588500976562,2.7779658,20.0,-1,13.643035
16,24,1396.4720268249512,1193.6740369796753,1398.02001953125,1193.5626220703125,2.6624537,6.0,1,10.032218
22,24,187.9606590270996,412.51259899139404,189.50865173339844,412.40118408203125,2.3694003,6.0,1,2.9546607
25,24,416.5911674499512,513.568995475769,418.13916015625,513.4575805664062,2.1373897,18.0,-1,12.372883
28,24,65.96976089477539,507.98940563201904,67.51775360107422,507.87799072265625,2.020576,6.0,1,14.780873
8,24,840.8763847351074,318.9624891281128,842.4243774414062,318.85107421875,1.9801202,22.0,-1,13.067097
19,24,970.2678642272949,539.007960319519,971.8158569335938,538.8965454101562,1.648179,6.0,1,3.648125
21,24,1396.9889945983887,25.407666206359863,1398.5369873046875,25.29625129699707,1.5293742,16.0,-1,29.725948
32,24,410.79194259643555,158.46995067596436,412.3399353027344,158.35853576660156,1.5214947,10.0,-1,18.808212
33,24,517.9098930358887,1201.2099256515503,519.4578857421875,1201.0985107421875,1.1825423,6.0,1,7.118911
14,24,1610.3689994812012,408.5275526046753,1611.9169921875,408.4161376953125,1.1239918,20.0,-1,14.188181
35,24,455.07697677612305,764.3843030929565,456.6249694824219,764.2728881835938,0.84047985,8.0,-1,12.988491
29,24,486.7437553405762,396.58474254608154,488.291748046875,396.47332763671875,0.7106073,28.0,-1,2.9852016
43,24,1410.2310600280762,28.767359733581543,1411.779052734375,28.65594482421875,0.70812005,16.0,1,16.569805
79,24,1467.7131156921387,418.2626600265503,1469.2611083984375,418.1512451171875,0.64997345,10.0,1,1.833403
27,24,229.62725448608398,639.760645866394,231.1752471923828,639.6492309570312,0.5912004,12.0,1,6.299778
34,24,622.5672416687012,1143.5224256515503,624.115234375,1143.4110107421875,0.5322604,26.0,-1,4.3105993
41,24,753.1943168640137,727.572413444519,754.7423095703125,727.4609985351562,0.5236098,28.0,-1,0.53732383
40,24,199.64558029174805,509.7909803390503,201.19357299804688,509.6795654296875,0.4800385,6.0,1,6.6009235
51,24,201.35796737670898,419.5659132003784,202.9059600830078,419.4544982910156,0.30564082,10.0,1,6.1451025
78,24,174.3574333190918,407.58416271209717,175.90542602539062,407.4727478027344,0.28478727,10.0,1,8.451846
36,24,95.04910659790039,466.4301404953003,96.59709930419922,466.3187255859375,0.21597439,22.0,1,7.8877134
3,25,834.1892509460449,1070.167628288269,836.0780639648438,1070.558837890625,12.894894,8.0,1,27.545343
2,25,282.3686943054199,125.42689800262451,284.25750732421875,125.81810760498047,10.975742,10.0,1,22.21329
1,25,550.0087699890137,671.517725944519,551.8975830078125,671.908935546875,10.016572,10.0,-1,31.572086
5,25,515.2946586608887,424.00844860076904,517.1834716796875,424.399658203125,8.890846,10.0,-1,31.573895
10,25,1239.7883110046387,187.53351879119873,1241.6771240234375,187.9247283935547,8.180024,10.0,-1,28.168325
4,25,1462.4841117858887,203.8040418624878,1464.3729248046875,204.19525146484375,8.053034,10.0,-1,2.8310473
11,25,778.1337089538574,839.3587293624878,780.0225219726562,839.7499389648438,7.5506425,10.0,-1,45.623425
0,25,113.96269607543945,1109.721339225769,115.85150909423828,1110.112548828125,7.4391694,10.0,1,29.646437
26,25,765.5254325866699,1149.581202507019,767.4142456054688,1149.972412109375,6.074698,10.0,-1,19.020565
15,25,1302.3970756530762,41.4950590133667,1304.285888671875,41.886268615722656,5.832439,10.0,-1,20.028301
23,25,740.5975151062012,301.7950391769409,742.486328125,302.1862487792969,5.6316953,14.0,-1,31.48686
6,25,1220.5384330749512,596.0872449874878,1222.42724609375,596.4784545898438,5.561846,10.0,1,7.2168083
13,25,1512.2015190124512,866.0735731124878,1514.09033203125,866.4647827148438,4.8517895,10.0,-1,24.251251
9,25,227.44114303588867,44.046584129333496,229.3299560546875,44.43779373168945,4.420111,8.0,1,23.81622
7,25,177.86138534545898,434.1080274581909,179.7501983642578,434.4992370605469,4.376299,8.0,-1,2.0747013
17,25,656.0926933288574,294.7028760910034,657.9815063476562,295.0940856933594,4.2780833,14.0,-1,14.336761
20,25,559.5240287780762,799.3930311203003,561.412841796875,799.7842407226562,3.7475502,8.0,-1,35.712257
18,25,478.51996994018555,813.6956434249878,480.4087829589844,814.0868530273438,3.4277751,20.0,-1,15.26351
8,25,840.3210258483887,317.27434825897217,842.2098388671875,317.6655578613281,3.0598676,22.0,-1,12.860016
16,25,1397.1390190124512,1194.9026136398315,1399.02783203125,1195.2938232421875,2.9992828,6.0,1,6.643224
25,25,417.0342216491699,514.118067741394,418.92303466796875,514.50927734375,2.8583095,18.0,-1,12.890549
12,25,73.47050857543945,457.83889293670654,75.35932159423828,458.2301025390625,2.7783668,24.0,-1,17.765312
24,25,1312.8108940124512,456.0375928878784,1314.69970703125,456.4288024902344,2.7129269,8.0,1,23.264715
28,25,67.09505081176758,508.2088575363159,68.9838638305664,508.6000671386719,2.1064918,6.0,1,17.571735
21,25,1398.6913871765137,22.73582935333252,1400.5802001953125,23.127038955688477,1.7699715,16.0,-1,31.51212
32,25,414.90388107299805,157.45397472381592,416.7926940917969,157.84518432617188,1.5384492,10.0,-1,11.041287
35,25,453.5124931335449,763.4676160812378,455.40130615234375,763.8588256835938,1.3296117,8.0,-1,17.038263
29,25,490.2925834655762,395.84487438201904,492.181396484375,396.236083984375,1.3233951,28.0,-1,3.553689
22,25,186.6793327331543,414.80926036834717,188.56814575195312,415.2004699707031,1.2733771,8.0,1,11.698426
33,25,517.9863090515137,1201.009425163269,519.8751220703125,1201.400634765625,1.1662503,6.0,1,4.7861733
19,25,971.7786674499512,539.5896863937378,973.66748046875,539.9808959960938,1.1303564,6.0,1,3.1367946
14,25,1611.4352836608887,407.4207715988159,1613.3240966796875,407.8119812011719,1.0617336,20.0,-1,11.397095
43,25,1410.2310600280762,29.46257495880127,1412.119873046875,29.853784561157227,0.8247494,14.0,1,15.854153
34,25,624.7295341491699,1141.651759147644,626.6183471679688,1142.04296875,0.74648076,26.0,-1,4.271486
40,25,198.15002059936523,510.7403211593628,200.03883361816406,511.13153076171875,0.696203,12.0,-1,3.5980535
41,25,752.8375053405762,724.2533826828003,754.726318359375,724.6445922851562,0.5225776,26.0,-1,0.08731711
27,25,229.50567245483398,638.0329236984253,231.3944854736328,638.4241333007812,0.43467024,10.0,1,5.904643
51,25,203.03576278686523,419.7420606613159,204.92457580566406,420.1332702636719,0.336647,12.0,1,3.6281118
79,25,1469.8891410827637,420.6564588546753,1471.7779541015625,421.04766845703125,0.32418585,12.0,1,2.5249133
36,25,95.89009475708008,468.07949352264404,97.7789077758789,468.470703125,0.3069912,28.0,1,9.362568
78,25,173.62633895874023,409.2414197921753,175.51515197753906,409.63262939453125,0.28512356,8.0,1,5.9052563
3,26,833.6147270202637,1069.9373121261597,835.62109375,1070.23291015625,13.58822,8.0,1,28.233425
10,26,1239.7988090515137,188.08196544647217,1241.80517578125,188.3775634765625,9.856868,10.0,-1,30.742002
4,26,1463.7665824890137,204.42628002166748,1465.77294921875,204.7218780517578,9.224864,10.0,-1,0.4703418
2,26,282.4491081237793,124.6469144821167,284.4554748535156,124.94251251220703,8.323869,10.0,1,21.626007
23,26,739.5093803405762,302.1270399093628,741.5157470703125,302.4226379394531,8.022914,12.0,-1,30.372208
5,26,515.3194999694824,424.08242321014404,517.3258666992188,424.3780212402344,7.2447314,10.0,-1,29.90311
0,26,112.39491653442383,1109.5692701339722,114.40128326416016,1109.8648681640625,7.0766187,10.0,1,27.835855
11,26,775.8224296569824,834.2908887863159,777.8287963867188,834.5864868164062,5.8737407,10.0,-1,40.316216
1,26,551.4142265319824,672.9959669113159,553.4205932617188,673.2915649414062,5.7506194,10.0,-1,26.553751
9,26,228.51592636108398,44.02791500091553,230.5222930908203,44.32351303100586,5.348144,8.0,1,24.49627
20,26,563.4477348327637,799.8955030441284,565.4541015625,800.1911010742188,4.759402,8.0,-1,41.214176
26,26,767.0326347351074,1149.3322095870972,769.0390014648438,1149.6278076171875,4.5028505,10.0,-1,19.344374
6,26,1220.0114555358887,596.1697950363159,1222.017822265625,596.4653930664062,4.437296,10.0,1,7.0712805
13,26,1510.1514701843262,867.9595289230347,1512.1578369140625,868.255126953125,4.112312,10.0,-1,22.701525
15,26,1302.3970756530762,43.487563133239746,1304.4034423828125,43.78316116333008,4.019982,10.0,-1,18.91005
17,26,659.7808647155762,295.82183361053467,661.7872314453125,296.117431640625,3.1594694,12.0,-1,14.167153
24,26,1311.2897758483887,456.39821910858154,1313.296142578125,456.6938171386719,3.0879812,8.0,1,22.562592
18,26,479.30317306518555,815.5280103683472,481.3095397949219,815.8236083984375,2.9297564,20.0,-1,14.836346
12,26,70.82111740112305,457.3218641281128,72.82748413085938,457.6174621582031,2.907478,24.0,-1,18.199902
8,26,840.2189750671387,317.5099744796753,842.225341796875,317.8055725097656,2.8662503,22.0,-1,12.86193
16,26,1394.5845756530762,1196.3915357589722,1396.5909423828125,1196.6871337890625,2.5088289,6.0,1,7.1486416
25,26,416.0572929382324,514.5682325363159,418.06365966796875,514.8638305664062,2.4476452,18.0,-1,11.651253
28,26,68.88097763061523,506.3068799972534,70.88734436035156,506.60247802734375,1.9600319,6.0,1,8.424236
19,26,968.4252738952637,540.7148389816284,970.431640625,541.0104370117188,1.855501,6.0,1,3.1272316
32,26,413.3702201843262,154.61870861053467,415.3765869140625,154.914306640625,1.7954327,10.0,-1,20.699127
21,26,1398.1237602233887,20.784058570861816,1400.130126953125,21.07965660095215,1.6492867,16.0,-1,30.19625
29,26,491.5863151550293,395.7693738937378,493.5926818847656,396.0649719238281,1.412541,26.0,-1,6.082292
35,26,456.8577079772949,761.5952100753784,458.86407470703125,761.8908081054688,1.1577741,8.0,-1,17.108154
33,26,517.7117729187012,1201.8784742355347,519.7181396484375,1202.174072265625,1.0504531,6.0,1,2.8635128
22,26,187.1606559753418,413.5374402999878,189.16702270507812,413.8330383300781,0.95093304,6.0,1,7.5535088
34,26,628.0858573913574,1141.2282056808472,630.0922241210938,1141.5238037109375,0.70664614,22.0,-1,3.845959
27,26,231.87994003295898,637.9418287277222,233.8863067626953,638.2374267578125,0.68835855,10.0,1,8.058784
43,26,1410.2889213562012,28.16762065887451,1412.2952880859375,28.463218688964844,0.68834347,14.0,1,16.203379
40,26,197.31577682495117,508.81606578826904,199.3221435546875,509.1116638183594,0.5500313,6.0,1,0.18933868
41,26,750.8906059265137,720.5305128097534,752.89697265625,720.8261108398438,0.36551788,26.0,-1,0.7439523
36,26,90.11538314819336,466.24761486053467,92.12174987792969,466.543212890625,0.34659204,26.0,1,3.7877584
79,26,1474.1089897155762,422.2371473312378,1476.1153564453125,422.5327453613281,0.29795733,10.0,1,1.769856
78,26,173.85529708862305,409.31899547576904,175.86166381835938,409.6145935058594,0.25096187,8.0,1,7.172171
51,26,200.3448600769043,419.7420606613159,202.35122680664062,420.03765869140625,0.20665526,10.0,1,6.979619
5,27,513.0648612976074,425.5069227218628,516.0541381835938,425.9997863769531,12.111636,10.0,-1,29.422298
2,27,282.4849052429199,124.66161632537842,285.47418212890625,125.15447998046875,11.7696905,10.0,1,20.33636
3,27,832.6754570007324,1070.5552320480347,835.6647338867188,1071.048095703125,11.761654,8.0,1,28.590946
23,27,738.0485649108887,300.7987012863159,741.037841796875,301.29156494140625,9.457752,14.0,-1,26.622423
6,27,1221.0097465515137,596.1762037277222,1223.9990234375,596.6690673828125,9.319455,10.0,1,13.009411
11,27,770.8039360046387,833.8218336105347,773.793212890625,834.314697265625,9.2501,10.0,-1,43.268284
10,27,1240.8022270202637,185.76281261444092,1243.79150390625,186.25567626953125,9.066017,10.0,-1,28.843727
1,27,549.0375175476074,675.2690992355347,552.0267944335938,675.761962890625,8.802389,10.0,-1,23.654602
0,27,111.51128005981445,1109.8766431808472,114.50055694580078,1110.3695068359375,7.5274444,10.0,1,28.315868
4,27,1463.7665824890137,204.09446239471436,1466.755859375,204.5873260498047,7.0158114,10.0,-1,2.168673
17,27,660.4730644226074,297.4091749191284,663.4623413085938,297.90203857421875,6.8988185,12.0,-1,26.439863
20,27,561.0733451843262,799.5664014816284,564.0626220703125,800.0592651367188,6.564827,8.0,-1,35.57713
9,27,228.4551658630371,44.40352153778076,231.44444274902344,44.896385192871094,5.346639,8.0,1,23.172466
15,27,1300.4039115905762,42.18118190765381,1303.3931884765625,42.67404556274414,4.4202065,10.0,-1,15.936413
26,27,767.7091484069824,1148.6802320480347,770.6984252929688,1149.173095703125,4.1034465,10.0,-1,17.287355
24,27,1311.8483695983887,456.6882276535034,1314.837646484375,457.18109130859375,3.76286,8.0,1,23.551584
13,27,1510.8670463562012,871.5179395675659,1513.8563232421875,872.0108032226562,3.684975,10.0,-1,24.916365
8,27,843.6403617858887,313.14199352264404,846.629638671875,313.6348571777344,2.8999386,22.0,-1,12.169711
21,27,1399.9008598327637,20.272082328796387,1402.89013671875,20.76494598388672,2.629791,16.0,-1,30.25233
7,27,182.87957382202148,435.86590099334717,185.8688507080078,436.3587646484375,2.4486895,14.0,1,11.159606
12,27,71.64965438842773,457.6138868331909,74.63893127441406,458.10675048828125,2.3632429,24.0,-1,15.868584
18,27,478.9337272644043,815.5769605636597,481.9230041503906,816.06982421875,2.2607896,20.0,-1,14.29624
25,27,416.7449760437012,511.9482374191284,419.7342529296875,512.4411010742188,2.163333,20.0,-1,11.720579
22,27,188.73034286499023,414.06621837615967,191.71961975097656,414.55908203125,2.115007,6.0,1,4.3498707
29,27,490.9103813171387,395.7693738937378,493.899658203125,396.2622375488281,1.9228396,28.0,-1,5.041223
35,27,459.7895317077637,762.2339429855347,462.77880859375,762.726806640625,1.8182427,8.0,-1,16.98188
16,27,1390.6058158874512,1195.1636304855347,1393.5950927734375,1195.656494140625,1.6287824,6.0,1,6.8804226
32,27,412.9424858093262,152.9175672531128,415.9317626953125,153.41043090820312,1.594411,10.0,-1,23.005213
19,27,967.2218437194824,539.2485914230347,970.2111206054688,539.741455078125,1.3350669,6.0,1,1.5858339
28,27,66.03230667114258,503.0749158859253,69.0215835571289,503.5677795410156,1.329314,14.0,-1,0.7212129
33,27,515.4957084655762,1199.3634595870972,518.4849853515625,1199.8563232421875,0.8819372,6.0,1,4.0849075
34,27,628.3078422546387,1144.0514478683472,631.297119140625,1144.5443115234375,0.7200263,26.0,-1,3.1637983
27,27,230.0305290222168,637.7924146652222,233.01980590820312,638.2852783203125,0.58843946,10.0,1,6.865377
79,27,1475.5389213562012,426.1446485519409,1478.5281982421875,426.63751220703125,0.49579632,10.0,1,2.1639113
40,27,197.0874900817871,505.54421520233154,200.07676696777344,506.0370788574219,0.48952737,6.0,1,3.4923108
115,27,1607.3150444030762,416.8633680343628,1610.3043212890625,417.3562316894531,0.45307967,20.0,1,2.507402
78,27,174.66164779663086,410.21551036834717,177.6509246826172,410.7083740234375,0.31763974,8.0,1,8.782621
41,27,750.9862480163574,719.9972486495972,753.9755249023438,720.4901123046875,0.30121714,24.0,-1,0.39800787
36,27,93.81756210327148,471.41082286834717,96.80683898925781,471.9036865234375,0.2581527,28.0,1,7.876676
3,28,833.1262474060059,1070.4296674728394,836.2095336914062,1070.8377685546875,12.960288,8.0,1,27.099524
2,28,283.92650985717773,124.82485485076904,287.0097961425781,125.23295593261719,11.448968,10.0,1,19.899834
5,28,514.8132591247559,422.28547191619873,517.8965454101562,422.6935729980469,10.204565,10.0,-1,27.040964
11,28,769.4682884216309,835.4897260665894,772.5515747070312,835.8978271484375,8.402173,10.0,-1,44.881744
0,28,110.28376388549805,1110.0422163009644,113.36705017089844,1110.4503173828125,7.8698955,10.0,1,27.440857
4,28,1462.914882659912,201.5340223312378,1465.9981689453125,201.94212341308594,7.7138066,10.0,-1,1.8693166
10,28,1240.7160301208496,184.00684642791748,1243.79931640625,184.41494750976562,7.014931,10.0,-1,25.245436
23,28,739.3841819763184,299.09925365448,742.4674682617188,299.5073547363281,6.430519,14.0,-1,26.990528
17,28,662.8252220153809,297.02741527557373,665.9085083007812,297.4355163574219,5.8490615,12.0,-1,11.081784
6,28,1220.556484222412,594.7450361251831,1223.6397705078125,595.1531372070312,5.836057,10.0,1,10.747181
26,28,770.2852439880371,1146.1324262619019,773.3685302734375,1146.54052734375,5.7021527,10.0,-1,21.18786
9,28,228.8025779724121,43.908141136169434,231.8858642578125,44.31624221801758,5.2286105,8.0,1,24.583609
1,28,546.9469261169434,676.0201826095581,550.0302124023438,676.4282836914062,5.125487,10.0,-1,21.989725
21,28,1400.490322113037,19.817696571350098,1403.5736083984375,20.225797653198242,4.901581,18.0,-1,25.87691
15,28,1299.9897117614746,42.12980556488037,1303.072998046875,42.537906646728516,3.9799175,10.0,-1,13.962863
20,28,564.8194236755371,801.6274213790894,567.9027099609375,802.0355224609375,3.7556267,8.0,-1,34.323093
16,28,1390.8485984802246,1193.8633832931519,1393.931884765625,1194.271484375,3.6960309,6.0,1,2.7661014
24,28,1313.2980613708496,455.14289379119873,1316.38134765625,455.5509948730469,3.5528376,8.0,1,20.493408
13,28,1512.3857078552246,871.9730024337769,1515.468994140625,872.381103515625,3.3391917,10.0,-1,24.807978
18,28,478.94131088256836,817.4809370040894,482.02459716796875,817.8890380859375,3.3010266,22.0,-1,13.411093
25,28,418.79384994506836,509.24775218963623,421.87713623046875,509.6558532714844,2.6344852,20.0,-1,11.006168
7,28,177.7845115661621,436.06077098846436,180.8677978515625,436.4688720703125,2.5096898,8.0,-1,1.7688735
8,28,841.9105491638184,312.1894636154175,844.9938354492188,312.5975646972656,2.2560225,22.0,-1,13.416686
22,28,188.44428634643555,414.56702709198,191.52757263183594,414.9751281738281,2.2471461,6.0,1,4.909684
32,28,413.9948387145996,154.56829357147217,417.078125,154.9763946533203,1.9345399,10.0,-1,23.21533
35,28,459.5896873474121,764.0600385665894,462.6729736328125,764.4681396484375,1.7352719,8.0,-1,19.801912
19,28,966.7602195739746,542.5577802658081,969.843505859375,542.9658813476562,1.7182778,6.0,1,3.6680684
28,28,64.49943923950195,504.51121044158936,67.58272552490234,504.9193115234375,1.6945666,6.0,1,1.2822472
12,28,76.66483688354492,463.25129222869873,79.74812316894531,463.6593933105469,1.6352363,26.0,-1,10.6778965
29,28,491.623104095459,395.1970624923706,494.7063903808594,395.60516357421875,1.1758622,26.0,-1,4.7203374
34,28,625.5211448669434,1145.7668256759644,628.6044311523438,1146.1749267578125,0.6824789,26.0,-1,4.108157
40,28,196.33207321166992,505.595591545105,199.4153594970703,506.0036926269531,0.6571956,4.0,1,0.75153184
79,28,1474.837245941162,429.8126630783081,1477.9205322265625,430.22076416015625,0.58861226,10.0,1,3.4573674
33,28,517.5983543395996,1198.8252973556519,520.681640625,1199.2333984375,0.580586,6.0,1,5.5497565
27,28,228.60166549682617,635.1030683517456,231.68495178222656,635.5111694335938,0.5571405,10.0,1,5.830345
41,28,750.9786643981934,719.4257001876831,754.0619506835938,719.8338012695312,0.31613657,10.0,1,0.39995235
115,28,1609.0175437927246,420.33503246307373,1612.100830078125,420.7431335449219,0.29568964,20.0,1,8.581236
78,28,174.22883224487305,410.3763837814331,177.31211853027344,410.78448486328125,0.2934674,8.0,1,7.07871
51,28,202.3276023864746,421.8212080001831,205.410888671875,422.22930908203125,0.27177835,10.0,1,4.786792
3,29,832.9753684997559,1069.9415082931519,835.9725341796875,1070.179443359375,23.319063,8.0,1,28.575102
2,29,284.6287498474121,125.0319471359253,287.62591552734375,125.26988220214844,13.988656,10.0,1,20.739283
5,29,514.8132591247559,423.5088300704956,517.8104248046875,423.74676513671875,10.384832,10.0,-1,28.527327
26,29,772.1620140075684,1147.9325971603394,775.1591796875,1148.1705322265625,9.425248,10.0,-1,25.735714
6,29,1221.0814476013184,595.0217695236206,1224.07861328125,595.2597045898438,9.246463,10.0,1,13.58557
10,29,1241.0464134216309,186.15532970428467,1244.0435791015625,186.3932647705078,8.522886,10.0,-1,29.744226
11,29,771.0972557067871,834.9933881759644,774.0944213867188,835.2313232421875,8.171879,10.0,-1,44.08756
23,29,738.8072776794434,298.46064281463623,741.804443359375,298.6985778808594,8.06501,14.0,-1,31.728672
0,29,110.9365348815918,1109.7421674728394,113.93370056152344,1109.9801025390625,7.7458763,10.0,1,28.694294
4,29,1462.5401878356934,201.7565565109253,1465.537353515625,201.99449157714844,7.2822833,10.0,-1,0.4506529
13,29,1509.0603294372559,873.8823041915894,1512.0574951171875,874.1202392578125,5.3055267,10.0,-1,25.26599
1,29,545.3311424255371,677.7642011642456,548.3283081054688,678.0021362304688,5.2731853,10.0,-1,15.991163
20,29,566.5870628356934,803.4182538986206,569.584228515625,803.6561889648438,4.948535,10.0,-1,35.709003
9,29,227.48254013061523,41.88127040863037,230.47970581054688,42.119205474853516,4.895342,8.0,1,25.289843
17,29,662.6751976013184,296.2319746017456,665.67236328125,296.46990966796875,4.577935,8.0,1,3.8043416
21,29,1401.5555686950684,19.40016269683838,1404.552734375,19.638097763061523,4.1635957,16.0,-1,27.02759
24,29,1313.6001243591309,455.96906566619873,1316.5972900390625,456.2070007324219,4.0736985,8.0,1,24.968525
15,29,1299.3843040466309,41.316725730895996,1302.3814697265625,41.55466079711914,3.5602024,10.0,-1,11.628739
7,29,180.88845443725586,435.4663190841675,183.8856201171875,435.7042541503906,3.1540196,16.0,1,6.736546
32,29,414.0470848083496,154.52231884002686,417.04425048828125,154.76025390625,2.5496473,10.0,-1,29.59137
8,29,842.8630638122559,311.08677196502686,845.8602294921875,311.32470703125,2.5050194,20.0,-1,13.628368
25,29,421.2360191345215,512.7369184494019,424.2331848144531,512.974853515625,2.3017604,20.0,-1,10.765778
19,29,966.8424949645996,543.9054975509644,969.8396606445312,544.1434326171875,1.9717041,6.0,1,1.4628544
22,29,187.24541854858398,413.69990062713623,190.24258422851562,413.9378356933594,1.6226158,6.0,1,4.5402274
18,29,477.72903060913086,815.0538740158081,480.7261962890625,815.2918090820312,1.5955458,22.0,-1,12.78995
16,29,1392.7228050231934,1194.4744672775269,1395.719970703125,1194.71240234375,1.5931491,6.0,1,2.3911943
12,29,73.56843185424805,456.12494945526123,76.56559753417969,456.3628845214844,1.4900188,24.0,-1,13.568768
29,29,490.9349021911621,396.8702802658081,493.93206787109375,397.10821533203125,1.4199024,26.0,-1,4.2446527
35,29,460.38769149780273,764.0600385665894,463.3848571777344,764.2979736328125,1.303265,8.0,-1,18.94216
28,29,65.24702835083008,505.05149364471436,68.24419403076172,505.2894287109375,1.271798,6.0,1,11.579803
33,29,516.7992210388184,1200.4999799728394,519.79638671875,1200.7379150390625,0.7817845,10.0,-1,0.5172765
27,29,227.34977340698242,635.1998701095581,230.34693908691406,635.4378051757812,0.5544031,10.0,1,6.612207
40,29,197.93314743041992,506.03684520721436,200.93031311035156,506.2747802734375,0.42650306,6.0,1,1.8066384
115,29,1606.6676292419434,413.96348094940186,1609.664794921875,414.201416015625,0.40869758,20.0,1,1.6685843
34,29,625.1263694763184,1144.3222455978394,628.12353515625,1144.5601806640625,0.2998183,24.0,-1,5.257148
36,29,99.76217269897461,471.20029735565186,102.75933837890625,471.438232421875,0.2669855,24.0,1,7.397447
78,29,175.2242546081543,410.0510663986206,178.22142028808594,410.28900146484375,0.2580708,8.0,1,9.422773
41,29,747.0310935974121,721.8919477462769,750.0282592773438,722.1298828125,0.22878782,26.0,-1,0.56939465
51,29,201.06753158569336,420.57685375213623,204.064697265625,420.8147888183594,0.21776415,10.0,1,6.5180755
79,29,1474.5852317810059,429.1633405685425,1477.5823974609375,429.4012756347656,0.20657648,10.0,1,1.802055
3,30,832.3581199645996,1070.21351146698,835.2896118164062,1070.1845703125,13.633213,8.0,1,30.166035
2,30,285.23537826538086,124.77231884002686,288.1668701171875,124.74337768554688,12.42802,10.0,1,23.157688
11,30,772.8516502380371,833.7598371505737,775.7831420898438,833.7308959960938,10.314669,10.0,-1,47.545742
5,30,513.0819358825684,425.22443675994873,516.013427734375,425.19549560546875,9.238565,10.0,-1,28.807983
26,30,769.0525169372559,1150.497447013855,771.9840087890625,1150.468505859375,8.914701,10.0,-1,26.376272
6,30,1220.8259544372559,596.4303693771362,1223.7574462890625,596.4014282226562,8.835696,10.0,1,12.411034
0,30,111.83931350708008,1108.4809675216675,114.77080535888672,1108.4520263671875,8.675326,10.0,1,27.67756
23,30,741.0550804138184,298.9435224533081,743.986572265625,298.9145812988281,8.1027975,14.0,-1,24.741213
10,30,1241.0464134216309,186.15532970428467,1243.9779052734375,186.1263885498047,7.890816,10.0,-1,27.651957
4,30,1462.9430198669434,201.70592784881592,1465.87451171875,201.67698669433594,7.673822,10.0,-1,2.2602987
1,30,546.8280296325684,677.3913068771362,549.759521484375,677.3623657226562,6.1010284,10.0,-1,17.696901
20,30,569.1721458435059,803.2609357833862,572.1036376953125,803.2319946289062,5.630907,8.0,-1,35.973763
17,30,663.2825584411621,298.0640058517456,666.2140502929688,298.0350646972656,5.5264535,12.0,-1,6.3847094
13,30,1509.1700706481934,875.8351545333862,1512.1015625,875.8062133789062,5.1113005,8.0,-1,27.00586
24,30,1313.6408958435059,455.7937421798706,1316.5723876953125,455.7648010253906,4.6295485,8.0,1,22.510511
15,30,1300.7378196716309,39.62828350067139,1303.6693115234375,39.599342346191406,4.6019483,10.0,-1,12.878162
32,30,413.53136825561523,157.73646068572998,416.4628601074219,157.70751953125,4.0708838,10.0,-1,30.09045
9,30,226.54357528686523,40.20756435394287,229.47506713867188,40.17862319946289,4.0036674,8.0,1,23.355434
8,30,845.0580711364746,312.9828290939331,847.9895629882812,312.9538879394531,2.9275572,20.0,-1,13.682344
18,30,475.3559226989746,811.3568830490112,478.28741455078125,811.3279418945312,2.7112749,24.0,-1,10.773264
28,30,66.97385787963867,504.7829999923706,69.90534973144531,504.7540588378906,2.5693552,14.0,-1,4.160352
21,30,1400.2202415466309,21.246134757995605,1403.1517333984375,21.217193603515625,2.5611124,18.0,-1,26.135704
12,30,73.94803237915039,457.56650829315186,76.87952423095703,457.5375671386719,2.5338461,24.0,-1,14.795002
19,30,968.5125389099121,543.7919416427612,971.4440307617188,543.7630004882812,2.0626328,6.0,1,1.5789926
16,30,1392.5586204528809,1194.496470451355,1395.4901123046875,1194.467529296875,1.9845799,6.0,1,4.2350035
25,30,421.14660263061523,513.4387311935425,424.0780944824219,513.4097900390625,1.8237995,20.0,-1,10.315377
29,30,489.3827476501465,396.0832624435425,492.3142395019531,396.0543212890625,1.6105925,26.0,-1,5.4120812
22,30,185.0884666442871,413.7839460372925,188.01995849609375,413.7550048828125,1.476058,6.0,1,3.6595113
35,30,462.64147567749023,763.6775007247925,465.5729675292969,763.6485595703125,0.8545312,8.0,-1,9.275806
33,30,516.5144920349121,1201.07776927948,519.4459838867188,1201.048828125,0.7860944,6.0,1,0.69749695
41,30,746.4999656677246,729.0864362716675,749.4314575195312,729.0574951171875,0.6216423,26.0,-1,1.645546
27,30,229.06237411499023,636.1015119552612,231.99386596679688,636.0725708007812,0.60044116,10.0,1,6.6517467
34,30,626.7512474060059,1143.65296459198,629.6827392578125,1143.6240234375,0.58388865,26.0,-1,3.0247002
40,30,197.0877799987793,506.46457958221436,200.01927185058594,506.4356384277344,0.570641,6.0,1,5.827777
78,30,172.9903678894043,409.9382734298706,175.92185974121094,409.9093322753906,0.22239904,8.0,1,8.367856
79,30,1473.6106224060059,428.75422191619873,1476.5421142578125,428.72528076171875,0.21038873,10.0,1,1.9055321
51,30,199.16666793823242,420.49253368377686,202.09815979003906,420.4635925292969,0.20029528,10.0,1,5.683156
3,31,832.2801780700684,1070.3096570968628,835.5469360351562,1069.9881591796875,19.447691,8.0,1,30.313492
2,31,286.207820892334,124.22765636444092,289.4745788574219,123.90615844726562,13.10863,10.0,1,29.121262
5,31,513.7761497497559,428.06679821014404,517.0429077148438,427.74530029296875,11.405797,10.0,-1,30.016584
0,31,111.08996200561523,1107.3886365890503,114.35671997070312,1107.067138671875,10.91944,10.0,1,28.494549
11,31,774.5544090270996,831.1731824874878,777.8211669921875,830.8516845703125,9.580372,10.0,-1,46.59637
1,31,544.7773094177246,676.8323621749878,548.0440673828125,676.5108642578125,7.472976,10.0,-1,19.9746
4,31,1462.954189300537,200.77385997772217,1466.220947265625,200.45236206054688,6.520931,10.0,-1,3.652744
20,31,570.6267967224121,802.2209730148315,573.8935546875,801.8994750976562,6.342968,8.0,-1,32.601524
6,31,1220.390224456787,595.1172132492065,1223.656982421875,594.7957153320312,6.159473,10.0,1,13.868972
23,31,741.6712913513184,300.53823375701904,744.9380493164062,300.21673583984375,6.089733,12.0,-1,19.422249
26,31,766.6784324645996,1151.3130750656128,769.9451904296875,1150.9915771484375,6.004089,10.0,-1,22.699696
10,31,1242.367031097412,185.40076732635498,1245.6337890625,185.0792694091797,5.867102,10.0,-1,26.992985
15,31,1301.4269676208496,39.980780601501465,1304.6937255859375,39.65928268432617,5.8584857,10.0,-1,15.957153
17,31,664.3951683044434,297.60488414764404,667.6619262695312,297.28338623046875,5.746556,12.0,-1,22.534826
9,31,225.11614608764648,38.92993450164795,228.38290405273438,38.608436584472656,5.2699676,8.0,1,23.412153
13,31,1510.631191253662,878.3798475265503,1513.89794921875,878.058349609375,4.6714625,10.0,-1,28.871939
24,31,1312.980312347412,453.77114391326904,1316.2470703125,453.44964599609375,4.2277994,8.0,1,18.083643
7,31,177.55825424194336,438.48418712615967,180.82501220703125,438.1626892089844,4.0285554,10.0,-1,0.95211244
8,31,842.7117576599121,312.97832775115967,845.978515625,312.6568298339844,2.8545444,20.0,-1,14.91678
32,31,414.29320907592773,157.59665966033936,417.5599670410156,157.27516174316406,2.7168877,10.0,-1,30.11115
21,31,1402.961025238037,23.21757221221924,1406.227783203125,22.896074295043945,2.6488051,18.0,-1,23.054798
18,31,473.2860679626465,809.2166395187378,476.5528259277344,808.8951416015625,2.6329803,22.0,-1,10.062848
25,31,423.09023666381836,516.8626356124878,426.35699462890625,516.5411376953125,2.4743972,20.0,-1,11.221775
12,31,75.34794235229492,458.6587781906128,78.61470031738281,458.3372802734375,2.1999838,24.0,-1,16.246277
19,31,966.9296531677246,543.8027601242065,970.1964111328125,543.4812622070312,1.9957463,10.0,-1,1.4536245
28,31,66.86985397338867,504.78750133514404,70.13661193847656,504.46600341796875,1.8742814,18.0,-1,11.603729
22,31,184.67449569702148,414.88372325897217,187.94125366210938,414.5622253417969,1.6475385,18.0,-1,6.181296
29,31,491.12890243530273,399.11757946014404,494.3956604003906,398.79608154296875,1.5702716,26.0,-1,4.2155423
16,31,1391.7836570739746,1193.9473524093628,1395.0504150390625,1193.6258544921875,1.5042084,6.0,1,6.675617
33,31,516.5033226013184,1202.2215223312378,519.7700805664062,1201.9000244140625,1.0025791,10.0,-1,0.46326542
40,31,195.7584342956543,507.44863414764404,199.0251922607422,507.12713623046875,0.71780926,6.0,1,4.0463324
27,31,231.27831649780273,636.6702527999878,234.54507446289062,636.3487548828125,0.7050781,10.0,1,6.3254004
41,31,748.5136375427246,728.9726209640503,751.7803955078125,728.651123046875,0.6345542,26.0,-1,0.00066304207
34,31,625.5761985778809,1145.8588514328003,628.8429565429688,1145.537353515625,0.58157355,26.0,-1,5.9837475
35,31,463.062313079834,762.9680433273315,466.3290710449219,762.6465454101562,0.3025819,10.0,-1,2.7296963
79,31,1472.5956687927246,428.2649793624878,1475.8624267578125,427.9434814453125,0.26141644,10.0,1,2.5023832
51,31,199.12890243530273,422.85479259490967,202.39566040039062,422.5332946777344,0.24768202,10.0,1,5.4233804
2,32,286.207820892334,125.36682415008545,289.5840759277344,125.2422866821289,17.42985,10.0,1,26.42778
3,32,832.5425071716309,1069.8703870773315,835.9187622070312,1069.745849609375,16.8753,8.0,1,29.218046
17,32,663.0398216247559,296.33217906951904,666.4160766601562,296.2076416015625,13.742931,12.0,-1,35.841396
0,32,110.47943496704102,1107.1965589523315,113.8556900024414,1107.072021484375,11.085351,10.0,1,26.742018
5,32,515.8371849060059,430.40493297576904,519.2134399414062,430.2803955078125,10.416963,10.0,-1,31.250298
23,32,740.4973411560059,301.16192150115967,743.8735961914062,301.0373840332031,10.405969,14.0,-1,24.313704
4,32,1464.247890472412,199.96892833709717,1467.6241455078125,199.84439086914062,10.4025955,10.0,-1,5.2637143
11,32,772.5323753356934,830.465723991394,775.9086303710938,830.3411865234375,10.346986,10.0,-1,44.388283
26,32,764.4238548278809,1151.419093132019,767.8001098632812,1151.2945556640625,8.264741,10.0,-1,23.128538
7,32,179.99999618530273,439.70867443084717,183.37625122070312,439.5841369628906,8.0066395,16.0,1,1.6266874
20,32,568.4908714294434,802.173731803894,571.8671264648438,802.0491943359375,7.565067,8.0,-1,39.00432
10,32,1242.899745941162,184.1630048751831,1246.2760009765625,184.03846740722656,7.162279,10.0,-1,26.659796
6,32,1217.863124847412,593.9629774093628,1221.2393798828125,593.8384399414062,6.425755,10.0,1,12.797212
1,32,541.6357078552246,676.8323621749878,545.011962890625,676.7078247070312,5.3041434,10.0,-1,22.226406
32,32,416.21047592163086,157.67681407928467,419.58673095703125,157.55227661132812,5.1977315,10.0,-1,35.119865
13,32,1509.4128074645996,882.0971937179565,1512.7890625,881.97265625,5.0548234,10.0,-1,22.440668
15,32,1300.7050437927246,40.00989818572998,1304.081298828125,39.88536071777344,4.8408093,10.0,-1,16.182339
9,32,225.8579216003418,39.33423137664795,229.2341766357422,39.209693908691406,4.131659,8.0,1,25.8104
16,32,1395.3478660583496,1191.904688835144,1398.72412109375,1191.7801513671875,3.8389018,6.0,1,3.3848343
24,32,1312.494228363037,454.5296583175659,1315.8704833984375,454.4051208496094,3.1090667,8.0,1,19.426878
8,32,844.1247215270996,310.4429578781128,847.5009765625,310.31842041015625,2.6312072,20.0,-1,14.101493
18,32,474.7505760192871,807.1382093429565,478.1268310546875,807.013671875,2.5359898,22.0,-1,10.04386
21,32,1404.686855316162,25.64584255218506,1408.0631103515625,25.521305084228516,2.4902112,18.0,-1,20.127155
28,32,66.00656509399414,507.35283946990967,69.38282012939453,507.2283020019531,2.0514996,6.0,1,1.2790831
25,32,422.09020614624023,518.4474744796753,425.4664611816406,518.3229370117188,1.8446001,18.0,-1,11.697616
19,32,967.5927391052246,543.0229139328003,970.968994140625,542.8983764648438,1.7490135,10.0,-1,5.7939973
12,32,78.92950057983398,455.9643201828003,82.30575561523438,455.83978271484375,1.5824219,24.0,-1,16.284943
33,32,514.2619895935059,1203.774073600769,517.6382446289062,1203.6495361328125,1.4729095,6.0,1,2.6889296
29,32,489.681697845459,397.0690565109253,493.0579528808594,396.94451904296875,1.3617005,28.0,-1,4.4889317
22,32,186.1991081237793,415.9921522140503,189.5753631591797,415.86761474609375,1.2841798,6.0,1,0.5942402
34,32,625.8947410583496,1146.806300163269,629.27099609375,1146.6817626953125,0.72528106,24.0,-1,5.6963444
27,32,232.77939987182617,636.0393323898315,236.15565490722656,635.914794921875,0.6844521,10.0,1,6.580926
35,32,459.57802963256836,764.821436882019,462.95428466796875,764.6968994140625,0.5723765,10.0,-1,5.523741
40,32,194.42437362670898,505.8287305831909,197.80062866210938,505.7041931152344,0.5665317,6.0,1,6.357294
78,32,174.07668685913086,413.26531505584717,177.45294189453125,413.1407775878906,0.41967484,8.0,1,12.472404
41,32,744.8908958435059,726.4849500656128,748.2671508789062,726.3604125976562,0.33861518,8.0,1,0.33666822
51,32,201.64692306518555,423.9037733078003,205.02317810058594,423.77923583984375,0.28743193,12.0,1,3.633072
79,32,1474.0280418395996,426.4562635421753,1477.404296875,426.33172607421875,0.19333307,10.0,1,0.80297446
36,32,97.03438186645508,473.6210889816284,100.41063690185547,473.4965515136719,0.18970144,20.0,1,8.1685705
3,33,831.3908958435059,1069.5831670761108,834.3941650390625,1069.735595703125,19.17761,8.0,1,32.58299
2,33,286.15127182006836,125.68541622161865,289.154541015625,125.83784484863281,15.023685,10.0,1,25.278181
26,33,762.8883934020996,1153.9029912948608,765.8916625976562,1154.055419921875,11.832078,10.0,-1,26.405773
11,33,772.9365501403809,831.7160406112671,775.9398193359375,831.8684692382812,11.659386,10.0,-1,46.144638
5,33,515.0345726013184,433.81009578704834,518.037841796875,433.9625244140625,11.290183,10.0,-1,32.506702
4,33,1464.8065452575684,197.24730587005615,1467.809814453125,197.3997344970703,10.152789,10.0,-1,9.4959755
10,33,1242.8825950622559,183.60745906829834,1245.8858642578125,183.7598876953125,9.513002,10.0,-1,27.839777
0,33,110.55782699584961,1106.9802618026733,113.56109619140625,1107.1326904296875,9.148636,10.0,1,25.196598
17,33,662.9584617614746,298.01785945892334,665.9617309570312,298.1702880859375,9.04148,12.0,-1,36.911835
6,33,1217.7842063903809,592.3312139511108,1220.7874755859375,592.483642578125,7.957971,10.0,1,20.446335
1,33,540.8315086364746,676.4051885604858,543.8347778320312,676.5576171875,7.0257506,10.0,-1,23.788424
23,33,742.0587425231934,301.9209051132202,745.06201171875,302.0733337402344,6.3221364,14.0,-1,28.069035
20,33,567.0639915466309,802.9700078964233,570.0672607421875,803.1224365234375,5.64646,8.0,-1,38.75056
32,33,416.8536949157715,157.3446569442749,419.8569641113281,157.49708557128906,5.0451026,10.0,-1,37.347958
8,33,845.2965965270996,307.3571844100952,848.2998657226562,307.5096130371094,4.55331,22.0,-1,13.409105
7,33,180.90578842163086,439.0086431503296,183.9090576171875,439.16107177734375,4.0906687,16.0,1,0.8764819
9,33,227.25577926635742,39.33423137664795,230.25904846191406,39.48666000366211,3.8493898,8.0,1,25.555754
13,33,1510.3823509216309,885.9022588729858,1513.3856201171875,886.0546875,3.3215916,10.0,-1,28.569813
15,33,1298.0655784606934,40.58908748626709,1301.06884765625,40.74151611328125,3.2276466,10.0,-1,11.91251
115,33,1604.5926780700684,411.0291814804077,1607.595947265625,411.1816101074219,2.7031682,22.0,-1,10.704577
21,33,1406.3425559997559,26.08303165435791,1409.3458251953125,26.23546028137207,2.4625025,18.0,-1,18.887457
18,33,474.827938079834,805.9196538925171,477.8312072753906,806.0720825195312,2.3754709,24.0,-1,10.897577
24,33,1311.4497337341309,454.97354793548584,1314.4530029296875,455.1259765625,2.2290354,8.0,1,17.873995
25,33,422.7859764099121,520.8074712753296,425.78924560546875,520.9598999023438,2.1065845,18.0,-1,10.80483
12,33,80.56204605102539,453.7880926132202,83.56531524658203,453.9405212402344,1.7105503,24.0,-1,16.178886
19,33,966.9264183044434,542.1750860214233,969.9296875,542.3275146484375,1.6089334,10.0,-1,2.533292
28,33,64.44241714477539,510.8016424179077,67.44568634033203,510.9540710449219,1.3551521,8.0,1,21.865133
33,33,512.9529685974121,1201.5349493026733,515.9562377929688,1201.6873779296875,1.3091828,6.0,1,2.7839298
16,33,1393.3635520935059,1190.1501836776733,1396.3668212890625,1190.3026123046875,1.2519219,6.0,1,9.655527
22,33,186.1991081237793,416.1459722518921,189.20237731933594,416.29840087890625,1.241978,6.0,1,7.551814
29,33,492.6293601989746,399.57941341400146,495.63262939453125,399.7318420410156,0.92273235,26.0,-1,2.8385777
35,33,460.5213279724121,765.8593511581421,463.52459716796875,766.0117797851562,0.8076069,8.0,-1,6.964968
34,33,629.9758567810059,1148.0642461776733,632.9791259765625,1148.2166748046875,0.6555677,22.0,-1,4.9639497
40,33,194.58645248413086,505.65790462493896,197.5897216796875,505.8103332519531,0.61635846,6.0,1,3.632984
27,33,232.83454513549805,636.5731573104858,235.8378143310547,636.7255859375,0.4735839,10.0,1,6.3450723
41,33,738.3367576599121,724.1257696151733,741.3400268554688,724.2781982421875,0.37236,24.0,-1,0.44501978
78,33,173.7769432067871,413.9890203475952,176.78021240234375,414.1414489746094,0.35414588,6.0,1,11.8034115
51,33,200.36582565307617,421.85748958587646,203.3690948486328,422.0099182128906,0.2817443,10.0,1,6.188414
36,33,97.15871810913086,473.39594173431396,100.1619873046875,473.5483703613281,0.2598707,26.0,1,9.16967
79,33,1472.7483177185059,423.99857234954834,1475.7515869140625,424.1510009765625,0.24864177,10.0,1,1.6169914
3,34,832.344051361084,1069.6142950057983,835.1375732421875,1069.7979736328125,18.400799,8.0,1,30.788532
2,34,285.14272689819336,125.4353551864624,287.9362487792969,125.61903381347656,16.208881,10.0,1,22.300623
26,34,763.4580039978027,1155.6991338729858,766.2515258789062,1155.8828125,11.207874,10.0,-1,26.211447
4,34,1463.090389251709,194.81278133392334,1465.8839111328125,194.9964599609375,10.64649,10.0,-1,10.297599
6,34,1218.9428062438965,592.3312139511108,1221.736328125,592.514892578125,10.5223675,10.0,1,19.443611
11,34,772.917293548584,831.6453008651733,775.7108154296875,831.8289794921875,10.302432,10.0,-1,44.31245
0,34,111.09347152709961,1106.6039190292358,113.88699340820312,1106.78759765625,9.065423,10.0,1,24.974346
5,34,514.509822845459,435.6460027694702,517.3033447265625,435.8296813964844,8.666621,10.0,-1,31.637909
17,34,663.117977142334,297.74384212493896,665.9114990234375,297.9275207519531,7.566395,12.0,-1,18.706333
1,34,540.7613487243652,677.2005376815796,543.5548706054688,677.3842163085938,6.910435,10.0,-1,23.685822
23,34,744.9956016540527,304.23627376556396,747.7891235351562,304.4199523925781,6.046435,14.0,-1,35.212284
10,34,1243.2142906188965,183.2555456161499,1246.0078125,183.43922424316406,5.6123824,10.0,-1,22.678377
7,34,181.3097038269043,439.6272039413452,184.1032257080078,439.8108825683594,4.677117,16.0,1,0.79488313
9,34,226.78481674194336,38.258944511413574,229.57833862304688,38.442623138427734,4.4275103,8.0,1,23.667887
15,34,1296.478816986084,39.75423717498779,1299.2723388671875,39.93791580200195,4.40271,10.0,-1,16.489693
32,34,416.9545249938965,158.60315608978271,419.748046875,158.78683471679688,4.064526,10.0,-1,25.589342
20,34,565.7332725524902,802.5911626815796,568.5267944335938,802.7748413085938,4.01193,8.0,-1,39.91481
8,34,844.7709312438965,307.2640447616577,847.564453125,307.4477233886719,3.9144423,20.0,-1,15.304226
115,34,1606.6491050720215,415.58222103118896,1609.442626953125,415.7658996582031,3.4569852,22.0,-1,11.9547
16,34,1391.0953941345215,1189.5688848495483,1393.888916015625,1189.7525634765625,3.3112,6.0,1,8.884154
24,34,1314.279354095459,453.83670711517334,1317.0728759765625,454.0203857421875,3.258253,8.0,1,20.065063
21,34,1408.744441986084,21.898131370544434,1411.5379638671875,22.081809997558594,3.1221638,18.0,-1,21.57294
13,34,1512.358699798584,887.3788824081421,1515.1522216796875,887.5625610351562,2.7395923,8.0,-1,29.471527
12,34,78.14157485961914,454.09366512298584,80.93509674072266,454.27734375,2.1640482,24.0,-1,16.79871
18,34,476.4881248474121,805.6772222518921,479.2816467285156,805.8609008789062,1.9824718,24.0,-1,9.680479
19,34,967.6945152282715,542.2078008651733,970.488037109375,542.3914794921875,1.9390359,6.0,1,1.7541428
25,34,421.3586082458496,524.7287359237671,424.1521301269531,524.9124145507812,1.7444781,18.0,-1,10.380152
22,34,186.44274520874023,416.39823055267334,189.23626708984375,416.5819091796875,1.4442044,6.0,1,9.020794
28,34,64.44241714477539,511.55887508392334,67.2359390258789,511.7425537109375,1.4001344,6.0,1,21.441584
33,34,511.292049407959,1201.2479619979858,514.0855712890625,1201.431640625,1.392964,6.0,1,2.6237185
27,34,233.5158348083496,637.6477422714233,236.30935668945312,637.8314208984375,1.302037,10.0,1,6.9800158
29,34,492.599910736084,404.23075008392334,495.3934326171875,404.4144287109375,1.0671616,28.0,-1,3.9251852
34,34,633.7313194274902,1148.4868535995483,636.5248413085938,1148.6705322265625,0.8608546,22.0,-1,4.566202
35,34,456.28319931030273,764.9855108261108,459.07672119140625,765.169189453125,0.5212891,10.0,-1,7.599667
40,34,193.9616813659668,508.1160955429077,196.7552032470703,508.2997741699219,0.47349942,4.0,1,0.041154742
78,34,175.0071678161621,413.80948543548584,177.80068969726562,413.9931640625,0.359278,6.0,1,12.3147545
41,34,734.6741905212402,730.4234380722046,737.4677124023438,730.6071166992188,0.3583014,28.0,-1,1.6225945
36,34,92.3264274597168,467.9714117050171,95.11994934082031,468.15509033203125,0.34209606,22.0,1,2.1941798
51,34,200.0314598083496,421.55219173431396,202.82498168945312,421.7358703613281,0.23208839,10.0,1,6.254639
6,35,1217.1124687194824,592.1667852401733,1219.983642578125,592.2974243164062,15.131844,10.0,1,21.92038
3,35,832.9846611022949,1068.790503501892,835.8558349609375,1068.921142578125,14.808455,8.0,1,29.550917
2,35,284.5367851257324,125.84527492523193,287.407958984375,125.97591400146484,12.582904,10.0,1,21.510303
4,35,1462.882610321045,194.83473873138428,1465.7537841796875,194.9653778076172,11.044147,10.0,-1,11.930761
32,35,417.0294609069824,161.08010005950928,419.900634765625,161.2107391357422,9.567265,10.0,-1,28.005135
5,35,511.0219535827637,435.6460027694702,513.8931274414062,435.7766418457031,8.593602,10.0,-1,28.728785
11,35,773.3023490905762,830.2836065292358,776.1735229492188,830.4142456054688,8.233738,10.0,-1,45.44275
1,35,539.3095512390137,677.3978033065796,542.1807250976562,677.5284423828125,7.624063,10.0,-1,26.055449
0,35,109.94329452514648,1106.8951177597046,112.81446838378906,1107.0257568359375,7.3493714,10.0,1,21.805899
23,35,742.0509452819824,305.8986883163452,744.922119140625,306.0293273925781,6.575004,14.0,-1,33.99715
20,35,567.0472831726074,802.2394781112671,569.91845703125,802.3701171875,5.982448,8.0,-1,37.665276
10,35,1243.24857711792,183.86414241790771,1246.1197509765625,183.99478149414062,5.5861363,10.0,-1,21.955805
26,35,765.9545097351074,1153.6634283065796,768.82568359375,1153.7940673828125,5.3928494,10.0,-1,20.602203
7,35,180.42771530151367,439.89423274993896,183.29888916015625,440.0248718261719,5.1117086,8.0,-1,0.95419276
9,35,226.78481674194336,38.19399929046631,229.65599060058594,38.32463836669922,4.470077,8.0,1,23.688913
24,35,1315.0477714538574,451.84381771087646,1317.9189453125,451.9744567871094,4.4015665,8.0,1,23.389448
15,35,1295.37992477417,38.05248546600342,1298.2510986328125,38.18312454223633,3.7288353,10.0,-1,14.087925
19,35,966.8344535827637,541.9037847518921,969.7056274414062,542.034423828125,3.6791308,6.0,1,0.44680429
17,35,659.8422050476074,296.61835384368896,662.71337890625,296.7489929199219,3.6695478,12.0,-1,16.905182
18,35,479.54890060424805,804.5841436386108,482.4200744628906,804.7147827148438,3.5256755,22.0,-1,13.040389
16,35,1389.9152030944824,1190.399146080017,1392.786376953125,1190.52978515625,3.3455627,6.0,1,12.226486
8,35,845.5743217468262,306.36221981048584,848.4454956054688,306.49285888671875,2.9144151,20.0,-1,14.155948
21,35,1405.732219696045,20.870715141296387,1408.6033935546875,21.001354217529297,2.7749522,18.0,-1,22.145597
12,35,77.34802627563477,451.69855403900146,80.21920013427734,451.8291931152344,2.4797564,24.0,-1,16.466446
115,35,1603.62797164917,418.58402156829834,1606.4991455078125,418.71466064453125,2.3194559,22.0,-1,11.916263
22,35,187.11367416381836,416.38211727142334,189.98484802246094,416.51275634765625,2.2367368,6.0,1,2.1097515
13,35,1514.15922164917,888.7351446151733,1517.0303955078125,888.8657836914062,2.036369,8.0,-1,29.054306
25,35,423.1958122253418,529.0081548690796,426.0669860839844,529.1387939453125,2.0027688,18.0,-1,12.658282
28,35,66.35036849975586,511.09891414642334,69.22154235839844,511.22955322265625,1.3794769,14.0,-1,0.8255867
34,35,634.5878105163574,1150.343726158142,637.458984375,1150.474365234375,1.178663,22.0,-1,4.138942
29,35,493.43598556518555,405.73712825775146,496.3071594238281,405.8677673339844,1.1428505,26.0,-1,3.7643542
33,35,509.4153251647949,1199.5892095565796,512.2864990234375,1199.7198486328125,0.7941544,6.0,1,1.9870436
27,35,234.3515281677246,635.4358282089233,237.2227020263672,635.5664672851562,0.64674145,10.0,1,6.1240544
35,35,453.0246696472168,766.7018804550171,455.8958435058594,766.83251953125,0.5301832,8.0,-1,9.92025
40,35,193.97675704956055,509.8521490097046,196.84793090820312,509.9827880859375,0.5271664,10.0,-1,4.9853787
41,35,736.5646171569824,731.9854497909546,739.435791015625,732.1160888671875,0.42470345,26.0,-1,1.7183185
36,35,94.9438591003418,472.2744207382202,97.81503295898438,472.4050598144531,0.38172862,28.0,1,9.9635725
78,35,174.95017623901367,413.7861394882202,177.82135009765625,413.9167785644531,0.31308284,8.0,1,16.159933
51,35,199.58112716674805,422.7415838241577,202.45230102539062,422.8722229003906,0.2547148,10.0,1,7.147434
2,36,285.7723808288574,125.32137966156006,288.63458251953125,125.77397918701172,14.882362,10.0,1,23.351398
1,36,539.1376762390137,677.6685552597046,541.9998779296875,678.1211547851562,13.455602,10.0,-1,27.110487
6,36,1216.3440971374512,592.1667852401733,1219.206298828125,592.619384765625,10.762489,10.0,1,23.681503
4,36,1462.8887748718262,194.57538509368896,1465.7509765625,195.02798461914062,10.640795,10.0,-1,13.585898
3,36,835.0052909851074,1067.9932012557983,837.8674926757812,1068.44580078125,9.627842,8.0,1,24.316813
5,36,508.73408126831055,435.3194646835327,511.5962829589844,435.7720642089844,8.589578,10.0,-1,27.727137
10,36,1242.8117485046387,184.5723638534546,1245.6739501953125,185.02496337890625,7.6271014,10.0,-1,27.934383
11,36,773.3023490905762,831.1697149276733,776.16455078125,831.622314453125,7.023975,10.0,-1,44.14523
17,36,660.8572196960449,297.7894353866577,663.7194213867188,298.2420349121094,6.8319135,12.0,-1,27.247274
23,36,736.9427299499512,305.00321102142334,739.804931640625,305.455810546875,6.608603,14.0,-1,25.303703
0,36,109.18127059936523,1108.2142705917358,112.04347229003906,1108.6668701171875,6.354479,10.0,1,22.940676
32,36,417.34247970581055,162.0923376083374,420.2046813964844,162.54493713378906,6.0186577,10.0,-1,13.195349
7,36,178.98644638061523,440.2544927597046,181.84864807128906,440.70709228515625,5.6735597,8.0,-1,5.0828857
20,36,569.1091117858887,801.6678838729858,571.9713134765625,802.1204833984375,5.3908787,8.0,-1,35.854504
24,36,1313.3071098327637,449.6659917831421,1316.1693115234375,450.11859130859375,5.3397174,8.0,1,22.529558
9,36,225.5420036315918,38.533751487731934,228.40420532226562,38.986351013183594,4.9195514,8.0,1,24.957766
8,36,844.6579399108887,302.5151128768921,847.5201416015625,302.96771240234375,4.91271,18.0,-1,13.958599
115,36,1605.5892143249512,420.0418462753296,1608.451416015625,420.49444580078125,4.6156573,20.0,-1,13.350997
13,36,1515.0718803405762,887.5604009628296,1517.93408203125,888.0130004882812,4.3095565,8.0,-1,30.078053
26,36,769.0838432312012,1151.0958623886108,771.946044921875,1151.5484619140625,3.7589486,10.0,-1,14.646326
15,36,1295.3157768249512,37.30674648284912,1298.177978515625,37.75934600830078,3.594691,10.0,-1,13.558777
25,36,421.59858322143555,531.0004644393921,424.4607849121094,531.4530639648438,3.1667974,18.0,-1,12.242408
16,36,1390.4548149108887,1192.0484991073608,1393.3170166015625,1192.5010986328125,3.1066916,6.0,1,13.171951
18,36,480.86970138549805,804.2941656112671,483.7319030761719,804.7467651367188,2.9913638,22.0,-1,14.023038
21,36,1405.2298393249512,20.844428062438965,1408.092041015625,21.297027587890625,2.5733812,18.0,-1,21.54494
12,36,75.60892868041992,452.41779232025146,78.47113037109375,452.8703918457031,1.7052317,24.0,-1,13.435669
19,36,967.9934501647949,541.5817632675171,970.8556518554688,542.0343627929688,1.5557412,6.0,1,3.4561927
29,36,492.8661003112793,409.04242610931396,495.7283020019531,409.4950256347656,1.4802736,22.0,-1,4.3862066
28,36,65.58440780639648,513.5715703964233,68.44660949707031,514.024169921875,1.2786983,6.0,1,21.382069
33,36,511.3263969421387,1197.9427862167358,514.1885986328125,1198.3953857421875,1.1828164,6.0,1,2.5018687
22,36,186.05826950073242,417.8076238632202,188.92047119140625,418.2602233886719,1.182116,6.0,1,14.608304
35,36,452.14545822143555,766.0140142440796,455.0076599121094,766.4666137695312,0.9069472,8.0,-1,12.878728
34,36,634.9930229187012,1152.6803350448608,637.855224609375,1153.1329345703125,0.7302696,26.0,-1,3.4175923
40,36,192.23266220092773,509.42887020111084,195.09486389160156,509.8814697265625,0.47880197,10.0,-1,6.0055585
27,36,235.33263778686523,635.6579961776733,238.19483947753906,636.110595703125,0.44347897,10.0,1,6.273255
41,36,739.5174369812012,731.3814458847046,742.379638671875,731.8340454101562,0.31493214,26.0,-1,0.57940036
78,36,175.99555587768555,414.04743099212646,178.85775756835938,414.5000305175781,0.29375598,8.0,1,15.56988
51,36,200.36774826049805,423.13104915618896,203.22994995117188,423.5836486816406,0.20470588,10.0,1,4.77058
36,36,100.10757064819336,470.97467708587646,102.96977233886719,471.4272766113281,0.18141828,28.0,1,7.6646967
3,37,835.0933647155762,1069.4057989120483,837.8184814453125,1069.6444091796875,12.421096,8.0,1,24.518768
6,37,1216.7675590515137,592.1336431503296,1219.49267578125,592.3722534179688,11.00665,10.0,1,23.924288
4,37,1462.8887748718262,196.28192806243896,1465.6138916015625,196.52053833007812,10.832558,10.0,-1,10.752882
2,37,285.4292106628418,126.68382930755615,288.1543273925781,126.92243957519531,10.3817425,10.0,1,18.853165
10,37,1241.3088188171387,184.15651607513428,1244.033935546875,184.39512634277344,9.814032,10.0,-1,29.300386
5,37,509.2214164733887,436.0752019882202,511.946533203125,436.3138122558594,9.725116,10.0,-1,28.545904
1,37,540.9495658874512,679.1238164901733,543.6746826171875,679.3624267578125,7.5642323,10.0,-1,24.803505
0,37,109.18954849243164,1110.4393682479858,111.91466522216797,1110.677978515625,6.3079853,10.0,1,28.101044
7,37,179.0127067565918,441.08356380462646,181.73782348632812,441.3221740722656,6.131662,8.0,-1,2.7776418
11,37,771.2100028991699,831.2837285995483,773.9351196289062,831.5223388671875,6.036926,10.0,-1,45.387356
20,37,567.1398124694824,800.0251836776733,569.8649291992188,800.2637939453125,5.3807797,8.0,-1,39.010662
15,37,1295.1050834655762,37.79349422454834,1297.8302001953125,38.0321044921875,5.057813,10.0,-1,18.379501
9,37,224.84133529663086,38.5645170211792,227.5664520263672,38.80312728881836,5.00564,8.0,1,26.019
13,37,1517.1934623718262,883.9650640487671,1519.9185791015625,884.2036743164062,4.623059,8.0,-1,29.398533
24,37,1314.5207328796387,449.6659917831421,1317.245849609375,449.90460205078125,4.048756,8.0,1,25.233437
23,37,737.3029594421387,304.8909673690796,740.028076171875,305.12957763671875,3.9928281,14.0,-1,27.738396
17,37,663.9150810241699,295.97125911712646,666.6401977539062,296.2098693847656,3.8816013,12.0,-1,8.335547
26,37,769.3620414733887,1148.0852422714233,772.087158203125,1148.3238525390625,3.8748236,10.0,-1,17.517529
8,37,844.5980644226074,300.7020025253296,847.3231811523438,300.94061279296875,3.448315,20.0,-1,14.282364
32,37,417.36005783081055,162.9145269393921,420.0851745605469,163.15313720703125,3.3506813,10.0,-1,19.49514
115,37,1606.1701469421387,419.3354558944702,1608.895263671875,419.5740661621094,3.0456975,20.0,-1,13.458249
16,37,1389.3420219421387,1193.4728155136108,1392.067138671875,1193.71142578125,2.9507139,6.0,1,13.247667
18,37,481.09260177612305,804.0400762557983,483.8177185058594,804.2786865234375,2.503442,22.0,-1,14.380164
25,37,421.8995780944824,528.3468389511108,424.62469482421875,528.58544921875,1.9842788,18.0,-1,12.2952585
12,37,76.85080337524414,453.3343572616577,79.57592010498047,453.5729675292969,1.8429208,24.0,-1,14.677833
29,37,492.3805961608887,407.93085384368896,495.105712890625,408.1694641113281,1.6377095,24.0,-1,5.800583
19,37,968.1498222351074,542.2979497909546,970.8749389648438,542.5365600585938,1.5529939,6.0,1,1.891794
21,37,1403.6673393249512,18.131592750549316,1406.3924560546875,18.370203018188477,1.334433,18.0,-1,24.413826
28,37,69.09869003295898,511.98111629486084,71.82380676269531,512.2197265625,1.2720865,8.0,1,4.6854486
22,37,185.21636581420898,416.07169246673584,187.9414825439453,416.310302734375,0.97303885,12.0,-1,3.4766235
35,37,450.3503837585449,767.1115484237671,453.07550048828125,767.3501586914062,0.91966367,8.0,-1,10.181075
34,37,635.2660331726074,1152.0439825057983,637.9911499023438,1152.2825927734375,0.91201097,22.0,-1,5.726796
136,37,1411.4914360046387,23.04086399078369,1414.216552734375,23.27947425842285,0.82660574,20.0,-1,18.418282
27,37,232.90128707885742,633.3996953964233,235.62640380859375,633.6383056640625,0.6388092,10.0,1,6.25307
41,37,738.0596733093262,735.4036626815796,740.7847900390625,735.6422729492188,0.6172759,24.0,-1,3.019638
40,37,189.12192916870117,508.9993658065796,191.8470458984375,509.23797607421875,0.5881004,10.0,-1,12.706225
33,37,511.2270927429199,1196.5203008651733,513.9522094726562,1196.7589111328125,0.5138628,6.0,1,0.86891234
78,37,174.90586471557617,415.18073177337646,177.6309814453125,415.4193420410156,0.35203025,8.0,1,13.562425
140,37,302.9971122741699,189.3441686630249,305.72222900390625,189.58277893066406,0.31350446,12.0,1,2.4500086
51,37,198.92409896850586,423.61429500579834,201.6492156982422,423.8529052734375,0.30183175,10.0,1,6.2048573
36,37,97.44795608520508,474.43305110931396,100.1730728149414,474.6716613769531,0.24795757,26.0,1,8.717096
3,38,831.3474540710449,1071.321120262146,834.23095703125,1071.894775390625,18.610718,8.0,1,30.03896
2,38,286.0616264343262,127.84417629241943,288.94512939453125,128.41783142089844,12.792775,10.0,1,20.763226
6,38,1216.048137664795,592.6559591293335,1218.931640625,593.2296142578125,11.65278,10.0,1,21.172066
5,38,510.8073539733887,436.937087059021,513.6908569335938,437.5107421875,9.0205965,10.0,-1,30.448488
4,38,1462.87162399292,196.3106985092163,1465.755126953125,196.8843536376953,7.6443915,10.0,-1,9.27663
10,38,1240.0055351257324,181.9394826889038,1242.8890380859375,182.5131378173828,6.871899,10.0,-1,25.132484
15,38,1293.3016777038574,39.734007835388184,1296.1851806640625,40.30766296386719,6.375567,10.0,-1,23.128853
23,38,739.1828422546387,305.5500020980835,742.0663452148438,306.1236572265625,6.120977,14.0,-1,32.122074
1,38,541.8661308288574,677.888014793396,544.7496337890625,678.461669921875,5.760023,10.0,-1,21.73213
11,38,770.4504203796387,828.911940574646,773.3339233398438,829.485595703125,5.7195477,10.0,-1,42.3458
0,38,107.46121597290039,1110.4105978012085,110.34471893310547,1110.9842529296875,5.70589,10.0,1,31.489008
9,38,224.46482467651367,38.761874198913574,227.34832763671875,39.33552932739258,5.49,8.0,1,24.560165
20,38,564.9454765319824,801.5335836410522,567.8289794921875,802.1072387695312,5.4861755,8.0,-1,38.939247
8,38,842.9985771179199,299.4860677719116,845.882080078125,300.0597229003906,4.775714,20.0,-1,14.607791
13,38,1519.071575164795,885.4261617660522,1521.955078125,885.9998168945312,4.543218,8.0,-1,29.48906
17,38,664.4236869812012,296.26676845550537,667.3071899414062,296.8404235839844,4.5104656,12.0,-1,11.507654
7,38,179.97550582885742,439.41483974456787,182.8590087890625,439.9884948730469,4.2000113,8.0,-1,0.16386211
24,38,1316.6920585632324,450.0815267562866,1319.5755615234375,450.6551818847656,3.7958794,8.0,1,26.74676
26,38,769.6728324890137,1150.786208152771,772.5563354492188,1151.35986328125,3.7955062,10.0,-1,15.302306
16,38,1387.3451347351074,1192.7042989730835,1390.2286376953125,1193.2779541015625,3.755933,6.0,1,10.851722
115,38,1607.7010917663574,413.8631429672241,1610.5845947265625,414.4367980957031,2.7561417,20.0,-1,12.71822
12,38,76.08639907836914,451.3630208969116,78.96990203857422,451.9366760253906,2.6130779,24.0,-1,15.83899
28,38,70.71673965454102,510.27320766448975,73.6002426147461,510.84686279296875,2.5610263,6.0,1,1.5924493
18,38,480.31476974487305,806.1101217269897,483.1982727050781,806.6837768554688,2.4176934,22.0,-1,13.650875
25,38,421.99494552612305,525.0026998519897,424.8784484863281,525.5763549804688,2.3523855,18.0,-1,13.007314
32,38,417.82868576049805,161.822829246521,420.7121887207031,162.396484375,2.3446813,10.0,-1,18.401236
19,38,968.7510185241699,539.3546895980835,971.634521484375,539.9283447265625,2.0500524,6.0,1,2.1723728
136,38,1408.9916191101074,20.201756477355957,1411.8751220703125,20.77541160583496,1.9454056,18.0,-1,22.296926
22,38,184.51186752319336,415.0019063949585,187.39537048339844,415.5755615234375,1.7048424,12.0,-1,1.3087671
33,38,511.2442436218262,1197.3253927230835,514.1277465820312,1197.8990478515625,1.0720756,12.0,-1,0.9132167
35,38,451.4276237487793,768.6639547348022,454.3111267089844,769.2376098632812,1.0602248,8.0,-1,13.18437
34,38,637.2455253601074,1150.797926902771,640.1290283203125,1151.37158203125,0.94136596,24.0,-1,3.4328558
40,38,187.71076583862305,508.39808559417725,190.59426879882812,508.97174072265625,0.83973354,8.0,-1,12.803041
29,38,494.9683647155762,407.5880880355835,497.85186767578125,408.1617431640625,0.7428729,24.0,-1,4.3516474
41,38,731.3708915710449,738.3556051254272,734.25439453125,738.9292602539062,0.72119826,24.0,-1,5.430601
27,38,234.94640731811523,633.8911275863647,237.8299102783203,634.4647827148438,0.4453875,10.0,1,5.2709165
140,38,301.8754997253418,189.45823574066162,304.7590026855469,190.03189086914062,0.28101602,10.0,1,3.821052
51,38,198.64135360717773,421.0094747543335,201.5248565673828,421.5831298828125,0.22866787,10.0,1,4.935109
6,39,1215.1429252624512,593.1212301254272,1218.044189453125,593.994384765625,19.750603,10.0,1,22.730072
3,39,830.9398002624512,1071.1342916488647,833.841064453125,1072.0074462890625,15.846558,8.0,1,29.250576
2,39,287.77607345581055,128.48931789398193,290.6773376464844,129.3624725341797,15.662332,10.0,1,22.30326
4,39,1460.9405326843262,195.76307582855225,1463.841796875,196.63623046875,10.941163,10.0,-1,11.749057
5,39,508.9841423034668,437.53275966644287,511.8854064941406,438.4059143066406,9.759326,10.0,-1,31.418861
23,39,737.4661674499512,305.69157314300537,740.367431640625,306.5647277832031,8.628697,14.0,-1,36.903244
11,39,769.2729911804199,826.9799947738647,772.1742553710938,827.8531494140625,6.82058,8.0,-1,43.63319
0,39,106.12833023071289,1110.8664693832397,109.02959442138672,1111.7396240234375,6.5748997,10.0,1,36.15475
15,39,1293.1857719421387,38.079928398132324,1296.0870361328125,38.95308303833008,6.5002785,10.0,-1,27.366371
17,39,666.0197563171387,295.29884243011475,668.9210205078125,296.1719970703125,6.29168,12.0,-1,11.878343
26,39,768.8960990905762,1148.8530416488647,771.79736328125,1149.7261962890625,6.2499547,10.0,-1,16.74253
10,39,1240.3052787780762,182.72381496429443,1243.20654296875,183.5969696044922,5.9327106,10.0,-1,25.314396
1,39,543.0630912780762,677.9340963363647,545.96435546875,678.8072509765625,4.9729385,10.0,-1,20.366598
7,39,180.39524459838867,438.80885219573975,183.2965087890625,439.6820068359375,4.8620577,8.0,-1,1.1347601
20,39,565.4382133483887,803.2233419418335,568.3394775390625,804.0964965820312,4.8269567,8.0,-1,36.784027
8,39,841.6692314147949,298.07801723480225,844.5704956054688,298.951171875,4.4472685,20.0,-1,15.035835
32,39,417.82868576049805,159.81169033050537,420.7299499511719,160.68484497070312,4.4251037,10.0,-1,13.032216
24,39,1317.5210990905762,450.409987449646,1320.42236328125,451.28314208984375,4.407212,8.0,1,24.505692
16,39,1387.4059867858887,1192.8957662582397,1390.3072509765625,1193.7689208984375,4.3350134,6.0,1,11.804188
9,39,225.38007736206055,35.03657817840576,228.28134155273438,35.909732818603516,4.1068664,8.0,1,25.02356
13,39,1519.7923393249512,885.2174825668335,1522.693603515625,886.0906372070312,3.421521,8.0,-1,31.208902
25,39,425.0010185241699,528.4535055160522,427.90228271484375,529.32666015625,2.8123105,18.0,-1,12.108264
136,39,1409.3060111999512,22.07582187652588,1412.207275390625,22.948976516723633,2.474877,18.0,-1,20.809942
12,39,75.46567916870117,452.9416036605835,78.366943359375,453.81475830078125,2.0012448,22.0,-1,14.820038
18,39,477.7467460632324,808.1682271957397,480.64801025390625,809.0413818359375,1.9821358,24.0,-1,10.391535
28,39,68.83667373657227,514.748122215271,71.7379379272461,515.6212768554688,1.8649487,6.0,1,18.394804
19,39,970.5407524108887,539.0546407699585,973.4420166015625,539.9277954101562,1.4487524,10.0,-1,0.8005812
115,39,1604.8278617858887,412.8215169906616,1607.7291259765625,413.6946716308594,1.3441056,20.0,-1,13.433259
29,39,492.1060600280762,407.5880880355835,495.00732421875,408.46124267578125,1.3341476,26.0,-1,6.597105
22,39,183.63012313842773,414.98048305511475,186.53138732910156,415.8536376953125,0.93019676,6.0,1,5.934583
40,39,188.6009635925293,505.8366231918335,191.50222778320312,506.70977783203125,0.9049662,8.0,-1,8.752933
34,39,639.2827568054199,1152.0155172348022,642.1840209960938,1152.888671875,0.88135237,26.0,-1,3.7868273
35,39,450.2648735046387,765.3432149887085,453.1661376953125,766.2163696289062,0.85832673,8.0,-1,11.354435
33,39,512.2039604187012,1199.3000631332397,515.105224609375,1200.1732177734375,0.6621256,4.0,1,0.39746276
27,39,235.55002975463867,631.0075216293335,238.4512939453125,631.8806762695312,0.5019757,10.0,1,5.089814
41,39,732.3362236022949,739.3540182113647,735.2374877929688,740.2271728515625,0.49043444,24.0,-1,6.8014035
36,39,98.39238357543945,471.0556173324585,101.29364776611328,471.92877197265625,0.22359495,24.0,1,8.014421
51,39,196.44408798217773,419.97929286956787,199.34535217285156,420.8524475097656,0.18146236,8.0,1,7.8693213
4,40,1459.1873741149902,197.5526418685913,1462.1263427734375,198.19142150878906,16.846533,12.0,-1,16.57564
2,40,286.09988021850586,128.33720302581787,289.0388488769531,128.97598266601562,15.384327,10.0,1,20.809986
6,40,1214.8913536071777,594.3266744613647,1217.830322265625,594.9654541015625,13.479686,10.0,1,21.190208
5,40,506.91540145874023,437.18043422698975,509.8543701171875,437.8192138671875,12.919223,10.0,-1,31.613247
3,40,832.3577842712402,1073.1369771957397,835.2967529296875,1073.7757568359375,9.982549,8.0,1,26.756485
17,40,666.885066986084,294.6637716293335,669.8240356445312,295.30255126953125,9.1374655,12.0,-1,19.647633
0,40,105.51628494262695,1111.1519918441772,108.45525360107422,1111.790771484375,7.721737,10.0,1,39.684647
10,40,1241.5205039978027,183.28684902191162,1244.45947265625,183.92562866210938,6.8677406,10.0,-1,24.189543
1,40,543.1185264587402,679.3075704574585,546.0574951171875,679.9463500976562,6.449047,10.0,-1,20.816032
15,40,1291.1241416931152,38.11059856414795,1294.0631103515625,38.7493782043457,6.435961,10.0,-1,25.640034
7,40,179.46921920776367,439.5424642562866,182.40818786621094,440.1812438964844,6.428573,8.0,-1,4.829547
9,40,225.35155868530273,33.91148281097412,228.29052734375,34.550262451171875,6.0625153,8.0,1,20.785133
11,40,768.643123626709,827.240553855896,771.5820922851562,827.8793334960938,5.771933,8.0,-1,44.382854
8,40,838.865047454834,301.26014614105225,841.8040161132812,301.89892578125,5.36988,20.0,-1,14.715123
20,40,566.6915245056152,807.4579610824585,569.6304931640625,808.0967407226562,5.322025,8.0,-1,40.092876
26,40,767.1705284118652,1145.7733297348022,770.1094970703125,1146.412109375,5.120869,10.0,-1,16.589634
16,40,1387.0106163024902,1191.1726217269897,1389.9495849609375,1191.8114013671875,4.8983583,6.0,1,11.755284
32,40,417.1590232849121,159.5593557357788,420.0979919433594,160.19813537597656,4.7041335,10.0,-1,5.55254
23,40,738.8265953063965,307.4286642074585,741.7655639648438,308.06744384765625,4.6166587,14.0,-1,25.157171
24,40,1319.5811729431152,450.37931728363037,1322.5201416015625,451.0180969238281,4.3729367,8.0,1,21.146988
18,40,477.77526473999023,813.441725730896,480.7142333984375,814.0805053710938,2.8974392,22.0,-1,9.708278
13,40,1521.6384239196777,883.7289571762085,1524.577392578125,884.3677368164062,2.7549016,10.0,-1,21.48707
25,40,423.8121910095215,527.5650777816772,426.75115966796875,528.203857421875,2.6345415,20.0,-1,10.983382
115,40,1608.1671104431152,413.2382345199585,1611.1060791015625,413.87701416015625,2.6026514,20.0,-1,13.536853
136,40,1411.7253379821777,19.973671913146973,1414.664306640625,20.612451553344727,2.416755,18.0,-1,21.666676
28,40,68.62313461303711,513.9301290512085,71.56210327148438,514.5689086914062,2.086116,6.0,1,7.2998734
22,40,182.69939804077148,414.4721212387085,185.63836669921875,415.11090087890625,1.6116691,18.0,-1,3.6003363
12,40,77.86419296264648,455.957839012146,80.80316162109375,456.59661865234375,1.6071392,24.0,-1,13.722202
19,40,972.947811126709,537.8133687973022,975.8867797851562,538.4521484375,1.5962119,12.0,-1,3.17524
41,40,732.9580039978027,740.1183614730835,735.89697265625,740.7571411132812,1.1550709,24.0,-1,4.0078816
40,40,189.23846054077148,503.7250509262085,192.17742919921875,504.36383056640625,1.0428007,10.0,-1,14.030237
33,40,510.79247665405273,1202.7516012191772,513.7314453125,1203.390380859375,0.98459595,10.0,-1,2.2444074
34,40,638.8082847595215,1151.9775533676147,641.7472534179688,1152.6163330078125,0.97416043,24.0,-1,4.801259
29,40,493.78283309936523,409.2597494125366,496.7218017578125,409.8985290527344,0.807954,22.0,-1,5.40884
35,40,449.52431869506836,764.0915060043335,452.4632873535156,764.7302856445312,0.7348843,8.0,-1,6.2765374
27,40,236.84759140014648,629.1571187973022,239.78656005859375,629.7958984375,0.60140634,10.0,1,5.294512
51,40,196.57448959350586,418.9907064437866,199.51345825195312,419.6294860839844,0.24016662,10.0,1,6.9900556
140,40,303.74807357788086,191.028639793396,306.6870422363281,191.66741943359375,0.21908396,10.0,1,3.524445
36,40,101.41536331176758,474.33277797698975,104.35433197021484,474.9715576171875,0.181745,26.0,1,7.142666
4,41,1458.9896507263184,198.81947231292725,1462.4439697265625,199.8223876953125,13.759862,10.0,-1,20.794285
2,41,285.10195541381836,127.70193386077881,288.5562744140625,128.70484924316406,13.644973,10.0,1,19.6065
5,41,508.34707260131836,435.38502407073975,511.8013916015625,436.387939453125,11.837926,12.0,-1,35.228462
3,41,832.6767845153809,1073.4104146957397,836.131103515625,1074.413330078125,10.654931,8.0,1,27.281353
6,41,1215.3425559997559,593.028151512146,1218.796875,594.0310668945312,9.994336,10.0,1,16.697294
0,41,104.60837173461914,1111.1372213363647,108.06269073486328,1112.14013671875,7.7547717,10.0,1,41.550358
11,41,768.5831565856934,825.5935201644897,772.0374755859375,826.596435546875,7.637484,10.0,-1,44.485138
17,41,666.6048240661621,293.58180141448975,670.0591430664062,294.584716796875,6.503634,12.0,-1,13.416368
15,41,1290.6598167419434,40.78617763519287,1294.1141357421875,41.789093017578125,6.3234315,10.0,-1,21.767426
23,41,740.5743064880371,307.56092739105225,744.0286254882812,308.5638427734375,6.265347,14.0,-1,21.363955
9,41,225.80535507202148,35.752394676208496,229.25967407226562,36.75531005859375,6.0104785,8.0,1,20.047218
10,41,1241.9791526794434,181.7111349105835,1245.4334716796875,182.71405029296875,5.913109,10.0,-1,22.635056
1,41,543.5113182067871,678.8515157699585,546.9656372070312,679.8544311523438,5.7293525,10.0,-1,23.95607
20,41,564.5431785583496,809.0960836410522,567.9974975585938,810.0989990234375,5.533146,8.0,-1,40.11259
32,41,417.1579246520996,156.66114711761475,420.61224365234375,157.6640625,5.3298416,10.0,-1,21.646694
8,41,840.7565574645996,302.89259243011475,844.2108764648438,303.8955078125,5.080244,20.0,-1,14.200244
13,41,1520.5150413513184,880.8920431137085,1523.9693603515625,881.8949584960938,4.920756,10.0,-1,24.28246
26,41,765.9756126403809,1146.4190816879272,769.429931640625,1147.4219970703125,4.7835913,10.0,-1,16.075682
16,41,1386.3562278747559,1191.1873922348022,1389.810546875,1192.1903076171875,4.3217344,6.0,1,10.190139
24,41,1319.3268089294434,446.99598598480225,1322.7811279296875,447.9989013671875,4.2515826,8.0,1,22.105204
7,41,180.3632469177246,438.5597677230835,183.81756591796875,439.56268310546875,4.213447,8.0,-1,3.076033
18,41,477.77636337280273,820.156325340271,481.2306823730469,821.1592407226562,2.4691334,24.0,-1,8.631031
136,41,1410.8370628356934,17.271878242492676,1414.2913818359375,18.27479362487793,2.447382,20.0,-1,24.684519
25,41,421.2370262145996,529.0792379379272,424.69134521484375,530.0821533203125,2.1646006,18.0,-1,12.186718
115,41,1606.9679222106934,415.7458028793335,1610.4222412109375,416.74871826171875,1.9997221,20.0,-1,13.961245
28,41,67.0139274597168,517.2309713363647,70.46824645996094,518.23388671875,1.9227406,6.0,1,11.968471
22,41,184.3415184020996,413.84001064300537,187.79583740234375,414.8429260253906,1.3777541,14.0,-1,5.8062305
40,41,189.51906967163086,504.88294887542725,192.973388671875,505.8858642578125,1.1278108,8.0,-1,18.048388
19,41,973.7854881286621,539.5568990707397,977.2398071289062,540.559814453125,1.1158767,10.0,-1,0.05461532
12,41,80.85385513305664,457.3927755355835,84.30817413330078,458.39569091796875,0.93150014,26.0,-1,11.177284
29,41,494.61562728881836,409.40348720550537,498.0699462890625,410.4064025878906,0.8613573,20.0,-1,4.7634673
34,41,639.3056907653809,1153.2526998519897,642.760009765625,1154.255615234375,0.7835088,22.0,-1,4.920952
27,41,238.89983749389648,630.6814107894897,242.35415649414062,631.684326171875,0.70802623,10.0,1,4.8335643
35,41,449.5442771911621,763.3158712387085,452.99859619140625,764.3187866210938,0.58676267,8.0,-1,6.5374393
33,41,509.6512107849121,1199.3585348129272,513.1055297851562,1200.3614501953125,0.5767912,6.0,1,2.7489257
41,41,730.9850120544434,739.7367696762085,734.4393310546875,740.7396850585938,0.52348274,22.0,-1,3.9095101
140,41,302.33044052124023,188.54003810882568,305.7847595214844,189.54295349121094,0.22279823,10.0,1,2.2583017
51,41,197.99541854858398,418.87415981292725,201.44973754882812,419.8770751953125,0.19201289,10.0,1,4.6964955
2,42,284.26699447631836,127.04645442962646,288.17706298828125,127.91222381591797,14.286461,10.0,1,20.172035
3,42,832.4451560974121,1073.420485496521,836.355224609375,1074.2862548828125,11.489446,8.0,1,28.121622
4,42,1458.836513519287,199.43214321136475,1462.74658203125,200.29791259765625,11.404823,10.0,-1,19.565256
5,42,508.30666732788086,437.8185873031616,512.2167358398438,438.6843566894531,10.871994,12.0,-1,36.552525
11,42,770.0087547302246,827.1910543441772,773.9188232421875,828.0568237304688,10.377692,10.0,-1,44.35833
0,42,103.05002975463867,1111.1271505355835,106.96009826660156,1111.992919921875,8.814797,10.0,1,43.503765
32,42,418.61657333374023,157.2219533920288,422.5266418457031,158.0877227783203,8.02974,10.0,-1,18.243967
26,42,766.0517234802246,1147.1737813949585,769.9617919921875,1148.03955078125,6.783792,10.0,-1,17.915428
6,42,1218.324062347412,592.8728170394897,1222.234130859375,593.7385864257812,6.7201786,10.0,1,13.324592
10,42,1241.152187347412,181.70074367523193,1245.062255859375,182.56651306152344,6.405333,10.0,-1,27.40768
1,42,546.3756370544434,678.7892599105835,550.2857055664062,679.655029296875,6.112921,10.0,-1,23.764627
20,42,564.1023826599121,809.0817403793335,568.012451171875,809.947509765625,6.075977,8.0,-1,40.575867
17,42,665.8219871520996,292.43189907073975,669.7320556640625,293.29766845703125,5.474425,12.0,-1,21.44855
15,42,1289.9784812927246,41.84951305389404,1293.8885498046875,42.71528244018555,5.3882427,10.0,-1,18.728462
23,42,741.6342430114746,307.73295497894287,745.5443115234375,308.5987243652344,5.233533,14.0,-1,26.916668
7,42,179.35358810424805,437.2608480453491,183.26365661621094,438.1266174316406,4.8067236,16.0,1,0.79442155
9,42,225.78893661499023,35.61550807952881,229.69900512695312,36.48127746582031,4.724259,8.0,1,21.15235
8,42,842.7768211364746,304.0819845199585,846.6868896484375,304.94775390625,4.302954,20.0,-1,14.884471
24,42,1319.2431297302246,446.02613735198975,1323.1531982421875,446.89190673828125,3.8703563,8.0,1,20.413137
12,42,88.18096542358398,457.248366355896,92.09103393554688,458.1141357421875,3.5129433,26.0,-1,10.03919
16,42,1386.9797019958496,1188.983717918396,1390.8897705078125,1189.8494873046875,3.5027504,6.0,1,11.024555
13,42,1523.605556488037,881.6287984848022,1527.515625,882.4945678710938,3.295789,10.0,-1,23.380747
25,42,421.0546226501465,529.769606590271,424.9646911621094,530.6353759765625,3.1584132,16.0,-1,13.574647
136,42,1410.370204925537,14.560805320739746,1414.2802734375,15.42657470703125,2.7018244,20.0,-1,25.042536
18,42,475.31386947631836,822.4990377426147,479.22393798828125,823.3648071289062,2.1668108,24.0,-1,8.082787
19,42,973.8019065856934,537.6439352035522,977.7119750976562,538.5097045898438,1.9693632,10.0,-1,3.9140668
29,42,495.2891502380371,408.78788661956787,499.19921875,409.6536560058594,1.8895526,22.0,-1,6.7343206
40,42,190.5333366394043,503.70179653167725,194.4434051513672,504.56756591796875,1.4940462,8.0,-1,19.990232
28,42,66.76993942260742,515.6578512191772,70.68000793457031,516.5236206054688,1.4541587,6.0,1,15.480665
22,42,184.5418357849121,414.43714809417725,188.451904296875,415.30291748046875,1.052221,6.0,1,3.392076
115,42,1607.860195159912,418.43669033050537,1611.770263671875,419.3024597167969,1.0452754,20.0,-1,14.4311495
27,42,242.13738632202148,629.4662008285522,246.04745483398438,630.3319702148438,0.9707911,10.0,1,4.3010116
33,42,510.7402000427246,1200.590163230896,514.6502685546875,1201.4559326171875,0.9305479,6.0,1,2.4008427
34,42,636.7679100036621,1154.489821434021,640.677978515625,1155.3555908203125,0.72463775,24.0,-1,4.90731
35,42,447.57827377319336,764.396559715271,451.48834228515625,765.2623291015625,0.660217,8.0,-1,7.913645
41,42,733.9098167419434,741.2335348129272,737.8198852539062,742.0993041992188,0.5823296,28.0,-1,1.6624491
140,42,302.1989097595215,186.72364711761475,306.1089782714844,187.58941650390625,0.40975153,10.0,1,2.9069152
51,42,199.0295066833496,420.9606466293335,202.9395751953125,421.826416015625,0.2807809,10.0,1,5.98275
5,43,508.3282890319824,439.0723867416382,511.9892272949219,439.9658203125,16.250608,12.0,-1,35.992973
3,43,832.4235343933105,1073.0875234603882,836.08447265625,1073.98095703125,14.845402,8.0,1,27.80346
2,43,283.6120719909668,126.61361598968506,287.27301025390625,127.50704956054688,11.740754,10.0,1,18.445148
4,43,1460.5001945495605,201.0155324935913,1464.1611328125,201.90896606445312,11.605777,12.0,-1,18.788809
0,43,102.8704948425293,1110.8353261947632,106.53143310546875,1111.728759765625,11.051469,10.0,1,43.54259
10,43,1242.1715812683105,182.74999904632568,1245.83251953125,183.6434326171875,9.233264,10.0,-1,32.862972
6,43,1220.3039054870605,593.4300527572632,1223.96484375,594.323486328125,7.303623,10.0,1,16.203411
11,43,771.652416229248,826.9119863510132,775.3133544921875,827.805419921875,7.252293,10.0,-1,45.760487
32,43,418.7841606140137,159.15800380706787,422.4450988769531,160.0514373779297,5.79769,10.0,-1,27.273273
1,43,547.8134269714355,677.1732168197632,551.474365234375,678.066650390625,5.556865,10.0,-1,22.400969
9,43,225.52148056030273,34.84055995941162,229.1824188232422,35.73399353027344,5.3388066,8.0,1,22.02834
17,43,665.344799041748,293.06100368499756,669.0057373046875,293.9544372558594,5.128924,12.0,-1,16.90646
23,43,746.0463371276855,303.8223867416382,749.707275390625,304.7158203125,4.9152675,12.0,-1,30.778303
15,43,1290.5026359558105,40.65182018280029,1294.16357421875,41.54525375366211,4.3869915,10.0,-1,16.37783
7,43,180.8603172302246,437.5599660873413,184.52125549316406,438.4533996582031,4.298156,8.0,-1,0.5907509
20,43,564.3817863464355,810.4815664291382,568.042724609375,811.375,4.0667324,8.0,-1,38.714428
16,43,1386.795482635498,1190.1396474838257,1390.4564208984375,1191.0330810546875,4.0539045,6.0,1,10.922712
13,43,1522.333812713623,883.4034414291382,1525.9947509765625,884.296875,3.9833038,8.0,-1,27.518276
26,43,765.137767791748,1145.2369375228882,768.7987060546875,1146.13037109375,3.8581355,10.0,-1,15.949016
24,43,1318.7538566589355,446.0852041244507,1322.414794921875,446.9786376953125,3.7184172,8.0,1,22.5288
8,43,843.023509979248,305.85665798187256,846.6844482421875,306.7500915527344,3.680194,18.0,-1,16.193478
25,43,419.9876518249512,528.6720571517944,423.6485900878906,529.5654907226562,3.032174,16.0,-1,13.758916
136,43,1410.249828338623,15.631367683410645,1413.9107666015625,16.52480125427246,3.0154495,20.0,-1,23.580328
12,43,89.65179824829102,455.77401638031006,93.31273651123047,456.6674499511719,2.1741402,26.0,-1,10.766527
28,43,66.38219833374023,517.9495229721069,70.04313659667969,518.8429565429688,2.1559556,6.0,1,15.93433
22,43,186.52544784545898,415.2027578353882,190.18638610839844,416.09619140625,1.938367,6.0,1,6.829779
18,43,471.0923271179199,817.4194326400757,474.7532653808594,818.3128662109375,1.8878436,24.0,-1,5.192134
29,43,496.6323356628418,409.6568593978882,500.29327392578125,410.55029296875,1.7434416,22.0,-1,6.6826744
19,43,972.8700065612793,540.1185903549194,976.5309448242188,541.0120239257812,1.4391341,10.0,-1,4.388399
115,43,1605.651927947998,417.3980703353882,1609.3128662109375,418.29150390625,1.2289156,20.0,-1,14.056291
34,43,635.620433807373,1153.8157949447632,639.2813720703125,1154.709228515625,0.96684474,24.0,-1,4.5432096
33,43,510.33930587768555,1201.6385488510132,514.000244140625,1202.531982421875,0.9242746,10.0,-1,0.51834226
40,43,190.5992546081543,501.26766872406006,194.26019287109375,502.1611022949219,0.8987155,10.0,-1,16.635769
27,43,246.99943161010742,631.2910146713257,250.66036987304688,632.1844482421875,0.89773583,10.0,1,3.5300648
35,43,445.9889335632324,763.9000844955444,449.6498718261719,764.7935180664062,0.83400154,8.0,-1,7.603361
41,43,733.5628776550293,740.0387563705444,737.2238159179688,740.9321899414062,0.51368195,26.0,-1,2.7509499
51,43,201.44431686401367,420.90157985687256,205.10525512695312,421.7950134277344,0.3745303,10.0,1,4.1694083
140,43,303.5189628601074,182.07891750335693,307.1799011230469,182.97235107421875,0.2351418,10.0,1,0.88309425
4,44,1461.739086151123,203.008864402771,1466.0155029296875,203.99986267089844,16.173079,10.0,-1,12.566477
1,44,545.738109588623,678.9497365951538,550.0145263671875,679.9407348632812,13.529793,10.0,-1,28.67997
3,44,831.0861930847168,1072.46298122406,835.3626098632812,1073.4539794921875,13.373073,8.0,1,27.69522
2,44,284.4004325866699,126.35208797454834,288.6768493652344,127.34308624267578,12.624463,10.0,1,19.241005
0,44,102.19581985473633,1110.78524684906,106.47223663330078,1111.7762451171875,12.271278,10.0,1,44.4591
5,44,507.4139518737793,437.82110500335693,511.69036865234375,438.8121032714844,10.091004,12.0,-1,37.51623
11,44,771.7364616394043,826.9718923568726,776.0128784179688,827.962890625,8.357913,10.0,-1,45.33372
32,44,417.67414474487305,161.0084524154663,421.9505615234375,161.99945068359375,7.6762238,10.0,-1,23.6447
10,44,1243.1254386901855,182.00341701507568,1247.40185546875,182.99441528320312,7.4693427,10.0,-1,31.080257
23,44,746.8532218933105,302.55535793304443,751.129638671875,303.5463562011719,5.711567,12.0,-1,23.341467
7,44,181.34064865112305,437.5664052963257,185.6170654296875,438.5574035644531,5.6648088,16.0,1,0.11766672
15,44,1291.684398651123,37.05372905731201,1295.9608154296875,38.04472732543945,5.6570363,10.0,-1,20.333237
26,44,764.0578727722168,1145.370940208435,768.3342895507812,1146.3619384765625,5.402636,10.0,-1,18.41282
9,44,225.5821189880371,34.644774436950684,229.85853576660156,35.635772705078125,4.972628,8.0,1,21.166851
20,44,561.1431999206543,809.0829153060913,565.4196166992188,810.0739135742188,4.8747354,8.0,-1,34.85816
8,44,844.136058807373,303.7751760482788,848.4124755859375,304.76617431640625,4.5888686,20.0,-1,15.380283
24,44,1318.2665519714355,447.0205373764038,1322.54296875,448.01153564453125,4.572867,8.0,1,23.438917
16,44,1385.9447746276855,1190.69589138031,1390.22119140625,1191.6868896484375,4.552563,6.0,1,11.466791
6,44,1217.9098625183105,593.7012014389038,1222.186279296875,594.6921997070312,4.275644,10.0,1,9.307392
17,44,662.839916229248,293.5470266342163,667.1163330078125,294.53802490234375,3.8115833,12.0,-1,21.726076
13,44,1519.8168449401855,882.3743581771851,1524.09326171875,883.3653564453125,3.0869665,8.0,-1,28.00222
136,44,1410.363353729248,16.66700267791748,1414.6397705078125,17.658000946044922,2.4810746,20.0,-1,22.763903
25,44,421.2725639343262,527.3402395248413,425.5489807128906,528.3312377929688,2.403826,16.0,-1,12.850618
22,44,187.19355392456055,415.2027578353882,191.469970703125,416.1937561035156,1.85391,6.0,1,8.703083
12,44,89.60123825073242,452.72299098968506,93.87765502929688,453.7139892578125,1.6339396,26.0,-1,10.412043
18,44,471.2323112487793,819.2959890365601,475.50872802734375,820.2869873046875,1.5822711,26.0,-1,4.1732435
29,44,497.7201042175293,405.52877712249756,501.99652099609375,406.519775390625,1.4816208,24.0,-1,9.466402
28,44,66.60690689086914,517.7404470443726,70.8833236694336,518.7314453125,1.3854617,6.0,1,11.4618635
153,44,82.33334732055664,448.6309804916382,86.6097640991211,449.6219787597656,1.3244578,24.0,-1,15.59553
27,44,246.20542526245117,634.8923025131226,250.48184204101562,635.88330078125,1.2677093,12.0,1,5.1682777
115,44,1605.651927947998,421.1937246322632,1609.9283447265625,422.1847229003906,1.2144173,20.0,-1,14.295049
33,44,510.85725021362305,1204.3888845443726,515.1336669921875,1205.3798828125,1.0764929,10.0,-1,0.74696374
40,44,188.67405319213867,501.35238552093506,192.95046997070312,502.3433837890625,1.0483657,8.0,-1,15.248102
34,44,631.3383293151855,1153.5368337631226,635.61474609375,1154.52783203125,1.0122858,22.0,-1,6.0193315
19,44,972.2718620300293,540.1413259506226,976.5482788085938,541.13232421875,0.702152,10.0,-1,0.41933692
41,44,734.5084342956543,741.6372976303101,738.7848510742188,742.6282958984375,0.60669774,26.0,-1,2.6431334
35,44,447.2032279968262,759.5190725326538,451.4796447753906,760.5100708007812,0.49784005,10.0,-1,5.888541
51,44,201.06737899780273,420.2025442123413,205.3437957763672,421.19354248046875,0.25792947,10.0,1,5.308054
3,45,829.6981620788574,1073.922179222107,834.241455078125,1074.3258056640625,14.900978,8.0,1,26.790276
2,45,285.4354667663574,126.25055599212646,289.978759765625,126.65418243408203,13.357448,10.0,1,24.295517
0,45,101.73036575317383,1111.328429222107,106.2736587524414,1111.7320556640625,13.238284,10.0,1,45.076378
10,45,1241.430461883545,181.67359828948975,1245.9737548828125,182.0772247314453,12.830138,10.0,-1,29.835533
4,45,1460.241008758545,203.90759181976318,1464.7843017578125,204.31121826171875,12.04539,10.0,-1,12.342385
5,45,508.8131523132324,437.6551504135132,513.3564453125,438.05877685546875,11.522681,12.0,-1,37.65198
1,45,547.0666313171387,678.9619741439819,551.6099243164062,679.3656005859375,7.871345,10.0,-1,30.360016
26,45,765.2028617858887,1147.039366722107,769.7461547851562,1147.4429931640625,6.515415,10.0,-1,18.027407
15,45,1292.3851737976074,36.771281242370605,1296.928466796875,37.17490768432617,5.9022746,10.0,-1,23.661707
11,45,770.8831596374512,829.7154531478882,775.4264526367188,830.1190795898438,5.691292,10.0,-1,42.86733
7,45,181.76397323608398,437.44512844085693,186.30726623535156,437.8487548828125,5.4148974,16.0,1,3.189262
9,45,225.60473251342773,34.724921226501465,230.1480255126953,35.12854766845703,4.9856505,8.0,1,19.37074
8,45,844.5748100280762,304.0217275619507,849.1181030273438,304.42535400390625,4.8711963,18.0,-1,16.27439
6,45,1216.2760429382324,593.1083364486694,1220.8193359375,593.511962890625,4.642692,10.0,1,13.202017
24,45,1321.1351737976074,446.74639797210693,1325.678466796875,447.1500244140625,4.354271,8.0,1,11.2137785
20,45,561.1205863952637,807.2489614486694,565.6638793945312,807.652587890625,4.244359,8.0,-1,38.765926
16,45,1387.574993133545,1191.804015159607,1392.1182861328125,1192.2076416015625,4.1102448,6.0,1,12.612583
17,45,660.8794975280762,292.0633535385132,665.4227905273438,292.46697998046875,4.0233774,12.0,-1,4.23707
23,45,747.0337333679199,302.34066677093506,751.5770263671875,302.7442932128906,3.834088,12.0,-1,18.425234
13,45,1519.47513961792,878.0228261947632,1524.0184326171875,878.4264526367188,3.744787,10.0,-1,25.240913
32,45,416.78547286987305,162.30856227874756,421.3287658691406,162.71218872070312,3.6647034,10.0,-1,30.462185
25,45,422.0557060241699,527.3280019760132,426.5989990234375,527.7316284179688,2.5273886,16.0,-1,13.519984
28,45,64.13747787475586,520.1195669174194,68.68077087402344,520.523193359375,2.334976,6.0,1,14.6589775
136,45,1410.855266571045,16.102200508117676,1415.3985595703125,16.505826950073242,2.215761,20.0,-1,21.56007
22,45,187.34966659545898,414.1519765853882,191.89295959472656,414.55560302734375,2.0716636,6.0,1,0.17717505
12,45,90.34802627563477,449.0620107650757,94.89131927490234,449.46563720703125,1.7555822,26.0,-1,10.550642
153,45,79.1109733581543,444.9853506088257,83.65426635742188,445.38897705078125,1.5703993,26.0,-1,16.452606
33,45,509.7469291687012,1205.229063987732,514.2902221679688,1205.6326904296875,1.5540811,6.0,1,1.0463027
29,45,497.5266227722168,405.9394826889038,502.0699157714844,406.3431091308594,1.3585496,22.0,-1,8.623033
34,45,632.4805717468262,1155.822569847107,637.0238647460938,1156.2261962890625,1.2856508,24.0,-1,6.323394
35,45,444.7888603210449,757.2583608627319,449.3321533203125,757.6619873046875,1.232204,8.0,-1,15.633666
18,45,468.86286544799805,819.8164052963257,473.4061584472656,820.2200317382812,1.169978,26.0,-1,5.812299
40,45,188.2254295349121,499.7668752670288,192.7687225341797,500.1705017089844,1.0898079,8.0,-1,12.781496
27,45,247.59885787963867,634.9884023666382,252.14215087890625,635.3920288085938,1.0304317,10.0,1,4.0901384
115,45,1607.587688446045,424.82858180999756,1612.1309814453125,425.2322082519531,0.9414895,20.0,-1,12.994426
19,45,967.2858695983887,542.3533926010132,971.8291625976562,542.7570190429688,0.6624584,6.0,1,3.4653387
41,45,734.4841728210449,738.6000967025757,739.0274658203125,739.0037231445312,0.4436573,26.0,-1,2.1723986
51,45,202.5463981628418,421.2728261947632,207.08969116210938,421.67645263671875,0.37600824,12.0,1,4.4251847
140,45,306.43061447143555,187.29331874847412,310.9739074707031,187.6969451904297,0.3223289,10.0,1,1.4363761
5,46,507.4547691345215,438.05013942718506,511.9393310546875,438.3078918457031,13.18766,12.0,-1,37.66096
6,46,1213.7174644470215,593.6577749252319,1218.2020263671875,593.91552734375,13.089691,10.0,1,20.24542
2,46,286.78078842163086,125.33011531829834,291.2653503417969,125.5878677368164,12.570286,10.0,1,29.316
4,46,1461.1776695251465,205.14878749847412,1465.6622314453125,205.4065399169922,12.095954,10.0,-1,7.7941513
3,46,828.1859703063965,1073.920226097107,832.6705322265625,1074.177978515625,10.871877,8.0,1,23.970512
0,46,102.55050277709961,1110.803038597107,107.03506469726562,1111.060791015625,10.592582,10.0,1,39.73084
1,46,547.5036582946777,676.1941518783569,551.9882202148438,676.451904296875,9.610386,10.0,-1,33.197517
15,46,1293.3637046813965,38.11368465423584,1297.8482666015625,38.371437072753906,8.731918,10.0,-1,26.460417
10,46,1243.264705657959,180.6952657699585,1247.749267578125,180.95301818847656,6.738073,10.0,-1,27.03475
11,46,771.4606895446777,830.5218496322632,775.9452514648438,830.7796020507812,6.30237,10.0,-1,42.159763
20,46,559.5793418884277,807.7047719955444,564.0639038085938,807.9625244140625,5.191245,8.0,-1,40.679882
26,46,763.3237266540527,1149.2274770736694,767.8082885742188,1149.4852294921875,5.171346,10.0,-1,12.473435
7,46,181.7946434020996,437.4399709701538,186.27920532226562,437.6977233886719,4.647499,16.0,1,2.54207
13,46,1519.374568939209,877.4924917221069,1523.859130859375,877.750244140625,4.101662,10.0,-1,26.51692
24,46,1320.5582847595215,448.87066555023193,1325.0428466796875,449.12841796875,3.8913794,8.0,1,14.586107
16,46,1387.612850189209,1191.805968284607,1392.097412109375,1192.063720703125,3.861822,6.0,1,12.300514
8,46,844.1679039001465,304.35113430023193,848.6524658203125,304.60888671875,3.6482933,16.0,-1,16.902275
25,46,423.2223472595215,523.7205801010132,427.7069091796875,523.9783325195312,3.615485,16.0,-1,14.340564
9,46,227.91668319702148,35.315375328063965,232.4012451171875,35.57312774658203,3.4909155,8.0,1,17.000694
32,46,417.2034568786621,164.45043849945068,421.6880187988281,164.70819091796875,3.132657,12.0,-1,30.459068
23,46,745.697078704834,299.62835597991943,750.181640625,299.8861083984375,2.9243405,12.0,-1,6.63237
17,46,657.0281944274902,293.2088918685913,661.5127563476562,293.4666442871094,2.7266712,14.0,-1,0.5161088
153,46,82.54216384887695,446.01714992523193,87.02672576904297,446.27490234375,2.2604237,26.0,-1,18.292187
136,46,1409.771541595459,13.91754150390625,1414.256103515625,14.175293922424316,1.9584557,22.0,-1,22.26016
29,46,499.83764266967773,404.35162258148193,504.32220458984375,404.609375,1.8346578,24.0,-1,10.167765
28,46,65.84981918334961,520.4202260971069,70.33438110351562,520.677978515625,1.7484936,6.0,1,8.550469
19,46,968.2281455993652,538.8465566635132,972.7127075195312,539.1043090820312,1.7313699,6.0,1,0.61359346
35,46,442.22814559936523,755.3952627182007,446.71270751953125,755.6530151367188,1.4375223,8.0,-1,15.356975
22,46,187.9104881286621,415.6253957748413,192.39505004882812,415.8831481933594,1.3800935,6.0,1,9.254059
115,46,1607.4159507751465,424.24227809906006,1611.9005126953125,424.5000305175781,1.363257,20.0,-1,15.115162
33,46,507.588436126709,1203.9696645736694,512.072998046875,1204.2274169921875,1.186472,6.0,1,1.3366313
18,46,467.99233627319336,820.8408193588257,472.4768981933594,821.0985717773438,1.1727737,28.0,-1,2.6057968
34,46,631.0709190368652,1156.553771018982,635.5554809570312,1156.8115234375,1.0969452,24.0,-1,6.986587
40,46,189.3641471862793,499.7136220932007,193.8487091064453,499.97137451171875,1.0393659,10.0,-1,12.2575655
27,46,247.56818771362305,637.4703359603882,252.05274963378906,637.7280883789062,0.7955067,10.0,1,4.964551
41,46,735.5944175720215,736.9837636947632,740.0789794921875,737.2415161132812,0.36678413,26.0,-1,0.95742357
140,46,300.93163681030273,187.236647605896,305.41619873046875,187.49440002441406,0.33191794,10.0,1,1.7355704
51,46,201.51757431030273,420.31097316741943,206.00213623046875,420.5687255859375,0.2535038,12.0,1,5.7111096
3,47,829.2416954040527,1071.913146018982,833.8108520507812,1072.1744384765625,17.920864,8.0,1,28.027477
2,47,286.987361907959,124.7061071395874,291.5565185546875,124.96739959716797,13.625641,10.0,1,31.825018
5,47,507.4547691345215,439.31878566741943,512.02392578125,439.580078125,11.810913,12.0,-1,36.580772
4,47,1460.6644859313965,205.55253505706787,1465.233642578125,205.81382751464844,9.038824,10.0,-1,10.6854725
1,47,545.3366050720215,672.6777944564819,549.90576171875,672.9390869140625,8.597959,10.0,-1,34.202564
0,47,102.45188522338867,1109.310851097107,107.02104187011719,1109.5721435546875,7.8273225,10.0,1,32.139595
15,47,1291.686580657959,40.52479839324951,1296.2557373046875,40.78609085083008,7.0010076,10.0,-1,25.53727
10,47,1248.491024017334,178.34474086761475,1253.0601806640625,178.6060333251953,6.3663945,10.0,-1,24.83641
8,47,844.0336875915527,301.9896230697632,848.6028442382812,302.25091552734375,6.048069,18.0,-1,17.000874
11,47,772.1560020446777,829.7886953353882,776.7251586914062,830.0499877929688,5.5862846,8.0,-1,43.134216
20,47,559.3129844665527,805.8839101791382,563.8821411132812,806.1452026367188,5.1302085,8.0,-1,41.33477
24,47,1319.9093589782715,449.50091457366943,1324.478515625,449.76220703125,5.0811405,8.0,1,15.032841
26,47,765.2081260681152,1153.2179555892944,769.7772827148438,1153.479248046875,4.4952083,10.0,-1,12.616496
7,47,181.52326583862305,438.07992458343506,186.09242248535156,438.3412170410156,4.4834733,16.0,1,1.7504623
32,47,416.83532333374023,165.682692527771,421.40447998046875,165.94398498535156,4.4794173,12.0,-1,32.86665
6,47,1216.154598236084,593.0119009017944,1220.7237548828125,593.273193359375,4.3962607,10.0,1,13.803047
13,47,1519.3876304626465,877.6560049057007,1523.956787109375,877.9172973632812,4.095497,8.0,-1,27.146572
9,47,228.04206466674805,35.4387731552124,232.61122131347656,35.70006561279297,3.9501865,8.0,1,19.289421
25,47,423.4393882751465,521.6950674057007,428.008544921875,521.9563598632812,3.8307006,16.0,-1,13.705445
16,47,1387.2489585876465,1193.359190940857,1391.818115234375,1193.6204833984375,2.972042,6.0,1,11.403614
136,47,1408.1024742126465,16.004782676696777,1412.671630859375,16.266075134277344,2.670993,22.0,-1,21.630642
23,47,748.3573570251465,300.5167531967163,752.926513671875,300.7780456542969,2.4549248,14.0,-1,12.216907
17,47,654.6945152282715,293.6168508529663,659.263671875,293.8781433105469,2.3204293,6.0,1,3.8421624
12,47,91.59528732299805,449.3403310775757,96.16444396972656,449.60162353515625,1.9039472,26.0,-1,11.374887
115,47,1605.6808433532715,420.17864894866943,1610.25,420.43994140625,1.8945614,22.0,-1,13.298086
22,47,188.89846420288086,416.02313137054443,193.46762084960938,416.284423828125,1.8811563,6.0,1,7.179052
28,47,65.89983749389648,520.2478017807007,70.468994140625,520.5090942382812,1.7670116,6.0,1,14.1656275
19,47,969.3250694274902,538.2099599838257,973.8942260742188,538.4712524414062,1.7281126,10.0,-1,1.8559605
153,47,84.38966751098633,445.4492177963257,88.95882415771484,445.71051025390625,1.5336491,26.0,-1,15.974869
35,47,440.06701278686523,753.2503652572632,444.63616943359375,753.5116577148438,1.5166112,8.0,-1,16.697607
34,47,634.1754722595215,1155.9694204330444,638.74462890625,1156.230712890625,1.4275469,22.0,-1,5.4677505
40,47,189.39147567749023,499.90179347991943,193.96063232421875,500.1630859375,1.2262505,10.0,-1,19.640646
29,47,495.67983627319336,406.0958547592163,500.2489929199219,406.3571472167969,0.96088266,24.0,-1,10.300356
27,47,248.78982162475586,635.8675527572632,253.35897827148438,636.1288452148438,0.86466545,10.0,1,4.142963
33,47,506.677547454834,1203.9696645736694,511.2467041015625,1204.23095703125,0.72951746,10.0,-1,0.3036654
18,47,467.466609954834,819.9862051010132,472.0357666015625,820.2474975585938,0.65203893,28.0,-1,0.29001516
41,47,733.283992767334,738.4593496322632,737.8531494140625,738.7206420898438,0.44449118,22.0,-1,3.386475
51,47,201.68328475952148,422.7677297592163,206.25244140625,423.0290222167969,0.26042125,10.0,1,7.553606
3,48,827.3639793395996,1071.6727743148804,832.185791015625,1071.832275390625,18.703756,8.0,1,29.149847
2,48,287.2909812927246,125.20829677581787,292.11279296875,125.3677978515625,13.292664,10.0,1,31.033968
4,48,1457.945644378662,205.55253505706787,1462.7674560546875,205.7120361328125,11.764637,10.0,-1,15.117383
5,48,511.09048080444336,436.9857931137085,515.9122924804688,437.1452941894531,10.743051,12.0,-1,39.181274
0,48,101.59753036499023,1108.4357137680054,106.41934204101562,1108.59521484375,9.469447,10.0,1,28.850336
10,48,1248.5414695739746,177.66374111175537,1253.36328125,177.8232421875,9.214227,10.0,-1,29.446693
15,48,1291.3490867614746,43.259161949157715,1296.1708984375,43.418663024902344,7.7805977,10.0,-1,24.54372
1,48,543.6974754333496,670.8571004867554,548.519287109375,671.0166015625,7.0299344,10.0,-1,30.268673
6,48,1214.649013519287,593.5560750961304,1219.4708251953125,593.715576171875,5.937842,10.0,1,14.405059
20,48,561.1285057067871,807.8091268539429,565.9503173828125,807.9686279296875,5.6826534,8.0,-1,38.42788
8,48,843.1503562927246,300.6370687484741,847.97216796875,300.79656982421875,5.166826,18.0,-1,16.623976
11,48,772.4405174255371,827.9315633773804,777.2623291015625,828.091064453125,4.862698,8.0,-1,36.722996
7,48,182.13206100463867,438.957106590271,186.95387268066406,439.1166076660156,4.6818504,16.0,1,4.687154
9,48,230.0852165222168,35.329806327819824,234.9070281982422,35.48930740356445,4.551561,8.0,1,19.513117
24,48,1319.691493988037,449.27943325042725,1324.5133056640625,449.4389343261719,4.472259,8.0,1,16.585768
13,48,1523.1215476989746,877.9351644515991,1527.943359375,878.0946655273438,4.349381,10.0,-1,26.841305
115,48,1604.3759422302246,422.30201625823975,1609.19775390625,422.4615173339844,3.3821974,20.0,-1,14.404633
32,48,415.909969329834,165.63922023773193,420.7317810058594,165.79872131347656,3.1966734,10.0,-1,29.538816
16,48,1384.4982566833496,1191.8517293930054,1389.320068359375,1192.01123046875,2.8868618,6.0,1,12.886761
25,48,425.02834701538086,521.4990682601929,429.85015869140625,521.6585693359375,2.8169534,16.0,-1,12.642373
29,48,499.3305015563965,406.259108543396,504.1523132324219,406.4186096191406,2.7925215,24.0,-1,10.395857
17,48,656.5591697692871,296.23695278167725,661.3809814453125,296.3964538574219,2.754092,8.0,1,1.643386
12,48,91.59528732299805,450.18009853363037,96.41709899902344,450.339599609375,2.5577414,28.0,-1,9.584658
136,48,1405.2680320739746,16.75724506378174,1410.08984375,16.916746139526367,2.4773276,20.0,-1,21.192907
23,48,746.3008689880371,301.96144008636475,751.1226806640625,302.1209411621094,2.4710944,14.0,-1,11.868912
26,48,766.3147850036621,1154.6526327133179,771.1365966796875,1154.8121337890625,2.209075,10.0,-1,8.265946
22,48,188.96674728393555,416.8375997543335,193.78855895996094,416.9971008300781,2.0716565,6.0,1,7.5420995
34,48,635.5362205505371,1153.0265340805054,640.3580322265625,1153.18603515625,1.7684187,22.0,-1,6.0504103
28,48,66.62648391723633,519.1410970687866,71.44829559326172,519.3005981445312,1.7508777,6.0,1,12.774827
19,48,968.6732444763184,536.6733236312866,973.4950561523438,536.8328247070312,1.6929001,10.0,-1,2.1956668
35,48,440.6216697692871,749.6431112289429,445.4434814453125,749.8026123046875,1.4453378,8.0,-1,19.023512
27,48,249.03098678588867,636.8105306625366,253.85279846191406,636.9700317382812,1.1000278,10.0,1,3.3082914
40,48,188.80129623413086,501.36613368988037,193.62310791015625,501.525634765625,1.05622,8.0,-1,18.998163
18,48,465.8722496032715,817.3260946273804,470.6940612792969,817.485595703125,1.026714,28.0,-1,1.5177572
33,48,507.56142807006836,1206.3951864242554,512.3832397460938,1206.5546875,0.6460555,12.0,-1,0.29226804
41,48,732.5591087341309,738.3527669906616,737.3809204101562,738.5122680664062,0.5998329,26.0,-1,3.1144853
51,48,201.2188835144043,423.39698696136475,206.0406951904297,423.5564880371094,0.27783695,10.0,1,8.055548
140,48,301.12966537475586,182.40985012054443,305.95147705078125,182.56935119628906,0.24533369,10.0,1,1.6021234
6,49,1212.586971282959,594.5559225082397,1217.18408203125,593.94287109375,19.690733,10.0,1,29.259865
5,49,513.3317832946777,436.28211879730225,517.9288940429688,435.6690673828125,16.31808,12.0,-1,40.105095
3,49,827.3723106384277,1070.8387594223022,831.9694213867188,1070.2257080078125,16.002962,8.0,1,32.543488
4,49,1459.4401206970215,204.63342189788818,1464.0372314453125,204.02037048339844,14.858361,10.0,-1,15.976022
0,49,101.2016487121582,1108.4367818832397,105.79875946044922,1107.82373046875,13.477036,10.0,1,29.128193
1,49,543.4504356384277,670.5675802230835,548.0475463867188,669.9545288085938,12.484988,10.0,-1,31.680176
2,49,286.9418296813965,124.74574184417725,291.5389404296875,124.1326904296875,10.793145,10.0,1,34.29807
10,49,1248.5184898376465,176.82873439788818,1253.1156005859375,176.21568298339844,8.490591,10.0,-1,30.730736
15,49,1293.2162437438965,44.11400508880615,1297.8133544921875,43.500953674316406,6.433951,10.0,-1,26.098827
7,49,181.16637802124023,438.90580654144287,185.76348876953125,438.2927551269531,5.010746,8.0,-1,2.0978673
11,49,769.4191856384277,826.426589012146,774.0162963867188,825.8135375976562,5.0085435,8.0,-1,38.747547
13,49,1521.601863861084,880.6640768051147,1526.198974609375,880.051025390625,4.304503,10.0,-1,28.001036
20,49,559.6827354431152,807.648268699646,564.2798461914062,807.0352172851562,4.087932,8.0,-1,39.597282
26,49,766.920955657959,1154.8053121566772,771.51806640625,1154.1922607421875,3.7349346,10.0,-1,11.512728
8,49,845.745418548584,302.3871603012085,850.342529296875,301.77410888671875,3.683512,16.0,-1,17.089294
9,49,230.07688522338867,35.544100761413574,234.6739959716797,34.93104934692383,3.4429657,8.0,1,21.08393
24,49,1318.3497886657715,452.16532802581787,1322.9468994140625,451.5522766113281,3.414425,8.0,1,21.072102
16,49,1385.9428062438965,1190.1652975082397,1390.5399169921875,1189.55224609375,3.0914767,6.0,1,11.793364
25,49,428.30089950561523,519.8235006332397,432.89801025390625,519.21044921875,3.0699222,14.0,-1,15.309109
32,49,418.30385971069336,168.68629360198975,422.9009704589844,168.0732421875,2.8841994,10.0,-1,24.284973
115,49,1603.9552574157715,426.91557216644287,1608.5523681640625,426.3025207519531,2.8492382,20.0,-1,17.320879
22,49,189.13059616088867,416.8365316390991,193.7277069091797,416.2234802246094,2.8305705,6.0,1,4.0860157
136,49,1404.391902923584,20.172635078430176,1408.989013671875,19.55958366394043,2.69264,22.0,-1,18.386723
23,49,742.4246788024902,299.07694911956787,747.0217895507812,298.4638977050781,2.2818015,14.0,-1,6.0176396
12,49,93.16003799438477,452.3525228500366,97.75714874267578,451.7394714355469,2.25331,28.0,-1,10.468051
40,49,189.30414962768555,501.2233724594116,193.90126037597656,500.6103210449219,1.7017359,10.0,-1,16.870747
29,49,499.172420501709,406.8019552230835,503.76953125,406.18890380859375,1.6676589,22.0,-1,10.401645
27,49,251.20827865600586,637.5399312973022,255.80538940429688,636.9268798828125,1.6291674,10.0,1,3.616201
19,49,968.8337364196777,536.7733907699585,973.4308471679688,536.1603393554688,1.4241089,10.0,-1,0.9686657
35,49,436.48498153686523,752.2844381332397,441.08209228515625,751.67138671875,1.4091939,8.0,-1,19.764627
17,49,657.330135345459,293.5600118637085,661.92724609375,292.94696044921875,1.3533187,8.0,1,10.059425
28,49,68.49762344360352,517.136549949646,73.09473419189453,516.5234985351562,1.2854702,6.0,1,2.2649121
153,49,84.98427200317383,446.88343715667725,89.58138275146484,446.2703857421875,1.2062811,26.0,-1,14.984603
34,49,634.4461631774902,1154.6463766098022,639.0432739257812,1154.0333251953125,1.0843687,22.0,-1,6.051386
18,49,461.19131088256836,816.7348775863647,465.7884216308594,816.121826171875,0.96195763,28.0,-1,8.907472
33,49,506.3760643005371,1205.9359273910522,510.9731750488281,1205.3228759765625,0.42558277,10.0,-1,1.401015
41,49,736.0120811462402,736.3268575668335,740.6091918945312,735.7138061523438,0.37953484,26.0,-1,0.66322255
51,49,203.7430534362793,424.7187032699585,208.3401641845703,424.10565185546875,0.34443054,12.0,1,5.366223
140,49,302.7899742126465,183.92591762542725,307.3870849609375,183.3128662109375,0.24113227,10.0,1,2.3367891
4,50,1459.6526145935059,200.88206386566162,1463.93798828125,200.07273864746094,21.226854,10.0,-1,15.110937
6,50,1211.9106712341309,596.3509511947632,1216.196044921875,595.5416259765625,17.072954,10.0,1,32.740585
3,50,827.6797752380371,1073.4376211166382,831.9651489257812,1072.6282958984375,14.183314,8.0,1,26.475504
10,50,1249.7444114685059,177.900221824646,1254.02978515625,177.0908966064453,12.663585,10.0,-1,33.937256
5,50,512.8080101013184,436.6969289779663,517.0933837890625,435.8876037597656,11.608574,12.0,-1,40.81089
2,50,287.02795028686523,125.28170680999756,291.3133239746094,124.47238159179688,11.460228,10.0,1,32.17421
0,50,100.64639663696289,1109.8905019760132,104.93177032470703,1109.0811767578125,10.986103,10.0,1,35.306522
15,50,1296.9487571716309,42.902594566345215,1301.234130859375,42.09326934814453,7.619779,10.0,-1,28.2928
1,50,543.3364524841309,670.4135122299194,547.621826171875,669.6041870117188,6.586659,10.0,-1,29.83733
7,50,182.16856002807617,439.3284902572632,186.4539337158203,438.5191650390625,5.806875,16.0,1,0.019334316
11,50,771.4516868591309,826.9027090072632,775.737060546875,826.0933837890625,5.6446953,8.0,-1,39.988564
24,50,1318.2937278747559,452.58261013031006,1322.5791015625,451.7732849121094,4.3965144,8.0,1,21.409481
20,50,559.5165061950684,805.3758535385132,563.8018798828125,804.5665283203125,4.342218,8.0,-1,37.093674
9,50,229.85668563842773,35.17452526092529,234.14205932617188,34.36520004272461,4.2245326,8.0,1,16.29587
25,50,427.830135345459,524.9430532455444,432.1155090332031,524.1337280273438,3.7471628,14.0,-1,15.007765
26,50,765.6051292419434,1154.6451406478882,769.8905029296875,1153.8358154296875,3.7380521,10.0,-1,10.123676
13,50,1520.0008811950684,878.6491079330444,1524.2862548828125,877.8397827148438,3.3404083,8.0,-1,27.03617
16,50,1388.0450706481934,1189.0562734603882,1392.3304443359375,1188.2469482421875,3.302852,6.0,1,10.833086
8,50,849.8124046325684,301.48226833343506,854.0977783203125,300.6729431152344,3.2379987,18.0,-1,15.86884
23,50,744.0124778747559,298.43307399749756,748.2978515625,297.6237487792969,2.9952774,12.0,-1,12.613647
17,50,656.0508079528809,298.4831533432007,660.336181640625,297.673828125,2.8845475,14.0,-1,10.515542
115,50,1599.4555931091309,426.34310817718506,1603.740966796875,425.5337829589844,2.6595366,20.0,-1,17.265709
32,50,420.44274520874023,170.2873067855835,424.7281188964844,169.4779815673828,2.6096709,10.0,-1,18.720078
35,50,439.74535751342773,753.3455801010132,444.0307312011719,752.5362548828125,2.0824704,8.0,-1,22.35618
136,50,1405.0979270935059,18.974617958068848,1409.38330078125,18.165292739868164,2.0443053,20.0,-1,20.13217
12,50,91.59978103637695,451.2965383529663,95.8851547241211,450.4872131347656,1.745758,26.0,-1,7.5425262
28,50,68.39210891723633,520.2124013900757,72.67748260498047,519.403076171875,1.6489989,6.0,1,9.647202
19,50,970.4503440856934,536.7797231674194,974.7357177734375,535.9703979492188,1.6328508,10.0,-1,2.7859297
29,50,500.61938095092773,406.7503652572632,504.9047546386719,405.9410400390625,1.6063906,22.0,-1,8.534098
22,50,188.52209091186523,417.45562648773193,192.80746459960938,416.64630126953125,1.5542496,6.0,1,11.124947
40,50,190.40691757202148,501.2170400619507,194.69229125976562,500.40771484375,1.4598199,10.0,-1,18.198713
34,50,638.9477195739746,1156.5707998275757,643.2330932617188,1155.761474609375,1.3483695,22.0,-1,6.0835147
18,50,458.936580657959,821.2844228744507,463.2219543457031,820.47509765625,1.2376877,28.0,-1,5.447885
27,50,247.6064109802246,636.8923940658569,251.89178466796875,636.0830688476562,1.1627653,10.0,1,3.9172544
33,50,506.43212509155273,1202.5689687728882,510.7174987792969,1201.7596435546875,0.8259192,10.0,-1,2.7621007
41,50,735.5124778747559,735.5441884994507,739.7978515625,734.73486328125,0.5016286,26.0,-1,1.2353235
140,50,307.960506439209,185.02764797210693,312.2458801269531,184.21832275390625,0.33102536,10.0,1,1.9795134
51,50,202.17081832885742,423.35409450531006,206.45619201660156,422.5447692871094,0.265209,10.0,1,6.3303022
6,51,1211.7484245300293,596.3602285385132,1216.0972900390625,595.2755737304688,17.980356,10.0,1,33.561867
4,51,1459.6682243347168,200.74180507659912,1464.01708984375,199.6571502685547,14.093886,10.0,-1,12.130043
0,51,100.49264144897461,1111.384093284607,104.84150695800781,1110.2994384765625,11.846767,10.0,1,41.911366
3,51,825.6303825378418,1074.844542503357,829.979248046875,1073.7598876953125,11.560302,8.0,1,22.691423
5,51,513.3397331237793,439.8301076889038,517.6885986328125,438.7454528808594,11.553303,12.0,-1,38.32888
2,51,286.7635917663574,125.22823238372803,291.1124572753906,124.1435775756836,11.236829,10.0,1,33.865456
15,51,1299.5521354675293,41.75863552093506,1303.9010009765625,40.673980712890625,10.842568,10.0,-1,29.388332
10,51,1246.8283805847168,179.51971340179443,1251.17724609375,178.43505859375,8.522544,10.0,-1,36.321545
1,51,541.678539276123,671.0232534408569,546.0274047851562,669.9385986328125,8.420162,10.0,-1,25.68263
20,51,557.6795768737793,804.8211050033569,562.0284423828125,803.7364501953125,5.9287953,8.0,-1,38.290142
11,51,770.8350944519043,829.0346670150757,775.1839599609375,827.9500122070312,5.3685184,8.0,-1,41.62278
9,51,229.85668563842773,34.14137554168701,234.20555114746094,33.05672073364258,4.951674,8.0,1,18.263798
24,51,1317.9934196472168,453.22198390960693,1322.34228515625,452.1373291015625,4.3256307,8.0,1,22.5699
23,51,745.1035270690918,297.91998195648193,749.452392578125,296.8353271484375,4.119776,12.0,-1,14.637885
8,51,853.487377166748,301.4169912338257,857.8362426757812,300.33233642578125,3.9458048,18.0,-1,16.577473
26,51,764.168285369873,1154.5712270736694,768.5171508789062,1153.486572265625,3.613287,10.0,-1,9.763901
7,51,182.84287643432617,439.1927480697632,187.19174194335938,438.10809326171875,3.498553,16.0,1,5.5684347
25,51,427.7046318054199,527.4085073471069,432.0534973144531,526.3238525390625,3.4661024,16.0,-1,14.500409
16,51,1387.7640495300293,1187.7111196517944,1392.1129150390625,1186.62646484375,3.3329265,6.0,1,12.109092
13,51,1521.5545768737793,879.3646230697632,1525.9034423828125,878.2799682617188,3.1560018,10.0,-1,26.68241
115,51,1600.0030632019043,427.37509059906006,1604.3519287109375,426.2904357910156,2.6863463,22.0,-1,16.36702
136,51,1406.4055290222168,21.755728721618652,1410.75439453125,20.67107391357422,2.0895429,20.0,-1,17.794025
32,51,420.9968070983887,171.82310390472412,425.3456726074219,170.7384490966797,2.064181,10.0,-1,13.6688795
22,51,187.57155990600586,415.93148708343506,191.92042541503906,414.8468322753906,1.7382275,6.0,1,5.046071
19,51,971.342601776123,535.8831167221069,975.6914672851562,534.7984619140625,1.6836206,10.0,-1,1.9983922
17,51,656.4404411315918,298.4831533432007,660.789306640625,297.39849853515625,1.6823769,14.0,-1,13.271047
35,51,441.70368576049805,750.4134511947632,446.05255126953125,749.3287963867188,1.6424206,8.0,-1,20.519371
28,51,68.35879135131836,518.9719839096069,72.70765686035156,517.8873291015625,1.5158609,6.0,1,10.244184
34,51,640.5351066589355,1157.234435081482,644.8839721679688,1156.1497802734375,1.401796,24.0,-1,4.9979806
40,51,191.62697982788086,504.17721462249756,195.97584533691406,503.0925598144531,1.3383789,10.0,-1,17.640102
29,51,497.5173454284668,407.1040029525757,501.8662109375,406.01934814453125,1.2618626,26.0,-1,9.822361
27,51,245.7470359802246,637.2743520736694,250.0959014892578,636.189697265625,0.91466445,10.0,1,5.1072297
153,51,78.80166244506836,445.67022609710693,83.15052795410156,444.5855712890625,0.8290891,26.0,-1,13.729595
12,51,89.58481979370117,451.2821035385132,93.93368530273438,450.19744873046875,0.80132097,26.0,-1,6.8000145
33,51,507.98579025268555,1200.5394887924194,512.3346557617188,1199.454833984375,0.69678515,6.0,1,0.51484805
41,51,735.6554069519043,734.5279531478882,740.0042724609375,733.4432983398438,0.45586738,26.0,-1,0.28393465
140,51,307.8419609069824,185.29618740081787,312.1908264160156,184.21153259277344,0.27276006,10.0,1,2.4429955
51,51,202.62566757202148,422.29257106781006,206.9745330810547,421.2079162597656,0.2253812,12.0,1,4.3372335
6,52,1213.00341796875,595.7128438949585,1217.3507080078125,594.193603515625,16.499523,10.0,1,25.379194
5,52,511.98504638671875,439.57658290863037,516.3323364257812,438.0573425292969,15.078351,12.0,-1,38.929466
10,52,1247.4378662109375,183.94662380218506,1251.78515625,182.42738342285156,12.553528,10.0,-1,39.36486
0,52,100.4255142211914,1111.6195821762085,104.7728042602539,1110.100341796875,12.242724,10.0,1,41.842373
2,52,286.8786926269531,125.25855159759521,291.2259826660156,123.73931121826172,11.231069,10.0,1,36.3414
4,52,1460.8094482421875,200.32275295257568,1465.15673828125,198.8035125732422,8.264289,10.0,-1,9.60433
168,52,24.78783416748047,11.408016204833984,29.13512420654297,9.888775825500488,6.6245537,14.0,-1,37.957474
3,52,823.8240356445312,1076.0443868637085,828.1713256835938,1074.525146484375,6.541513,8.0,1,20.566671
15,52,1299.889892578125,41.47765254974365,1304.2371826171875,39.958412170410156,6.5016327,10.0,-1,27.55713
7,52,179.8627471923828,438.235915184021,184.2100372314453,436.7166748046875,5.3842397,8.0,-1,3.213456
23,52,746.85107421875,297.358229637146,751.1983642578125,295.8389892578125,4.8735137,12.0,-1,20.038582
11,52,772.2695922851562,830.177077293396,776.6168823242188,828.6578369140625,4.553421,8.0,-1,39.982082
24,52,1318.060546875,453.94425868988037,1322.4078369140625,452.4250183105469,4.529541,8.0,1,22.018656
20,52,557.8507080078125,805.4162740707397,562.197998046875,803.8970336914062,4.0396857,8.0,-1,35.296238
9,52,231.1264190673828,35.806639671325684,235.4737091064453,34.28739929199219,3.989185,8.0,1,17.674341
1,52,541.4680786132812,669.255690574646,545.8153686523438,667.7364501953125,3.7859523,10.0,-1,21.198305
17,52,655.902587890625,296.88432216644287,660.2498779296875,295.3650817871094,3.4130468,14.0,-1,12.77
13,52,1521.428955078125,878.942458152771,1525.7762451171875,877.4232177734375,3.232359,10.0,-1,23.948938
16,52,1389.1109619140625,1188.2848653793335,1393.458251953125,1186.765625,3.2090445,6.0,1,12.525221
8,52,854.1898193359375,298.86012172698975,858.537109375,297.34088134765625,2.8569582,18.0,-1,17.17223
35,52,441.0960388183594,750.383131980896,445.4433288574219,748.8638916015625,2.583391,8.0,-1,31.233751
25,52,428.36285400390625,526.2733297348022,432.71014404296875,524.7540893554688,2.5439088,16.0,-1,13.342195
136,52,1408.048095703125,21.111870765686035,1412.3953857421875,19.59263038635254,2.4382758,20.0,-1,20.142574
26,52,763.1300659179688,1156.4604024887085,767.4773559570312,1154.941162109375,2.1631517,10.0,-1,4.071376
22,52,187.35194396972656,416.01042079925537,191.69923400878906,414.4911804199219,1.8497139,6.0,1,3.3320622
115,52,1602.419677734375,422.6899251937866,1606.7669677734375,421.1706848144531,1.6945643,22.0,-1,11.212702
32,52,420.1614685058594,174.35996913909912,424.5087585449219,172.84072875976562,1.6588206,10.0,-1,14.981097
40,52,193.1031951904297,508.12687587738037,197.4504852294922,506.6076354980469,1.5083114,10.0,-1,19.009089
19,52,972.8837280273438,536.756667137146,977.2310180664062,535.2374267578125,1.4275244,10.0,-1,2.5903125
28,52,68.27246856689453,517.3798971176147,72.61975860595703,515.8606567382812,1.2918831,6.0,1,13.143991
34,52,639.276123046875,1155.037917137146,643.6234130859375,1153.5186767578125,1.2211306,20.0,-1,5.286845
12,52,83.64759826660156,450.546217918396,87.99488830566406,449.0269775390625,1.0155766,28.0,-1,3.0909956
29,52,500.41497802734375,407.3305501937866,504.76226806640625,405.8113098144531,0.98402023,24.0,-1,7.329706
33,52,507.684326171875,1201.034255027771,512.0316162109375,1199.5150146484375,0.94292074,6.0,1,2.3145392
153,52,74.64707946777344,447.16969203948975,78.99436950683594,445.65045166015625,0.7705195,26.0,-1,12.909658
169,52,333.9467468261719,9.128739356994629,338.2940368652344,7.609498977661133,0.63511735,8.0,-1,12.870243
27,52,245.2295379638672,638.0672750473022,249.5768280029297,636.5480346679688,0.47901702,10.0,1,4.327296
51,52,201.08285522460938,421.5866537094116,205.43014526367188,420.0674133300781,0.35244432,10.0,1,5.905354
41,52,737.2664184570312,734.3116598129272,741.6137084960938,732.7924194335938,0.2950111,26.0,-1,0.71814615
140,52,307.6997985839844,187.92167568206787,312.0470886230469,186.40243530273438,0.26917112,10.0,1,2.4725933
5,53,511.98504638671875,439.06693935394287,516.3734741210938,438.00872802734375,13.481331,12.0,-1,38.570877
0,53,99.93672943115234,1111.7357015609741,104.32515716552734,1110.677490234375,13.137387,10.0,1,44.930283
2,53,287.6551818847656,125.25855159759521,292.0436096191406,124.2003402709961,12.076187,10.0,1,34.66023
10,53,1248.302001953125,183.75028896331787,1252.6904296875,182.69207763671875,11.092736,10.0,-1,39.581787
6,53,1213.9627685546875,595.7133016586304,1218.3511962890625,594.6550903320312,9.416266,10.0,1,16.879524
4,53,1461.419677734375,200.65209865570068,1465.80810546875,199.59388732910156,9.327326,10.0,-1,12.566666
15,53,1302.0318603515625,39.87269115447998,1306.4202880859375,38.81447982788086,7.837244,10.0,-1,26.493057
168,53,25.183237075805664,11.685544967651367,29.571664810180664,10.627333641052246,7.2771754,12.0,-1,39.996418
17,53,655.067138671875,297.2161703109741,659.45556640625,296.157958984375,6.438736,12.0,-1,31.03458
3,53,823.5173950195312,1075.7630453109741,827.9058227539062,1074.704833984375,6.277695,8.0,1,20.57214
11,53,773.5870971679688,828.4335165023804,777.9755249023438,827.3753051757812,5.8743844,8.0,-1,38.78938
20,53,557.4193725585938,803.2518148422241,561.8078002929688,802.193603515625,5.173796,8.0,-1,39.274956
13,53,1523.5609130859375,875.2582235336304,1527.9493408203125,874.2000122070312,5.1731915,12.0,-1,19.929432
1,53,537.8529052734375,666.7143392562866,542.2413330078125,665.6561279296875,4.9951634,10.0,-1,19.889029
7,53,181.60885620117188,437.4839925765991,185.99728393554688,436.42578125,4.812532,16.0,1,4.639955
16,53,1389.654052734375,1188.0179281234741,1394.04248046875,1186.959716796875,4.5448127,6.0,1,12.553247
24,53,1316.0494384765625,451.892897605896,1320.4378662109375,450.8346862792969,4.161221,8.0,1,25.374348
23,53,747.4132080078125,296.42021083831787,751.8016357421875,295.36199951171875,3.6909988,12.0,-1,18.537722
35,53,443.7229919433594,751.0297689437866,448.1114196777344,749.9715576171875,3.5819147,8.0,-1,28.549217
9,53,230.43466186523438,38.509093284606934,234.82308959960938,37.45088195800781,3.413906,8.0,1,22.236013
8,53,854.516845703125,299.5358724594116,858.9052734375,298.4776611328125,3.3836956,18.0,-1,16.946674
26,53,763.2599487304688,1158.0052328109741,767.6483764648438,1156.947021484375,3.0282707,10.0,-1,3.558874
25,53,426.9429016113281,529.5715169906616,431.3313293457031,528.5133056640625,2.6855586,16.0,-1,14.596474
136,53,1406.5535888671875,21.34830951690674,1410.9420166015625,20.290098190307617,2.0189984,22.0,-1,17.939445
33,53,507.703857421875,1202.7210531234741,512.09228515625,1201.662841796875,1.8255769,6.0,1,3.60967
19,53,975.3740234375,537.1303548812866,979.762451171875,536.0721435546875,1.7177738,10.0,-1,4.336603
40,53,191.7064208984375,509.8117208480835,196.0948486328125,508.7535095214844,1.5268649,10.0,-1,18.522179
29,53,502.2999267578125,404.3515157699585,506.6883544921875,403.2933044433594,1.4620347,26.0,-1,7.985359
32,53,416.8463439941406,173.18987941741943,421.2347717285156,172.1316680908203,1.3504947,10.0,-1,9.722305
22,53,186.43966674804688,414.72425746917725,190.82809448242188,413.6660461425781,1.2720746,6.0,1,6.1554756
28,53,68.84774017333984,517.3862142562866,73.23616790771484,516.3280029296875,1.2073786,6.0,1,9.782895
115,53,1600.3463134765625,424.9972982406616,1604.7347412109375,423.9390869140625,1.1697828,22.0,-1,14.737228
27,53,245.08575439453125,639.1807088851929,249.47418212890625,638.1224975585938,0.9051959,10.0,1,5.726504
153,53,72.88946533203125,447.17152309417725,77.27789306640625,446.1133117675781,0.8609679,28.0,-1,14.159182
34,53,635.5235595703125,1149.3310384750366,639.9119873046875,1148.2728271484375,0.8182137,22.0,-1,6.0603
41,53,736.1112670898438,729.4761190414429,740.4996948242188,728.4179077148438,0.38657597,26.0,-1,0.86955094
51,53,199.97885131835938,420.7247152328491,204.36727905273438,419.66650390625,0.20522593,10.0,1,6.3899198
5,54,511.39774799346924,437.8153829574585,515.9612426757812,436.36663818359375,13.807407,12.0,-1,38.590973
10,54,1247.1795473098755,184.70446681976318,1251.7430419921875,183.25572204589844,12.7372675,10.0,-1,41.794518
2,54,287.0000123977661,125.21590328216553,291.5635070800781,123.76715850830078,11.685184,10.0,1,35.17379
0,54,100.82732105255127,1111.4077291488647,105.39081573486328,1109.958984375,11.677133,10.0,1,39.510674
168,54,25.263943672180176,13.129051208496094,29.827438354492188,11.680306434631348,9.03042,12.0,-1,39.78955
4,54,1460.298565864563,202.9316701889038,1464.862060546875,201.48292541503906,8.904446,10.0,-1,14.781073
3,54,823.7518129348755,1075.3247213363647,828.3153076171875,1073.8759765625,8.526523,8.0,1,21.062191
15,54,1305.628155708313,39.11426067352295,1310.191650390625,37.6655158996582,8.357658,10.0,-1,25.058216
6,54,1214.963360786438,595.6862325668335,1219.52685546875,594.2374877929688,8.069936,10.0,1,12.29779
17,54,655.5065126419067,294.57691860198975,660.0700073242188,293.128173828125,7.3870754,12.0,-1,31.341158
24,54,1314.823956489563,451.6474142074585,1319.387451171875,450.19866943359375,6.9337306,8.0,1,27.128277
11,54,773.5063905715942,829.4353170394897,778.0698852539062,827.986572265625,6.131759,8.0,-1,37.899353
20,54,559.5900087356567,803.2487325668335,564.1535034179688,801.7999877929688,5.4786353,8.0,-1,37.916172
7,54,182.00092792510986,438.5195150375366,186.56442260742188,437.0707702636719,5.0007377,8.0,-1,0.25104046
1,54,539.2848329544067,665.278395652771,543.8483276367188,663.8296508789062,4.9641047,10.0,-1,20.956562
16,54,1391.744122505188,1187.6029195785522,1396.3076171875,1186.1541748046875,4.844054,6.0,1,12.288363
9,54,229.1212739944458,38.77024745941162,233.6847686767578,37.321502685546875,4.4508615,8.0,1,21.753698
13,54,1527.5508852005005,875.9007711410522,1532.1143798828125,874.4520263671875,4.425654,10.0,-1,20.57373
25,54,429.19831562042236,529.872878074646,433.7618103027344,528.4241333007812,3.5751574,16.0,-1,13.114447
23,54,747.5893983840942,297.77421474456787,752.1528930664062,296.3254699707031,3.3854,12.0,-1,5.081909
8,54,855.7593812942505,302.2188558578491,860.3228759765625,300.7701110839844,3.0165138,18.0,-1,17.075432
35,54,445.0691957473755,748.8026876449585,449.6326904296875,747.3539428710938,2.820845,8.0,-1,29.570694
26,54,765.5673036575317,1157.2989645004272,770.1307983398438,1155.8502197265625,2.5907176,10.0,-1,3.7053797
136,54,1404.0870180130005,21.339930534362793,1408.6505126953125,19.891185760498047,1.804985,22.0,-1,17.917255
40,54,192.51467609405518,509.65577602386475,197.0781707763672,508.20703125,1.7951617,10.0,-1,20.76664
115,54,1597.5145082473755,427.29728603363037,1602.0780029296875,425.8485412597656,1.7860346,22.0,-1,17.339703
28,54,67.42514514923096,521.7005758285522,71.98863983154297,520.2518310546875,1.7643775,6.0,1,6.5669866
22,54,185.5310182571411,414.72733974456787,190.09451293945312,413.2785949707031,1.4466681,6.0,1,2.6629755
19,54,972.8519105911255,537.5144186019897,977.4154052734375,536.065673828125,1.4408704,10.0,-1,1.2939634
33,54,507.42252826690674,1205.5279684066772,511.98602294921875,1204.0792236328125,1.3668672,6.0,1,3.4619193
32,54,415.1114625930786,174.26550197601318,419.6749572753906,172.81675720214844,1.2310902,12.0,-1,5.8136945
153,54,69.07919025421143,447.59364223480225,73.64268493652344,446.1448974609375,1.1752598,26.0,-1,15.087687
27,54,243.813458442688,642.1345357894897,248.376953125,640.685791015625,1.1227429,10.0,1,6.0106363
29,54,503.515362739563,402.90702724456787,508.078857421875,401.4582824707031,1.0965935,24.0,-1,5.550318
34,54,633.024640083313,1147.4790182113647,637.588134765625,1146.0302734375,0.61399525,22.0,-1,7.1087513
51,54,199.23029804229736,419.02833461761475,203.79379272460938,417.57958984375,0.21310608,10.0,1,4.369686
140,54,309.4160280227661,188.94283962249756,313.9795227050781,187.4940948486328,0.18761717,12.0,1,3.5482326
10,55,1245.5262880325317,182.9877004623413,1250.0380859375,182.43153381347656,15.089745,10.0,-1,42.986
0,55,101.32246112823486,1109.6237936019897,105.83425903320312,1109.067626953125,12.488068,10.0,1,34.19383
5,55,511.967511177063,438.18153285980225,516.4793090820312,437.6253662109375,11.530129,12.0,-1,40.906338
4,55,1457.5021181106567,201.45153713226318,1462.013916015625,200.89537048339844,11.352418,10.0,-1,15.364416
2,55,288.17365741729736,125.40760707855225,292.6854553222656,124.8514404296875,10.09821,10.0,1,31.445591
168,55,26.88884449005127,11.391661643981934,31.40064239501953,10.835494995117188,8.5079565,12.0,-1,40.89901
17,55,655.0435609817505,295.5121603012085,659.5553588867188,294.95599365234375,7.569095,12.0,-1,31.237246
3,55,823.4551210403442,1074.8228902816772,827.9669189453125,1074.2667236328125,7.2085233,8.0,1,21.593575
1,55,538.1157655715942,664.4579610824585,542.6275634765625,663.9017944335938,6.279736,10.0,-1,21.548843
15,55,1307.8004579544067,39.374266624450684,1312.312255859375,38.81809997558594,6.047128,10.0,-1,21.19559
11,55,774.8802309036255,828.597731590271,779.3920288085938,828.0415649414062,5.695783,8.0,-1,40.09725
16,55,1391.5513124465942,1188.1728658676147,1396.0631103515625,1187.61669921875,5.194037,6.0,1,11.938113
20,55,559.8977479934692,802.905592918396,564.4095458984375,802.3494262695312,5.008871,10.0,-1,34.279743
7,55,181.94228839874268,438.69816493988037,186.45408630371094,438.1419982910156,4.8047757,8.0,-1,1.5665237
25,55,431.53007221221924,526.6652364730835,436.0418701171875,526.1090698242188,4.7625017,18.0,-1,13.99549
8,55,855.8918886184692,300.6449728012085,860.4036865234375,300.08880615234375,4.262822,18.0,-1,17.451157
24,55,1312.3968935012817,452.3364095687866,1316.90869140625,451.7802429199219,3.7656238,8.0,1,18.82118
6,55,1216.5333681106567,596.0411520004272,1221.045166015625,595.4849853515625,3.7204359,10.0,1,6.360811
13,55,1529.0790224075317,876.4984884262085,1533.5908203125,875.9423217773438,3.3643532,12.0,-1,20.378632
9,55,229.1212739944458,37.137022972106934,233.63307189941406,36.58085632324219,3.2480345,8.0,1,21.147703
115,55,1599.8578310012817,427.29728603363037,1604.36962890625,426.7411193847656,3.1331093,22.0,-1,17.284672
23,55,748.039044380188,298.135817527771,752.5508422851562,297.57965087890625,2.781598,6.0,1,7.750143
22,55,185.36007404327393,414.5778341293335,189.8718719482422,414.02166748046875,2.6425946,12.0,-1,3.4627767
35,55,446.25822162628174,750.4469137191772,450.77001953125,749.8907470703125,1.9301224,8.0,-1,26.364456
26,55,765.5923280715942,1153.2426900863647,770.1041259765625,1152.6865234375,1.9084072,10.0,-1,2.438915
136,55,1408.7517518997192,21.8832368850708,1413.2635498046875,21.327070236206055,1.8017073,22.0,-1,15.422747
28,55,66.50080585479736,520.6734762191772,71.01260375976562,520.1173095703125,1.6481344,6.0,1,12.498418
19,55,972.808087348938,536.6565084457397,977.3198852539062,536.100341796875,1.597908,10.0,-1,2.6761415
27,55,241.864727973938,643.3023824691772,246.37652587890625,642.7462158203125,1.4030398,10.0,1,6.951992
40,55,192.09228229522705,512.7081441879272,196.6040802001953,512.1519775390625,1.3923143,10.0,-1,16.327568
32,55,414.5333375930786,174.36199855804443,419.0451354980469,173.8058319091797,1.3711948,10.0,-1,8.273573
29,55,505.5838747024536,401.2491292953491,510.0956726074219,400.6929626464844,1.2691478,26.0,-1,5.7417626
153,55,68.90939807891846,449.67420864105225,73.42119598388672,449.1180419921875,1.247788,28.0,-1,14.822156
34,55,633.6314516067505,1149.2219381332397,638.1432495117188,1148.665771484375,1.1615422,26.0,-1,4.0286627
33,55,507.26728534698486,1203.0405416488647,511.7790832519531,1202.484375,1.0804884,6.0,1,5.0108705
169,55,331.848370552063,9.412066459655762,336.36016845703125,8.855899810791016,0.587717,12.0,-1,10.673003
140,55,308.6551332473755,188.2760763168335,313.16693115234375,187.71990966796875,0.28113118,10.0,1,1.3894577
51,55,198.5189790725708,419.19959926605225,203.03077697753906,418.6434326171875,0.23991555,10.0,1,6.0304885
10,56,1244.7305345535278,182.2738332748413,1248.819091796875,181.96006774902344,15.133179,10.0,-1,41.430744
5,56,509.42657947540283,438.21256923675537,513.51513671875,437.8988037109375,13.085008,12.0,-1,38.126144
0,56,102.77841663360596,1109.0626668930054,106.86697387695312,1108.7489013671875,12.72219,10.0,1,30.485035
168,56,27.85013484954834,12.363473892211914,31.938692092895508,12.049708366394043,11.975482,12.0,-1,41.439426
2,56,290.2678575515747,125.84237575531006,294.3564147949219,125.52861022949219,11.012212,10.0,1,30.265646
4,56,1455.6674242019653,201.97283840179443,1459.7559814453125,201.65907287597656,8.547637,10.0,-1,11.378342
1,56,538.1123704910278,664.3891439437866,542.200927734375,664.0753784179688,8.1017885,10.0,-1,20.883106
3,56,823.6990404129028,1075.2873983383179,827.78759765625,1074.9736328125,6.4939,8.0,1,20.183628
11,56,776.5611009597778,827.3785848617554,780.649658203125,827.0648193359375,6.1913753,8.0,-1,37.391903
15,56,1308.1181077957153,37.08192729949951,1312.2066650390625,36.76816177368164,5.8571835,10.0,-1,20.454092
16,56,1391.8153734207153,1187.1625204086304,1395.9039306640625,1186.8487548828125,5.0789914,6.0,1,11.159495
7,56,180.34811878204346,438.95521450042725,184.43667602539062,438.6414489746094,4.6263943,8.0,-1,4.1852045
35,56,443.9088487625122,748.5460042953491,447.9974060058594,748.2322387695312,4.2761908,8.0,-1,34.41958
20,56,556.5228319168091,802.5287313461304,560.6113891601562,802.2149658203125,4.2540298,8.0,-1,36.63821
24,56,1311.9662523269653,451.23817348480225,1316.0548095703125,450.9244079589844,3.9296887,8.0,1,18.042095
17,56,655.2844896316528,297.495436668396,659.373046875,297.1816711425781,3.8168051,12.0,-1,17.58514
26,56,765.7695970535278,1150.3618612289429,769.858154296875,1150.048095703125,3.6963418,10.0,-1,2.324113
6,56,1218.1624193191528,596.7947835922241,1222.2509765625,596.4810180664062,3.6868937,10.0,1,6.7262387
25,56,431.2257127761841,524.5084066390991,435.31427001953125,524.1946411132812,3.367411,18.0,-1,13.6437645
136,56,1402.4345140457153,23.63231372833252,1406.5230712890625,23.31854820251465,3.3437197,22.0,-1,15.6923065
13,56,1526.3408861160278,876.9948568344116,1530.429443359375,876.6810913085938,3.3239682,10.0,-1,20.616821
9,56,228.6754961013794,37.59866237640381,232.76405334472656,37.28489685058594,3.1795104,8.0,1,20.260706
23,56,746.7821702957153,298.10453701019287,750.8707275390625,297.790771484375,2.8228693,6.0,1,13.093518
8,56,855.9939012527466,299.5758810043335,860.0824584960938,299.2621154785156,2.8221304,18.0,-1,16.216387
28,56,66.86073017120361,520.7496175765991,70.94928741455078,520.4358520507812,2.0753062,6.0,1,7.648597
115,56,1603.4497728347778,428.7204427719116,1607.538330078125,428.40667724609375,2.0393589,22.0,-1,16.183363
29,56,510.16693592071533,402.2563314437866,514.2554931640625,401.94256591796875,1.9747168,26.0,-1,5.5152245
19,56,973.1550951004028,536.6254720687866,977.24365234375,536.3117065429688,1.846633,10.0,-1,4.9418263
33,56,505.85739612579346,1202.0237264633179,509.9459533691406,1201.7099609375,1.6813353,6.0,1,3.5665994
153,56,66.31925678253174,450.653639793396,70.4078140258789,450.3398742675781,1.5010428,26.0,-1,17.169737
27,56,240.69464588165283,642.8390340805054,244.783203125,642.5252685546875,1.4945375,12.0,1,7.1671267
32,56,413.5750780105591,174.03935146331787,417.66363525390625,173.7255859375,1.3725762,10.0,-1,8.954351
22,56,184.18080615997314,415.4321126937866,188.2693634033203,415.11834716796875,1.2467016,6.0,1,0.22376686
40,56,191.94373035430908,513.3464803695679,196.03228759765625,513.03271484375,1.1660239,10.0,-1,11.456189
34,56,635.9854173660278,1149.7169637680054,640.073974609375,1149.4031982421875,0.82311875,24.0,-1,2.5024543
169,56,334.44318103790283,7.90776252746582,338.53173828125,7.593997001647949,0.758672,8.0,-1,11.047348
51,56,198.5223741531372,420.259840965271,202.61093139648438,419.9460754394531,0.29225275,10.0,1,5.019188
140,56,312.0297899246216,187.99583339691162,316.11834716796875,187.68206787109375,0.20667134,10.0,1,2.4479856
10,57,1244.357060432434,180.6789083480835,1248.1614990234375,180.094482421875,20.52574,10.0,-1,41.30237
0,57,103.5763750076294,1108.454909324646,107.38081359863281,1107.8704833984375,14.172387,10.0,1,26.947924
5,57,507.86468982696533,436.3742208480835,511.66912841796875,435.789794921875,12.544182,12.0,-1,35.84674
4,57,1455.8000535964966,203.03727626800537,1459.6044921875,202.45285034179688,10.230206,10.0,-1,9.382572
2,57,291.24130725860596,127.35947322845459,295.0457458496094,126.7750473022461,10.196268,10.0,1,27.380127
168,57,28.21554660797119,11.58349609375,32.01998519897461,10.999070167541504,9.845245,10.0,-1,40.156548
20,57,556.1262865066528,802.464919090271,559.9307250976562,801.8804931640625,8.183572,8.0,-1,38.917297
7,57,180.27563953399658,440.75358486175537,184.080078125,440.1691589355469,7.6092324,8.0,-1,7.476284
3,57,825.5559740066528,1075.421462059021,829.3604125976562,1074.8370361328125,6.211534,8.0,1,19.165472
15,57,1307.0529832839966,36.48535442352295,1310.857421875,35.90092849731445,5.7796273,10.0,-1,23.901588
6,57,1219.3776903152466,597.9533834457397,1223.18212890625,597.3689575195312,5.749989,10.0,1,9.775668
24,57,1312.0058641433716,450.74171352386475,1315.810302734375,450.15728759765625,5.4669175,8.0,1,18.075495
136,57,1399.267704963684,24.923998832702637,1403.0721435546875,24.33957290649414,5.36274,22.0,-1,16.700039
11,57,776.5214891433716,826.4000387191772,780.325927734375,825.8156127929688,5.062301,10.0,-1,33.92595
13,57,1525.848271369934,874.437087059021,1529.6527099609375,873.8526611328125,4.9252996,12.0,-1,15.880322
35,57,444.4032335281372,750.9320821762085,448.2076721191406,750.34765625,4.764761,8.0,-1,33.858276
16,57,1392.6777391433716,1189.1859884262085,1396.482177734375,1188.6015625,4.307075,6.0,1,11.536455
23,57,746.1455125808716,297.2941427230835,749.949951171875,296.709716796875,4.12865,6.0,1,15.615494
1,57,541.1732835769653,664.264479637146,544.9777221679688,663.6800537109375,4.109117,10.0,-1,19.090038
26,57,764.1181688308716,1150.3693380355835,767.922607421875,1149.784912109375,3.8789332,10.0,-1,0.98981905
9,57,229.52336597442627,37.294135093688965,233.3278045654297,36.70970916748047,3.654747,8.0,1,19.13812
8,57,859.2008714675903,299.5197591781616,863.0053100585938,298.9353332519531,3.6356976,20.0,-1,16.426895
19,57,974.1106615066528,536.617995262146,977.9151000976562,536.0335693359375,2.7996104,10.0,-1,8.17083
115,57,1602.9323778152466,428.7342367172241,1606.73681640625,428.1498107910156,2.6906755,20.0,-1,16.164248
17,57,654.7744188308716,298.12159633636475,658.578857421875,297.53717041015625,2.4617097,6.0,1,6.279079
28,57,67.85759449005127,521.7880392074585,71.66203308105469,521.20361328125,2.3406863,6.0,1,9.152869
25,57,435.6151170730591,520.7750387191772,439.4195556640625,520.1906127929688,2.2905338,20.0,-1,12.51816
27,57,240.14478015899658,644.7343893051147,243.94921875,644.1499633789062,1.6044747,10.0,1,7.658182
153,57,67.4993257522583,448.8937826156616,71.30376434326172,448.3093566894531,1.5371346,26.0,-1,15.963133
32,57,414.3786668777466,172.86303615570068,418.18310546875,172.2786102294922,1.3959442,10.0,-1,8.657986
40,57,190.9879961013794,516.2342672348022,194.7924346923828,515.6498413085938,1.1487917,10.0,-1,10.022322
22,57,183.8860673904419,416.359938621521,187.6905059814453,415.7755126953125,1.1191565,12.0,-1,10.265465
33,57,506.2587022781372,1201.308669090271,510.0631408691406,1200.7242431640625,0.8077528,6.0,1,2.4345589
29,57,509.5979051589966,406.89860439300537,513.40234375,406.3141784667969,0.7744102,10.0,1,0.9335008
34,57,634.2860765457153,1146.507887840271,638.0905151367188,1145.9234619140625,0.6042962,24.0,-1,3.0354073
169,57,334.78119373321533,11.452219009399414,338.58563232421875,10.867793083190918,0.55763924,10.0,-1,9.748334
140,57,311.5240526199341,188.698561668396,315.3284912109375,188.1141357421875,0.37419483,10.0,1,3.3575397
51,57,197.92448902130127,420.4400472640991,201.7289276123047,419.8556213378906,0.19801165,10.0,1,3.666049
10,58,1244.1428422927856,182.51962184906006,1248.0213623046875,181.9905548095703,21.31714,10.0,-1,43.090042
5,58,504.6171770095825,434.4826192855835,508.4956970214844,433.95355224609375,14.966464,12.0,-1,37.172817
4,58,1455.8620805740356,204.70866298675537,1459.7406005859375,204.17959594726562,14.845977,10.0,-1,12.4813385
15,58,1306.1045122146606,34.89076900482178,1309.9830322265625,34.36170196533203,12.773023,10.0,-1,25.107357
2,58,290.2710771560669,127.86946773529053,294.14959716796875,127.34040069580078,11.845675,10.0,1,25.58293
0,58,104.09831714630127,1108.7274312973022,107.97683715820312,1108.1983642578125,11.694595,10.0,1,25.51994
6,58,1220.0057573318481,597.9533834457397,1223.88427734375,597.42431640625,9.550903,10.0,1,13.381488
3,58,824.5708818435669,1076.5448141098022,828.4494018554688,1076.0157470703125,8.236095,8.0,1,20.406046
24,58,1311.7831010818481,450.1886739730835,1315.66162109375,449.65960693359375,7.897247,8.0,1,21.11842
168,58,24.727835655212402,12.463171005249023,28.606355667114258,11.934103965759277,6.865192,10.0,-1,39.159485
11,58,777.0791826248169,824.2387228012085,780.9577026367188,823.7096557617188,6.4546885,8.0,-1,37.895676
23,58,746.0164384841919,296.93641567230225,749.8949584960938,296.4073486328125,6.23527,6.0,1,8.352083
7,58,180.9929552078247,441.17957973480225,184.87147521972656,440.6505126953125,6.1799316,8.0,-1,10.542048
20,58,557.7051591873169,803.8784322738647,561.5836791992188,803.349365234375,4.9564033,8.0,-1,39.267506
16,58,1394.5057573318481,1191.1280660629272,1398.38427734375,1190.5989990234375,4.4540334,6.0,1,11.033305
136,58,1402.6716508865356,24.86217975616455,1406.5501708984375,24.333112716674805,4.317706,22.0,-1,15.055069
1,58,542.9564409255981,664.8437643051147,546.8349609375,664.314697265625,3.7333076,10.0,-1,18.590843
13,58,1522.6305131912231,872.9195699691772,1526.509033203125,872.3905029296875,3.6440573,14.0,-1,15.008015
115,58,1604.3967485427856,428.4543294906616,1608.2752685546875,427.9252624511719,3.5306823,22.0,-1,16.684404
9,58,227.5436601638794,38.580904960632324,231.42218017578125,38.05183792114258,3.3389947,8.0,1,22.2663
26,58,764.1574907302856,1152.4756002426147,768.0360107421875,1151.946533203125,3.3305118,6.0,1,1.5242138
8,58,858.1856279373169,301.01283168792725,862.0641479492188,300.4837646484375,3.2587605,20.0,-1,14.884508
25,58,431.68986988067627,517.0785665512085,435.5683898925781,516.5494995117188,2.7310543,18.0,-1,12.729701
35,58,443.08986377716064,748.306227684021,446.9683837890625,747.7771606445312,2.4768245,8.0,-1,24.967413
28,58,68.23882007598877,520.915358543396,72.11734008789062,520.3862915039062,2.4316912,6.0,1,7.6464887
32,58,414.4496660232544,171.92979335784912,418.32818603515625,171.40072631835938,2.0957558,10.0,-1,13.641011
19,58,974.0480546951294,535.6884298324585,977.9265747070312,535.1593627929688,2.044061,10.0,-1,7.7195673
153,58,68.16038227081299,450.9019613265991,72.03890228271484,450.3728942871094,1.9562702,26.0,-1,15.910866
27,58,240.14478015899658,644.319167137146,244.02330017089844,643.7901000976562,1.907504,10.0,1,8.354882
17,58,656.6621294021606,297.24232387542725,660.5406494140625,296.7132568359375,1.854493,8.0,1,19.630064
169,58,338.4065752029419,17.311196327209473,342.28509521484375,16.782129287719727,0.86312777,10.0,-1,10.025009
40,58,190.18095874786377,519.5509176254272,194.05947875976562,519.0218505859375,0.8513689,10.0,-1,8.619369
22,58,183.14023303985596,416.687087059021,187.0187530517578,416.15802001953125,0.8003052,24.0,-1,11.210011
33,58,506.41423511505127,1200.0145406723022,510.2927551269531,1199.4854736328125,0.6366805,6.0,1,4.5849123
34,58,633.9792680740356,1144.7732076644897,637.8577880859375,1144.244140625,0.56631047,26.0,-1,2.0036426
140,58,310.45641040802,190.26483058929443,314.3349304199219,189.7357635498047,0.35148993,10.0,1,2.790309
51,58,199.59579944610596,420.0173177719116,203.4743194580078,419.4882507324219,0.2015358,12.0,1,0.6945696
10,59,1244.1428422927856,180.74610042572021,1247.902099609375,179.89791870117188,23.385313,10.0,-1,41.86979
4,59,1456.2821245193481,208.99037837982178,1460.0413818359375,208.14219665527344,13.033271,10.0,-1,12.707878
2,59,290.7289628982544,127.71270656585693,294.48822021484375,126.8645248413086,11.525772,10.0,1,26.592875
5,59,501.144642829895,437.1515874862671,504.9039001464844,436.30340576171875,10.836475,12.0,-1,35.557354
0,59,102.84465503692627,1110.0824346542358,106.60391235351562,1109.2342529296875,10.491607,10.0,1,31.732943
3,59,825.8604326248169,1076.5300664901733,829.6196899414062,1075.681884765625,9.313492,8.0,1,19.722427
6,59,1220.1554155349731,596.6114873886108,1223.9146728515625,595.7633056640625,8.413744,10.0,1,11.989889
7,59,181.99669361114502,440.4571294784546,185.75595092773438,439.60894775390625,7.957586,8.0,-1,9.271946
11,59,778.0556840896606,822.6924200057983,781.81494140625,821.84423828125,7.4021897,10.0,-1,41.008286
168,59,25.722195625305176,13.598773002624512,29.48145294189453,12.750591278076172,7.102714,12.0,-1,40.84455
15,59,1306.8652544021606,32.87425518035889,1310.62451171875,32.02607345581055,7.053276,10.0,-1,21.649538
24,59,1309.9577836990356,448.86209774017334,1313.717041015625,448.013916015625,5.8893895,8.0,1,22.914616
20,59,559.9934892654419,804.8195562362671,563.7527465820312,803.9713745117188,5.814238,8.0,-1,42.107464
136,59,1403.5731401443481,25.700106620788574,1407.3323974609375,24.851924896240234,4.8134418,20.0,-1,16.27389
115,59,1605.7310991287231,427.10526180267334,1609.4903564453125,426.257080078125,4.0633416,22.0,-1,16.161177
16,59,1393.6541948318481,1190.1286993026733,1397.4134521484375,1189.280517578125,3.5797098,6.0,1,10.314863
25,59,431.3527421951294,513.1605596542358,435.11199951171875,512.3123779296875,3.4625204,18.0,-1,12.755319
9,59,227.06764698028564,38.580904960632324,230.826904296875,37.732723236083984,3.3331652,8.0,1,21.446537
13,59,1520.0905961990356,867.3962163925171,1523.849853515625,866.5480346679688,3.2649043,12.0,-1,15.60113
1,59,542.7393999099731,664.9737920761108,546.4986572265625,664.1256103515625,3.2232044,10.0,-1,15.030378
23,59,745.7150468826294,297.59415340423584,749.4743041992188,296.7459716796875,3.1878865,6.0,1,8.480771
8,59,859.5629472732544,298.49588680267334,863.3222045898438,297.647705078125,2.9106169,20.0,-1,14.383452
19,59,972.0156450271606,534.8351202011108,975.77490234375,533.9869384765625,2.7995107,10.0,-1,5.0875297
28,59,66.30006122589111,521.6867437362671,70.05931854248047,520.8385620117188,2.6885622,6.0,1,8.173133
17,59,660.5188798904419,298.09073543548584,664.2781372070312,297.2425537109375,2.5505831,6.0,1,9.727774
26,59,763.7901811599731,1153.5626592636108,767.5494384765625,1152.7144775390625,2.1901555,6.0,1,0.16015387
35,59,438.2626543045044,747.0973882675171,442.02191162109375,746.2492065429688,2.0963514,8.0,-1,24.390638
181,59,3.7310004234313965,107.60471248626709,7.490257740020752,106.75653076171875,1.859787,8.0,1,5.207306
153,59,67.38422870635986,452.36319637298584,71.14348602294922,451.5150146484375,1.6344868,26.0,-1,16.52462
22,59,184.25009632110596,416.9753484725952,188.0093536376953,416.1271667480469,1.4653968,12.0,-1,4.894753
32,59,412.58339405059814,171.52550411224365,416.3426513671875,170.6773223876953,1.4637035,10.0,-1,8.82225
34,59,632.8408403396606,1144.7880010604858,636.60009765625,1143.9398193359375,1.3188611,24.0,-1,4.417691
27,59,241.1863603591919,645.0938482284546,244.94561767578125,644.2456665039062,1.124955,10.0,1,7.6761312
33,59,506.61281299591064,1198.5428838729858,510.3720703125,1197.6947021484375,0.9763172,6.0,1,2.5321858
40,59,190.20766162872314,520.2523565292358,193.9669189453125,519.4041748046875,0.7017335,10.0,-1,6.260495
29,59,511.28163623809814,410.6994695663452,515.0408935546875,409.8512878417969,0.50232685,10.0,1,1.9623141
169,59,339.6180009841919,20.536738395690918,343.37725830078125,19.688556671142578,0.4276364,10.0,-1,10.079537
51,59,198.29723072052002,419.6999273300171,202.05648803710938,418.85174560546875,0.2883595,10.0,1,3.3370726
140,59,309.88918018341064,191.58235836029053,313.6484375,190.7341766357422,0.22697456,12.0,1,2.7022223
10,60,1244.0440196990967,179.82892513275146,1247.89599609375,178.284423828125,18.179472,10.0,-1,42.241962
2,60,290.7324962615967,129.43805599212646,294.58447265625,127.8935546875,16.169037,10.0,1,24.975584
4,60,1456.0396251678467,208.6367712020874,1459.8916015625,207.09226989746094,15.218272,10.0,-1,14.529019
0,60,102.11417961120605,1110.1216497421265,105.96615600585938,1108.5771484375,12.919488,10.0,1,30.748055
3,60,825.9563121795654,1075.883002281189,829.8082885742188,1074.3385009765625,10.220533,8.0,1,21.53971
5,60,502.31828117370605,436.6402654647827,506.1702575683594,435.09576416015625,10.04852,12.0,-1,36.641132
168,60,25.94188117980957,15.343663215637207,29.79385757446289,13.799161911010742,9.567277,12.0,-1,39.621284
15,60,1306.5753917694092,31.14231586456299,1310.4273681640625,29.597814559936523,6.4605355,10.0,-1,22.989748
11,60,778.4842052459717,820.3383855819702,782.336181640625,818.7938842773438,6.288799,8.0,-1,40.45393
20,60,559.6745738983154,805.3347845077515,563.5265502929688,803.790283203125,6.136846,8.0,-1,39.570942
24,60,1308.4893321990967,447.91641902923584,1312.34130859375,446.3719177246094,5.291968,8.0,1,23.386713
136,60,1405.1609630584717,29.510743141174316,1409.012939453125,27.96624183654785,4.4820976,22.0,-1,13.797635
7,60,182.0584545135498,440.4571294784546,185.91043090820312,438.9126281738281,4.1338124,8.0,-1,6.728326
32,60,409.2867259979248,173.79267024993896,413.1387023925781,172.2481689453125,4.080581,12.0,-1,26.232637
8,60,859.9735851287842,299.3440923690796,863.8255615234375,297.7995910644531,3.84147,22.0,-1,14.668558
16,60,1392.1076183319092,1191.078558921814,1395.9595947265625,1189.5340576171875,3.723877,6.0,1,9.673649
181,60,3.7310004234313965,105.80268001556396,7.582976818084717,104.2581787109375,3.2883475,14.0,-1,2.1932268
6,60,1217.3563976287842,596.5796575546265,1221.2083740234375,595.03515625,3.286539,10.0,1,6.612805
9,60,226.20228385925293,38.27831554412842,230.05426025390625,36.73381423950195,3.141017,8.0,1,21.498632
23,60,746.5702648162842,297.25589656829834,750.4222412109375,295.7113952636719,3.050954,12.0,-1,1.0640992
26,60,764.2099132537842,1157.1060247421265,768.0618896484375,1155.5615234375,2.8980448,6.0,1,2.1850173
28,60,63.510541915893555,522.0877752304077,67.36251831054688,520.5432739257812,2.6938646,6.0,1,12.3503
35,60,438.55180168151855,749.0837469100952,442.4037780761719,747.5392456054688,2.6815832,8.0,-1,26.181616
115,60,1604.5132579803467,424.9886541366577,1608.365234375,423.44415283203125,2.5678852,22.0,-1,13.4787445
1,60,542.9732799530029,668.1526556015015,546.8252563476562,666.608154296875,2.4671621,10.0,-1,14.369101
153,60,66.26826286315918,452.8162603378296,70.1202392578125,451.2717590332031,2.3068354,26.0,-1,17.723179
183,60,432.89201164245605,505.76569271087646,436.7439880371094,504.22119140625,2.2871952,18.0,-1,12.787143
13,60,1513.8899669647217,863.1499700546265,1517.741943359375,861.60546875,2.1214612,14.0,-1,13.643611
17,60,660.5385875701904,296.7996587753296,664.3905639648438,295.2551574707031,1.8021649,6.0,1,6.686739
19,60,969.6505260467529,535.7550115585327,973.5025024414062,534.2105102539062,1.728356,10.0,-1,7.5314445
22,60,184.45588493347168,417.4063482284546,188.307861328125,415.8618469238281,1.3187429,12.0,-1,0.11999333
33,60,509.68421745300293,1196.4632024765015,513.5361938476562,1194.918701171875,1.2891773,6.0,1,4.237976
27,60,240.42342948913574,646.786322593689,244.27540588378906,645.2418212890625,0.9865699,10.0,1,7.075669
34,60,631.7592906951904,1139.8574895858765,635.6112670898438,1138.31298828125,0.7365021,24.0,-1,3.9732592
169,60,344.8632640838623,20.348097801208496,348.7152404785156,18.80359649658203,0.6839455,10.0,-1,9.933664
40,60,191.32795524597168,518.6231145858765,195.179931640625,517.07861328125,0.65332323,10.0,-1,5.43323
51,60,199.598539352417,420.5324468612671,203.4505157470703,418.9879455566406,0.21206796,10.0,1,2.818644
140,60,309.7714672088623,191.95015621185303,313.6234436035156,190.40565490722656,0.18227781,12.0,1,2.2959464
4,61,1455.5260677337646,207.74799251556396,1459.8245849609375,206.16944885253906,15.476224,10.0,-1,14.085549
5,61,503.4708309173584,435.2669286727905,507.76934814453125,433.6883850097656,14.309508,12.0,-1,37.268997
2,61,289.788366317749,130.74524593353271,294.0868835449219,129.1667022705078,12.275481,10.0,1,24.284992
0,61,102.19328117370605,1108.4084997177124,106.4917984008789,1106.8299560546875,11.958157,10.0,1,23.260612
10,61,1242.9826107025146,180.43654537200928,1247.2811279296875,178.85800170898438,11.696546,10.0,-1,41.501526
168,61,27.54969596862793,13.631017684936523,31.84821319580078,12.052474021911621,11.253384,12.0,-1,41.237705
15,61,1303.6614437103271,31.899998664855957,1307.9599609375,30.321455001831055,9.823217,10.0,-1,24.941015
3,61,825.4801692962646,1076.1465368270874,829.7786865234375,1074.5679931640625,8.682248,8.0,1,20.385979
11,61,777.6276302337646,821.6124792098999,781.9261474609375,820.033935546875,7.2104335,10.0,-1,40.61778
7,61,181.69293785095215,441.27464962005615,185.991455078125,439.69610595703125,6.852703,8.0,-1,7.36751
20,61,559.7458553314209,805.4072179794312,564.0443725585938,803.8286743164062,6.3535438,8.0,-1,41.199234
23,61,745.6419734954834,295.5552587509155,749.9404907226562,293.9767150878906,6.1187496,6.0,1,1.2300594
136,61,1406.4794368743896,32.06286144256592,1410.7779541015625,30.484317779541016,5.485956,20.0,-1,17.919088
24,61,1308.5775814056396,447.7708959579468,1312.8760986328125,446.1923522949219,4.8140645,8.0,1,27.308647
6,61,1218.4578304290771,599.2376012802124,1222.75634765625,597.6590576171875,4.763724,10.0,1,8.391013
1,61,543.8753719329834,671.2004308700562,548.1738891601562,669.6218872070312,4.383497,10.0,-1,18.051003
26,61,765.5893611907959,1157.341238975525,769.8878784179688,1155.7626953125,4.0968785,10.0,-1,4.603753
16,61,1390.0189876556396,1191.2454137802124,1394.3175048828125,1189.6668701171875,3.774841,6.0,1,6.713845
8,61,860.5147762298584,303.2666234970093,864.8132934570312,301.6880798339844,3.2051027,22.0,-1,13.551302
35,61,439.76654624938965,746.8411169052124,444.0650634765625,745.2625732421875,3.0736902,8.0,-1,29.391302
28,61,63.301313400268555,521.6268224716187,67.5998306274414,520.0482788085938,2.865573,6.0,1,12.626233
32,61,407.20697593688965,172.8175573348999,411.5054931640625,171.239013671875,2.8170881,12.0,-1,22.590996
9,61,227.3035182952881,37.30102062225342,231.60203552246094,35.722476959228516,2.6162903,8.0,1,20.79914
17,61,661.1411190032959,294.6262426376343,665.4396362304688,293.0476989746094,2.418785,6.0,1,2.087934
13,61,1514.7539730072021,862.4215612411499,1519.052490234375,860.843017578125,2.3999186,14.0,-1,14.873717
19,61,967.3589534759521,537.5171422958374,971.657470703125,535.9385986328125,2.2636924,10.0,-1,8.685356
115,61,1601.2648372650146,429.1472997665405,1605.5633544921875,427.5687561035156,2.171746,22.0,-1,16.229473
183,61,429.8598384857178,504.9099340438843,434.1583557128906,503.3313903808594,2.0347216,18.0,-1,11.95133
153,61,66.4898509979248,452.06322383880615,70.78836822509766,450.48468017578125,2.0311315,26.0,-1,17.174244
34,61,630.3007259368896,1135.5337438583374,634.5992431640625,1133.9552001953125,1.7829853,26.0,-1,4.9611363
181,61,3.9757041931152344,105.33062648773193,8.274221420288086,103.75208282470703,1.5960716,12.0,-1,0.6645645
22,61,183.64157676696777,417.3339147567749,187.94009399414062,415.75537109375,1.5749396,12.0,-1,5.8475995
33,61,508.2205867767334,1197.0950231552124,512.5191040039062,1195.5164794921875,1.1922157,6.0,1,1.3348622
27,61,240.59728050231934,647.1912145614624,244.8957977294922,645.6126708984375,1.1327695,10.0,1,7.3501067
169,61,346.4964656829834,15.953634262084961,350.79498291015625,14.375090599060059,0.8574519,8.0,-1,10.748484
40,61,189.8426570892334,523.4600744247437,194.14117431640625,521.8815307617188,0.7549469,8.0,-1,10.339185
51,61,199.52725791931152,420.21080684661865,203.82577514648438,418.63226318359375,0.19612032,12.0,1,0.84223986
140,61,312.1122798919678,193.63721370697021,316.4107971191406,192.0586700439453,0.18218124,12.0,1,2.8260903
10,62,1243.9744472503662,180.2391119003296,1247.883544921875,178.05967712402344,18.57129,10.0,-1,41.519825
5,62,505.4856472015381,435.7740697860718,509.3947448730469,433.5946350097656,14.231364,12.0,-1,37.501854
2,62,289.03429222106934,131.25365352630615,292.9433898925781,129.07421875,12.1347685,10.0,1,21.670305
4,62,1454.0431728363037,210.93334102630615,1457.9522705078125,208.75390625,10.692824,10.0,-1,7.09309
3,62,825.7787685394287,1078.1818761825562,829.6878662109375,1076.00244140625,10.458371,8.0,1,19.302555
168,62,30.007863998413086,12.518174171447754,33.916961669921875,10.338739395141602,9.73907,12.0,-1,43.333733
0,62,103.50396537780762,1107.8391027450562,107.4130630493164,1105.65966796875,9.467875,10.0,1,20.603928
11,62,776.0570888519287,824.4692907333374,779.9661865234375,822.2898559570312,7.3615355,10.0,-1,43.11444
7,62,181.98428916931152,441.3673620223999,185.8933868408203,439.18792724609375,6.159184,8.0,-1,7.480155
24,62,1308.3645839691162,448.392539024353,1312.273681640625,446.2131042480469,6.084582,8.0,1,24.624147
6,62,1216.3794765472412,599.0697546005249,1220.28857421875,596.8903198242188,5.3611026,10.0,1,7.003739
136,62,1405.2268886566162,30.958064079284668,1409.135986328125,28.778629302978516,4.870294,20.0,-1,15.725226
20,62,562.290060043335,805.1410436630249,566.1991577148438,802.9616088867188,4.112853,8.0,-1,37.044163
15,62,1302.3787441253662,29.947400093078613,1306.287841796875,27.76796531677246,4.0559225,10.0,-1,18.49133
9,62,228.3857936859131,37.69851207733154,232.29489135742188,35.51907730102539,4.053419,8.0,1,19.855623
16,62,1390.1634120941162,1190.5377111434937,1394.072509765625,1188.3582763671875,3.5284102,6.0,1,9.112175
1,62,544.6627407073975,671.0815343856812,548.5718383789062,668.902099609375,3.4889545,10.0,-1,16.53031
17,62,660.560079574585,292.28343868255615,664.4691772460938,290.10400390625,3.4675815,6.0,1,3.7742536
8,62,859.995626449585,305.733359336853,863.9047241210938,303.5539245605469,3.3872302,22.0,-1,14.703064
23,62,744.7938442230225,298.2649145126343,748.7029418945312,296.0854797363281,3.3546715,12.0,-1,0.8107749
35,62,438.9824733734131,744.6631994247437,442.8915710449219,742.4837646484375,2.9519923,8.0,-1,26.8008
13,62,1513.3042812347412,863.1088781356812,1517.21337890625,860.929443359375,2.8195438,12.0,-1,14.105474
181,62,5.687256813049316,105.12451839447021,9.596354484558105,102.94508361816406,2.7508314,14.0,-1,2.678943
32,62,407.0625514984131,173.37697505950928,410.9716491699219,171.19754028320312,2.7003334,10.0,-1,14.918169
183,62,430.28746604919434,504.845664024353,434.1965637207031,502.6662292480469,2.3818264,18.0,-1,12.401
153,62,67.93253898620605,454.2918004989624,71.84163665771484,452.11236572265625,2.2766404,26.0,-1,15.497702
19,62,968.323751449585,537.9539098739624,972.2328491210938,535.7744750976562,1.9528397,10.0,-1,9.457016
28,62,62.75185203552246,522.5530920028687,66.66094970703125,520.3736572265625,1.9186091,6.0,1,14.374529
115,62,1597.7652187347412,428.81041622161865,1601.67431640625,426.6309814453125,1.6765181,22.0,-1,17.817314
26,62,763.569845199585,1154.5218420028687,767.4789428710938,1152.3424072265625,1.6483402,10.0,-1,1.705417
22,62,181.90585899353027,417.6252965927124,185.81495666503906,415.44586181640625,1.4766093,6.0,1,0.5863209
40,62,191.04514122009277,520.8662023544312,194.95423889160156,518.686767578125,1.3966179,8.0,-1,12.685797
33,62,511.83070945739746,1197.7798986434937,515.7398071289062,1195.6004638671875,1.1463016,6.0,1,5.0201483
34,62,629.6405239105225,1135.5980138778687,633.5496215820312,1133.4185791015625,1.0782996,26.0,-1,4.861844
27,62,242.1867275238037,648.5937414169312,246.0958251953125,646.414306640625,0.96737266,10.0,1,6.37816
169,62,347.15212059020996,15.838493347167969,351.06121826171875,13.659058570861816,0.64203864,10.0,-1,10.979794
29,62,509.50929832458496,411.51476192474365,513.4183959960938,409.3353271484375,0.33370313,8.0,1,1.6407316
51,62,198.4071102142334,419.6925268173218,202.3162078857422,417.5130920410156,0.20991059,12.0,1,2.2890015
140,62,314.4194850921631,192.5144567489624,318.3285827636719,190.33502197265625,0.20868798,10.0,1,1.8188806
5,63,508.32597160339355,435.4729833602905,511.78302001953125,433.8273620605469,18.38343,12.0,-1,37.671337
2,63,290.20850944519043,130.11743831634521,293.6655578613281,128.47181701660156,14.471958,10.0,1,22.39418
6,63,1214.6722240447998,599.4814977645874,1218.1292724609375,597.8358764648438,13.843125,10.0,1,19.622305
10,63,1244.1922435760498,181.88077449798584,1247.6492919921875,180.2351531982422,13.621582,10.0,-1,41.808136
4,63,1454.4141674041748,210.97347164154053,1457.8712158203125,209.32785034179688,11.009341,10.0,-1,3.2751431
3,63,824.2764720916748,1077.5690832138062,827.7335205078125,1075.9234619140625,9.564992,8.0,1,20.211868
168,63,28.320470809936523,11.386073112487793,31.77751922607422,9.74045181274414,9.331829,12.0,-1,40.715706
0,63,105.30393028259277,1107.8391027450562,108.76097869873047,1106.1934814453125,7.269123,10.0,1,18.89675
20,63,564.587080001831,804.0895299911499,568.0441284179688,802.4439086914062,6.3830624,8.0,-1,39.636948
11,63,777.8047313690186,823.8474035263062,781.2617797851562,822.2017822265625,6.2467175,8.0,-1,40.516907
7,63,181.72042655944824,441.4878149032593,185.17747497558594,439.8421936035156,5.3141985,8.0,-1,6.763685
9,63,229.907377243042,36.55028057098389,233.3644256591797,34.904659271240234,4.7837806,8.0,1,18.5119
16,63,1388.9584789276123,1189.3596105575562,1392.41552734375,1187.7139892578125,3.4919436,6.0,1,6.7732697
136,63,1403.4534740447998,31.67398166656494,1406.9105224609375,30.02836036682129,3.4617803,20.0,-1,16.619822
17,63,658.9427318572998,291.20287227630615,662.3997802734375,289.5572509765625,3.457619,6.0,1,2.584639
1,63,545.3680248260498,669.6922521591187,548.8250732421875,668.046630859375,3.4186862,10.0,-1,22.090168
24,63,1309.4902172088623,449.0940465927124,1312.947265625,447.44842529296875,3.0965111,8.0,1,21.627356
8,63,857.8420848846436,307.9146947860718,861.2991333007812,306.2690734863281,3.0075598,20.0,-1,16.399858
26,63,760.5493602752686,1155.4601964950562,764.0064086914062,1153.8145751953125,3.0004537,10.0,-1,1.5536511
15,63,1304.0674877166748,29.40151882171631,1307.5245361328125,27.755897521972656,2.8219252,10.0,-1,13.463644
23,63,744.9500560760498,296.5434789657593,748.4071044921875,294.8978576660156,2.6696303,12.0,-1,14.352297
153,63,67.93253898620605,451.5763158798218,71.38958740234375,449.9306945800781,2.4438632,26.0,-1,16.87838
32,63,406.5403575897217,174.78851985931396,409.9974060058594,173.1428985595703,2.2740185,10.0,-1,15.788731
35,63,438.83204460144043,745.6960973739624,442.2890930175781,744.0504760742188,2.252917,8.0,-1,22.62652
28,63,62.09018516540527,522.0565710067749,65.54723358154297,520.4109497070312,2.23686,6.0,1,13.265537
181,63,5.293544769287109,106.90469264984131,8.750593185424805,105.25907135009766,2.2155147,8.0,1,1.9722145
19,63,970.6777782440186,539.3850011825562,974.1348266601562,537.7393798828125,1.8211235,10.0,-1,9.308381
13,63,1514.5566234588623,863.4966344833374,1518.013671875,861.8510131835938,1.7536297,14.0,-1,11.463896
183,63,432.6905040740967,505.5874547958374,436.1475524902344,503.94183349609375,1.6181911,20.0,-1,11.829701
22,63,181.64352226257324,418.0448217391968,185.10057067871094,416.3992004394531,1.4844936,6.0,1,6.751952
40,63,192.99342155456543,519.6489782333374,196.45046997070312,518.0033569335938,1.4546448,8.0,-1,19.179272
33,63,512.9194774627686,1198.6904211044312,516.3765258789062,1197.0447998046875,1.3875619,6.0,1,5.351945
34,63,626.7158031463623,1131.3875646591187,630.1728515625,1129.741943359375,1.3399948,26.0,-1,6.3958807
115,63,1599.9356517791748,430.569540977478,1603.3927001953125,428.9239196777344,1.2155374,22.0,-1,17.457888
169,63,345.49491691589355,17.394838333129883,348.95196533203125,15.74921703338623,0.864636,8.0,-1,10.214747
27,63,241.71668815612793,650.1823644638062,245.17373657226562,648.5367431640625,0.7618615,12.0,1,6.0385585
29,63,508.6163158416748,411.2621374130249,512.0733642578125,409.61651611328125,0.33294007,26.0,-1,2.6138062
140,63,316.00636100769043,192.12506771087646,319.4634094238281,190.4794464111328,0.21643788,10.0,1,1.964227
51,63,197.58973503112793,419.67626094818115,201.04678344726562,418.0306396484375,0.19079119,10.0,1,3.860885
10,64,1243.6955089569092,181.25653743743896,1247.93701171875,179.97145080566406,19.639616,10.0,-1,39.399582
2,64,290.1390209197998,130.96912288665771,294.3805236816406,129.6840362548828,12.728929,10.0,1,19.326393
6,64,1213.7338390350342,598.9873571395874,1217.975341796875,597.7022705078125,11.511796,10.0,1,21.171957
5,64,507.6380138397217,436.644492149353,511.8795166015625,435.3594055175781,11.383472,12.0,-1,36.29441
4,64,1455.6541271209717,211.2003698348999,1459.8956298828125,209.915283203125,8.385843,10.0,-1,2.3112845
3,64,822.3477306365967,1077.2737340927124,826.5892333984375,1075.9886474609375,8.377716,8.0,1,20.798769
168,64,25.71242332458496,10.32833194732666,29.95392608642578,9.043245315551758,7.6622334,10.0,-1,38.10395
0,64,103.31850242614746,1108.2505407333374,107.56000518798828,1106.9654541015625,7.4215837,10.0,1,21.758743
20,64,565.3833141326904,803.3257360458374,569.6248168945312,802.0406494140625,5.1638684,8.0,-1,40.420307
7,64,180.8329906463623,441.4853734970093,185.07449340820312,440.2002868652344,4.730762,8.0,-1,5.523615
9,64,230.1880168914795,35.776312828063965,234.4295196533203,34.49122619628906,4.150863,8.0,1,20.055609
11,64,779.1316661834717,824.6462926864624,783.3731689453125,823.3612060546875,4.123882,8.0,-1,32.849167
1,64,546.4331798553467,670.4377965927124,550.6746826171875,669.1527099609375,4.030509,10.0,-1,23.620981
8,64,859.1594982147217,309.4058141708374,863.4010009765625,308.1207275390625,3.869192,18.0,-1,17.34191
136,64,1406.5403575897217,31.791869163513184,1410.7818603515625,30.50678253173828,3.1738472,20.0,-1,18.423233
15,64,1304.3096446990967,28.281899452209473,1308.5511474609375,26.99681282043457,3.0812511,10.0,-1,8.387443
16,64,1387.7680187225342,1188.1780309677124,1392.009521484375,1186.8929443359375,3.0090425,6.0,1,8.538407
32,64,403.49882316589355,175.04439449310303,407.7403259277344,173.75930786132812,2.8658922,10.0,-1,19.594828
35,64,438.83204460144043,746.3331823348999,443.07354736328125,745.048095703125,2.6970215,8.0,-1,26.17963
28,64,62.16963005065918,521.1978063583374,66.4111328125,519.9127197265625,2.4684348,6.0,1,14.381463
26,64,757.8442516326904,1155.5867223739624,762.0857543945312,1154.3016357421875,2.297779,10.0,-1,2.0125375
24,64,1306.2589855194092,449.4265966415405,1310.50048828125,448.1415100097656,2.2656057,8.0,1,20.921663
17,64,660.3831310272217,290.43932247161865,664.6246337890625,289.15423583984375,2.2211468,6.0,1,3.8986096
183,64,434.0159435272217,506.5774145126343,438.2574462890625,505.2923278808594,2.1698816,20.0,-1,10.145392
153,64,66.82291221618652,450.8222875595093,71.06441497802734,449.5372009277344,2.1039608,28.0,-1,16.583221
23,64,743.1740856170654,295.88658809661865,747.4155883789062,294.60150146484375,2.0596802,12.0,-1,16.767433
33,64,513.9006481170654,1200.7659215927124,518.1421508789062,1199.4808349609375,1.702241,6.0,1,5.1469417
13,64,1514.6355724334717,863.4966344833374,1518.8770751953125,862.2115478515625,1.6041989,14.0,-1,11.422056
181,64,5.687043190002441,107.83899593353271,9.928545951843262,106.55390930175781,1.5677618,8.0,1,4.219542
19,64,971.0981578826904,539.0519323348999,975.3396606445312,537.766845703125,1.5669199,10.0,-1,7.295874
40,64,195.25532341003418,518.7938146591187,199.496826171875,517.5087280273438,1.023584,10.0,-1,13.92478
192,64,1600.0923595428467,425.9954442977905,1604.3338623046875,424.7103576660156,1.0119221,22.0,-1,14.999496
34,64,628.2083263397217,1132.80730342865,632.4498291015625,1131.522216796875,0.9909854,22.0,-1,6.5176954
22,64,181.61781120300293,417.2462377548218,185.85931396484375,415.9611511230469,0.92321247,26.0,-1,3.3755493
115,64,1601.0445079803467,432.336142539978,1605.2860107421875,431.0510559082031,0.89951897,22.0,-1,17.398033
27,64,239.94247245788574,649.2386999130249,244.18397521972656,647.95361328125,0.89009625,12.0,1,7.490145
29,64,508.51600456237793,409.7011022567749,512.7575073242188,408.416015625,0.68212366,18.0,-1,4.023294
169,64,341.6686534881592,21.32107448577881,345.91015625,20.035987854003906,0.6036963,8.0,-1,10.666423
193,64,1604.8410167694092,414.7379369735718,1609.08251953125,413.4528503417969,0.46709323,18.0,1,8.968122
2,65,289.90841484069824,130.77017879486084,293.83203125,129.87904357910156,12.7065325,10.0,1,23.912361
5,65,505.711820602417,436.80968379974365,509.63543701171875,435.9185485839844,12.3958235,12.0,-1,35.01011
10,65,1243.6567058563232,178.40433406829834,1247.580322265625,177.51319885253906,9.428887,10.0,-1,35.717224
4,65,1458.0025310516357,211.09032344818115,1461.9261474609375,210.19918823242188,9.31062,10.0,-1,3.3352528
6,65,1214.0621013641357,599.9834203720093,1217.9857177734375,599.09228515625,8.752093,10.0,1,25.264494
1,65,548.3449993133545,670.7799291610718,552.2686157226562,669.8887939453125,8.531678,10.0,-1,26.181948
0,65,102.91026878356934,1108.3930883407593,106.8338851928711,1107.501953125,8.491898,10.0,1,24.12945
168,65,22.33391761779785,10.924440383911133,26.25753402709961,10.033305168151855,8.117213,12.0,-1,34.776127
3,65,822.3476238250732,1078.1079320907593,826.271240234375,1077.216796875,6.812641,8.0,1,20.294027
7,65,180.10575675964355,441.25121212005615,184.0293731689453,440.3600769042969,5.694851,8.0,-1,8.059883
20,65,563.8987712860107,802.6954565048218,567.8223876953125,801.8043212890625,4.9244037,8.0,-1,36.986004
17,65,661.8506145477295,289.5208044052124,665.7742309570312,288.6296691894531,4.3750844,6.0,1,1.9251506
8,65,859.746732711792,313.45238399505615,863.6703491210938,312.5612487792969,3.7936513,20.0,-1,17.83167
9,65,229.5029125213623,35.4334135055542,233.42652893066406,34.54227828979492,3.4975193,8.0,1,20.3133
23,65,740.9409465789795,295.1653356552124,744.8645629882812,294.2742004394531,3.3968399,12.0,-1,22.191133
24,65,1306.2140789031982,449.02416133880615,1310.1376953125,448.1330261230469,3.3607738,8.0,1,21.589052
11,65,782.0370769500732,826.1993017196655,785.960693359375,825.3081665039062,3.2089422,8.0,-1,30.094158
153,65,65.70966911315918,452.07823848724365,69.63328552246094,451.1871032714844,2.8592548,28.0,-1,18.176746
32,65,402.9717388153076,175.39647579193115,406.8953552246094,174.50534057617188,2.6064062,10.0,-1,18.666649
181,65,6.709277153015137,106.43102169036865,10.632893562316895,105.53988647460938,2.6026318,14.0,-1,0.42681444
136,65,1407.3695964813232,27.30760097503662,1411.293212890625,26.416465759277344,2.358214,20.0,-1,16.92235
28,65,62.40866661071777,518.9444189071655,66.33228302001953,518.0532836914062,2.3430865,6.0,1,14.923394
35,65,440.5934429168701,747.1739721298218,444.5170593261719,746.2828369140625,2.1294584,8.0,-1,24.533249
26,65,759.7593669891357,1153.5766820907593,763.6829833984375,1152.685546875,1.9510945,10.0,-1,1.9434261
13,65,1514.0911540985107,859.601279258728,1518.0147705078125,858.7101440429688,1.7702107,14.0,-1,10.359264
16,65,1390.9705486297607,1185.4613256454468,1394.8941650390625,1184.5701904296875,1.4935036,6.0,1,9.372551
169,65,342.09216117858887,23.140355110168457,346.0157775878906,22.24921989440918,1.4596686,8.0,-1,10.972727
183,65,433.8189067840576,506.5577917098999,437.7425231933594,505.6666564941406,1.4128009,20.0,-1,11.234182
192,65,1600.0098552703857,427.579062461853,1603.9334716796875,426.68792724609375,1.3896618,22.0,-1,16.47451
15,65,1301.0324382781982,24.77797222137451,1304.9560546875,23.886837005615234,1.0290858,10.0,-1,1.3172927
40,65,195.78387260437012,519.7354955673218,199.70748901367188,518.8443603515625,0.9417544,10.0,-1,11.5631895
22,65,181.61791801452637,417.26586055755615,185.54153442382812,416.3747253417969,0.9116586,12.0,-1,1.8663142
19,65,969.396879196167,539.440390586853,973.3204956054688,538.5492553710938,0.89059615,10.0,-1,0.9995259
33,65,515.268949508667,1198.4038305282593,519.1925659179688,1197.5126953125,0.88203293,6.0,1,7.627761
29,65,511.44247245788574,408.6991186141968,515.3660888671875,407.8079833984375,0.8123796,20.0,-1,0.44608688
34,65,627.632963180542,1134.5195531845093,631.5565795898438,1133.62841796875,0.7492857,24.0,-1,5.5603333
27,65,241.23614311218262,651.0211400985718,245.15975952148438,650.1300048828125,0.5743705,10.0,1,5.131557
193,65,1606.8755779266357,414.784140586853,1610.7991943359375,413.89300537109375,0.24284899,18.0,1,11.333054
2,66,289.0209331512451,130.49931240081787,292.6025390625,130.07998657226562,14.094608,10.0,1,20.832996
5,66,504.5412883758545,436.8387289047241,508.1228942871094,436.4194030761719,12.135894,12.0,-1,34.512115
6,66,1214.7903423309326,599.7744283676147,1218.3719482421875,599.3551025390625,10.608223,10.0,1,24.81867
10,66,1244.0397319793701,176.35455226898193,1247.621337890625,175.9352264404297,10.345323,10.0,-1,38.775665
0,66,102.37325096130371,1108.2284078598022,105.9548568725586,1107.80908203125,10.232908,10.0,1,26.066837
3,66,822.2440166473389,1076.9311666488647,825.8256225585938,1076.5118408203125,9.573112,8.0,1,21.653116
7,66,179.27161979675293,440.68470668792725,182.8532257080078,440.265380859375,6.3427844,8.0,-1,7.0626936
168,66,23.652706146240234,12.35855770111084,27.234312057495117,11.939231872558594,5.5969214,10.0,-1,38.31916
4,66,1456.9586772918701,211.27946376800537,1460.540283203125,210.86013793945312,5.523065,10.0,-1,2.4687343
23,66,738.6145000457764,296.996657371521,742.1961059570312,296.57733154296875,5.092403,12.0,-1,13.822028
8,66,859.4729595184326,314.48014736175537,863.0545654296875,314.0608215332031,5.015996,18.0,-1,17.928501
20,66,563.8765850067139,800.4072408676147,567.4581909179688,799.9879150390625,4.6439223,8.0,-1,37.638443
16,66,1394.2792339324951,1185.4752340316772,1397.86083984375,1185.055908203125,3.633178,6.0,1,7.0851064
17,66,662.2450542449951,289.48365688323975,665.82666015625,289.0643310546875,3.606018,6.0,1,0.93997705
35,66,439.00121879577637,747.9526510238647,442.58282470703125,747.5333251953125,3.13539,8.0,-1,30.18284
153,66,65.03264427185059,454.77564907073975,68.61425018310547,454.3563232421875,3.0090914,28.0,-1,18.727566
9,66,229.29484367370605,33.25858211517334,232.87644958496094,32.839256286621094,2.9911528,8.0,1,17.871243
181,66,6.936277389526367,106.59902858734131,10.51788330078125,106.17970275878906,2.9707325,8.0,1,8.413391
24,66,1306.2362651824951,448.13050746917725,1309.81787109375,447.711181640625,2.9652548,8.0,1,24.726738
32,66,404.8368511199951,171.89695644378662,408.41845703125,171.47763061523438,2.8120232,10.0,-1,17.38462
11,66,784.2902812957764,827.2541646957397,787.8718872070312,826.8348388671875,2.6663077,8.0,-1,28.102314
192,66,1599.2599468231201,429.36552333831787,1602.841552734375,428.9461975097656,2.3867257,22.0,-1,18.50938
1,66,552.3308696746826,670.873854637146,555.9124755859375,670.4545288085938,2.3380992,10.0,-1,17.027235
183,66,434.05004692077637,504.08253383636475,437.63165283203125,503.6632080078125,2.3353615,22.0,-1,10.710814
26,66,760.2856426239014,1152.6082906723022,763.8672485351562,1152.18896484375,2.1801732,10.0,-1,2.6982489
28,66,63.71700096130371,518.0903463363647,67.2986068725586,517.6710205078125,1.9991646,6.0,1,12.748025
15,66,1298.3275737762451,22.644280433654785,1301.9091796875,22.22495460510254,1.7963525,10.0,-1,3.232265
136,66,1410.2498149871826,28.37935161590576,1413.8314208984375,27.960025787353516,1.7792987,20.0,-1,18.662184
13,66,1513.6958599090576,857.8190450668335,1517.2774658203125,857.3997192382812,1.770069,14.0,-1,10.726391
22,66,179.43600273132324,418.46559047698975,183.01760864257812,418.0462646484375,1.4200325,6.0,1,27.406178
40,66,195.25091361999512,520.6257467269897,198.83251953125,520.2064208984375,1.111486,8.0,-1,13.869341
34,66,622.0306377410889,1131.2458639144897,625.6122436523438,1130.8265380859375,1.0838294,24.0,-1,7.443737
19,66,970.5642681121826,540.510573387146,974.1458740234375,540.0912475585938,0.96683306,10.0,-1,1.1747296
33,66,518.1772441864014,1196.6252584457397,521.7588500976562,1196.2059326171875,0.952223,6.0,1,6.9561915
29,66,512.9631938934326,409.88236904144287,516.5447998046875,409.4630432128906,0.59172183,20.0,-1,2.720709
169,66,342.681058883667,23.12644672393799,346.2626647949219,22.707120895385742,0.56559664,8.0,-1,9.932843
27,66,244.411771774292,651.2977437973022,247.99337768554688,650.87841796875,0.4184818,10.0,1,5.8430877
193,66,1604.9695415496826,415.27409267425537,1608.5511474609375,414.8547668457031,0.24576308,18.0,1,6.3581457
5,67,506.3602886199951,436.31935024261475,509.9486083984375,435.7499694824219,15.587838,12.0,-1,35.686966
2,67,288.51586723327637,131.82325649261475,292.10418701171875,131.25387573242188,15.210814,10.0,1,21.45162
10,67,1244.6176128387451,176.5275411605835,1248.2059326171875,175.95816040039062,13.791955,10.0,-1,39.688553
0,67,101.07962608337402,1107.9303426742554,104.6679458618164,1107.3609619140625,12.471509,10.0,1,28.14923
6,67,1214.6633892059326,599.8141317367554,1218.251708984375,599.2447509765625,10.007237,10.0,1,23.519508
3,67,822.5444927215576,1078.3635702133179,826.1328125,1077.794189453125,9.942544,8.0,1,19.866198
7,67,179.4753246307373,442.02616786956787,183.0636444091797,441.456787109375,6.9442005,8.0,-1,9.307192
4,67,1456.9332866668701,213.42323207855225,1460.5216064453125,212.85385131835938,5.724707,10.0,-1,0.13425392
168,67,24.983373641967773,10.900947570800781,28.571693420410156,10.33156681060791,5.56735,10.0,-1,36.657864
16,67,1394.4982280731201,1185.7567586898804,1398.0865478515625,1185.1873779296875,5.091508,6.0,1,5.588527
20,67,564.0926494598389,800.5123128890991,567.6809692382812,799.9429321289062,4.1517305,8.0,-1,37.622036
1,67,556.3749980926514,669.7617025375366,559.9633178710938,669.1923217773438,4.0209823,10.0,-1,17.884146
35,67,440.3083782196045,749.1104574203491,443.8966979980469,748.5410766601562,3.626064,8.0,-1,30.186863
23,67,737.5020122528076,297.6567220687866,741.09033203125,297.08734130859375,3.4259768,12.0,-1,10.456963
8,67,859.4983501434326,313.69267177581787,863.086669921875,313.123291015625,3.3795664,18.0,-1,17.583838
9,67,228.5290355682373,33.749056816101074,232.1173553466797,33.1796760559082,3.2214556,8.0,1,17.71634
17,67,661.9650249481201,289.2225179672241,665.5533447265625,288.65313720703125,2.902936,6.0,1,4.009545
192,67,1595.7758159637451,427.8781270980835,1599.3641357421875,427.3087463378906,2.8878841,20.0,-1,19.648918
136,67,1409.2543315887451,31.73410129547119,1412.8426513671875,31.16472053527832,2.815377,20.0,-1,18.69829
28,67,62.94050407409668,518.2815389633179,66.52882385253906,517.712158203125,2.6622345,6.0,1,14.7237
32,67,403.4667339324951,170.676344871521,407.0550537109375,170.10696411132812,2.5175364,12.0,-1,18.265308
11,67,783.7346782684326,826.9593954086304,787.322998046875,826.3900146484375,2.4895942,8.0,-1,22.060629
13,67,1513.1948833465576,856.0695028305054,1516.783203125,855.5001220703125,2.2168725,14.0,-1,10.531398
24,67,1307.0892925262451,447.50623989105225,1310.6776123046875,446.9368591308594,2.0930147,8.0,1,19.100739
181,67,6.795130729675293,106.55932521820068,10.383450508117676,105.98994445800781,1.9794618,8.0,1,13.523979
183,67,433.0422954559326,502.16310024261475,436.630615234375,501.5937194824219,1.8512111,20.0,-1,10.656475
15,67,1297.9450054168701,24.27815532684326,1301.5333251953125,23.70877456665039,1.6977819,10.0,-1,7.982525
153,67,65.27752494812012,458.52686977386475,68.8658447265625,457.9574890136719,1.6668744,26.0,-1,18.622784
40,67,197.8852825164795,515.3548421859741,201.47360229492188,514.7854614257812,1.6167592,12.0,-1,20.597687
34,67,622.1741924285889,1128.7130575180054,625.7625122070312,1128.1436767578125,1.5423666,24.0,-1,5.9547424
22,67,179.188138961792,419.455153465271,182.77645874023438,418.8857727050781,1.4513661,8.0,1,29.827274
26,67,760.9904766082764,1150.9154500961304,764.5787963867188,1150.3460693359375,1.3555937,10.0,-1,0.6009193
19,67,970.0874614715576,538.2865438461304,973.67578125,537.7171630859375,1.1945406,10.0,-1,3.722192
33,67,518.3090801239014,1199.7972860336304,521.8973999023438,1199.2279052734375,0.90341157,6.0,1,3.0853598
169,67,346.159086227417,18.175023078918457,349.7474060058594,17.605642318725586,0.77451724,8.0,-1,12.978711
193,67,1602.2539653778076,416.06141567230225,1605.84228515625,415.4920349121094,0.5163217,8.0,-1,1.0593083
27,67,246.72343254089355,653.0651082992554,250.31175231933594,652.4957275390625,0.34972632,10.0,1,4.06794
29,67,518.8460063934326,406.58387660980225,522.434326171875,406.0144958496094,0.24551684,22.0,-1,4.347322
51,67,194.3420238494873,421.0768880844116,197.9303436279297,420.50750732421875,0.218345,8.0,1,7.685213
5,68,504.53104972839355,438.5055685043335,508.091064453125,438.3282775878906,17.732828,12.0,-1,36.230324
0,68,100.75749778747559,1105.9192342758179,104.31751251220703,1105.741943359375,13.443867,10.0,1,26.761536
2,68,288.89515495300293,129.93209743499756,292.4551696777344,129.7548065185547,13.13002,10.0,1,19.819664
10,68,1241.9080028533936,176.72762966156006,1245.468017578125,176.5503387451172,11.895101,10.0,-1,39.869446
3,68,823.8849925994873,1078.1466512680054,827.4450073242188,1077.9693603515625,9.442365,8.0,1,19.463125
4,68,1458.931562423706,213.70826625823975,1462.4915771484375,213.53097534179688,9.290175,6.0,1,0.69671756
6,68,1214.2681102752686,599.0597982406616,1217.828125,598.8825073242188,8.4428215,10.0,1,24.571663
7,68,179.4753246307373,442.54420375823975,183.03533935546875,442.3669128417969,5.911735,8.0,-1,10.445238
168,68,23.989391326904297,12.555169105529785,27.549406051635742,12.377878189086914,5.597517,10.0,-1,37.06026
16,68,1394.8728466033936,1185.7501668930054,1398.432861328125,1185.5728759765625,4.863724,6.0,1,5.870554
20,68,566.1870555877686,801.9479207992554,569.7470703125,801.7706298828125,4.756061,8.0,-1,37.76207
35,68,440.3244457244873,752.7266683578491,443.88446044921875,752.5493774414062,4.353973,8.0,-1,32.779385
23,68,738.2395458221436,295.7302083969116,741.799560546875,295.55291748046875,4.0404286,12.0,-1,9.417478
192,68,1597.4209423065186,428.70988368988037,1600.98095703125,428.5325927734375,3.8107355,20.0,-1,19.454872
9,68,227.7900218963623,32.13337802886963,231.35003662109375,31.956087112426758,3.6604843,8.0,1,18.010357
136,68,1408.9912548065186,29.876748085021973,1412.55126953125,29.6994571685791,3.5990465,18.0,-1,19.974764
17,68,662.1940746307373,288.62074184417725,665.7540893554688,288.4434509277344,3.5394819,6.0,1,2.6118062
11,68,783.7306957244873,827.4400472640991,787.2907104492188,827.2627563476562,3.466875,8.0,-1,22.002981
1,68,555.8513011932373,670.0370931625366,559.4113159179688,669.8598022460938,3.4054108,10.0,-1,15.017757
26,68,761.8508739471436,1153.5100545883179,765.410888671875,1153.332763671875,3.0764573,10.0,-1,4.9366117
15,68,1296.298505783081,25.53940486907959,1299.8585205078125,25.36211395263672,2.999726,10.0,-1,4.607188
8,68,857.4850902557373,309.77043056488037,861.0451049804688,309.5931396484375,2.9355037,20.0,-1,16.382248
24,68,1308.066816329956,448.23918056488037,1311.6268310546875,448.0618896484375,2.401455,8.0,1,20.00586
13,68,1513.0791454315186,859.1376180648804,1516.63916015625,858.9603271484375,2.1857698,14.0,-1,10.1477375
19,68,969.924238204956,536.3567953109741,973.4842529296875,536.1795043945312,1.9516643,10.0,-1,6.578539
32,68,403.27552604675293,173.8530569076538,406.8355407714844,173.67576599121094,1.8836704,10.0,-1,13.640545
153,68,66.8492488861084,458.52686977386475,70.40926361083984,458.3495788574219,1.7994131,26.0,-1,16.081745
183,68,433.27613639831543,500.81803798675537,436.8361511230469,500.6407470703125,1.6654645,20.0,-1,11.106768
28,68,63.80029106140137,516.9303426742554,67.36030578613281,516.7530517578125,1.6326224,6.0,1,14.063416
33,68,518.5187816619873,1196.8999471664429,522.0787963867188,1196.72265625,1.5926911,6.0,1,6.1590366
181,68,7.880683898925781,103.76922512054443,11.440698623657227,103.59193420410156,1.3888792,8.0,1,5.32451
34,68,618.6108226776123,1129.3426961898804,622.1708374023438,1129.1654052734375,1.2644317,24.0,-1,5.3023195
22,68,178.57645988464355,419.976149559021,182.136474609375,419.7988586425781,1.2200567,6.0,1,32.892822
29,68,519.348798751831,406.19962978363037,522.9088134765625,406.0223388671875,1.2118839,24.0,-1,6.1017857
169,68,350.4764232635498,18.12822437286377,354.03643798828125,17.9509334564209,1.1881633,6.0,-1,12.083765
40,68,196.73580741882324,522.0557088851929,200.2958221435547,521.87841796875,1.1655728,10.0,-1,11.944629
27,68,248.82848930358887,651.3160238265991,252.3885040283203,651.1387329101562,0.40933666,10.0,1,3.5105212
193,68,1601.980878829956,415.39198207855225,1605.5408935546875,415.2146911621094,0.33649507,16.0,1,5.3108273
51,68,192.979398727417,422.14921474456787,196.53941345214844,421.971923828125,0.24592422,8.0,1,7.013931
5,69,504.58028984069824,439.93080043792725,508.021240234375,439.85284423828125,21.321934,14.0,-1,36.863823
2,69,288.90890312194824,129.63949489593506,292.349853515625,129.56153869628906,15.489238,10.0,1,19.006037
0,69,101.13741111755371,1105.061110496521,104.57836151123047,1104.983154296875,13.363509,10.0,1,26.330257
10,69,1238.0871257781982,176.7783498764038,1241.528076171875,176.7003936767578,12.125272,10.0,-1,40.723316
3,69,824.5577068328857,1077.9831075668335,827.9986572265625,1077.9051513671875,10.4780445,8.0,1,19.718798
4,69,1459.3935222625732,214.0189504623413,1462.83447265625,213.9409942626953,7.6263127,10.0,-1,1.6138107
6,69,1214.1104412078857,599.1390523910522,1217.5513916015625,599.0610961914062,7.3674507,10.0,1,27.905802
168,69,22.61259651184082,12.584575653076172,26.053546905517578,12.506619453430176,6.2878594,10.0,-1,35.208385
7,69,179.20448112487793,442.5261068344116,182.6454315185547,442.4481506347656,5.937219,10.0,-1,12.919152
20,69,566.6366863250732,800.5170431137085,570.07763671875,800.4390869140625,4.6853757,8.0,-1,37.82021
26,69,762.6152019500732,1154.575758934021,766.05615234375,1154.497802734375,4.361655,10.0,-1,10.053785
9,69,226.64750480651855,29.422005653381348,230.0884552001953,29.34404945373535,4.1328063,8.0,1,18.878658
35,69,438.41818046569824,752.5932760238647,441.859130859375,752.5153198242188,4.014938,8.0,-1,32.213947
23,69,740.3063640594482,295.82191371917725,743.747314453125,295.74395751953125,3.8927867,6.0,1,1.9967235
15,69,1294.6304607391357,23.924880027770996,1298.0714111328125,23.846923828125,3.6283064,10.0,-1,9.195588
136,69,1408.2674236297607,30.807854652404785,1411.7083740234375,30.72989845275879,3.386199,18.0,-1,20.841486
16,69,1392.4866619110107,1187.373366355896,1395.9276123046875,1187.29541015625,3.126784,6.0,1,7.75484
8,69,857.4013347625732,309.7885274887085,860.84228515625,309.7105712890625,2.9580214,20.0,-1,14.819149
181,69,9.227693557739258,102.88482570648193,12.668643951416016,102.80686950683594,2.5772867,8.0,1,12.583337
17,69,663.1348552703857,290.223219871521,666.5758056640625,290.145263671875,2.5765262,6.0,1,7.930923
24,69,1308.0530681610107,448.68812465667725,1311.4940185546875,448.61016845703125,2.538316,8.0,1,18.426289
192,69,1598.3691082000732,429.3217611312866,1601.81005859375,429.2438049316406,2.1311414,22.0,-1,19.117353
183,69,435.4443950653076,500.020094871521,438.8853454589844,499.942138671875,2.0660026,20.0,-1,10.777052
32,69,402.94796562194824,172.66952419281006,406.388916015625,172.59156799316406,1.8542787,12.0,-1,4.8790717
1,69,555.6542644500732,669.5380392074585,559.09521484375,669.4600830078125,1.8047634,10.0,-1,13.479889
11,69,781.6367473602295,829.4095602035522,785.0776977539062,829.3316040039062,1.7579852,10.0,-1,13.350459
13,69,1510.0751628875732,861.8166036605835,1513.51611328125,861.7386474609375,1.6625472,16.0,-1,9.406666
28,69,63.9129695892334,517.1745138168335,67.35391998291016,517.0965576171875,1.6114326,6.0,1,15.606099
34,69,620.7922649383545,1130.7834005355835,624.2332153320312,1130.7054443359375,1.2889525,24.0,-1,5.765786
22,69,181.90873527526855,418.29505825042725,185.3496856689453,418.21710205078125,1.1718348,28.0,-1,6.521949
153,69,66.67696189880371,453.40284633636475,70.11791229248047,453.32489013671875,0.9183273,26.0,-1,15.228095
33,69,517.949369430542,1196.1317892074585,521.3903198242188,1196.0538330078125,0.8829577,6.0,1,8.40561
40,69,199.2071361541748,523.008620262146,202.64808654785156,522.9306640625,0.8317416,10.0,-1,10.6245775
29,69,515.240140914917,405.0873556137085,518.6810913085938,405.0093994140625,0.76377416,24.0,-1,6.0927424
169,69,352.08215141296387,17.856337547302246,355.5231018066406,17.77838134765625,0.758326,8.0,-1,11.701946
19,69,965.690336227417,535.6825704574585,969.1312866210938,535.6046142578125,0.7511485,10.0,-1,5.009403
27,69,250.69022941589355,648.4950094223022,254.1311798095703,648.4170532226562,0.61309314,10.0,1,3.6091747
193,69,1604.8157634735107,418.18766689300537,1608.2567138671875,418.1097106933594,0.42207488,18.0,1,5.336011
208,69,459.32543754577637,825.624587059021,462.7663879394531,825.546630859375,0.24322556,26.0,-1,6.9782996
10,70,1238.0871257781982,176.28465175628662,1241.67529296875,175.82937622070312,16.840734,12.0,-1,40.873653
2,70,288.594144821167,129.62318325042725,292.18231201171875,129.16790771484375,16.805925,10.0,1,22.892353
5,70,502.831205368042,438.9455404281616,506.41937255859375,438.4902648925781,14.664519,14.0,-1,35.235847
6,70,1214.6308269500732,601.6698751449585,1218.218994140625,601.214599609375,11.062573,10.0,1,32.83354
0,70,102.04440879821777,1105.4469747543335,105.63257598876953,1104.99169921875,10.225984,10.0,1,23.918919
4,70,1458.3376140594482,214.0133810043335,1461.92578125,213.55810546875,9.092256,6.0,1,1.6295115
7,70,179.46066093444824,444.1502523422241,183.048828125,443.6949768066406,8.199686,8.0,-1,11.019798
3,70,826.0859050750732,1077.9831075668335,829.674072265625,1077.52783203125,7.0175796,8.0,1,18.08206
168,70,22.109312057495117,12.930756568908691,25.697479248046875,12.475481033325195,6.434067,10.0,-1,36.64801
136,70,1409.0627117156982,33.147948265075684,1412.65087890625,32.69267272949219,5.337389,18.0,-1,21.74495
26,70,762.3159465789795,1154.540846824646,765.9041137695312,1154.0855712890625,4.5619493,10.0,-1,9.573447
15,70,1296.0411052703857,23.826680183410645,1299.6292724609375,23.37140464782715,3.9665515,10.0,-1,10.98753
20,70,569.6330242156982,798.430495262146,573.22119140625,797.9752197265625,3.842439,8.0,-1,35.673477
9,70,227.8784465789795,29.332837104797363,231.46661376953125,28.877561569213867,3.7328928,8.0,1,18.167084
16,70,1390.3890056610107,1187.1447286605835,1393.9771728515625,1186.689453125,2.8009002,6.0,1,6.502976
24,70,1308.5596599578857,450.06889247894287,1312.1478271484375,449.6136169433594,2.7824934,8.0,1,15.597761
13,70,1508.1217937469482,864.7418966293335,1511.7099609375,864.28662109375,2.7559738,16.0,-1,10.406532
28,70,64.88649559020996,520.4347066879272,68.47466278076172,519.9794311523438,2.599758,6.0,1,14.851015
23,70,741.1326580047607,294.56852626800537,744.7208251953125,294.1132507324219,2.569461,12.0,-1,7.1779118
8,70,854.5806560516357,306.35941982269287,858.1688232421875,305.9041442871094,2.5312126,20.0,-1,15.422808
11,70,779.8908977508545,830.2563619613647,783.4790649414062,829.8010864257812,2.4800904,10.0,-1,14.329567
34,70,618.0644207000732,1131.8488302230835,621.652587890625,1131.3935546875,2.3694806,22.0,-1,7.4315085
181,70,8.551969528198242,103.66303157806396,12.14013671875,103.20775604248047,2.334739,8.0,1,13.137408
17,70,662.1668376922607,290.46610927581787,665.7550048828125,290.0108337402344,2.2905,6.0,1,13.420915
1,70,559.564359664917,670.9045553207397,563.1525268554688,670.4492797851562,2.1062584,10.0,-1,8.769335
183,70,438.928129196167,499.84925746917725,442.51629638671875,499.39398193359375,1.8111987,24.0,-1,10.581352
40,70,200.08993339538574,520.5753927230835,203.6781005859375,520.1201171875,1.694282,10.0,-1,14.876345
35,70,436.745512008667,754.3139791488647,440.33367919921875,753.8587036132812,1.5837351,8.0,-1,19.67424
19,70,965.7243938446045,535.8487691879272,969.3125610351562,535.3934936523438,1.4219642,10.0,-1,7.3910904
192,70,1599.6204509735107,429.41129970550537,1603.2086181640625,428.9560241699219,1.2541159,22.0,-1,17.66938
33,70,516.122465133667,1196.0373067855835,519.7106323242188,1195.58203125,1.2161723,6.0,1,7.4895387
153,70,66.41090965270996,454.78907680511475,69.99907684326172,454.33380126953125,1.0886097,28.0,-1,14.50625
32,70,402.8441753387451,171.3189992904663,406.4323425292969,170.8637237548828,1.0162811,12.0,-1,0.3771888
169,70,355.1851177215576,16.475146293640137,358.7732849121094,16.01987075805664,1.0020308,8.0,-1,12.165303
22,70,182.30474662780762,418.6103048324585,185.89291381835938,418.155029296875,0.8812022,8.0,-1,14.460341
27,70,250.50428581237793,647.399489402771,254.0924530029297,646.9442138671875,0.704786,10.0,1,4.750638
29,70,514.8421306610107,408.82679653167725,518.4302978515625,408.37152099609375,0.66121584,22.0,-1,4.600849
193,70,1602.7775554656982,413.5789632797241,1606.36572265625,413.1236877441406,0.61438024,20.0,1,14.731069
208,70,462.3220806121826,825.0345602035522,465.9102478027344,824.5792846679688,0.30892023,28.0,-1,6.3813205
2,71,287.8723735809326,129.99996852874756,292.1675720214844,129.9628143310547,16.739765,10.0,1,22.76504
10,71,1236.6236248016357,175.98651027679443,1240.9188232421875,175.94935607910156,12.313878,12.0,-1,41.267796
5,71,502.9270305633545,437.6354513168335,507.22222900390625,437.5982971191406,12.127578,14.0,-1,36.25387
6,71,1213.8572673797607,601.3151693344116,1218.1524658203125,601.2780151367188,11.205898,10.0,1,32.711617
7,71,179.99511528015137,443.1363363265991,184.29031372070312,443.09918212890625,9.070785,8.0,-1,11.184954
3,71,824.8518962860107,1078.0623006820679,829.1470947265625,1078.025146484375,8.625649,8.0,1,18.07283
0,71,102.38335990905762,1105.9204549789429,106.67855834960938,1105.88330078125,7.669658,10.0,1,19.90147
20,71,569.7939739227295,798.0181722640991,574.0891723632812,797.9810180664062,6.598751,8.0,-1,38.720387
4,71,1457.0296306610107,212.0350637435913,1461.3248291015625,211.99790954589844,6.0917916,10.0,-1,1.834665
168,71,23.221397399902344,11.245487213134766,27.5165958404541,11.208333015441895,4.748942,10.0,-1,32.898853
26,71,762.3446941375732,1156.2738485336304,766.639892578125,1156.2366943359375,4.4755797,10.0,-1,11.32174
136,71,1407.6569499969482,29.16389560699463,1411.9521484375,29.126741409301758,4.0509143,16.0,-1,20.006275
9,71,227.03462028503418,30.113696098327637,231.32981872558594,30.076541900634766,3.8128102,8.0,1,19.249346
23,71,738.6051921844482,294.56852626800537,742.900390625,294.5313720703125,3.7029574,12.0,-1,12.849829
15,71,1294.2244548797607,22.528138160705566,1298.5196533203125,22.490983963012695,3.5548408,10.0,-1,11.312533
35,71,435.4161968231201,754.5047445297241,439.7113952636719,754.4675903320312,2.8556697,8.0,-1,23.311535
8,71,852.772611618042,302.4425802230835,857.0678100585938,302.4054260253906,2.7986968,18.0,-1,15.415119
16,71,1388.9550457000732,1186.4532918930054,1393.250244140625,1186.4161376953125,2.7856855,6.0,1,8.386108
181,71,8.681621551513672,105.41857814788818,12.97681999206543,105.38142395019531,2.6743,8.0,1,13.493596
11,71,778.2770671844482,829.8075399398804,782.572265625,829.7703857421875,2.6205847,10.0,-1,14.892236
34,71,615.6011028289795,1132.2303915023804,619.8963012695312,1132.1932373046875,2.4034328,24.0,-1,6.321722
24,71,1310.0616130828857,450.40516567230225,1314.3568115234375,450.3680114746094,2.3934677,8.0,1,17.204466
13,71,1508.1554851531982,864.6055746078491,1512.45068359375,864.5684204101562,2.3310382,16.0,-1,8.929054
17,71,661.4069499969482,291.1246175765991,665.7021484375,291.08746337890625,2.2587938,6.0,1,14.448106
1,71,560.8305950164795,672.6450033187866,565.1257934570312,672.6078491210938,2.135322,10.0,-1,12.299947
28,71,65.8758373260498,519.6794881820679,70.17103576660156,519.642333984375,2.004267,6.0,1,13.984679
183,71,442.1709575653076,498.36442470550537,446.4661560058594,498.3272705078125,1.741754,24.0,-1,8.331929
153,71,67.29373741149902,457.13700771331787,71.58893585205078,457.099853515625,1.6219568,26.0,-1,14.139544
192,71,1600.3702068328857,428.05888271331787,1604.6654052734375,428.021728515625,1.617962,22.0,-1,15.731552
19,71,965.3157024383545,537.7098226547241,969.6109008789062,537.6726684570312,1.5349312,10.0,-1,6.7047925
32,71,402.8441753387451,173.39027309417725,407.1393737792969,173.35311889648438,1.4967408,10.0,-1,6.5555096
33,71,518.0949993133545,1193.1676473617554,522.3901977539062,1193.1304931640625,1.3160782,6.0,1,6.2631354
40,71,199.6225414276123,522.0842733383179,203.91773986816406,522.047119140625,1.3037477,8.0,-1,20.202795
22,71,180.89784049987793,419.38746547698975,185.1930389404297,419.3503112792969,0.9290624,6.0,1,7.663667
208,71,465.15572929382324,819.1252889633179,469.450927734375,819.088134765625,0.7324183,10.0,1,0.64122504
169,71,354.88778495788574,17.402663230895996,359.1829833984375,17.365509033203125,0.6560251,10.0,-1,10.753575
29,71,515.6894817352295,407.90272426605225,519.9846801757812,407.8655700683594,0.6233143,22.0,-1,4.495675
27,71,252.04644584655762,648.9255208969116,256.3416442871094,648.8883666992188,0.60552526,10.0,1,3.458136
193,71,1602.7917156219482,414.77662563323975,1607.0869140625,414.7394714355469,0.42945838,20.0,1,12.345432
51,71,195.84159660339355,422.502760887146,200.1367950439453,422.4656066894531,0.21170151,10.0,1,5.645126
2,72,289.12682914733887,130.71046352386475,293.6940002441406,130.77511596679688,17.371742,10.0,1,23.79163
5,72,503.28683280944824,438.47560024261475,507.85400390625,438.5402526855469,15.462405,14.0,-1,36.100876
6,72,1213.9712810516357,601.1342611312866,1218.5384521484375,601.1989135742188,12.28912,10.0,1,30.887066
10,72,1236.1982097625732,176.13236904144287,1240.765380859375,176.197021484375,11.465481,12.0,-1,40.376377
3,72,825.3599529266357,1077.6217489242554,829.9271240234375,1077.6864013671875,10.020865,8.0,1,19.010271
0,72,102.95586967468262,1105.2764120101929,107.52304077148438,1105.341064453125,8.140048,12.0,1,17.041355
4,72,1456.5028972625732,212.08175563812256,1461.070068359375,212.1464080810547,7.8358784,10.0,-1,2.2198472
7,72,179.8162670135498,441.4981527328491,184.38343811035156,441.56280517578125,6.0647407,8.0,-1,10.53822
168,72,21.485116958618164,12.635895729064941,26.052288055419922,12.70054817199707,5.776735,10.0,-1,33.397827
20,72,567.3596477508545,798.4205770492554,571.9268188476562,798.4852294921875,5.146878,8.0,-1,36.292664
15,72,1294.2244548797607,23.71425724029541,1298.7916259765625,23.77890968322754,4.263963,10.0,-1,15.420913
136,72,1405.8868083953857,29.36924457550049,1410.4539794921875,29.433897018432617,4.017643,18.0,-1,19.81935
23,72,738.9423503875732,294.9025716781616,743.509521484375,294.96722412109375,3.9785397,12.0,-1,11.67688
9,72,227.82491874694824,30.38773822784424,232.39208984375,30.452390670776367,3.767502,8.0,1,17.159052
24,72,1308.8133220672607,449.71928310394287,1313.3804931640625,449.783935546875,3.2155044,8.0,1,16.25151
8,72,853.505521774292,303.68229579925537,858.0726928710938,303.7469482421875,3.0920784,18.0,-1,16.58537
26,72,759.9397258758545,1155.3851766586304,764.5068969726562,1155.4498291015625,2.8111532,10.0,-1,8.104596
16,72,1389.7262859344482,1186.0443563461304,1394.29345703125,1186.1090087890625,2.314374,6.0,1,7.183409
181,72,7.337882041931152,105.72071743011475,11.90505313873291,105.78536987304688,2.3121865,8.0,1,10.932233
28,72,64.2722225189209,519.6794881820679,68.83939361572266,519.744140625,2.273,6.0,1,16.016048
11,72,776.9370403289795,830.2103109359741,781.5042114257812,830.2749633789062,2.2070694,8.0,-1,21.017004
1,72,561.8614177703857,671.6274251937866,566.4285888671875,671.6920776367188,2.099118,10.0,-1,9.136652
183,72,446.33993339538574,496.936110496521,450.9071044921875,497.0007629394531,2.0098624,22.0,-1,7.6502953
13,72,1511.3708171844482,862.3843221664429,1515.93798828125,862.448974609375,1.9999218,16.0,-1,8.6248
35,72,435.024320602417,755.5954427719116,439.59149169921875,755.6600952148438,1.8771863,8.0,-1,19.402111
192,72,1599.2857341766357,428.31178188323975,1603.8529052734375,428.3764343261719,1.8686562,20.0,-1,18.28741
40,72,201.1150951385498,519.9310140609741,205.68226623535156,519.9956665039062,1.7330283,10.0,-1,12.845123
17,72,661.5249919891357,293.0123128890991,666.0921630859375,293.07696533203125,1.7034289,6.0,1,16.809912
33,72,519.6272869110107,1189.8415975570679,524.1944580078125,1189.90625,1.6842384,6.0,1,6.789442
34,72,614.1784954071045,1133.9321737289429,618.7456665039062,1133.996826171875,1.4786955,22.0,-1,6.261644
32,72,403.01745414733887,173.6151876449585,407.5846252441406,173.67984008789062,1.3938209,10.0,-1,7.843256
29,72,522.3598918914795,410.1463460922241,526.9270629882812,410.21099853515625,1.2534963,24.0,-1,7.600705
153,72,64.2716121673584,456.84513759613037,68.83878326416016,456.9097900390625,1.1173576,26.0,-1,14.428793
19,72,966.1864910125732,537.5179891586304,970.753662109375,537.5826416015625,1.0963691,10.0,-1,3.1382897
27,72,251.53674125671387,647.8685750961304,256.1039123535156,647.9332275390625,1.0687495,10.0,1,4.3644333
22,72,181.2794017791748,418.9218282699585,185.84657287597656,418.9864807128906,0.7874679,6.0,1,7.8108397
213,72,77.51223564147949,458.10771083831787,82.07940673828125,458.17236328125,0.62510073,10.0,1,5.7951717
169,72,350.635892868042,16.72782611846924,355.20306396484375,16.792478561401367,0.56453687,10.0,-1,10.692201
193,72,1601.5616130828857,413.519850730896,1606.1287841796875,413.5845031738281,0.37267816,18.0,1,13.12815
51,72,195.83720207214355,421.59757900238037,200.4043731689453,421.6622314453125,0.20036751,10.0,1,5.250898
10,73,1237.1134777069092,177.7455587387085,1241.8778076171875,178.1497344970703,18.46792,12.0,-1,41.375282
5,73,503.28019523620605,439.46649074554443,508.0445251464844,439.87066650390625,16.315306,14.0,-1,36.687393
2,73,290.08231925964355,129.4505910873413,294.8466491699219,129.85476684570312,14.252135,10.0,1,25.262749
4,73,1457.0645275115967,211.96343898773193,1461.828857421875,212.36761474609375,13.272927,10.0,-1,1.4033892
6,73,1212.7152843475342,600.5009145736694,1217.4796142578125,600.9050903320312,10.94089,10.0,1,33.126945
0,73,101.96520042419434,1104.5771474838257,106.72953033447266,1104.9813232421875,8.839725,12.0,1,16.723818
3,73,825.5507946014404,1077.4715566635132,830.3151245117188,1077.875732421875,8.558276,8.0,1,18.823917
7,73,178.13578605651855,443.03610134124756,182.90011596679688,443.4402770996094,7.8192077,8.0,-1,12.371046
20,73,567.8150768280029,799.7274770736694,572.5794067382812,800.1316528320312,6.069597,10.0,-1,34.00092
26,73,758.9880504608154,1153.6408681869507,763.7523803710938,1154.0450439453125,5.1264935,10.0,-1,10.899959
168,73,22.297332763671875,12.96057415008545,27.061662673950195,13.364749908447266,5.0270324,10.0,-1,32.76046
15,73,1294.1774425506592,21.62587261199951,1298.9417724609375,22.030048370361328,4.4958596,10.0,-1,16.676052
23,73,737.8990612030029,294.4472951889038,742.6633911132812,294.8514709472656,4.3511286,12.0,-1,14.260553
9,73,227.91720390319824,31.294270515441895,232.68153381347656,31.69844627380371,3.5798352,8.0,1,17.815962
24,73,1308.7307872772217,450.9647512435913,1313.4951171875,451.3689270019531,3.2946084,8.0,1,12.513835
136,73,1407.7602062225342,31.557629585266113,1412.5245361328125,31.96180534362793,3.1284485,18.0,-1,24.125353
8,73,852.6514415740967,304.8106985092163,857.415771484375,305.2148742675781,3.0657737,20.0,-1,15.535569
11,73,776.9436779022217,829.2393178939819,781.7080078125,829.6434936523438,3.023795,8.0,-1,20.867165
17,73,662.6046276092529,294.9207754135132,667.3689575195312,295.324951171875,2.7459614,6.0,1,17.016985
16,73,1392.5775890350342,1185.7192373275757,1397.3419189453125,1186.1234130859375,2.5420167,6.0,1,4.0318737
28,73,61.83563041687012,519.6864614486694,66.59996032714844,520.0906372070312,2.3619695,6.0,1,17.19666
183,73,445.3196544647217,495.5990285873413,450.083984375,496.0032043457031,2.2925003,20.0,-1,7.8139544
181,73,6.814903259277344,105.15807247161865,11.579233169555664,105.56224822998047,2.2384238,8.0,1,11.024012
1,73,561.4765758514404,674.0812978744507,566.2409057617188,674.4854736328125,1.6301204,10.0,-1,6.860582
35,73,439.03797721862793,754.3966665267944,443.80230712890625,754.8008422851562,1.4925088,8.0,-1,16.530914
34,73,612.4373912811279,1134.3880605697632,617.2017211914062,1134.792236328125,1.4573797,22.0,-1,7.023875
40,73,203.49300956726074,519.2144765853882,208.25733947753906,519.61865234375,1.3945502,10.0,-1,16.17215
32,73,401.9610118865967,174.32626247406006,406.725341796875,174.73043823242188,1.3799242,12.0,-1,1.2588948
13,73,1514.4514904022217,864.4821157455444,1519.2158203125,864.8862915039062,1.2960254,16.0,-1,8.513275
192,73,1604.6363048553467,431.6793508529663,1609.400634765625,432.0835266113281,1.1186135,22.0,-1,18.593891
33,73,518.7813243865967,1186.2073965072632,523.545654296875,1186.611572265625,1.0370396,6.0,1,5.4944296
19,73,965.7074108123779,535.0185537338257,970.4717407226562,535.4227294921875,1.0016413,10.0,-1,4.78603
153,73,66.02152061462402,456.41961574554443,70.78585052490234,456.82379150390625,0.80586076,26.0,-1,11.980871
22,73,179.75886344909668,419.76104640960693,184.523193359375,420.16522216796875,0.7961983,6.0,1,19.547043
27,73,252.9189281463623,648.1643056869507,257.6832580566406,648.5684814453125,0.7267613,10.0,1,3.5668948
208,73,464.3722972869873,814.1630849838257,469.1366271972656,814.5672607421875,0.660014,10.0,1,0.91287833
169,73,350.87174797058105,15.750676155090332,355.6360778808594,16.15485191345215,0.6277025,10.0,-1,10.622751
29,73,517.6872692108154,411.47067165374756,522.4515991210938,411.8748474121094,0.59170014,20.0,-1,5.0936365
213,73,78.2271785736084,458.1007375717163,82.99150848388672,458.5049133300781,0.45462152,12.0,1,5.6514897
193,73,1601.5867443084717,410.8007802963257,1606.35107421875,411.2049560546875,0.35973993,20.0,1,13.407097
51,73,194.99952507019043,422.13070583343506,199.76385498046875,422.5348815917969,0.18666862,10.0,1,6.178885
10,74,1232.7129650115967,177.7455587387085,1237.8385009765625,177.9835968017578,18.603924,12.0,-1,42.588276
5,74,500.0874767303467,438.4291982650757,505.2130126953125,438.667236328125,16.185041,14.0,-1,36.622387
2,74,289.5132884979248,130.77125453948975,294.6388244628906,131.00929260253906,12.837424,10.0,1,24.025534
4,74,1456.9182872772217,211.976149559021,1462.0438232421875,212.2141876220703,11.800544,10.0,-1,2.042555
6,74,1214.0167980194092,599.2110586166382,1219.142333984375,599.4490966796875,9.572606,8.0,1,6.7606773
7,74,178.57414054870605,444.08187770843506,183.69967651367188,444.3199157714844,8.295921,8.0,-1,10.643625
3,74,826.0644664764404,1077.7829580307007,831.1900024414062,1078.02099609375,7.6562157,8.0,1,19.021528
0,74,100.96239280700684,1105.3546133041382,106.08792877197266,1105.5926513671875,7.485275,10.0,1,18.476633
20,74,568.7461071014404,795.7208242416382,573.8716430664062,795.9588623046875,5.9600525,10.0,-1,36.429573
168,74,20.73054313659668,9.411752700805664,25.8560791015625,9.64979076385498,5.9444413,10.0,-1,34.151363
9,74,228.18067741394043,31.08695125579834,233.30621337890625,31.324989318847656,4.9220757,8.0,1,19.339785
15,74,1294.6176280975342,19.4347562789917,1299.7431640625,19.672794342041016,4.1910744,10.0,-1,12.91518
26,74,758.6792125701904,1156.4615468978882,763.8047485351562,1156.6995849609375,3.9000175,10.0,-1,8.204855
16,74,1392.9380626678467,1186.6141347885132,1398.0635986328125,1186.8521728515625,3.6530983,6.0,1,4.0058594
136,74,1408.7610607147217,35.237093925476074,1413.8865966796875,35.47513198852539,3.434717,18.0,-1,25.434069
23,74,738.1361827850342,295.82784938812256,743.26171875,296.0658874511719,3.038006,12.0,-1,7.963706
8,74,849.0840587615967,304.3406972885132,854.2095947265625,304.5787353515625,2.8344495,20.0,-1,14.372548
24,74,1308.8329601287842,454.6000051498413,1313.95849609375,454.8380432128906,2.6947784,8.0,1,16.018824
11,74,776.2757701873779,829.8642568588257,781.4013061523438,830.102294921875,2.369525,8.0,-1,24.473976
1,74,560.5171031951904,674.1325674057007,565.6426391601562,674.37060546875,2.24173,10.0,-1,5.780044
17,74,660.4040660858154,292.7729482650757,665.5296020507812,293.010986328125,1.9511042,6.0,1,24.02544
34,74,615.4452037811279,1134.8598623275757,620.5707397460938,1135.097900390625,1.800632,22.0,-1,6.642572
32,74,402.43751335144043,177.43839931488037,407.56304931640625,177.6764373779297,1.7889237,10.0,-1,12.635196
28,74,62.46065330505371,519.2096548080444,67.58618927001953,519.4476928710938,1.7000779,6.0,1,14.246481
181,74,6.552407264709473,106.902663230896,11.677943229675293,107.14070129394531,1.6738482,8.0,1,15.862724
183,74,441.7625255584717,491.99728298187256,446.8880615234375,492.2353210449219,1.6595802,20.0,-1,7.3798966
192,74,1603.2631359100342,427.18499660491943,1608.388671875,427.42303466796875,1.5826797,22.0,-1,17.247025
13,74,1515.2761974334717,863.9442739486694,1520.4017333984375,864.1823120117188,1.4804772,16.0,-1,10.166505
40,74,205.95692253112793,519.1964101791382,211.08245849609375,519.4344482421875,1.1688223,10.0,-1,9.255726
35,74,433.96522331237793,748.8555288314819,439.09075927734375,749.0935668945312,1.1579828,8.0,-1,13.843542
19,74,964.2045421600342,533.4717397689819,969.330078125,533.7097778320312,1.1128132,10.0,-1,9.970394
208,74,469.81168937683105,811.9265737533569,474.9372253417969,812.1646118164062,0.92981386,12.0,1,2.218684
153,74,66.80424308776855,458.10772609710693,71.92977905273438,458.34576416015625,0.8912752,26.0,-1,10.881867
29,74,516.9306774139404,410.03573513031006,522.0562133789062,410.2737731933594,0.8606355,22.0,-1,6.8055325
27,74,252.09638786315918,647.2808828353882,257.221923828125,647.5189208984375,0.84856075,10.0,1,3.8382366
33,74,518.7813243865967,1187.3803701400757,523.9068603515625,1187.618408203125,0.70892936,6.0,1,5.910013
22,74,181.4551067352295,417.71917629241943,186.5806427001953,417.95721435546875,0.6959,6.0,-1,23.370348
169,74,350.0922374725342,14.921514511108398,355.2177734375,15.159552574157715,0.61242855,12.0,-1,10.140926
213,74,79.13599967956543,459.5527639389038,84.26153564453125,459.7908020019531,0.46286467,10.0,1,4.048271
193,74,1601.8491954803467,411.1365041732788,1606.9747314453125,411.3745422363281,0.39488807,18.0,1,10.911958
51,74,194.59559440612793,423.9451894760132,199.72113037109375,424.1832275390625,0.22048132,10.0,1,7.740914
10,75,1231.1165180206299,177.53150844573975,1235.8707275390625,178.01002502441406,25.39953,12.0,-1,44.55667
5,75,500.8225727081299,435.55465602874756,505.5767822265625,436.0331726074219,21.276049,14.0,-1,36.104156
2,75,289.6210651397705,130.41392421722412,294.3752746582031,130.89244079589844,15.992394,10.0,1,23.222553
6,75,1214.5167865753174,599.6665029525757,1219.27099609375,600.14501953125,11.531124,10.0,1,16.500818
4,75,1456.5000629425049,210.83277797698975,1461.2542724609375,211.31129455566406,9.250119,10.0,-1,2.7598655
0,75,101.33384895324707,1103.0001211166382,106.08805847167969,1103.4786376953125,8.929723,12.0,1,18.517975
3,75,827.0869770050049,1077.3575429916382,831.8411865234375,1077.8360595703125,8.252442,8.0,1,20.16458
7,75,178.3398609161377,444.27804470062256,183.0940704345703,444.7565612792969,7.1612372,8.0,-1,8.18487
20,75,571.0081195831299,795.3759756088257,575.7623291015625,795.8544921875,6.1980076,8.0,-1,34.647976
168,75,20.73054313659668,8.937429428100586,25.484752655029297,9.415946006774902,5.116429,10.0,-1,36.138287
9,75,229.61100959777832,31.864562034606934,234.36521911621094,32.34307861328125,4.9112363,8.0,1,19.285559
26,75,758.2480487823486,1155.5729970932007,763.0022583007812,1156.051513671875,4.3279905,10.0,-1,10.959534
136,75,1409.6757221221924,35.385409355163574,1414.429931640625,35.86392593383789,3.7918947,18.0,-1,27.180054
15,75,1294.3224506378174,21.512534141540527,1299.07666015625,21.991050720214844,3.2841635,10.0,-1,10.627824
8,75,846.1881122589111,302.83868312835693,850.9423217773438,303.31719970703125,3.133936,20.0,-1,14.22503
16,75,1391.1906147003174,1187.3287343978882,1395.94482421875,1187.8072509765625,3.0698216,6.0,1,3.7989378
181,75,6.575489044189453,109.135085105896,11.32969856262207,109.61360168457031,2.9148486,8.0,1,12.075463
11,75,774.9570941925049,829.3658437728882,779.7113037109375,829.8443603515625,2.7888901,8.0,-1,26.706266
24,75,1309.5569477081299,455.1464834213257,1314.3111572265625,455.625,2.6451366,8.0,1,19.422548
23,75,740.0092182159424,295.4471731185913,744.763427734375,295.9256896972656,2.480195,12.0,-1,11.935825
1,75,559.7350482940674,676.9542837142944,564.4892578125,677.4328002929688,2.4395707,10.0,-1,4.5918455
35,75,432.77505683898926,746.1035146713257,437.5292663574219,746.58203125,2.3252249,8.0,-1,21.394268
17,75,662.0335102081299,294.7366018295288,666.7877197265625,295.2151184082031,2.2349107,6.0,1,19.557888
183,75,440.790376663208,493.77413845062256,445.5445861816406,494.2526550292969,1.6629754,24.0,-1,8.347479
28,75,62.4416446685791,516.3760976791382,67.19585418701172,516.8546142578125,1.58542,6.0,1,14.062712
32,75,400.29080390930176,177.9846487045288,405.0450134277344,178.46316528320312,1.5777382,10.0,-1,14.126976
13,75,1517.7075824737549,864.6627798080444,1522.4617919921875,865.1412963867188,1.5643668,16.0,-1,8.0899
192,75,1602.0794086456299,425.3475332260132,1606.8336181640625,425.8260498046875,1.5247097,22.0,-1,13.112396
40,75,207.9470386505127,519.2415151596069,212.7012481689453,519.7200317382812,1.4167007,10.0,-1,12.789799
34,75,614.2482929229736,1129.0651845932007,619.0025024414062,1129.543701171875,1.3396597,20.0,-1,8.702066
19,75,966.4788837432861,533.1791372299194,971.2330932617188,533.6576538085938,1.2970246,10.0,-1,7.4390926
33,75,519.3461322784424,1186.3659658432007,524.100341796875,1186.844482421875,0.92133766,6.0,1,3.7935739
208,75,469.0348529815674,812.6397085189819,473.7890625,813.1182250976562,0.8599879,10.0,1,2.1194935
27,75,253.04498481750488,648.1228628158569,257.7991943359375,648.6013793945312,0.8236328,10.0,1,3.150909
22,75,181.8510913848877,417.89828395843506,186.6053009033203,418.3768005371094,0.69121295,8.0,-1,20.608303
218,75,1397.9446430206299,26.924275398254395,1402.6988525390625,27.40279197692871,0.5845097,16.0,1,13.274123
29,75,516.8801898956299,410.03573513031006,521.6343994140625,410.5142517089844,0.5733087,20.0,-1,5.5158634
169,75,348.94046211242676,20.656798362731934,353.6946716308594,21.13531494140625,0.5252817,14.0,-1,7.70525
153,75,72.59736061096191,456.02242946624756,77.35157012939453,456.5009460449219,0.41415846,26.0,-1,9.115204
213,75,77.81228828430176,462.0453176498413,82.56649780273438,462.5238342285156,0.404318,28.0,-1,3.1374688
193,75,1603.2108783721924,409.4249563217163,1607.965087890625,409.9034729003906,0.22136585,20.0,1,11.842973
51,75,193.1906909942627,424.44857692718506,197.9449005126953,424.9270935058594,0.19368775,8.0,1,9.4115715
10,76,1230.8031635284424,179.25437831878662,1235.7698974609375,179.8523712158203,21.81888,12.0,-1,44.127014
2,76,289.22986030578613,129.90447902679443,294.19659423828125,130.50247192382812,18.39179,10.0,1,24.052965
5,76,500.8225727081299,435.99432277679443,505.789306640625,436.5923156738281,17.071651,14.0,-1,36.62132
3,76,826.7891864776611,1077.6070852279663,831.7559204101562,1078.205078125,10.869305,8.0,1,19.30106
6,76,1213.1797504425049,600.5818777084351,1218.146484375,601.1798706054688,9.998272,10.0,1,30.701796
4,76,1456.9856586456299,211.03402614593506,1461.952392578125,211.63201904296875,9.896722,10.0,-1,6.3999557
0,76,99.76059913635254,1104.4797658920288,104.72733306884766,1105.0777587890625,8.355294,10.0,1,15.635186
7,76,178.67827033996582,444.04501247406006,183.64500427246094,444.64300537109375,7.3653927,8.0,-1,8.891737
9,76,229.2259693145752,33.575255393981934,234.1927032470703,34.173248291015625,6.818951,8.0,1,18.852983
168,76,19.566818237304688,6.995501518249512,24.533552169799805,7.593494415283203,4.7510962,12.0,-1,34.28168
16,76,1391.0736713409424,1185.4968557357788,1396.0404052734375,1186.0948486328125,4.3123837,6.0,1,3.5947263
23,76,738.0655536651611,294.69891262054443,743.0322875976562,295.2969055175781,4.2937174,12.0,-1,16.172031
20,76,569.6381244659424,794.9275197982788,574.6048583984375,795.5255126953125,3.8486814,8.0,-1,36.24622
8,76,845.3963642120361,302.55746364593506,850.3630981445312,303.15545654296875,3.839323,20.0,-1,13.288279
15,76,1295.8395404815674,23.349520683288574,1300.8062744140625,23.947513580322266,3.5857751,10.0,-1,13.9326935
26,76,757.4321918487549,1156.3044729232788,762.39892578125,1156.9024658203125,3.4877288,10.0,-1,9.59112
192,76,1602.7993793487549,426.02960109710693,1607.76611328125,426.6275939941406,3.2532527,24.0,-1,13.82796
35,76,433.00012397766113,745.3249807357788,437.96685791015625,745.9229736328125,3.180988,8.0,-1,25.710075
136,76,1406.7565326690674,34.316195487976074,1411.7232666015625,34.914188385009766,3.17671,18.0,-1,26.861734
32,76,397.02041816711426,178.07670497894287,401.9871520996094,178.67469787597656,3.0693905,10.0,-1,10.669684
17,76,662.3537616729736,295.77096462249756,667.3204956054688,296.36895751953125,2.894349,6.0,1,15.821368
181,76,7.1553754806518555,107.6167516708374,12.122109413146973,108.2147445678711,2.8823636,8.0,1,11.101472
40,76,207.3818073272705,517.1621999740601,212.34854125976562,517.7601928710938,2.656158,10.0,-1,22.943354
24,76,1310.8685932159424,455.1464834213257,1315.8353271484375,455.7444763183594,2.5806956,8.0,1,21.95661
11,76,771.3396625518799,828.9489431381226,776.306396484375,829.5469360351562,2.548167,10.0,-1,22.200556
183,76,440.878023147583,493.95660305023193,445.8447570800781,494.5545959472656,1.8668288,22.0,-1,6.929282
19,76,966.6309833526611,532.8847341537476,971.5977172851562,533.4827270507812,1.8410133,8.0,-1,11.917709
1,76,561.3435688018799,677.4859914779663,566.310302734375,678.083984375,1.7901268,10.0,-1,2.0928328
28,76,59.712411880493164,515.5601491928101,64.67914581298828,516.1581420898438,1.7173988,6.0,1,14.924772
34,76,618.2998676300049,1126.6952199935913,623.2666015625,1127.293212890625,1.5111076,22.0,-1,7.334157
13,76,1518.1239643096924,866.7679128646851,1523.0906982421875,867.3659057617188,1.2312025,18.0,-1,8.274596
29,76,517.8857440948486,409.59591579437256,522.8524780273438,410.19390869140625,1.0743996,20.0,-1,5.835045
22,76,181.81140327453613,417.86386013031006,186.77813720703125,418.46185302734375,0.90790313,6.0,-1,21.168793
208,76,470.18887519836426,811.9790334701538,475.1556091308594,812.5770263671875,0.87311435,10.0,1,2.5139444
33,76,520.3964862823486,1188.2106008529663,525.3632202148438,1188.80859375,0.86293036,6.0,1,6.1805425
169,76,349.002779006958,22.772995948791504,353.9695129394531,23.370988845825195,0.8349437,10.0,-1,9.495129
27,76,253.19836616516113,649.4033498764038,258.16510009765625,650.0013427734375,0.7971576,10.0,1,2.6799355
213,76,78.78302955627441,463.8996877670288,83.74976348876953,464.4976806640625,0.4250468,28.0,-1,2.1011567
153,76,70.69186592102051,459.5072011947632,75.65859985351562,460.1051940917969,0.36747935,26.0,-1,7.5695353
193,76,1600.9999408721924,406.9593801498413,1605.9666748046875,407.557373046875,0.25787073,22.0,1,11.129314
51,76,193.45465278625488,423.2005910873413,198.42138671875,423.798583984375,0.2087826,10.0,1,8.580001
10,77,1231.0021381378174,181.21754360198975,1236.0408935546875,181.9862518310547,20.242332,10.0,-1,44.71882
2,77,289.7636432647705,129.50614833831787,294.8023986816406,130.2748565673828,15.167831,10.0,1,22.709997
5,77,501.21182441711426,435.49142360687256,506.2505798339844,436.2601318359375,14.019361,16.0,-1,35.92595
4,77,1456.9529438018799,210.3071584701538,1461.99169921875,211.07586669921875,13.10356,10.0,-1,6.2052164
6,77,1212.6450824737549,599.7521047592163,1217.683837890625,600.5208129882812,9.684255,10.0,1,29.4738
3,77,825.4573383331299,1077.200041770935,830.49609375,1077.96875,9.081592,8.0,1,19.030527
0,77,99.5677661895752,1104.3144216537476,104.60652160644531,1105.0831298828125,8.011186,12.0,1,8.728783
7,77,178.63206672668457,444.04501247406006,183.6708221435547,444.813720703125,5.763187,8.0,-1,9.563831
9,77,227.22795295715332,35.009947776794434,232.26670837402344,35.778656005859375,5.5222373,8.0,1,18.811337
20,77,570.1856708526611,791.3601980209351,575.2244262695312,792.12890625,3.9912417,8.0,-1,36.722084
17,77,662.3858051300049,297.71502590179443,667.424560546875,298.4837341308594,3.718933,6.0,1,10.023699
8,77,847.1597309112549,304.16705226898193,852.198486328125,304.9357604980469,3.644471,20.0,-1,14.412859
35,77,438.7617816925049,746.8467702865601,443.800537109375,747.615478515625,3.5715857,8.0,-1,25.571615
16,77,1391.0736713409424,1183.048186302185,1396.1124267578125,1183.81689453125,3.5081987,6.0,1,2.4972506
15,77,1295.5856342315674,21.514472007751465,1300.6243896484375,22.283180236816406,3.4189281,10.0,-1,10.6069565
11,77,767.6217060089111,830.8583669662476,772.6604614257812,831.6270751953125,2.9385688,8.0,-1,24.174269
192,77,1603.0593891143799,428.2285146713257,1608.09814453125,428.9972229003906,2.9020998,22.0,-1,14.271456
136,77,1403.8776264190674,33.16129207611084,1408.9163818359375,33.93000030517578,2.6424654,18.0,-1,23.781364
181,77,4.995595932006836,107.67199611663818,10.034351348876953,108.44070434570312,2.6061604,8.0,1,15.309442
26,77,758.0045795440674,1157.02645778656,763.0433349609375,1157.795166015625,2.4154665,10.0,-1,4.8440247
13,77,1518.9170551300049,870.8347463607788,1523.955810546875,871.6034545898438,2.410277,16.0,-1,8.199827
28,77,61.40810585021973,516.1510305404663,66.44686126708984,516.9197387695312,2.2828615,6.0,1,16.41516
40,77,209.0517292022705,516.5792531967163,214.09048461914062,517.3479614257812,2.2650876,10.0,-1,17.738768
23,77,737.8724994659424,296.0888662338257,742.9112548828125,296.8575744628906,2.248063,12.0,-1,6.1765347
24,77,1310.1665668487549,456.19613552093506,1315.205322265625,456.96484375,2.2387068,8.0,1,25.693754
1,77,561.7343158721924,675.0543508529663,566.7730712890625,675.8230590820312,2.2237198,10.0,-1,3.5252619
32,77,397.55606269836426,177.91911220550537,402.5948181152344,178.6878204345703,1.9634466,10.0,-1,12.583985
19,77,965.5073261260986,531.9684743881226,970.5460815429688,532.7371826171875,1.9564732,8.0,-1,16.546026
183,77,439.94937324523926,494.4790029525757,444.9881286621094,495.2477111816406,1.6778661,22.0,-1,6.9253187
34,77,619.5384540557861,1125.4797048568726,624.5772094726562,1126.2484130859375,1.3171628,22.0,-1,7.1513634
213,77,77.30990791320801,464.51202297210693,82.34866333007812,465.2807312011719,1.0091151,28.0,-1,1.7572441
33,77,521.9030170440674,1189.4181814193726,526.9417724609375,1190.1868896484375,0.9684469,6.0,1,4.929911
22,77,180.660249710083,417.2669973373413,185.69900512695312,418.03570556640625,0.83686095,6.0,-1,21.376823
208,77,471.39770698547363,810.3812551498413,476.43646240234375,811.1499633789062,0.7264437,10.0,1,4.191759
169,77,349.9808979034424,21.275185585021973,355.0196533203125,22.043893814086914,0.7216107,10.0,-1,10.108797
27,77,251.640718460083,651.5233449935913,256.6794738769531,652.2920532226562,0.71818066,10.0,1,2.859904
29,77,519.3204364776611,412.3137502670288,524.3591918945312,413.08245849609375,0.67084646,18.0,-1,5.8301353
193,77,1598.4762592315674,409.3269033432007,1603.5150146484375,410.0956115722656,0.35843444,16.0,1,10.852311
51,77,192.19114875793457,423.1265859603882,197.2299041748047,423.8952941894531,0.19785231,10.0,1,9.168875
10,78,1231.1199970245361,179.3619680404663,1235.7880859375,180.190185546875,17.930716,10.0,-1,42.886658
4,78,1457.4992694854736,209.57366847991943,1462.1673583984375,210.40188598632812,12.427449,10.0,-1,7.942764
6,78,1212.2299823760986,599.2698659896851,1216.8980712890625,600.0980834960938,11.27827,10.0,1,32.806347
2,78,290.8380756378174,127.78073024749756,295.50616455078125,128.60894775390625,11.242087,10.0,1,22.574575
5,78,503.97354316711426,435.4957571029663,508.6416320800781,436.323974609375,11.110012,16.0,-1,36.183643
3,78,825.3573627471924,1077.0766897201538,830.0254516601562,1077.9049072265625,9.507424,8.0,1,18.360033
7,78,177.61563301086426,444.13534450531006,182.28372192382812,444.96356201171875,7.0056515,8.0,-1,11.315113
0,78,99.71511268615723,1103.5006399154663,104.3832015991211,1104.328857421875,6.802683,12.0,1,3.2278175
9,78,226.82206916809082,35.20707988739014,231.4901580810547,36.03529739379883,5.360231,8.0,1,18.547405
20,78,568.6526508331299,792.8396902084351,573.3207397460938,793.6679077148438,4.286333,8.0,-1,39.354305
26,78,757.2742938995361,1159.0421438217163,761.9423828125,1159.870361328125,4.177714,10.0,-1,8.475534
218,78,1403.3407001495361,27.715567588806152,1408.0087890625,28.543785095214844,3.7174728,18.0,-1,18.632826
15,78,1296.0263690948486,22.03205966949463,1300.6944580078125,22.86027717590332,3.3304234,10.0,-1,11.531774
35,78,443.99991035461426,745.9819021224976,448.6679992675781,746.8101196289062,3.2285364,8.0,-1,31.567522
17,78,663.1390399932861,294.12628078460693,667.80712890625,294.9544982910156,3.1921632,6.0,1,6.1556993
11,78,766.9633197784424,830.6864919662476,771.6314086914062,831.5147094726562,3.103304,8.0,-1,24.031923
23,78,739.6007709503174,297.38741970062256,744.2688598632812,298.21563720703125,3.0706604,12.0,-1,0.66482854
16,78,1389.3847675323486,1181.5095510482788,1394.0528564453125,1182.3377685546875,3.0026872,10.0,-1,0.49162245
8,78,845.2500019073486,306.50994777679443,849.9180908203125,307.3381652832031,2.7880414,20.0,-1,14.57337
32,78,397.21826362609863,178.02537441253662,401.8863525390625,178.8535919189453,2.6738014,10.0,-1,15.809478
19,78,966.0339984893799,532.9762258529663,970.7020874023438,533.804443359375,2.4449115,8.0,-1,16.835855
24,78,1310.4108905792236,456.2243642807007,1315.0789794921875,457.0525817871094,2.3936527,8.0,1,25.704514
28,78,61.57155799865723,516.3239431381226,66.2396469116211,517.1521606445312,2.3906531,6.0,1,14.676186
13,78,1517.3206806182861,871.4817190170288,1521.98876953125,872.3099365234375,2.3813727,18.0,-1,7.0407434
181,78,5.3382720947265625,107.64673519134521,10.00636100769043,108.4749526977539,2.3215814,8.0,1,18.718102
1,78,560.6943378448486,674.2790822982788,565.3624267578125,675.1072998046875,2.3123403,10.0,-1,3.8443787
34,78,622.2053241729736,1125.4753713607788,626.8734130859375,1126.3035888671875,1.3412753,22.0,-1,7.1259747
183,78,438.48526191711426,490.5877676010132,443.1533508300781,491.4159851074219,1.2679726,24.0,-1,6.081999
22,78,178.62475776672363,419.1234426498413,183.2928466796875,419.95166015625,1.1681875,8.0,1,5.881031
192,78,1605.8905048370361,423.3983144760132,1610.55859375,424.2265319824219,1.1613154,22.0,-1,9.774721
208,78,471.14953804016113,811.9075002670288,475.817626953125,812.7357177734375,1.0987297,10.0,1,2.965974
213,78,81.45671272277832,464.8017873764038,86.12480163574219,465.6300048828125,0.9448381,12.0,1,0.43869802
40,78,209.94326972961426,515.2142629623413,214.61135864257812,516.04248046875,0.9113262,10.0,-1,5.8515215
33,78,521.9227313995361,1189.9790334701538,526.5908203125,1190.8072509765625,0.75054604,6.0,1,1.3991845
27,78,251.62100410461426,648.5013113021851,256.2890930175781,649.3295288085938,0.7249584,10.0,1,2.6832619
29,78,516.8347187042236,414.1688222885132,521.5028076171875,414.9970397949219,0.62397045,16.0,-1,5.3805094
193,78,1602.9008808135986,410.95101833343506,1607.5689697265625,411.77923583984375,0.5228677,24.0,1,7.950826
169,78,345.33462715148926,20.223092079162598,350.0027160644531,21.05130958557129,0.48589623,8.0,-1,10.31694
153,78,67.18583106994629,453.71224880218506,71.85391998291016,454.54046630859375,0.24550979,20.0,-1,1.0308049
51,78,191.42309761047363,423.0193166732788,196.0911865234375,423.8475341796875,0.2349639,10.0,1,10.495123
10,79,1230.7523975372314,178.06762599945068,1235.427734375,178.34854125976562,15.369151,10.0,-1,41.422863
4,79,1459.457841873169,209.70219326019287,1464.1331787109375,209.9831085205078,13.7211075,10.0,-1,4.7279587
5,79,504.6561450958252,436.18939113616943,509.33148193359375,436.4703063964844,11.588622,16.0,-1,36.16153
2,79,291.0157642364502,127.9674825668335,295.69110107421875,128.24839782714844,9.583664,10.0,1,24.109636
3,79,824.6051807403564,1077.6701345443726,829.280517578125,1077.9510498046875,8.903245,8.0,1,18.599457
6,79,1213.025468826294,599.0834035873413,1217.7008056640625,599.3643188476562,8.51661,10.0,1,25.653118
7,79,177.75316047668457,444.00286769866943,182.42849731445312,444.2837829589844,7.7797375,8.0,-1,10.01198
168,79,17.254369735717773,7.758243560791016,21.929706573486328,8.039158821105957,6.939998,12.0,-1,40.280586
0,79,99.49583625793457,1102.30331325531,104.17117309570312,1102.584228515625,6.225176,12.0,1,3.8171952
9,79,226.82206916809082,36.37812328338623,231.49740600585938,36.65903854370117,5.5270996,8.0,1,18.498648
15,79,1297.474199295044,21.46751117706299,1302.1495361328125,21.74842643737793,4.5085063,10.0,-1,13.365896
35,79,443.73958015441895,744.5911550521851,448.4149169921875,744.8720703125,4.3724074,8.0,-1,36.561172
20,79,568.6152515411377,792.5679006576538,573.2905883789062,792.8488159179688,3.7462466,8.0,-1,37.744133
26,79,757.633134841919,1160.7008962631226,762.3084716796875,1160.9818115234375,3.6137855,10.0,-1,6.052817
218,79,1404.331621170044,25.791586875915527,1409.0069580078125,26.07250213623047,3.4736245,18.0,-1,15.58117
24,79,1309.330156326294,456.8158254623413,1314.0054931640625,457.09674072265625,3.4577425,8.0,1,27.128584
8,79,846.1894092559814,308.2010488510132,850.86474609375,308.4819641113281,3.096863,18.0,-1,15.170469
181,79,6.719000816345215,108.46231746673584,11.39433765411377,108.74323272705078,2.9942427,8.0,1,3.6107388
16,79,1388.294023513794,1183.21639919281,1392.9693603515625,1183.497314453125,2.772483,6.0,1,1.2030984
28,79,61.76090431213379,518.7670583724976,66.43624114990234,519.0479736328125,2.4960482,6.0,1,12.576589
17,79,663.130937576294,291.44378566741943,667.8062744140625,291.7247009277344,2.4043133,6.0,1,14.770122
11,79,764.346513748169,833.7546072006226,769.0218505859375,834.0355224609375,2.3960154,10.0,-1,18.112831
183,79,438.4455738067627,485.92672634124756,443.12091064453125,486.2076416015625,2.202734,26.0,-1,4.2993207
19,79,968.1173267364502,537.0405569076538,972.7926635742188,537.3214721679688,2.1590672,8.0,-1,12.980709
32,79,397.87217903137207,179.233473777771,402.5475158691406,179.51438903808594,2.1348197,10.0,-1,11.646023
23,79,741.4205493927002,299.59393215179443,746.0958862304688,299.8748474121094,1.9521637,6.0,1,2.5437999
13,79,1513.568437576294,871.4817190170288,1518.2437744140625,871.7626342773438,1.8567883,18.0,-1,8.894794
34,79,621.6781177520752,1124.612639427185,626.3534545898438,1124.8935546875,1.7398835,24.0,-1,7.602581
1,79,558.5343189239502,673.4310598373413,563.2096557617188,673.7119750976562,1.6971117,10.0,-1,3.6680264
22,79,177.42852973937988,420.70895290374756,182.10386657714844,420.9898681640625,1.1616675,6.0,1,30.5998
208,79,470.9739246368408,811.3284597396851,475.6492614746094,811.609375,0.9959912,10.0,1,4.3041997
27,79,252.0996265411377,651.6789236068726,256.77496337890625,651.9598388671875,0.957444,10.0,1,2.9923158
40,79,213.06842231750488,509.01071071624756,217.74375915527344,509.2916259765625,0.9399294,10.0,-1,12.875305
33,79,521.4289112091064,1189.0629568099976,526.104248046875,1189.3438720703125,0.92328614,6.0,1,3.4761777
213,79,79.52070808410645,464.5700674057007,84.196044921875,464.8509826660156,0.921763,12.0,1,0.2153283
192,79,1608.7973194122314,421.6608877182007,1613.47265625,421.9418029785156,0.87596416,24.0,-1,7.6465
193,79,1601.331865310669,406.7695608139038,1606.0072021484375,407.05047607421875,0.5541403,24.0,1,12.523743
29,79,517.971757888794,410.4637746810913,522.6470947265625,410.74468994140625,0.48886812,18.0,-1,5.672577
169,79,346.12617683410645,20.625252723693848,350.801513671875,20.90616798400879,0.3781028,8.0,-1,9.98765
51,79,190.37150764465332,423.21917629241943,195.04684448242188,423.5000915527344,0.2531636,8.0,1,10.595066
10,80,1232.769151687622,175.75249981880188,1237.8046875,175.9607391357422,19.940632,10.0,-1,40.578335
4,80,1460.557970046997,207.20937848091125,1465.593505859375,207.41761779785156,14.046956,10.0,-1,9.474784
5,80,506.90913581848145,436.96418499946594,511.9446716308594,437.17242431640625,11.852817,16.0,-1,36.77914
2,80,291.02305793762207,127.83579754829407,296.05859375,128.04403686523438,9.515124,10.0,1,24.214632
6,80,1213.9160022735596,599.6512577533722,1218.9515380859375,599.8594970703125,8.319731,10.0,1,21.633307
168,80,18.989181518554688,7.735219717025757,24.024717330932617,7.9434590339660645,7.8415904,12.0,-1,36.459885
3,80,822.9994983673096,1078.4246952533722,828.0350341796875,1078.6329345703125,7.295798,8.0,1,20.030996
7,80,176.99295234680176,444.5908329486847,182.0284881591797,444.799072265625,7.056133,8.0,-1,11.320303
0,80,99.95170783996582,1103.4210331439972,104.98724365234375,1103.6292724609375,6.985131,12.0,1,7.342468
11,80,761.2005481719971,835.6695072650909,766.236083984375,835.8777465820312,6.042236,8.0,-1,24.262495
9,80,228.31477546691895,35.20281720161438,233.35031127929688,35.41105651855469,5.6682515,8.0,1,15.879662
35,80,441.09089851379395,743.4254276752472,446.1264343261719,743.6336669921875,5.6637616,8.0,-1,35.817547
26,80,754.5474109649658,1159.7848026752472,759.5829467773438,1159.9930419921875,4.9433303,10.0,-1,6.0430017
20,80,568.8398914337158,791.4637577533722,573.8754272460938,791.6719970703125,4.4127374,8.0,-1,36.59573
8,80,843.2551136016846,306.6464970111847,848.2906494140625,306.854736328125,4.2397575,18.0,-1,15.889019
16,80,1388.607530593872,1183.4126102924347,1393.64306640625,1183.620849609375,4.0093203,6.0,1,0.5733552
15,80,1297.466905593872,22.39638066291809,1302.50244140625,22.6046199798584,3.7661307,10.0,-1,12.376424
218,80,1400.338487625122,23.690072298049927,1405.3740234375,23.898311614990234,3.7412062,18.0,-1,15.971089
19,80,968.7723255157471,538.7570316791534,973.807861328125,538.9652709960938,2.8707294,8.0,-1,18.598892
23,80,742.3439197540283,301.1859562397003,747.3794555664062,301.3941955566406,2.5794046,12.0,-1,2.0753026
24,80,1308.6618518829346,456.83884930610657,1313.6973876953125,457.0470886230469,2.3886511,8.0,1,26.879938
1,80,557.2496814727783,674.3778812885284,562.2852172851562,674.5861206054688,2.3262382,10.0,-1,5.231524
17,80,660.9067249298096,291.77366375923157,665.9422607421875,291.9819030761719,2.3013573,6.0,1,23.092585
181,80,4.49152946472168,111.08134961128235,9.52706527709961,111.28958892822266,2.1354291,8.0,1,19.556824
28,80,62.136735916137695,519.5898563861847,67.17227172851562,519.798095703125,2.0268943,6.0,1,14.746297
34,80,620.6379871368408,1123.2672245502472,625.6735229492188,1123.4754638671875,1.9306288,24.0,-1,7.9961777
32,80,398.8045825958252,181.06316876411438,403.8401184082031,181.2714080810547,1.8901376,10.0,-1,10.942558
183,80,436.3748950958252,484.6162540912628,441.4104309082031,484.8244934082031,1.466793,24.0,-1,4.191285
13,80,1513.369981765747,870.2447025775909,1518.405517578125,870.4529418945312,1.4313012,18.0,-1,7.5815215
208,80,469.99910163879395,810.1711552143097,475.0346374511719,810.37939453125,1.1421897,10.0,1,4.2743707
213,80,78.24761390686035,465.83564496040344,83.28314971923828,466.04388427734375,1.0595315,28.0,-1,0.17892495
40,80,212.478120803833,508.5052616596222,217.51365661621094,508.7135009765625,1.0520159,10.0,-1,10.082035
29,80,520.8344593048096,409.08027386665344,525.8699951171875,409.28851318359375,1.043969,18.0,-1,7.1806474
22,80,179.6685962677002,418.75837445259094,184.70413208007812,418.96661376953125,1.0287575,6.0,-1,11.587164
33,80,522.8607654571533,1187.2495243549347,527.8963012695312,1187.457763671875,0.8900487,6.0,1,4.6546874
192,80,1612.989854812622,424.56712079048157,1618.025390625,424.7753601074219,0.8587909,26.0,-1,6.582302
27,80,248.21258735656738,654.0614140033722,253.2481231689453,654.2696533203125,0.7448444,10.0,1,3.4007823
169,80,344.93589973449707,20.54153561592102,349.971435546875,20.749774932861328,0.6787234,8.0,-1,10.160545
193,80,1604.0053577423096,405.62336468696594,1609.0408935546875,405.83160400390625,0.328306,24.0,1,6.648243
51,80,190.992769241333,423.8453800678253,196.02830505371094,424.0536193847656,0.2016653,8.0,1,10.990159
10,81,1234.5705432891846,173.666836977005,1239.7374267578125,173.8459014892578,20.861101,10.0,-1,41.337963
3,81,822.6885242462158,1080.0422489643097,827.8554077148438,1080.2213134765625,14.839049,8.0,1,20.769484
2,81,290.99498176574707,129.42374920845032,296.161865234375,129.60281372070312,13.413537,10.0,1,23.613274
5,81,507.1327381134033,439.5095646381378,512.2996215820312,439.6886291503906,12.338504,16.0,-1,36.722126
4,81,1459.3608264923096,207.64140057563782,1464.5277099609375,207.82046508789062,12.174815,10.0,-1,13.274769
6,81,1215.0952014923096,598.5466434955597,1220.2620849609375,598.7257080078125,8.187976,10.0,1,7.8957386
7,81,176.93133735656738,444.6494266986847,182.0982208251953,444.8284912109375,7.636411,8.0,-1,10.089332
0,81,100.41600227355957,1103.0815556049347,105.5828857421875,1103.2606201171875,6.9554152,12.0,1,0.8891208
218,81,1398.0637073516846,21.700268983840942,1403.2305908203125,21.87933349609375,5.4694896,18.0,-1,22.06567
168,81,19.358991622924805,7.642030477523804,24.525875091552734,7.821094989776611,5.2605696,12.0,-1,35.42106
11,81,762.8369617462158,834.0657474994659,768.0038452148438,834.2448120117188,5.134231,10.0,-1,19.199797
20,81,568.8398914337158,792.2416508197784,574.0067749023438,792.4207153320312,4.833397,8.0,-1,39.709442
35,81,440.3909168243408,744.9865238666534,445.55780029296875,745.1655883789062,4.770826,8.0,-1,35.575386
9,81,226.76689338684082,34.277825593948364,231.93377685546875,34.45689010620117,4.5254188,8.0,1,16.242975
26,81,756.6204700469971,1161.5255253314972,761.787353515625,1161.70458984375,4.503348,10.0,-1,3.8375392
19,81,967.2229480743408,539.7733891010284,972.3898315429688,539.9524536132812,4.350743,8.0,-1,22.038395
8,81,842.7563343048096,307.47898602485657,847.9232177734375,307.6580505371094,4.3180637,18.0,-1,16.438171
24,81,1308.074571609497,456.20795941352844,1313.241455078125,456.38702392578125,3.36409,8.0,1,24.10659
15,81,1297.5134143829346,21.130677461624146,1302.6802978515625,21.309741973876953,3.254207,10.0,-1,11.6955595
16,81,1390.4103870391846,1180.0011112689972,1395.5772705078125,1180.18017578125,3.2351859,6.0,1,1.7362198
23,81,740.9535999298096,301.1515324115753,746.1204833984375,301.3305969238281,2.8280077,12.0,-1,3.2310724
28,81,63.44310188293457,519.8380863666534,68.6099853515625,520.0171508789062,2.6107047,6.0,1,11.097391
1,81,557.8323841094971,675.2983524799347,562.999267578125,675.4774169921875,2.5133545,10.0,-1,4.8038163
181,81,3.1045093536376953,111.40917706489563,8.271392822265625,111.58824157714844,2.4385183,8.0,1,21.747175
17,81,661.6617908477783,291.5239384174347,666.8286743164062,291.7030029296875,2.4138713,6.0,1,19.611053
183,81,434.09504890441895,485.6644413471222,439.2619323730469,485.843505859375,2.0565078,26.0,-1,4.959918
34,81,619.1024646759033,1119.6798222064972,624.2693481445312,1119.85888671875,1.9167247,22.0,-1,6.5848746
40,81,213.40019416809082,508.6555302143097,218.56707763671875,508.8345947265625,1.2833709,10.0,-1,8.468131
13,81,1513.7707386016846,864.8416264057159,1518.9376220703125,865.0206909179688,1.2452308,18.0,-1,7.068207
32,81,398.7257556915283,180.75689435005188,403.89263916015625,180.9359588623047,1.2416161,10.0,-1,12.245956
213,81,78.90901374816895,467.25095868110657,84.07589721679688,467.4300231933594,1.1359593,28.0,-1,0.63434
192,81,1614.704698562622,420.91657757759094,1619.87158203125,421.09564208984375,1.1062111,26.0,-1,4.64549
22,81,179.32177925109863,418.70844769477844,184.48866271972656,418.88751220703125,1.0890219,6.0,-1,10.901402
208,81,470.65547370910645,810.9475834369659,475.8223571777344,811.1266479492188,0.90786004,10.0,1,3.8793502
33,81,522.0566883087158,1186.5472538471222,527.2235717773438,1186.726318359375,0.8586684,6.0,1,5.74822
29,81,522.0782337188721,409.62327313423157,527.2451171875,409.8023376464844,0.79228884,20.0,-1,7.21301
169,81,346.6295642852783,23.61743664741516,351.79644775390625,23.79650115966797,0.74460286,8.0,-1,10.29492
27,81,247.15513801574707,652.5504276752472,252.322021484375,652.7294921875,0.6688699,10.0,1,3.0086567
51,81,190.96692085266113,423.8453800678253,196.13380432128906,424.0244445800781,0.25725952,8.0,1,10.491377
5,82,504.92505073547363,440.8725712299347,510.1253662109375,441.9402160644531,20.529062,16.0,-1,37.03461
4,82,1458.5897235870361,208.29589581489563,1463.7900390625,209.36354064941406,14.086521,10.0,-1,13.564812
10,82,1235.4650897979736,174.57786297798157,1240.6654052734375,175.6455078125,12.21717,10.0,-1,40.485382
2,82,290.04165840148926,129.30643963813782,295.2419738769531,130.37408447265625,11.869499,10.0,1,22.257286
3,82,824.0172138214111,1078.905133485794,829.217529296875,1079.9727783203125,8.689354,8.0,1,18.534683
6,82,1213.6322040557861,598.6070377826691,1218.83251953125,599.6746826171875,7.329075,10.0,1,19.260157
168,82,22.611982345581055,9.08852219581604,27.812297821044922,10.156167030334473,7.3269978,12.0,-1,38.87033
7,82,177.77607917785645,443.0809757709503,182.9763946533203,444.14862060546875,7.1044984,8.0,-1,11.385135
9,82,226.92129707336426,34.463616609573364,232.12161254882812,35.5312614440918,7.1032662,8.0,1,17.019163
218,82,1397.7089862823486,18.977730989456177,1402.9093017578125,20.04537582397461,6.9758,18.0,-1,25.529984
0,82,101.49268531799316,1101.410992860794,106.69300079345703,1102.4786376953125,5.991586,16.0,-1,4.2326765
8,82,841.2600116729736,307.55308270454407,846.4603271484375,308.6207275390625,5.727985,18.0,-1,16.341816
26,82,756.7417621612549,1158.6923649311066,761.9420776367188,1159.760009765625,5.6978583,10.0,-1,7.7299595
19,82,965.1915912628174,538.9154484272003,970.3919067382812,539.9830932617188,5.5392857,8.0,-1,20.373007
20,82,568.8706073760986,792.4365665912628,574.0709228515625,793.5042114257812,5.4879746,8.0,-1,39.04795
11,82,764.6867084503174,834.7591984272003,769.8870239257812,835.8268432617188,4.656241,10.0,-1,20.631187
35,82,440.4114398956299,745.2189762592316,445.61175537109375,746.28662109375,3.4618673,8.0,-1,32.781536
24,82,1306.8049335479736,452.99522137641907,1312.0052490234375,454.0628662109375,2.8334637,8.0,1,16.533781
1,82,559.0091571807861,676.3134586811066,564.20947265625,677.381103515625,2.8275964,10.0,-1,3.4034722
15,82,1300.9879169464111,22.817567110061646,1306.188232421875,23.885211944580078,2.748101,10.0,-1,9.763161
17,82,660.4462299346924,289.7255070209503,665.6465454101562,290.79315185546875,2.361828,6.0,1,19.837578
16,82,1389.0393085479736,1179.2529118061066,1394.2396240234375,1180.320556640625,2.3044443,10.0,-1,1.7042662
23,82,739.0156269073486,298.4648869037628,744.2159423828125,299.53253173828125,2.2838948,6.0,1,4.1709204
213,82,78.23796272277832,469.1595890522003,83.43827819824219,470.22723388671875,2.0167477,28.0,-1,3.675603
181,82,3.7872390747070312,111.34108471870422,8.987554550170898,112.40872955322266,1.9669036,8.0,1,26.756634
28,82,64.67984962463379,518.2233097553253,69.88016510009766,519.2909545898438,1.9620866,6.0,1,8.796052
34,82,616.6863422393799,1116.303326845169,621.8866577148438,1117.3709716796875,1.7176131,22.0,-1,7.633725
40,82,212.17993354797363,505.1494266986847,217.3802490234375,506.2170715332031,1.5965514,10.0,-1,13.597173
32,82,399.78003120422363,180.75689435005188,404.9803466796875,181.8245391845703,1.5569634,10.0,-1,9.39918
13,82,1514.4311542510986,866.9554874897003,1519.6314697265625,868.0231323242188,1.5559889,18.0,-1,8.864094
183,82,429.85754585266113,486.2485477924347,435.057861328125,487.3161926269531,1.3543386,24.0,-1,5.117847
27,82,247.15513801574707,647.4371159076691,252.35545349121094,648.5047607421875,1.2306514,10.0,1,5.471984
33,82,523.7489032745361,1186.6232731342316,528.94921875,1187.69091796875,1.1912172,6.0,1,4.801796
192,82,1613.4470233917236,420.9640018939972,1618.6473388671875,422.0316467285156,1.1432431,26.0,-1,5.614932
29,82,520.1697406768799,415.43842816352844,525.3700561523438,416.5060729980469,1.1339725,18.0,-1,8.148046
22,82,180.6079273223877,417.1890079975128,185.80824279785156,418.25665283203125,0.82840466,6.0,-1,21.288944
169,82,346.2614459991455,22.839192628860474,351.4617614746094,23.906837463378906,0.7183671,10.0,-1,10.760725
208,82,468.460786819458,812.9709904193878,473.6611022949219,814.0386352539062,0.64678055,12.0,1,2.5767407
153,82,70.57741737365723,451.1814396381378,75.7777328491211,452.24908447265625,0.26265278,28.0,1,7.234865
51,82,193.29100227355957,423.2066776752472,198.49131774902344,424.2743225097656,0.19613843,10.0,1,8.337994
193,82,1598.9924335479736,401.68049359321594,1604.1927490234375,402.7481384277344,0.1804169,18.0,1,6.841096
10,83,1233.3024921417236,175.23550152778625,1238.144775390625,175.9648895263672,20.291948,10.0,-1,41.548805
5,83,505.121187210083,442.2534306049347,509.9634704589844,442.9828186035156,16.583122,16.0,-1,36.418205
4,83,1459.9827899932861,211.46767926216125,1464.8250732421875,212.1970672607422,15.483102,10.0,-1,14.484684
3,83,823.5224018096924,1079.386822938919,828.3646850585938,1080.1162109375,10.35769,8.0,1,20.18469
2,83,290.388521194458,130.84846234321594,295.2308044433594,131.57785034179688,10.22557,10.0,1,20.535769
0,83,103.33043098449707,1100.6337711811066,108.17271423339844,1101.3631591796875,8.098625,16.0,-1,2.2914426
6,83,1214.2166767120361,598.2886784076691,1219.0589599609375,599.01806640625,7.8824325,10.0,1,14.702861
7,83,178.41014289855957,443.3564884662628,183.25242614746094,444.08587646484375,7.0629425,8.0,-1,11.140959
9,83,229.81683540344238,34.86603665351868,234.65911865234375,35.59542465209961,6.3989606,8.0,1,19.221287
218,83,1397.4195575714111,21.642834901809692,1402.2618408203125,22.372222900390625,6.3214393,18.0,-1,23.039473
35,83,441.815523147583,745.2189762592316,446.6578063964844,745.9483642578125,4.7934723,8.0,-1,32.229416
11,83,765.9891376495361,837.1589176654816,770.8314208984375,837.8883056640625,4.2674146,8.0,-1,25.81842
19,83,965.3747577667236,537.5693790912628,970.217041015625,538.2987670898438,3.810643,8.0,-1,17.255585
24,83,1304.6867694854736,453.64732098579407,1309.529052734375,454.376708984375,3.7957106,8.0,1,26.085007
20,83,568.5932636260986,791.8990299701691,573.435546875,792.62841796875,3.5163705,8.0,-1,37.294598
8,83,845.3657245635986,306.16633343696594,850.2080078125,306.8957214355469,3.4755738,20.0,-1,15.771591
16,83,1389.5025653839111,1177.054059267044,1394.3448486328125,1177.783447265625,3.1804907,10.0,-1,0.65621537
26,83,756.4910907745361,1156.9731266498566,761.3333740234375,1157.7025146484375,2.7712653,10.0,-1,5.0850134
40,83,210.84520149230957,504.6181766986847,215.68748474121094,505.3475646972656,2.6598895,8.0,-1,21.529678
1,83,558.7192401885986,674.1585514545441,563.5615234375,674.887939453125,2.400274,10.0,-1,4.2856665
15,83,1303.1291522979736,24.678143739700317,1307.971435546875,25.40753173828125,2.1299021,10.0,-1,8.607146
17,83,659.0935688018799,289.60264325141907,663.9358520507812,290.33203125,2.0358598,6.0,1,19.358826
181,83,3.795665740966797,111.74661755561829,8.637948989868164,112.47600555419922,1.9917727,8.0,1,28.07023
23,83,738.4016132354736,301.43003582954407,743.243896484375,302.159423828125,1.9632152,6.0,1,7.9189653
28,83,64.67984962463379,516.4098331928253,69.52213287353516,517.1392211914062,1.6254182,6.0,1,11.095046
213,83,78.67426490783691,469.25388836860657,83.51654815673828,469.9832763671875,1.4900926,28.0,-1,2.291597
192,83,1610.1667499542236,423.53770184516907,1615.009033203125,424.26708984375,1.469838,24.0,-1,7.1378703
32,83,397.75110054016113,182.63110089302063,402.5933837890625,183.36048889160156,1.4576265,10.0,-1,9.980066
183,83,429.22265815734863,482.57355999946594,434.06494140625,483.3029479980469,1.2649248,24.0,-1,5.7962985
29,83,520.2752704620361,413.9661991596222,525.1175537109375,414.6955871582031,1.2250766,20.0,-1,8.314697
33,83,522.6164569854736,1186.702008485794,527.458740234375,1187.431396484375,1.1843835,6.0,1,4.0316553
34,83,614.7521991729736,1115.2836735248566,619.594482421875,1116.0130615234375,1.1504035,20.0,-1,7.196023
13,83,1514.1590595245361,863.7452213764191,1519.0013427734375,864.474609375,1.0655732,18.0,-1,7.3856463
27,83,243.29716682434082,647.1493351459503,248.1394500732422,647.8787231445312,1.0303531,10.0,1,6.498912
169,83,347.7518939971924,19.582988023757935,352.59417724609375,20.312376022338867,0.9137678,10.0,-1,11.261714
22,83,181.5475788116455,417.0814640522003,186.38986206054688,417.81085205078125,0.77338934,6.0,-1,24.857492
208,83,467.16043281555176,813.3013126850128,472.0027160644531,814.0307006835938,0.67245466,10.0,1,1.8283176
153,83,69.63594245910645,448.16648602485657,74.47822570800781,448.8958740234375,0.37206256,28.0,1,8.422134
51,83,193.6804370880127,423.30161786079407,198.52272033691406,424.031005859375,0.20927823,10.0,1,9.662351
10,84,1233.9240741729736,173.30935406684875,1238.74853515625,173.77076721191406,12.913924,10.0,-1,40.458546
5,84,506.03055000305176,442.2534306049347,510.8550109863281,442.71484375,12.767488,16.0,-1,37.073452
3,84,824.6200580596924,1081.3247196674347,829.4445190429688,1081.7861328125,11.263637,8.0,1,19.011395
4,84,1460.8399677276611,212.5868046283722,1465.6644287109375,213.0482177734375,11.218124,10.0,-1,10.709096
2,84,290.55529975891113,130.17266583442688,295.3797607421875,130.6340789794922,9.45925,10.0,1,17.319088
7,84,177.64294624328613,445.05320477485657,182.4674072265625,445.5146179199219,8.821626,8.0,-1,8.950806
0,84,102.08328437805176,1100.2546513080597,106.90774536132812,1100.716064453125,7.4553123,16.0,-1,1.2911507
6,84,1215.4649677276611,599.6573612689972,1220.2894287109375,600.1187744140625,7.0770493,10.0,1,13.168762
9,84,231.27258491516113,33.113728761672974,236.0970458984375,33.57514190673828,5.910774,8.0,1,20.001637
218,84,1397.6173114776611,24.429240465164185,1402.4417724609375,24.890653610229492,4.663754,18.0,-1,17.631828
20,84,569.3085346221924,794.3313724994659,574.1329956054688,794.7927856445312,4.508414,8.0,-1,36.667244
35,84,440.8969135284424,745.5464603900909,445.72137451171875,746.0078735351562,4.492257,8.0,-1,30.921036
24,84,1303.2341327667236,453.84861493110657,1308.05859375,454.3100280761719,4.1046605,8.0,1,29.060062
11,84,766.8623065948486,836.3044559955597,771.686767578125,836.765869140625,3.9497283,8.0,-1,29.36684
19,84,964.4111347198486,536.5802128314972,969.235595703125,537.0416259765625,3.298032,8.0,-1,19.410034
8,84,848.6482563018799,305.4842655658722,853.4727172851562,305.9456787109375,3.238425,18.0,-1,16.2578
26,84,754.6676654815674,1155.4245731830597,759.4921264648438,1155.885986328125,2.9211664,10.0,-1,7.2393193
181,84,4.586071968078613,110.94799542427063,9.41053295135498,111.40940856933594,2.837085,8.0,1,26.60014
28,84,63.46869087219238,517.0284550189972,68.29315185546875,517.4898681640625,2.366955,6.0,1,7.8312893
16,84,1390.5043964385986,1178.1424686908722,1395.328857421875,1178.6038818359375,2.1858432,6.0,1,1.7766238
15,84,1304.9036884307861,24.99585270881653,1309.7281494140625,25.457265853881836,1.9451581,10.0,-1,5.1095886
23,84,737.4212665557861,301.28684735298157,742.2457275390625,301.7482604980469,1.896218,6.0,1,3.1706135
17,84,658.7883319854736,290.47276043891907,663.61279296875,290.9341735839844,1.8502005,6.0,1,22.106422
183,84,425.87906074523926,478.3723576068878,430.7035217285156,478.8337707519531,1.6554431,24.0,-1,6.0956483
1,84,556.5017719268799,672.3161747455597,561.3262329101562,672.777587890625,1.6395493,10.0,-1,1.6198018
29,84,515.2626361846924,411.98948407173157,520.0870971679688,412.4508972167969,1.4259,18.0,-1,7.937812
32,84,397.67788887023926,182.13847088813782,402.5023498535156,182.59988403320312,1.4131569,10.0,-1,2.9279945
40,84,210.84520149230957,503.7048466205597,215.66966247558594,504.166259765625,1.3940134,8.0,-1,18.623817
213,84,78.26046943664551,468.96247601509094,83.08493041992188,469.42388916015625,1.1659621,10.0,1,0.4402145
34,84,614.3482685089111,1115.3065311908722,619.1727294921875,1115.7679443359375,1.0434841,22.0,-1,6.081306
33,84,521.4219989776611,1186.9889042377472,526.2464599609375,1187.4503173828125,0.9454839,6.0,1,3.4503329
13,84,1516.9959735870361,863.0529911518097,1521.8204345703125,863.514404296875,0.90777975,18.0,-1,7.8985095
27,84,241.25438117980957,649.1283085346222,246.07884216308594,649.5897216796875,0.828865,10.0,1,5.9321604
22,84,181.70713996887207,417.7499210834503,186.53160095214844,418.2113342285156,0.75766045,8.0,-1,26.241392
208,84,469.33682441711426,814.9257328510284,474.1612854003906,815.3871459960938,0.74603707,12.0,1,3.5747905
169,84,349.91528511047363,18.280635118484497,354.73974609375,18.742048263549805,0.7293624,8.0,-1,12.199958
192,84,1612.6494159698486,420.5028202533722,1617.473876953125,420.9642333984375,0.70587015,28.0,-1,4.2755446
193,84,1598.6348896026611,401.41181683540344,1603.4593505859375,401.87322998046875,0.42073035,22.0,1,6.9433136
153,84,69.42833137512207,452.6689884662628,74.25279235839844,453.1304016113281,0.24640451,28.0,1,6.198654
51,84,193.24608039855957,424.3852970600128,198.07054138183594,424.8467102050781,0.19260694,10.0,1,10.277557
5,85,507.2648334503174,442.2280704975128,512.1696166992188,442.7699890136719,14.764214,16.0,-1,36.951817
10,85,1233.9240741729736,173.21220135688782,1238.828857421875,173.75411987304688,14.232474,10.0,-1,40.766956
4,85,1460.8731708526611,213.1855595111847,1465.7779541015625,213.72747802734375,12.818877,10.0,-1,7.8596344
7,85,176.6451587677002,445.2904484272003,181.54994201660156,445.8323669433594,12.543186,8.0,-1,10.487119
2,85,291.56982612609863,130.41135907173157,296.474609375,130.95327758789062,9.92727,10.0,1,15.60741
6,85,1215.6220722198486,598.9402592182159,1220.52685546875,599.482177734375,9.12685,10.0,1,8.823981
3,85,825.5905170440674,1077.546948671341,830.4953002929688,1078.0888671875,8.107433,8.0,1,18.475801
0,85,101.55734443664551,1101.3249027729034,106.46212768554688,1101.8668212890625,6.670955,16.0,-1,4.199675
11,85,764.8730487823486,836.8303349018097,769.77783203125,837.3722534179688,6.1824207,10.0,-1,34.43537
9,85,230.47935676574707,31.612557649612427,235.38414001464844,32.154476165771484,5.5083995,8.0,1,17.226118
20,85,569.9414691925049,797.2916386127472,574.8462524414062,797.8335571289062,4.584904,8.0,-1,39.020744
218,85,1396.7012958526611,24.566556215286255,1401.6060791015625,25.108474731445312,4.2490697,18.0,-1,20.01142
24,85,1302.4084491729736,453.37644696235657,1307.313232421875,453.9183654785156,3.8094842,8.0,1,29.355898
16,85,1391.2276630401611,1180.6649906635284,1396.1324462890625,1181.2069091796875,3.6062176,6.0,1,2.3487918
8,85,848.6041889190674,305.4842655658722,853.5089721679688,306.02618408203125,3.3272998,18.0,-1,15.611477
15,85,1303.2983417510986,28.03653836250305,1308.203125,28.57845687866211,3.0300348,10.0,-1,5.5522394
35,85,443.8044147491455,743.9667484760284,448.7091979980469,744.5086669921875,2.774575,8.0,-1,29.787014
26,85,755.2570209503174,1156.940503358841,760.1618041992188,1157.482421875,2.7400248,10.0,-1,6.3700733
1,85,555.1868305206299,672.7661869525909,560.0916137695312,673.30810546875,2.663392,10.0,-1,3.6843073
23,85,735.3809223175049,301.01130414009094,740.2857055664062,301.55322265625,2.4821668,6.0,1,2.076427
181,85,4.807634353637695,111.97906994819641,9.712417602539062,112.52098846435547,2.3866427,8.0,1,26.557058
29,85,511.01770210266113,411.6226933002472,515.9224853515625,412.16461181640625,2.3230495,18.0,-1,9.308006
183,85,428.6022357940674,477.16999554634094,433.50701904296875,477.7119140625,2.2902734,26.0,-1,5.37224
40,85,211.7538776397705,501.9922001361847,216.65866088867188,502.53411865234375,2.2056992,10.0,-1,16.802675
19,85,964.9190082550049,534.2474491596222,969.8237915039062,534.7893676757812,2.1758597,10.0,-1,16.239132
17,85,657.0726337432861,292.6684696674347,661.9774169921875,293.21038818359375,1.4355637,8.0,1,30.358627
213,85,79.19110298156738,471.22773480415344,84.09588623046875,471.7696533203125,1.4227443,28.0,-1,3.030311
28,85,63.096750259399414,517.4562504291534,68.00153350830078,517.9981689453125,1.3903366,6.0,1,11.785364
27,85,243.1914234161377,647.1948978900909,248.09620666503906,647.73681640625,1.2187222,10.0,1,7.10548
34,85,608.5432758331299,1113.790112733841,613.4480590820312,1114.33203125,1.2075752,22.0,-1,6.7779164
192,85,1609.9453144073486,417.3707401752472,1614.85009765625,417.91265869140625,1.194414,26.0,-1,2.3787155
32,85,396.5480670928955,182.4602177143097,401.4528503417969,183.00213623046875,1.1703494,10.0,-1,6.4523153
13,85,1518.7150897979736,861.3294804096222,1523.619873046875,861.8713989257812,1.0315229,16.0,-1,7.1798134
22,85,181.4012622833252,416.71040081977844,186.30604553222656,417.2523193359375,0.88922375,8.0,-1,27.798916
208,85,471.63565254211426,814.8086063861847,476.5404357910156,815.3505249023438,0.80152243,10.0,1,3.055375
169,85,353.5546283721924,19.23991894721985,358.45941162109375,19.781837463378906,0.6853458,8.0,-1,11.820414
33,85,520.2415790557861,1187.4708988666534,525.1463623046875,1188.0128173828125,0.59879345,6.0,1,4.7674956
153,85,71.7870044708252,452.05146527290344,76.69178771972656,452.5933837890625,0.3528637,26.0,1,7.092666
51,85,190.91594123840332,425.6443302631378,195.8207244873047,426.1862487792969,0.24832761,8.0,1,16.768373
5,86,505.61645698547363,441.447598695755,510.97381591796875,442.12164306640625,14.773179,16.0,-1,36.46287
10,86,1234.8820209503174,174.53088116645813,1240.2393798828125,175.20492553710938,12.745982,12.0,-1,41.361504
0,86,101.76156806945801,1099.6626255512238,107.11892700195312,1100.336669921875,12.095853,10.0,1,12.86944
3,86,826.3719501495361,1075.4446079730988,831.7293090820312,1076.11865234375,10.995561,8.0,1,20.261347
7,86,175.27722358703613,445.0651218891144,180.63458251953125,445.7391662597656,10.563946,8.0,-1,11.278128
6,86,1215.5420551300049,599.28426861763,1220.8994140625,599.9583129882812,9.51974,10.0,1,15.390763
2,86,293.019624710083,129.27311444282532,298.3769836425781,129.94715881347656,9.111123,10.0,1,19.447355
4,86,1461.2308979034424,213.3634159564972,1466.5882568359375,214.03746032714844,7.7768683,10.0,-1,7.045961
11,86,762.0449237823486,835.241544008255,767.4022827148438,835.9155883789062,7.0380173,8.0,-1,36.85056
9,86,229.29129219055176,31.404183626174927,234.64865112304688,32.07822799682617,6.01111,8.0,1,16.957796
20,86,567.0650043487549,796.5988438129425,572.42236328125,797.2728881835938,3.468393,8.0,-1,37.13722
16,86,1390.8377094268799,1181.7163364887238,1396.195068359375,1182.390380859375,3.443785,6.0,1,0.38655102
26,86,756.7576923370361,1156.7658970355988,762.1150512695312,1157.43994140625,3.3076236,10.0,-1,3.2534554
24,86,1303.1300678253174,453.09560894966125,1308.4874267578125,453.7696533203125,3.2894669,8.0,1,26.758669
35,86,445.47097969055176,741.6000034809113,450.8283386230469,742.2740478515625,3.253997,8.0,-1,30.22393
23,86,735.1224384307861,301.8331882953644,740.4797973632812,302.5072326660156,3.2271395,14.0,-1,0.21648318
218,86,1398.3045063018799,21.986655473709106,1403.661865234375,22.66069984436035,3.2267141,18.0,-1,22.755152
8,86,848.8400897979736,305.76492047309875,854.1974487304688,306.43896484375,3.0391672,18.0,-1,14.287733
17,86,660.4047870635986,290.42324566841125,665.7621459960938,291.0972900390625,2.7792504,6.0,1,23.611256
15,86,1303.4439105987549,30.639201402664185,1308.80126953125,31.31324577331543,2.1722481,10.0,-1,3.44198
183,86,428.8439350128174,478.13561749458313,434.2012939453125,478.8096618652344,2.0728338,24.0,-1,5.4942727
29,86,510.3390522003174,411.9867527484894,515.6964111328125,412.6607971191406,1.9619589,18.0,-1,7.50203
181,86,3.9968700408935547,111.98259472846985,9.354228973388672,112.6566390991211,1.8811823,8.0,1,26.182962
34,86,609.4345722198486,1112.8965122699738,614.7919311523438,1113.570556640625,1.8005546,20.0,-1,6.1750054
1,86,554.3703022003174,673.612149477005,559.7276611328125,674.2861938476562,1.7908994,10.0,-1,5.086858
28,86,62.998056411743164,517.3135044574738,68.35541534423828,517.987548828125,1.7018871,6.0,1,13.018185
19,86,962.9237689971924,533.8019077777863,968.2811279296875,534.4759521484375,1.5882751,10.0,-1,14.058235
40,86,209.15486335754395,502.67480206489563,214.51222229003906,503.3488464355469,1.4729606,10.0,-1,19.158638
213,86,81.25988960266113,471.80907940864563,86.61724853515625,472.4831237792969,1.472939,28.0,-1,5.561349
13,86,1522.1588764190674,863.6274693012238,1527.5162353515625,864.301513671875,1.4515861,16.0,-1,8.586484
32,86,396.62808418273926,183.39008831977844,401.9854431152344,184.0641326904297,1.2977908,10.0,-1,11.333484
250,86,175.15068244934082,422.9252598285675,180.50804138183594,423.59930419921875,1.1190339,8.0,1,36.970673
169,86,351.38293647766113,19.451064348220825,356.74029541015625,20.12510871887207,1.0792143,10.0,-1,10.827441
27,86,245.2564868927002,647.2619907855988,250.6138458251953,647.93603515625,0.9693865,10.0,1,5.7662406
33,86,516.4241352081299,1188.7424595355988,521.781494140625,1189.41650390625,0.91112787,6.0,1,6.852821
208,86,475.92398262023926,811.3788120746613,481.2813415527344,812.0528564453125,0.58656865,10.0,1,1.2715192
192,86,1608.5093402862549,419.34484601020813,1613.86669921875,420.0188903808594,0.56748223,26.0,-1,3.6588764
153,86,69.81951332092285,452.04794049263,75.17687225341797,452.72198486328125,0.33447877,28.0,1,7.9280033
51,86,188.82266426086426,423.74648785591125,194.18002319335938,424.4205322265625,0.25799665,8.0,1,16.621126
193,86,1598.0388813018799,399.75549054145813,1603.396240234375,400.4295349121094,0.23025542,20.0,1,6.0136147
0,87,101.1046085357666,1099.2525608539581,106.49602508544922,1099.979736328125,14.779874,10.0,1,17.825537
10,87,1237.5492572784424,175.43517804145813,1242.940673828125,176.162353515625,12.173268,12.0,-1,40.59044
4,87,1460.5253314971924,213.83941388130188,1465.916748046875,214.56658935546875,11.942169,10.0,-1,5.6807795
11,87,763.0728168487549,835.2710545063019,768.4642333984375,835.9982299804688,11.448997,8.0,-1,35.692814
2,87,292.0397357940674,127.61954998970032,297.43115234375,128.3467254638672,11.189697,10.0,1,23.089876
3,87,826.3719501495361,1075.1383030414581,831.7633666992188,1075.865478515625,10.639859,8.0,1,19.567408
5,87,505.59793281555176,440.59814190864563,510.9893493652344,441.3253173828125,9.523969,16.0,-1,36.520702
7,87,174.95315742492676,444.61562848091125,180.34457397460938,445.3428039550781,9.003268,8.0,-1,15.347567
6,87,1215.2915668487549,599.0542576313019,1220.6829833984375,599.7814331054688,8.784379,10.0,1,13.665115
9,87,229.10724067687988,31.4206440448761,234.4986572265625,32.14781951904297,5.409422,8.0,1,16.934732
26,87,758.5459613800049,1158.5963108539581,763.9373779296875,1159.323486328125,3.848155,10.0,-1,1.2986653
20,87,567.8298358917236,798.2693455219269,573.2212524414062,798.9965209960938,3.2472496,8.0,-1,39.770203
24,87,1304.7675189971924,453.0630466938019,1310.158935546875,453.79022216796875,3.0442784,8.0,1,20.372187
16,87,1392.8604145050049,1181.1821262836456,1398.2518310546875,1181.9093017578125,3.0089223,6.0,1,2.380092
8,87,847.7592182159424,307.0114414691925,853.150634765625,307.7386169433594,2.9907825,18.0,-1,15.644497
15,87,1305.5718402862549,29.02107548713684,1310.9632568359375,29.74825096130371,2.2819932,10.0,-1,5.6874313
1,87,555.1539325714111,673.6102879047394,560.5453491210938,674.3374633789062,2.2757628,10.0,-1,2.3232229
181,87,4.577600479125977,112.31046032905579,9.969017028808594,113.03763580322266,2.225055,8.0,1,26.886003
218,87,1399.6574115753174,22.6152241230011,1405.048828125,23.34239959716797,2.1054227,18.0,-1,23.112707
23,87,737.5432758331299,303.79174542427063,742.9346923828125,304.5189208984375,2.005492,6.0,1,1.7934545
35,87,446.53857612609863,737.2855198383331,451.92999267578125,738.0126953125,1.8444453,8.0,-1,22.227625
192,87,1611.3629779815674,425.04406476020813,1616.75439453125,425.771240234375,1.7219723,26.0,-1,6.877411
19,87,960.5214862823486,537.4500706195831,965.9129028320312,538.17724609375,1.6921636,10.0,-1,13.432377
17,87,658.2511005401611,290.42324566841125,663.6425170898438,291.1504211425781,1.6760197,6.0,1,22.446104
13,87,1520.7409076690674,863.0090305805206,1526.13232421875,863.7362060546875,1.6677405,14.0,-1,9.152538
183,87,426.6686725616455,481.73669171333313,432.0600891113281,482.4638671875,1.6166077,22.0,-1,7.780098
34,87,610.8755512237549,1114.1455051898956,616.2669677734375,1114.8726806640625,1.5967342,20.0,-1,8.759054
40,87,207.67698860168457,503.27547955513,213.0684051513672,504.0026550292969,1.5921254,10.0,-1,16.35317
213,87,80.73354530334473,471.03866314888,86.12496185302734,471.7658386230469,1.2737944,28.0,-1,5.1375847
32,87,397.11633491516113,182.6996738910675,402.50775146484375,183.42684936523438,1.1669387,10.0,-1,9.160455
28,87,63.11071968078613,516.8416111469269,68.50213623046875,517.5687866210938,1.1635903,6.0,1,13.399439
29,87,512.0068378448486,412.5224277973175,517.3982543945312,413.2496032714844,1.125928,18.0,-1,7.376503
27,87,248.61546516418457,646.2104465961456,254.0068817138672,646.9376220703125,1.04446,10.0,1,4.0511117
208,87,474.88464546203613,808.5153782367706,480.27606201171875,809.2425537109375,0.89868015,10.0,1,1.2726601
250,87,175.045015335083,422.0758945941925,180.43643188476562,422.8030700683594,0.8212231,8.0,1,36.58545
33,87,515.0075702667236,1189.6530735492706,520.3989868164062,1190.3802490234375,0.71697456,6.0,1,4.8902297
169,87,351.15066719055176,17.417760133743286,356.5420837402344,18.144935607910156,0.55806994,8.0,-1,10.889795
51,87,188.15661811828613,424.48135113716125,193.54803466796875,425.2085266113281,0.32735655,8.0,1,17.40187
193,87,1600.8163471221924,403.0258152484894,1606.207763671875,403.75299072265625,0.22494775,22.0,1,8.748167
10,88,1240.1138935089111,175.16950726509094,1245.6610107421875,175.7110137939453,17.181536,12.0,-1,40.60141
3,88,826.3272724151611,1075.4916965961456,831.8743896484375,1076.033203125,12.917155,8.0,1,19.664253
5,88,509.07177925109863,439.97439312934875,514.618896484375,440.5158996582031,11.803291,16.0,-1,37.029636
2,88,292.68765449523926,129.24213910102844,298.2347717285156,129.7836456298828,11.260297,10.0,1,21.107431
4,88,1460.9989032745361,213.64111065864563,1466.5460205078125,214.1826171875,10.401133,10.0,-1,5.6780252
7,88,174.03967475891113,444.75405621528625,179.5867919921875,445.2955627441406,10.275721,8.0,-1,11.915393
0,88,100.66426277160645,1099.4843723773956,106.21138000488281,1100.02587890625,10.049106,10.0,1,13.842757
9,88,230.42585945129395,31.238465547561646,235.9729766845703,31.779972076416016,8.613299,8.0,1,19.21177
11,88,763.2980365753174,833.3136570453644,768.8451538085938,833.8551635742188,6.5198064,8.0,-1,29.382866
6,88,1215.1585712432861,598.1257908344269,1220.7056884765625,598.6672973632812,6.237183,10.0,1,9.845985
20,88,568.3831195831299,795.9844334125519,573.9302368164062,796.5259399414062,5.5278096,8.0,-1,38.493935
8,88,844.9262104034424,305.97390484809875,850.4733276367188,306.5154113769531,3.698498,18.0,-1,16.317547
24,88,1305.2104511260986,454.193204164505,1310.757568359375,454.7347106933594,3.559085,8.0,1,21.856087
26,88,759.9482440948486,1159.0456516742706,765.495361328125,1159.587158203125,3.4081838,10.0,-1,7.873769
23,88,737.3121967315674,304.96301007270813,742.8593139648438,305.5045166015625,3.1901379,12.0,-1,0.74416316
16,88,1394.1064472198486,1179.3465549945831,1399.653564453125,1179.8880615234375,3.0186644,6.0,1,0.8190117
218,88,1400.2327899932861,22.279139757156372,1405.7799072265625,22.820646286010742,2.7473962,18.0,-1,23.172134
15,88,1306.8089618682861,28.70791745185852,1312.3560791015625,29.24942398071289,2.4788108,10.0,-1,5.879896
181,88,3.872624397277832,113.20743298530579,9.4197416305542,113.74893951416016,2.3635125,8.0,1,28.005342
40,88,207.31329536437988,503.58083844184875,212.86041259765625,504.1223449707031,2.237729,8.0,-1,19.581665
35,88,448.22012519836426,735.4174168109894,453.7672424316406,735.9589233398438,2.1833494,8.0,-1,23.764395
1,88,555.1539325714111,675.3544285297394,560.7010498046875,675.8959350585938,2.096464,10.0,-1,1.2069641
183,88,425.71924018859863,482.9546482563019,431.266357421875,483.49615478515625,2.0786836,20.0,-1,7.2441454
13,88,1523.4763202667236,861.9238865375519,1529.0234375,862.4653930664062,2.0468338,16.0,-1,9.18582
213,88,80.4859561920166,472.19350934028625,86.03307342529297,472.7350158691406,2.0160387,28.0,-1,9.44628
19,88,960.1159687042236,539.4061253070831,965.6630859375,539.9476318359375,1.8501401,10.0,-1,14.299286
28,88,63.90593147277832,516.8416111469269,69.45304870605469,517.3831176757812,1.6244378,6.0,1,7.8749285
17,88,659.2472553253174,290.4349949359894,664.7943725585938,290.97650146484375,1.5558118,6.0,1,21.830322
34,88,612.3865375518799,1113.8016331195831,617.9336547851562,1114.3431396484375,1.3670043,20.0,-1,8.0789
32,88,396.03930854797363,181.71728253364563,401.58642578125,182.2587890625,1.1317288,10.0,-1,8.769042
250,88,173.09134101867676,423.5609714984894,178.63845825195312,424.10247802734375,1.0218995,8.0,1,32.141464
33,88,514.4285297393799,1189.7418186664581,519.9756469726562,1190.2833251953125,0.9296306,6.0,1,4.669091
192,88,1612.8146991729736,423.6249668598175,1618.36181640625,424.1664733886719,0.90923744,28.0,-1,4.270666
29,88,511.9981098175049,414.18310284614563,517.5452270507812,414.724609375,0.84130985,16.0,-1,5.222282
169,88,348.70495796203613,15.196919679641724,354.2520751953125,15.738426208496094,0.6945209,8.0,-1,9.752323
208,88,476.34924507141113,806.1102268695831,481.8963623046875,806.6517333984375,0.67885137,10.0,1,1.0853217
27,88,246.84863471984863,647.4275486469269,252.395751953125,647.9690551757812,0.6407805,12.0,1,5.7745304
51,88,187.47119331359863,423.76669049263,193.018310546875,424.3081970214844,0.42464516,8.0,1,17.142456
262,88,498.85840034484863,429.62069439888,504.405517578125,430.1622009277344,0.26794145,14.0,1,7.290181
193,88,1600.3085956573486,404.56789898872375,1605.855712890625,405.1094055175781,0.25974756,20.0,1,8.58932
10,89,1242.5587787628174,175.63090252876282,1247.967529296875,175.92930603027344,23.2624,12.0,-1,40.988846
5,89,509.5034809112549,439.37023663520813,514.9122314453125,439.66864013671875,11.1662245,16.0,-1,37.808613
3,89,826.7540302276611,1075.5745213031769,832.1627807617188,1075.8729248046875,11.0273695,8.0,1,20.174768
2,89,293.48816108703613,128.59052777290344,298.89691162109375,128.88893127441406,10.409594,10.0,1,20.11754
4,89,1462.4760150909424,215.6522343158722,1467.884765625,215.9506378173828,10.184159,10.0,-1,7.2104363
7,89,173.23913764953613,444.43606305122375,178.64788818359375,444.7344665527344,8.740352,10.0,-1,13.563412
6,89,1214.2404193878174,597.4893772602081,1219.649169921875,597.7877807617188,8.4672785,10.0,1,10.8705
0,89,99.22905921936035,1100.0197117328644,104.63780975341797,1100.318115234375,7.3917575,12.0,1,4.4441648
26,89,762.5457172393799,1157.4962742328644,767.9544677734375,1157.794677734375,6.609558,10.0,-1,8.484399
20,89,566.5597553253174,795.7591526508331,571.968505859375,796.0575561523438,5.5641956,8.0,-1,36.68908
9,89,229.57473945617676,32.39015316963196,234.98348999023438,32.68855667114258,5.1218634,8.0,1,16.987808
11,89,762.6450214385986,833.3010227680206,768.0537719726562,833.5994262695312,4.6275144,8.0,-1,29.392565
19,89,958.4740009307861,540.9112522602081,963.8827514648438,541.2096557617188,3.9958057,8.0,-1,20.886227
24,89,1306.3861713409424,454.23705792427063,1311.794921875,454.53546142578125,3.5862753,8.0,1,20.201696
8,89,845.9072284698486,306.48656964302063,851.3159790039062,306.78497314453125,3.388734,18.0,-1,15.221313
16,89,1392.3948383331299,1178.2217381000519,1397.8035888671875,1178.5201416015625,3.0613728,10.0,-1,0.82301074
40,89,207.85786628723145,503.87218976020813,213.26661682128906,504.17059326171875,2.9335642,8.0,-1,20.435465
181,89,4.792466163635254,112.03230023384094,10.201216697692871,112.33070373535156,2.892148,8.0,1,23.974068
13,89,1526.2355365753174,861.0200779438019,1531.644287109375,861.3184814453125,2.7415438,16.0,-1,10.719705
15,89,1308.0823383331299,29.63945698738098,1313.4910888671875,29.9378604888916,2.455143,10.0,-1,3.130203
218,89,1400.6552143096924,25.924391984939575,1406.06396484375,26.222795486450195,2.3166656,16.0,-1,21.99158
1,89,553.2463397979736,672.8161594867706,558.6550903320312,673.1145629882812,2.1023204,10.0,-1,6.067865
23,89,735.9882221221924,302.8776218891144,741.39697265625,303.176025390625,2.084231,6.0,1,8.800788
183,89,426.50842475891113,484.4877293109894,431.91717529296875,484.7861328125,2.0787184,22.0,-1,7.9234715
32,89,396.743257522583,181.76968121528625,402.1520080566406,182.06808471679688,2.0175068,10.0,-1,10.035397
213,89,80.16541481018066,471.52938580513,85.57416534423828,471.8277893066406,1.7997972,28.0,-1,8.211571
28,89,66.07885932922363,514.5815403461456,71.48760986328125,514.8799438476562,1.7701532,6.0,1,7.3508625
34,89,614.7982196807861,1115.1406834125519,620.2069702148438,1115.4390869140625,1.4163814,16.0,-1,8.843814
35,89,448.22012519836426,736.1616795063019,453.6288757324219,736.4600830078125,1.3107544,8.0,-1,17.95704
250,89,172.87010383605957,422.4670994281769,178.2788543701172,422.7655029296875,1.3035725,8.0,1,40.634224
17,89,656.2233905792236,291.3085606098175,661.6321411132812,291.6069641113281,1.2315311,6.0,1,17.875063
29,89,506.43191719055176,413.45303082466125,511.8406677246094,413.7514343261719,1.1132274,16.0,-1,5.2252603
192,89,1613.2522602081299,424.130215883255,1618.6610107421875,424.4286193847656,1.0276271,28.0,-1,4.6592593
208,89,481.74804878234863,806.1102268695831,487.15679931640625,806.4086303710938,0.8315594,10.0,1,1.2457438
33,89,512.8292865753174,1188.9129002094269,518.238037109375,1189.2113037109375,0.8209238,6.0,1,3.4269922
27,89,245.51480293273926,649.7720921039581,250.92355346679688,650.0704956054688,0.684242,10.0,1,5.1432223
169,89,348.3759174346924,19.738295793533325,353.78466796875,20.036699295043945,0.52406305,8.0,-1,9.130696
51,89,186.7904987335205,423.70754742622375,192.19924926757812,424.0059509277344,0.5047245,8.0,1,16.917175
262,89,496.504732131958,429.54235577583313,501.9134826660156,429.84075927734375,0.36129948,16.0,1,10.409857
10,90,1242.5587787628174,175.82278180122375,1248.031982421875,176.21722412109375,18.308199,12.0,-1,40.853508
5,90,509.6754779815674,441.63085675239563,515.148681640625,442.0252990722656,15.60699,16.0,-1,36.824753
2,90,294.63113594055176,129.4819004535675,300.1043395996094,129.8763427734375,15.21259,10.0,1,24.199947
3,90,828.4723529815674,1074.436856508255,833.945556640625,1074.831298828125,13.29631,8.0,1,23.979391
7,90,172.5324878692627,445.37527203559875,178.0056915283203,445.76971435546875,11.866092,8.0,-1,10.228548
4,90,1461.4071674346924,219.6353886127472,1466.88037109375,220.0298309326172,8.619227,10.0,-1,12.9331665
6,90,1214.2206439971924,595.6918613910675,1219.69384765625,596.0863037109375,7.516527,10.0,1,7.7195215
0,90,99.83612251281738,1101.3385899066925,105.309326171875,1101.7330322265625,7.4571137,16.0,-1,2.1705766
11,90,764.4542255401611,832.9358189105988,769.9274291992188,833.3302612304688,5.0829625,8.0,-1,29.989027
20,90,562.8662128448486,797.42733502388,568.3394165039062,797.82177734375,4.840346,8.0,-1,37.475025
9,90,228.681245803833,32.06831479072571,234.15444946289062,32.4627571105957,4.636315,8.0,1,14.399338
16,90,1392.5073871612549,1177.61092877388,1397.9805908203125,1178.00537109375,4.5649796,10.0,-1,0.7631545
8,90,845.3911762237549,307.49966168403625,850.8643798828125,307.89410400390625,4.242165,18.0,-1,17.374397
17,90,653.0530414581299,290.1757175922394,658.5262451171875,290.5701599121094,4.096498,6.0,1,13.2312155
26,90,762.9210834503174,1157.3632481098175,768.394287109375,1157.7576904296875,4.073542,10.0,-1,7.993842
218,90,1399.2986469268799,26.9717800617218,1404.7718505859375,27.366222381591797,4.013358,16.0,-1,22.92812
40,90,208.73355293273926,504.9740879535675,214.20675659179688,505.3685302734375,3.5945923,8.0,-1,25.157578
181,90,4.749340057373047,109.63604474067688,10.222543716430664,110.03048706054688,3.2949018,8.0,1,20.470676
15,90,1309.1066303253174,29.271138429641724,1314.579833984375,29.66558074951172,2.792697,10.0,-1,0.51729715
34,90,613.5844745635986,1114.5458652973175,619.0576782226562,1114.9403076171875,2.7062337,16.0,-1,9.447767
24,90,1307.4859027862549,452.8517735004425,1312.9591064453125,453.2462158203125,2.6567771,8.0,1,11.720484
183,90,427.1969928741455,487.07333111763,432.6701965332031,487.4677734375,2.3466275,20.0,-1,9.9742775
1,90,553.3237323760986,673.01571393013,558.7969360351562,673.41015625,2.1925366,10.0,-1,7.251351
13,90,1525.6030902862549,861.8761875629425,1531.0762939453125,862.2706298828125,2.0904067,16.0,-1,8.754843
23,90,736.2651386260986,302.4490330219269,741.7383422851562,302.8434753417969,1.9892,6.0,1,7.1518188
32,90,396.45205879211426,183.25759625434875,401.9252624511719,183.65203857421875,1.875709,10.0,-1,16.921446
19,90,960.5662250518799,537.743497133255,966.0394287109375,538.137939453125,1.8696975,10.0,-1,14.395842
250,90,172.58796882629395,422.4670994281769,178.06117248535156,422.8615417480469,1.5148159,8.0,1,41.70204
29,90,509.2455463409424,412.09484601020813,514.71875,412.4892883300781,1.3611331,18.0,-1,8.32126
28,90,65.71879768371582,511.99856305122375,71.19200134277344,512.3930053710938,1.3475533,6.0,1,8.084238
35,90,446.8390827178955,736.0198032855988,452.3122863769531,736.4142456054688,1.3370427,8.0,-1,15.542256
213,90,80.17944526672363,471.26220440864563,85.65264892578125,471.6566467285156,1.3144652,28.0,-1,7.1950445
208,90,483.98391914367676,808.4638950824738,489.4571228027344,808.8583374023438,0.8962812,10.0,1,0.021013498
192,90,1609.3186664581299,425.395840883255,1614.7918701171875,425.790283203125,0.82218343,26.0,-1,7.4912972
266,90,350.767427444458,28.725449800491333,356.2406311035156,29.119892120361328,0.6811916,8.0,-1,11.959915
33,90,514.2375507354736,1191.108243227005,519.7107543945312,1191.502685546875,0.6787452,6.0,1,4.3408966
27,90,244.49719429016113,648.28280377388,249.97039794921875,648.67724609375,0.6002762,10.0,1,6.1171846
51,90,185.74908638000488,424.21883893013,191.2222900390625,424.61328125,0.46769056,8.0,1,20.927097
153,90,72.04870796203613,451.92529034614563,77.52191162109375,452.3197326660156,0.3661711,28.0,1,7.868566
5,91,510.29016304016113,441.0451328754425,515.776611328125,441.99578857421875,18.116352,16.0,-1,37.47545
10,91,1243.5216083526611,177.0783817768097,1249.008056640625,178.02903747558594,14.68257,12.0,-1,40.841564
4,91,1461.3801288604736,219.74424481391907,1466.8665771484375,220.6949005126953,11.918396,10.0,-1,12.659624
2,91,294.38049507141113,128.71320843696594,299.866943359375,129.6638641357422,9.723919,10.0,1,22.26475
6,91,1215.1160907745361,598.743985414505,1220.6025390625,599.6946411132812,7.7545104,10.0,1,14.142171
7,91,171.75311470031738,444.4243748188019,177.23956298828125,445.3750305175781,7.7373505,10.0,-1,11.3618145
3,91,830.9998798370361,1074.8646519184113,836.486328125,1075.8153076171875,7.7199497,8.0,1,25.600454
0,91,99.03660011291504,1101.2193882465363,104.5230484008789,1102.1700439453125,7.2295628,16.0,-1,4.720364
11,91,764.5946063995361,833.8374302387238,770.0810546875,834.7880859375,6.0043902,8.0,-1,34.05203
9,91,226.7899341583252,31.39621090888977,232.27638244628906,32.346866607666016,5.5425277,8.0,1,14.548245
17,91,651.6939716339111,289.48098492622375,657.180419921875,290.431640625,4.8897934,6.0,1,9.549786
20,91,560.8193378448486,792.42928814888,566.3057861328125,793.3799438476562,4.7585206,8.0,-1,37.02165
16,91,1392.5561542510986,1179.7309849262238,1398.0426025390625,1180.681640625,4.1244087,10.0,-1,1.6224526
26,91,763.9489765167236,1157.0742466449738,769.4354248046875,1158.02490234375,3.9067543,10.0,-1,4.3280916
8,91,843.6850605010986,311.4024021625519,849.1715087890625,312.3530578613281,3.4240227,18.0,-1,16.312906
24,91,1308.8903827667236,449.66567730903625,1314.3768310546875,450.6163330078125,3.3011405,8.0,1,16.37311
181,91,4.566271781921387,109.21210217475891,10.052720069885254,110.16275787353516,3.1008961,8.0,1,20.744719
40,91,206.1416187286377,505.61092877388,211.62806701660156,506.56158447265625,2.8735123,10.0,-1,27.272743
32,91,394.725923538208,183.0866367816925,400.2123718261719,184.03729248046875,2.5123124,10.0,-1,14.090194
213,91,81.67050361633301,471.3328220844269,87.15695190429688,472.2834777832031,2.365867,28.0,-1,7.249382
35,91,447.00345039367676,735.9685337543488,452.4898986816406,736.919189453125,2.3056514,8.0,-1,22.556738
34,91,614.8550434112549,1112.6817905902863,620.3414916992188,1113.6324462890625,2.2700918,16.0,-1,8.999716
23,91,737.4874897003174,303.44738507270813,742.9739379882812,304.3980407714844,2.0945177,6.0,1,8.568578
13,91,1522.1945819854736,862.1504185199738,1527.6810302734375,863.10107421875,2.005349,16.0,-1,8.369929
19,91,960.2897357940674,535.7766392230988,965.7761840820312,536.727294921875,1.9903836,10.0,-1,16.034718
15,91,1309.0328388214111,26.71562123298645,1314.519287109375,27.666276931762695,1.9855318,10.0,-1,3.1769927
183,91,430.93313789367676,485.3996250629425,436.4195861816406,486.35028076171875,1.9245116,20.0,-1,9.867803
29,91,512.4689960479736,412.8910801410675,517.9554443359375,413.84173583984375,1.9173237,16.0,-1,8.896493
1,91,552.8282489776611,672.3693516254425,558.314697265625,673.3200073242188,1.8732754,10.0,-1,6.152665
218,91,1398.0509052276611,28.762545824050903,1403.537353515625,29.71320152282715,1.8639468,18.0,-1,23.31071
28,91,62.51724433898926,513.2989780902863,68.00369262695312,514.2496337890625,1.3951926,6.0,1,15.0679
250,91,172.630708694458,422.7541172504425,178.11715698242188,423.70477294921875,1.3303677,8.0,1,39.009026
266,91,350.767427444458,31.371957063674927,356.2538757324219,32.32261276245117,0.8561166,8.0,-1,12.154261
33,91,514.5762348175049,1194.1139194965363,520.0626831054688,1195.0645751953125,0.7719691,6.0,1,6.66697
208,91,481.117280960083,808.4638950824738,486.6037292480469,809.41455078125,0.72585654,10.0,1,1.1818179
27,91,246.01274299621582,646.7184116840363,251.4991912841797,647.6690673828125,0.5540061,10.0,1,4.8947077
193,91,1603.0875263214111,406.2848789691925,1608.573974609375,407.23553466796875,0.51471055,26.0,1,8.672722
51,91,184.80620002746582,425.2528660297394,190.2926483154297,426.2035217285156,0.48717737,8.0,1,21.405548
192,91,1613.6323261260986,422.92568707466125,1619.1187744140625,423.8763427734375,0.4698869,28.0,-1,4.9035254
153,91,72.70784187316895,452.7396824359894,78.19429016113281,453.6903381347656,0.45258948,28.0,1,8.667621
10,92,1244.6958332061768,176.7647831439972,1249.895263671875,177.6453399658203,16.677164,10.0,-1,41.23367
5,92,511.787691116333,441.475919008255,516.9871215820312,442.3564758300781,13.198246,16.0,-1,36.734734
2,92,295.04202461242676,127.78722882270813,300.241455078125,128.66778564453125,11.931991,10.0,1,24.093487
4,92,1460.8325519561768,219.482266664505,1466.031982421875,220.36282348632812,11.489773,10.0,-1,13.837899
6,92,1216.5862140655518,600.4425632953644,1221.78564453125,601.3231201171875,10.871348,10.0,1,21.096342
3,92,832.6964435577393,1073.4575779438019,837.8958740234375,1074.338134765625,9.36162,8.0,1,25.636364
7,92,170.48904609680176,444.83508038520813,175.6884765625,445.71563720703125,7.8323417,8.0,-1,10.426186
0,92,99.68369483947754,1099.6006443500519,104.88312530517578,1100.481201171875,7.4891014,16.0,-1,1.3723339
20,92,560.5712604522705,791.5328953266144,565.7706909179688,792.4134521484375,5.393795,8.0,-1,39.46746
11,92,765.224214553833,836.0001194477081,770.4236450195312,836.8806762695312,5.161711,8.0,-1,33.063362
9,92,226.60637092590332,30.987345933914185,231.80580139160156,31.867902755737305,4.7283754,8.0,1,16.18212
17,92,652.249849319458,289.2185642719269,657.4492797851562,290.09912109375,4.2035217,6.0,1,13.539524
40,92,205.45283699035645,507.2377598285675,210.6522674560547,508.1183166503906,4.097206,10.0,-1,26.524252
26,92,762.8904132843018,1159.5657322406769,768.08984375,1160.4462890625,3.8936565,10.0,-1,4.7067413
181,92,5.9272613525390625,108.20758557319641,11.126691818237305,109.08814239501953,3.6030083,8.0,1,16.764492
16,92,1395.4359455108643,1180.9515964984894,1400.6353759765625,1181.8321533203125,3.426862,10.0,-1,3.5812025
213,92,82.53537940979004,471.31252789497375,87.73480987548828,472.1930847167969,3.1546116,28.0,-1,6.2437468
8,92,844.095552444458,312.44338726997375,849.2949829101562,313.3239440917969,2.903474,18.0,-1,15.777167
24,92,1311.6055011749268,450.41055035591125,1316.804931640625,451.2911071777344,2.5973678,8.0,1,20.765104
28,92,60.699113845825195,514.2294285297394,65.89854431152344,515.1099853515625,2.3716228,6.0,1,17.810364
35,92,445.97168159484863,735.9888279438019,451.1711120605469,736.869384765625,2.3413472,8.0,-1,24.942259
1,92,555.283296585083,672.8848240375519,560.4827270507812,673.765380859375,2.2450764,10.0,-1,4.452078
23,92,736.763277053833,305.15490460395813,741.9627075195312,306.03546142578125,2.1212738,6.0,1,7.2941647
15,92,1309.1250324249268,25.280055284500122,1314.324462890625,26.160612106323242,2.0604596,10.0,-1,1.7690482
32,92,392.60244941711426,182.70979046821594,397.8018798828125,183.59034729003906,1.9239191,10.0,-1,15.832505
13,92,1523.3744220733643,860.7942478656769,1528.5738525390625,861.6748046875,1.9024051,16.0,-1,8.089026
29,92,509.63955879211426,416.00988507270813,514.8389892578125,416.89044189453125,1.8291517,16.0,-1,9.739731
183,92,431.619234085083,483.69827008247375,436.81866455078125,484.5788269042969,1.8255539,20.0,-1,10.3132105
19,92,961.5603351593018,538.0742771625519,966.759765625,538.954833984375,1.6244292,10.0,-1,12.658092
218,92,1394.4988117218018,22.9011127948761,1399.6982421875,23.78166961669922,1.5730327,18.0,-1,26.331055
34,92,614.0133991241455,1108.7875339984894,619.2128295898438,1109.6680908203125,1.4818257,18.0,-1,9.940957
33,92,513.2113361358643,1194.7853367328644,518.4107666015625,1195.6658935546875,1.1401767,6.0,1,5.149293
250,92,172.23404121398926,423.13491559028625,177.4334716796875,424.0154724121094,0.9162471,8.0,1,39.0698
27,92,248.7043628692627,644.7946140766144,253.90379333496094,645.6751708984375,0.87499857,10.0,1,5.341192
51,92,184.67625617980957,425.19140362739563,189.8756866455078,426.07196044921875,0.8195227,8.0,1,25.727655
266,92,348.7352924346924,32.79995846748352,353.9347229003906,33.68051528930664,0.77942353,8.0,-1,13.135289
208,92,481.0250873565674,810.7748386859894,486.2245178222656,811.6553955078125,0.67449164,10.0,1,1.3957406
153,92,72.04837989807129,454.9648106098175,77.24781036376953,455.8453674316406,0.5651406,28.0,1,8.307062
192,92,1616.9222736358643,419.58886456489563,1622.1217041015625,420.46942138671875,0.43518558,28.0,-1,5.7299514
193,92,1601.6018390655518,403.1029636859894,1606.80126953125,403.9835205078125,0.33930287,26.0,1,9.018457
5,93,512.7040729522705,442.8155949115753,517.9631958007812,443.554443359375,14.368076,16.0,-1,37.830223
4,93,1458.4931964874268,218.86443829536438,1463.7523193359375,219.60328674316406,13.621078,10.0,-1,12.792961
10,93,1246.1922931671143,175.14565777778625,1251.451416015625,175.88450622558594,13.065343,10.0,-1,39.334682
2,93,295.66845893859863,127.78722882270813,300.9275817871094,128.5260772705078,10.915802,10.0,1,22.323006
7,93,170.24133491516113,445.0568974018097,175.50045776367188,445.7957458496094,10.674057,8.0,-1,9.4688
6,93,1216.8786945343018,599.1727726459503,1222.1378173828125,599.91162109375,9.519694,10.0,1,12.995337
3,93,833.3522052764893,1073.3671085834503,838.611328125,1074.10595703125,8.127173,8.0,1,24.790583
0,93,99.57241249084473,1102.8529484272003,104.83153533935547,1103.591796875,5.9555383,16.0,-1,3.9473832
11,93,766.316987991333,837.3666813373566,771.5761108398438,838.1055297851562,5.5203133,8.0,-1,29.403744
17,93,651.711763381958,288.07172894477844,656.9708862304688,288.8105773925781,4.5664077,6.0,1,7.9717784
20,93,562.6836261749268,794.5853703022003,567.9427490234375,795.32421875,4.401608,8.0,-1,38.000572
9,93,226.11943244934082,29.99042057991028,231.37855529785156,30.72926902770996,4.2572236,8.0,1,16.072641
218,93,1393.2962970733643,25.814305543899536,1398.555419921875,26.55315399169922,3.311576,18.0,-1,26.542534
40,93,205.16162300109863,506.58588910102844,210.42074584960938,507.3247375488281,3.287035,10.0,-1,23.316563
24,93,1311.4248371124268,449.84602093696594,1316.6839599609375,450.5848693847656,3.2006996,8.0,1,21.764065
26,93,762.1213092803955,1161.4390079975128,767.3804321289062,1162.1778564453125,2.8617785,10.0,-1,3.301305
16,93,1398.4613361358643,1180.0626652240753,1403.720458984375,1180.801513671875,2.850435,10.0,-1,6.549725
8,93,844.4465045928955,313.79417157173157,849.7056274414062,314.53302001953125,2.7401497,16.0,-1,17.502617
181,93,6.108563423156738,108.5197422504425,11.36768627166748,109.25859069824219,2.604362,8.0,1,11.858138
19,93,963.2809772491455,540.9304020404816,968.5401000976562,541.6692504882812,2.5671349,10.0,-1,9.782812
183,93,432.4627094268799,482.39924359321594,437.7218322753906,483.1380920410156,2.271753,20.0,-1,10.587904
32,93,390.5357074737549,180.6333134174347,395.7948303222656,181.37216186523438,2.0922368,10.0,-1,15.044034
23,93,739.6269245147705,308.6609318256378,744.8860473632812,309.3997802734375,2.078314,6.0,1,3.526379
15,93,1307.2856769561768,23.075244188308716,1312.5447998046875,23.8140926361084,2.0541744,10.0,-1,0.7067592
1,93,556.3615436553955,674.1854679584503,561.6206665039062,674.92431640625,2.0480492,10.0,-1,5.276479
28,93,62.318071365356445,512.5959293842316,67.57719421386719,513.3347778320312,1.9021133,6.0,1,12.957367
13,93,1523.3744220733643,863.9770939350128,1528.633544921875,864.7159423828125,1.6361011,20.0,-1,7.651189
213,93,81.8944034576416,474.47678875923157,87.15352630615234,475.21563720703125,1.6013664,28.0,-1,12.208508
34,93,613.7871417999268,1107.7927677631378,619.0462646484375,1108.5316162109375,1.4644874,18.0,-1,9.4264345
35,93,446.20373725891113,734.6962101459503,451.4628601074219,735.43505859375,1.3154911,8.0,-1,18.789356
33,93,515.847505569458,1194.3055851459503,521.1066284179688,1195.04443359375,1.06152,6.0,1,4.8495417
29,93,511.04873847961426,416.57664227485657,516.307861328125,417.31549072265625,1.0389334,16.0,-1,8.003288
27,93,248.6965045928955,643.8016788959503,253.95562744140625,644.54052734375,0.8370347,10.0,1,4.662612
250,93,170.94609260559082,423.51667523384094,176.20521545410156,424.2555236816406,0.6953926,8.0,1,38.385944
208,93,482.03369331359863,809.6396305561066,487.2928161621094,810.3784790039062,0.62814665,10.0,1,1.7759061
51,93,183.84626960754395,425.3997013568878,189.1053924560547,426.1385498046875,0.5992207,8.0,1,25.606895
192,93,1616.8966388702393,427.37583661079407,1622.15576171875,428.11468505859375,0.481884,28.0,-1,5.998694
262,93,502.8128070831299,433.33421063423157,508.0719299316406,434.07305908203125,0.41910723,12.0,1,5.1266956
193,93,1600.3479328155518,403.17439007759094,1605.6070556640625,403.9132385253906,0.30025455,20.0,1,7.9565873
266,93,345.8954486846924,31.001246690750122,351.1545715332031,31.740095138549805,0.23823173,10.0,-1,9.583994
10,94,1246.3461017608643,176.29252362251282,1251.9056396484375,177.96278381347656,15.903664,10.0,-1,37.39433
5,94,514.2544269561768,444.03957867622375,519.81396484375,445.7098388671875,14.59607,16.0,-1,35.948402
2,94,296.92724800109863,128.3988163471222,302.4867858886719,130.06907653808594,13.596505,10.0,1,21.922241
6,94,1216.8133869171143,598.393887758255,1222.3729248046875,600.0641479492188,12.615346,10.0,1,15.014369
7,94,169.06920051574707,444.38964581489563,174.6287384033203,446.0599060058594,12.400314,8.0,-1,6.0320115
4,94,1457.7113361358643,218.86443829536438,1463.2708740234375,220.53469848632812,9.943213,10.0,-1,9.7695
0,94,99.72736549377441,1102.6755650043488,105.28690338134766,1104.3458251953125,7.04603,12.0,1,1.288507
3,94,833.3522052764893,1073.0011265277863,838.9117431640625,1074.67138671875,6.530054,8.0,1,23.756784
9,94,225.08899116516113,30.339558839797974,230.64852905273438,32.00981903076172,5.8593097,8.0,1,15.255772
17,94,651.721040725708,287.2180759906769,657.2805786132812,288.8883361816406,5.5838814,6.0,1,4.091741
11,94,766.0784015655518,838.3490879535675,771.637939453125,840.0193481445312,5.285045,8.0,-1,34.057976
218,94,1391.4806232452393,27.74990200996399,1397.0401611328125,29.420162200927734,3.9999616,18.0,-1,25.19942
28,94,61.47281074523926,511.80117535591125,67.0323486328125,513.471435546875,3.700218,6.0,1,17.48637
8,94,846.903657913208,313.3742344379425,852.4631958007812,315.04449462890625,3.6781492,18.0,-1,17.694519
181,94,5.975946426391602,108.26142621040344,11.535484313964844,109.93168640136719,3.4831514,8.0,1,11.859383
20,94,564.822359085083,794.0284702777863,570.3818969726562,795.69873046875,3.415776,8.0,-1,37.4979
16,94,1398.9610919952393,1178.3136265277863,1404.5206298828125,1179.98388671875,2.87942,10.0,-1,5.4982357
23,94,741.4269123077393,309.29763531684875,746.9864501953125,310.9678955078125,2.8793392,6.0,1,2.678938
26,94,762.2313556671143,1161.8590366840363,767.7908935546875,1163.529296875,2.6356897,10.0,-1,3.7000763
24,94,1310.9293537139893,449.03783917427063,1316.4888916015625,450.7080993652344,2.5256321,8.0,1,19.026217
19,94,962.4655475616455,541.80331158638,968.0250854492188,543.4735717773438,2.4588246,10.0,-1,8.616343
34,94,610.5387287139893,1106.5067417621613,616.0982666015625,1108.177001953125,2.1352801,16.0,-1,9.694618
40,94,202.37828254699707,503.5968906879425,207.9378204345703,505.26715087890625,2.1087623,10.0,-1,25.58114
183,94,430.3945026397705,483.0945408344269,435.95404052734375,484.7648010253906,1.9023157,18.0,-1,9.9382105
1,94,555.276704788208,676.7732212543488,560.8362426757812,678.4434814453125,1.747674,10.0,-1,5.4354525
213,94,79.99592018127441,474.14135479927063,85.55545806884766,475.8116149902344,1.69669,28.0,-1,15.811687
32,94,388.4414691925049,174.88349652290344,394.0010070800781,176.5537567138672,1.5593028,10.0,-1,8.638976
15,94,1305.3679523468018,23.610995531082153,1310.927490234375,25.2812557220459,1.0680448,10.0,-1,1.2374145
250,94,171.62578010559082,422.50698590278625,177.18531799316406,424.17724609375,1.0210737,8.0,1,37.91772
29,94,514.285982131958,419.08495831489563,519.8455200195312,420.7552185058594,1.0184371,16.0,-1,9.997448
13,94,1520.6058673858643,862.1240513324738,1526.1654052734375,863.7943115234375,0.9906842,16.0,-1,7.625497
27,94,250.51092720031738,643.8773472309113,256.0704650878906,645.547607421875,0.86099607,10.0,1,5.3252516
33,94,516.7341022491455,1195.6589634418488,522.2936401367188,1197.3292236328125,0.8604291,6.0,1,4.028018
208,94,486.3106098175049,810.5878574848175,491.8701477050781,812.2581176757812,0.8124178,10.0,1,1.2960131
35,94,449.23132514953613,735.2473423480988,454.7908630371094,736.9176025390625,0.8024802,8.0,-1,15.09866
266,94,343.2275104522705,28.424874544143677,348.78704833984375,30.095134735107422,0.7087915,8.0,-1,11.568282
51,94,184.02873420715332,424.2770359516144,189.58827209472656,425.9472961425781,0.6693317,8.0,1,27.49224
262,94,503.98498725891113,433.3615086078644,509.5445251464844,435.0317687988281,0.48912823,14.0,1,7.901348
193,94,1600.5873126983643,404.5190098285675,1606.1468505859375,406.18927001953125,0.301317,24.0,1,11.105583
6,95,1218.1686115264893,599.1961033344269,1223.80126953125,600.5325317382812,16.861635,10.0,1,23.073193
10,95,1246.1886310577393,178.8696415424347,1251.8212890625,180.20606994628906,14.101295,10.0,-1,37.066685
3,95,832.4194049835205,1074.5526096820831,838.0520629882812,1075.8890380859375,13.395307,8.0,1,24.920805
2,95,297.49380683898926,127.95530438423157,303.12646484375,129.29173278808594,10.960429,10.0,1,21.329147
5,95,514.2544269561768,444.33022809028625,519.8870849609375,445.6666564941406,10.416326,16.0,-1,35.00748
4,95,1458.6396808624268,220.48405194282532,1464.2723388671875,221.8204803466797,10.276379,10.0,-1,9.617114
7,95,171.4745044708252,443.94689679145813,177.10716247558594,445.2833251953125,7.43716,8.0,-1,9.680969
0,95,98.63798713684082,1101.8790256977081,104.27064514160156,1103.2154541015625,6.965817,12.0,1,0.86983633
9,95,226.8304615020752,28.248780488967896,232.46311950683594,29.585208892822266,5.432486,8.0,1,17.426659
218,95,1390.6913166046143,28.17482304573059,1396.323974609375,29.51125144958496,5.177934,18.0,-1,28.022718
11,95,761.4656085968018,838.3635838031769,767.0982666015625,839.7000122070312,4.314824,8.0,-1,30.985363
8,95,844.4610919952393,314.66274762153625,850.09375,315.9991760253906,4.00867,16.0,-1,18.367708
23,95,741.9618244171143,310.4169590473175,747.594482421875,311.7533874511719,3.9393091,10.0,-1,3.0426726
17,95,651.7922077178955,286.93713116645813,657.4248657226562,288.2735595703125,3.5864916,12.0,-1,1.0282727
181,95,6.659531593322754,108.26142621040344,12.292189598083496,109.59785461425781,3.458141,8.0,1,16.401974
1,95,554.4950275421143,678.5255100727081,560.127685546875,679.8619384765625,3.3935997,10.0,-1,8.274279
20,95,562.6300983428955,791.5883762836456,568.2627563476562,792.9248046875,3.3675888,8.0,-1,35.62979
24,95,1309.7840900421143,449.2979099750519,1315.416748046875,450.63433837890625,3.024583,8.0,1,14.881794
19,95,964.094575881958,543.9572727680206,969.7272338867188,545.293701171875,2.7103255,10.0,-1,13.046401
26,95,761.7863483428955,1161.6550266742706,767.4190063476562,1162.991455078125,2.4623725,6.0,1,0.28338265
40,95,200.895357131958,503.5968906879425,206.52801513671875,504.9333190917969,2.1644716,10.0,-1,31.018944
28,95,61.94625282287598,511.55419659614563,67.57891082763672,512.890625,2.1578376,6.0,1,10.283489
35,95,448.9636859893799,737.8085911273956,454.5963439941406,739.14501953125,2.0805619,8.0,-1,18.832071
183,95,430.7251605987549,483.03527569770813,436.3578186035156,484.3717041015625,2.0636234,18.0,-1,10.663939
15,95,1304.8906574249268,22.261950731277466,1310.5233154296875,23.598379135131836,1.9398481,10.0,-1,3.14217
213,95,81.7874927520752,471.8475925922394,87.42015075683594,473.18402099609375,1.9249502,28.0,-1,11.394097
32,95,387.34655952453613,173.76643109321594,392.9792175292969,175.1028594970703,1.8993996,10.0,-1,13.260128
34,95,609.2491779327393,1109.1101047992706,614.8818359375,1110.446533203125,1.7655479,18.0,-1,9.73815
16,95,1400.9160480499268,1175.2082493305206,1406.5487060546875,1176.544677734375,1.6291479,10.0,-1,3.749021
250,95,172.3361530303955,420.8626072406769,177.96881103515625,422.19903564453125,1.3717564,8.0,1,42.517467
27,95,250.97424507141113,641.9730198383331,256.6069030761719,643.3094482421875,1.0632194,10.0,1,5.72616
33,95,516.9635334014893,1195.7049534320831,522.59619140625,1197.0413818359375,0.8295193,6.0,1,4.6847057
29,95,509.157075881958,421.1347324848175,514.7897338867188,422.4711608886719,0.8140647,12.0,-1,8.855061
13,95,1519.4885578155518,860.3596165180206,1525.1212158203125,861.696044921875,0.7709086,20.0,-1,6.614832
266,95,342.054780960083,27.385173082351685,347.68743896484375,28.721601486206055,0.7045112,8.0,-1,12.173243
51,95,184.8002643585205,424.19216656684875,190.43292236328125,425.5285949707031,0.48716307,8.0,1,24.486267
208,95,490.75341987609863,806.9931614398956,496.3860778808594,808.32958984375,0.47730756,10.0,1,0.31258464
193,95,1604.2313556671143,408.1733067035675,1609.864013671875,409.5097351074219,0.431409,26.0,1,9.071788
262,95,501.67325019836426,434.0689060688019,507.305908203125,435.40533447265625,0.42096722,14.0,1,11.123514
289,95,460.88073921203613,818.3688328266144,466.5133972167969,819.7052612304688,0.20633437,28.0,1,4.642645
6,96,1218.250997543335,599.6208698749542,1223.7108154296875,600.6790161132812,15.939075,10.0,1,22.320066
4,96,1459.325704574585,221.10901379585266,1464.7855224609375,222.1671600341797,15.6230545,10.0,-1,10.993654
3,96,832.3563442230225,1072.921834230423,837.816162109375,1073.97998046875,12.417592,8.0,1,25.746445
2,96,296.58360862731934,129.05086255073547,302.0434265136719,130.1090087890625,12.003022,10.0,1,20.322206
10,96,1245.64235496521,178.8194477558136,1251.1021728515625,179.87759399414062,9.467807,10.0,-1,34.033726
7,96,171.0323543548584,442.5822956562042,176.49217224121094,443.64044189453125,8.293403,10.0,-1,14.69598
218,96,1391.57448387146,28.83965039253235,1397.0343017578125,29.897796630859375,8.014673,16.0,-1,28.797411
11,96,760.3959560394287,836.197957277298,765.8557739257812,837.256103515625,7.8828616,8.0,-1,36.239296
0,96,98.1253719329834,1102.060506105423,103.58518981933594,1103.11865234375,7.0394135,12.0,1,3.1995862
5,96,513.6057949066162,445.34514355659485,519.0656127929688,446.4032897949219,5.6465116,16.0,-1,33.472923
181,96,7.850644111633301,107.47475934028625,13.31046199798584,108.53290557861328,4.811023,8.0,1,14.275442
9,96,227.39410972595215,28.93923306465149,232.8539276123047,29.997379302978516,4.3875513,8.0,1,15.925345
20,96,562.3329677581787,790.296590089798,567.7927856445312,791.354736328125,3.8847435,8.0,-1,34.2761
23,96,744.4624843597412,307.91191601753235,749.9223022460938,308.9700622558594,3.566001,6.0,1,0.387999
17,96,651.2161464691162,286.748738527298,656.6759643554688,287.806884765625,3.437103,12.0,-1,3.6557913
24,96,1310.1607875823975,450.5425617694855,1315.62060546875,451.6007080078125,3.04474,8.0,1,15.926305
1,96,553.480489730835,680.4134724140167,558.9403076171875,681.4716186523438,3.027357,10.0,-1,7.189483
16,96,1400.4339809417725,1175.314656496048,1405.893798828125,1176.372802734375,2.9048545,10.0,-1,4.3348374
26,96,758.8888149261475,1160.896443605423,764.3486328125,1161.95458984375,2.8830216,6.0,1,0.45716423
183,96,433.86351585388184,482.8576557636261,439.3233337402344,483.9158020019531,2.864873,18.0,-1,11.758587
8,96,845.1255702972412,315.48442578315735,850.5853881835938,316.5425720214844,2.6508105,16.0,-1,17.43551
32,96,386.9493007659912,173.7656147480011,392.40911865234375,174.82376098632812,2.4708617,10.0,-1,16.898748
34,96,610.6673183441162,1113.105427980423,616.1271362304688,1114.16357421875,2.1208236,16.0,-1,9.725221
19,96,963.4727382659912,543.9580891132355,968.9325561523438,545.0162353515625,2.0175943,8.0,-1,14.400752
28,96,62.062856674194336,511.1682941913605,67.52267456054688,512.2264404296875,1.9907008,6.0,1,13.658645
13,96,1516.36110496521,858.3867390155792,1521.8209228515625,859.4448852539062,1.6382014,18.0,-1,6.8938265
213,96,81.85055351257324,471.122273683548,87.31037139892578,472.180419921875,1.6366116,28.0,-1,8.649052
40,96,201.2313747406006,504.5036518573761,206.69119262695312,505.5617980957031,1.5291915,10.0,-1,26.491518
250,96,173.13568687438965,420.88615918159485,178.5955047607422,421.9443054199219,1.5257376,8.0,1,43.814312
15,96,1304.80006980896,23.47582745552063,1310.2598876953125,24.533973693847656,1.508686,10.0,-1,2.5076597
33,96,516.7867031097412,1195.882771730423,522.2465209960938,1196.94091796875,1.2003592,6.0,1,4.953447
35,96,449.1694850921631,737.0934040546417,454.6293029785156,738.1515502929688,0.9340849,8.0,-1,16.80898
208,96,492.6878261566162,807.7012531757355,498.14764404296875,808.7593994140625,0.93157864,10.0,1,1.3058985
266,96,342.24257469177246,25.6131432056427,347.702392578125,26.671289443969727,0.86217874,8.0,-1,11.939
153,96,73.93546104431152,455.4932758808136,79.39527893066406,456.5514221191406,0.8602538,26.0,1,7.8003635
27,96,250.6686305999756,641.4282429218292,256.1284484863281,642.4863891601562,0.7309389,10.0,1,5.171724
262,96,500.7703456878662,434.32964062690735,506.23016357421875,435.3877868652344,0.5665577,16.0,1,11.519903
51,96,185.56554222106934,423.50322461128235,191.02536010742188,424.5613708496094,0.32450116,8.0,1,21.61193
289,96,461.6853542327881,816.585652589798,467.1451721191406,817.643798828125,0.19601749,22.0,1,5.1059437
6,97,1217.31178855896,600.4493238925934,1222.444580078125,601.299560546875,13.671592,10.0,1,23.004545
4,97,1459.295919418335,220.60580277442932,1464.4287109375,221.45603942871094,9.108602,10.0,-1,9.36051
10,97,1244.420919418335,182.24290299415588,1249.5537109375,183.0931396484375,9.037102,10.0,-1,37.91399
3,97,832.98854637146,1071.3646070957184,838.121337890625,1072.21484375,8.900071,8.0,1,23.835264
2,97,297.17699241638184,128.53390336036682,302.3097839355469,129.38414001464844,8.807952,10.0,1,20.179636
7,97,169.6979274749756,443.164564371109,174.83071899414062,444.0148010253906,8.218556,8.0,-1,13.422114
11,97,760.9034633636475,833.1689894199371,766.0362548828125,834.0192260742188,7.6358514,8.0,-1,32.778503
0,97,97.95207786560059,1101.2626783847809,103.08486938476562,1102.1129150390625,7.3934436,12.0,1,0.47403806
5,97,512.54372215271,446.44819474220276,517.676513671875,447.2984313964844,6.4580655,16.0,-1,34.645107
218,97,1396.57692527771,27.599437952041626,1401.709716796875,28.449674606323242,5.7291737,16.0,-1,26.069878
9,97,227.30960655212402,30.596771478652954,232.44239807128906,31.44700813293457,5.2757163,8.0,1,12.905473
181,97,8.8344087600708,109.72693467140198,13.96720027923584,110.5771713256836,4.10672,8.0,1,14.794302
17,97,653.4713954925537,288.5374586582184,658.6041870117188,289.3876953125,3.8114681,6.0,1,3.0706925
8,97,842.5264492034912,316.8541090488434,847.6592407226562,317.704345703125,3.4055269,18.0,-1,16.594448
19,97,961.2857875823975,542.5059034824371,966.4185791015625,543.3561401367188,3.270303,10.0,-1,15.718923
23,97,743.3478603363037,308.5290358066559,748.4806518554688,309.3792724609375,3.240976,10.0,-1,3.5255575
1,97,553.106954574585,682.1340162754059,558.23974609375,682.9842529296875,2.9596732,10.0,-1,8.010876
20,97,563.1429042816162,787.6278517246246,568.2756958007812,788.4780883789062,2.7797663,8.0,-1,33.22781
183,97,434.2958583831787,481.127210855484,439.42864990234375,481.9774475097656,2.645107,18.0,-1,11.13271
32,97,386.68846702575684,172.5187361240387,391.8212585449219,173.3689727783203,2.6430213,10.0,-1,17.045513
26,97,759.7450771331787,1161.7704908847809,764.8778686523438,1162.6207275390625,2.6320188,10.0,-1,2.6047645
16,97,1400.85964012146,1175.0151197910309,1405.992431640625,1175.8653564453125,2.5295837,10.0,-1,2.8797607
34,97,613.109884262085,1115.6211988925934,618.24267578125,1116.471435546875,2.4030392,16.0,-1,9.038888
24,97,1311.535177230835,450.64326310157776,1316.66796875,451.4934997558594,2.3174987,8.0,1,19.090681
40,97,202.84433555603027,502.8672926425934,207.9771270751953,503.717529296875,2.2779272,10.0,-1,26.363781
28,97,62.092641830444336,511.8619215488434,67.22543334960938,512.712158203125,1.9247302,6.0,1,18.453266
15,97,1305.5291957855225,23.45663857460022,1310.6619873046875,24.306875228881836,1.7801782,10.0,-1,4.22666
33,97,515.0445766448975,1198.5322096347809,520.1773681640625,1199.3824462890625,1.3781418,6.0,1,1.8667338
213,97,81.64287376403809,470.34086441993713,86.77566528320312,471.19110107421875,1.3254602,28.0,-1,6.028537
27,97,253.48155784606934,642.3989088535309,258.6143493652344,643.2491455078125,1.31849,10.0,1,4.640216
250,97,171.63988304138184,419.88435196876526,176.77267456054688,420.7345886230469,1.2758099,8.0,1,41.103573
35,97,450.41676902770996,736.9379713535309,455.549560546875,737.7882080078125,1.0579318,8.0,-1,16.988037
13,97,1513.258321762085,860.4450514316559,1518.39111328125,861.2952880859375,0.97038895,16.0,-1,7.871171
208,97,493.2976894378662,808.5702955722809,498.43048095703125,809.4205322265625,0.5494818,10.0,1,0.79306
262,97,499.95970726013184,434.34882950782776,505.0924987792969,435.1990661621094,0.4966686,16.0,1,12.7717285
153,97,70.02941703796387,451.45771622657776,75.1622085571289,452.3079528808594,0.38564453,24.0,1,8.381752
51,97,183.93500328063965,423.27656388282776,189.0677947998047,424.1268005371094,0.3625282,18.0,1,21.06239
295,97,316.66051292419434,192.18620133399963,321.7933044433594,193.03643798828125,0.2805049,10.0,1,2.356015
266,97,345.72792625427246,22.3501455783844,350.8607177734375,23.200382232666016,0.26727462,8.0,-1,10.118035
193,97,1600.63161277771,405.4796278476715,1605.764404296875,406.3298645019531,0.1899721,20.0,1,9.710222
10,98,1243.0822048187256,185.153333902359,1248.247802734375,186.02471923828125,15.244046,10.0,-1,40.677437
2,98,296.8047389984131,125.63486313819885,301.9703369140625,126.5062484741211,13.732366,10.0,1,18.007572
5,98,510.7791042327881,446.63276505470276,515.9447021484375,447.504150390625,13.061854,16.0,-1,35.7607
4,98,1460.4027614593506,219.9306013584137,1465.568359375,220.80198669433594,11.102824,10.0,-1,9.035958
6,98,1215.414846420288,600.456800699234,1220.5804443359375,601.3281860351562,8.615153,10.0,1,23.578108
3,98,834.4478054046631,1071.8405287265778,839.6134033203125,1072.7119140625,7.3165336,8.0,1,22.081217
0,98,96.70415306091309,1100.0070326328278,101.8697509765625,1100.87841796875,7.0272956,10.0,1,11.404536
9,98,225.7696132659912,29.4185049533844,230.93521118164062,30.28989028930664,6.444754,8.0,1,9.471828
7,98,170.8007869720459,440.94535660743713,175.9663848876953,441.8167419433594,5.9610825,10.0,-1,12.581373
181,98,8.745380401611328,108.91958451271057,13.910978317260742,109.79096984863281,5.0868754,8.0,1,11.589568
11,98,760.8160305023193,831.937025308609,765.9816284179688,832.8084106445312,4.202888,8.0,-1,33.700947
26,98,760.9609889984131,1162.7820570468903,766.1265869140625,1163.6534423828125,3.7672062,10.0,-1,4.1125903
20,98,566.8026027679443,788.7989637851715,571.9682006835938,789.6703491210938,3.6285617,8.0,-1,29.18688
17,98,656.3723049163818,287.72089982032776,661.5379028320312,288.59228515625,3.6223736,6.0,1,4.20523
8,98,839.5818386077881,319.1722548007965,844.7474365234375,320.04364013671875,3.4479272,18.0,-1,18.030695
23,98,743.5340480804443,309.0872633457184,748.6996459960938,309.9586486816406,3.4425201,6.0,1,1.248683
19,98,961.3058986663818,542.289320230484,966.4714965820312,543.1607055664062,3.1401548,10.0,-1,17.208784
24,98,1311.5150661468506,450.62360978126526,1316.6806640625,451.4949951171875,2.815667,8.0,1,18.524748
16,98,1402.511037826538,1174.4470961093903,1407.6766357421875,1175.3184814453125,2.724357,10.0,-1,5.2370114
28,98,61.22060203552246,512.6121351718903,66.38619995117188,513.4835205078125,2.711896,6.0,1,20.638885
1,98,553.4394435882568,682.174574136734,558.6050415039062,683.0459594726562,2.3035848,10.0,-1,3.9971492
213,98,81.0385799407959,470.30219864845276,86.20417785644531,471.173583984375,2.0586386,28.0,-1,2.4743779
34,98,609.7553005218506,1117.3963148593903,614.9208984375,1118.2677001953125,2.0355985,16.0,-1,9.597673
218,98,1400.1825466156006,30.115150690078735,1405.34814453125,30.986536026000977,2.0353847,18.0,-1,24.258549
40,98,204.34708213806152,501.14912247657776,209.51268005371094,502.0205078125,1.9237804,10.0,-1,23.117533
32,98,385.41676902770996,175.40441727638245,390.5823669433594,176.2758026123047,1.8272754,10.0,-1,15.673089
183,98,433.01344871520996,478.612806558609,438.1790466308594,479.48419189453125,1.7235099,20.0,-1,9.681423
15,98,1307.2037868499756,22.15014100074768,1312.369384765625,23.021526336669922,1.5227028,6.0,1,0.8469276
13,98,1508.5902614593506,861.7206556797028,1513.755859375,862.592041015625,1.3081096,18.0,-1,7.8612375
250,98,171.35834312438965,419.3023817539215,176.52394104003906,420.17376708984375,1.2678536,8.0,1,40.654385
27,98,254.53188133239746,639.215589761734,259.6974792480469,640.0869750976562,1.1842828,10.0,1,3.8107285
33,98,517.5925807952881,1198.5247328281403,522.7581787109375,1199.3961181640625,0.8427591,6.0,1,4.278181
266,98,342.1649990081787,22.928037881851196,347.3305969238281,23.799423217773438,0.64680934,6.0,-1,12.310628
35,98,452.08067893981934,737.6363661289215,457.24627685546875,738.5077514648438,0.6188496,8.0,-1,8.697238
29,98,511.90379905700684,421.79228043556213,517.0693969726562,422.6636657714844,0.5536753,16.0,-1,9.237185
300,98,377.32396507263184,167.17089676856995,382.48956298828125,168.0422821044922,0.47696948,6.0,-1,10.180609
153,98,70.77802848815918,451.8890516757965,75.9436264038086,452.76043701171875,0.45983025,28.0,1,6.7012067
208,98,491.9117946624756,806.1140882968903,497.077392578125,806.9854736328125,0.39777818,10.0,1,0.8044617
262,98,501.4906826019287,435.69084000587463,506.6562805175781,436.5622253417969,0.3500905,14.0,1,7.751202
289,98,465.19750022888184,820.827406167984,470.36309814453125,821.6987915039062,0.22486877,24.0,1,6.510865
295,98,319.2097988128662,194.05134415626526,324.3753967285156,194.9227294921875,0.20791714,12.0,1,1.5955342
4,99,1461.627981185913,221.2123396396637,1467.09765625,222.0017852783203,12.295064,10.0,-1,16.25346
5,99,512.2788600921631,447.5237867832184,517.74853515625,448.313232421875,12.087056,16.0,-1,36.36485
10,99,1243.7025661468506,186.25364518165588,1249.1722412109375,187.0430908203125,11.316868,10.0,-1,43.136612
2,99,296.3325710296631,124.69541001319885,301.80224609375,125.48485565185547,10.324113,10.0,1,19.318981
6,99,1214.543020248413,597.4831984043121,1220.0126953125,598.2726440429688,9.161048,10.0,1,4.0997105
0,99,95.32766532897949,1100.4665358066559,100.7973403930664,1101.2559814453125,8.085607,10.0,1,19.00269
7,99,170.1136074066162,441.56400895118713,175.58328247070312,442.35345458984375,6.884056,10.0,-1,12.903848
9,99,224.02780723571777,29.947088479995728,229.4974822998047,30.736534118652344,6.4617324,8.0,1,9.806145
181,99,8.404241561889648,107.81291031837463,13.873916625976562,108.60235595703125,5.7571583,8.0,1,14.590501
17,99,656.6758327484131,284.3704664707184,662.1455078125,285.159912109375,5.5025487,12.0,-1,11.979829
218,99,1401.1896266937256,31.577669382095337,1406.6593017578125,32.36711502075195,5.334116,18.0,-1,19.690489
3,99,834.2507228851318,1070.4358961582184,839.7203979492188,1071.225341796875,4.879132,8.0,1,19.216581
8,99,838.5069484710693,321.138197183609,843.9766235351562,321.9276428222656,4.6364207,18.0,-1,18.005674
19,99,962.9822292327881,540.2329542636871,968.451904296875,541.0223999023438,3.6067126,8.0,-1,21.96111
26,99,760.3278102874756,1163.1951735019684,765.7974853515625,1163.984619140625,3.4877644,10.0,-1,0.9507102
20,99,566.8026027679443,789.2228834629059,572.2722778320312,790.0123291015625,2.908098,8.0,-1,33.84932
24,99,1309.5587673187256,448.91874527931213,1315.0284423828125,449.70819091796875,2.9055345,8.0,1,17.90039
34,99,610.0845241546631,1116.5861647129059,615.55419921875,1117.3756103515625,2.3256989,18.0,-1,9.948652
11,99,760.8599147796631,830.7829420566559,766.32958984375,831.5723876953125,2.3061168,8.0,-1,27.396898
16,99,1401.787649154663,1175.1056959629059,1407.25732421875,1175.8951416015625,2.1569202,10.0,-1,5.2840834
32,99,386.53627586364746,174.35656571388245,392.0059509277344,175.14601135253906,2.1548395,10.0,-1,19.185253
1,99,550.0812892913818,681.9009840488434,555.5509643554688,682.6904296875,2.1040297,10.0,-1,2.4345653
183,99,432.11781883239746,475.0532057285309,437.5874938964844,475.8426513671875,2.0812368,20.0,-1,8.939176
15,99,1307.0040798187256,23.239816904067993,1312.4737548828125,24.02926254272461,1.8641053,6.0,1,0.50446385
213,99,80.38881492614746,470.590833902359,85.85848999023438,471.3802795410156,1.8507956,28.0,-1,3.034711
23,99,743.7496852874756,307.477308511734,749.2193603515625,308.2667541503906,1.8028444,6.0,1,4.9365215
28,99,60.426992416381836,514.2584059238434,65.89666748046875,515.0478515625,1.6949359,6.0,1,15.925742
40,99,202.9925136566162,498.6410963535309,208.46218872070312,499.4305419921875,1.6043506,10.0,-1,18.547197
13,99,1512.626272201538,859.8134596347809,1518.095947265625,860.6029052734375,1.3963933,18.0,-1,5.823822
33,99,518.6901149749756,1200.8406813144684,524.1597900390625,1201.630126953125,1.3165803,12.0,-1,0.76511
250,99,171.38687705993652,419.59818863868713,176.85655212402344,420.38763427734375,1.234593,8.0,1,41.92451
27,99,252.84117698669434,637.4518263339996,258.31085205078125,638.2412719726562,1.0946194,10.0,1,3.8087735
29,99,512.7498073577881,418.5421278476715,518.219482421875,419.3315734863281,0.9484954,20.0,-1,8.104272
35,99,454.8782558441162,741.0032789707184,460.3479309082031,741.792724609375,0.9320233,8.0,-1,11.614582
208,99,492.01979637145996,808.6621534824371,497.4894714355469,809.4515991210938,0.5597405,10.0,1,1.6531692
266,99,339.87718772888184,22.185522317886353,345.34686279296875,22.97496795654297,0.52535963,8.0,-1,10.031505
153,99,70.80319786071777,452.01154923439026,76.27287292480469,452.8009948730469,0.4915801,26.0,1,7.1526113
300,99,378.23085594177246,165.54138016700745,383.7005310058594,166.33082580566406,0.40251374,6.0,-1,13.793173
262,99,502.8522243499756,435.69084000587463,508.3218994140625,436.48028564453125,0.38511908,14.0,1,8.95358
51,99,183.21039390563965,424.12800431251526,188.68006896972656,424.9174499511719,0.33967566,18.0,1,16.77134
193,99,1600.6493434906006,408.03047013282776,1606.1190185546875,408.8199157714844,0.1950655,18.0,1,8.088296
10,100,1244.3737087249756,186.32644486427307,1249.7919921875,187.66925048828125,15.599186,10.0,-1,44.19049
4,100,1461.186574935913,220.99227738380432,1466.6048583984375,222.3350830078125,14.390113,10.0,-1,17.009583
2,100,296.30077171325684,123.03581833839417,301.71905517578125,124.37862396240234,13.142531,10.0,1,17.536299
5,100,514.2012233734131,446.4946882724762,519.6195068359375,447.8374938964844,11.193185,16.0,-1,35.569042
0,100,95.90792655944824,1098.3738691806793,101.32621002197266,1099.7166748046875,9.107537,10.0,1,21.229855
7,100,173.32875633239746,438.65859818458557,178.74703979492188,440.00140380859375,8.070874,12.0,-1,0.25732636
6,100,1212.789602279663,597.7001020908356,1218.2078857421875,599.0429077148438,7.84239,10.0,1,21.035679
3,100,835.2913112640381,1071.5097334384918,840.7095947265625,1072.8525390625,6.27129,8.0,1,18.681137
9,100,223.5679988861084,31.072756052017212,228.9862823486328,32.41556167602539,5.498984,8.0,1,9.871928
19,100,961.7463893890381,538.8208296298981,967.1646728515625,540.1636352539062,5.437119,8.0,-1,27.931812
20,100,566.6728420257568,792.3622725009918,572.0911254882812,793.705078125,4.4515615,8.0,-1,37.459045
17,100,658.7863063812256,284.6648848056793,664.20458984375,286.0076904296875,4.060803,12.0,-1,9.945008
181,100,8.564384460449219,107.81291031837463,13.982667922973633,109.15571594238281,3.8519523,8.0,1,12.140503
218,100,1402.1588649749756,32.86767029762268,1407.5771484375,34.21047592163086,3.567344,18.0,-1,25.190536
8,100,839.6787624359131,319.5858747959137,845.0970458984375,320.9286804199219,3.5365765,18.0,-1,17.717045
26,100,758.5979518890381,1164.1029951572418,764.0162353515625,1165.44580078125,3.1064987,10.0,-1,1.0877868
11,100,761.7477931976318,828.4538252353668,767.1660766601562,829.796630859375,2.9679832,8.0,-1,26.135336
34,100,612.4161891937256,1114.4736006259918,617.83447265625,1115.81640625,2.9626048,16.0,-1,8.777212
183,100,432.2244167327881,475.32693314552307,437.6427001953125,476.66973876953125,2.7984836,20.0,-1,7.897595
16,100,1401.3182888031006,1176.3301680088043,1406.736572265625,1177.6729736328125,2.7664492,10.0,-1,6.475519
24,100,1311.178762435913,449.14050126075745,1316.5970458984375,450.4833068847656,2.5881696,8.0,1,19.521736
1,100,550.0013332366943,682.2625410556793,555.4196166992188,683.6053466796875,2.5289915,12.0,-1,2.0818348
40,100,199.01846885681152,495.7227461338043,204.43675231933594,497.0655517578125,2.4208696,10.0,-1,27.448872
28,100,62.47064781188965,511.2065107822418,67.88893127441406,512.54931640625,2.203961,6.0,1,13.124649
23,100,742.9792385101318,307.7734968662262,748.3975219726562,309.1163024902344,2.1857328,10.0,-1,5.895682
213,100,80.00386619567871,470.7152998447418,85.42214965820312,472.05810546875,1.8231229,28.0,-1,3.006919
32,100,386.11745262145996,170.55068802833557,391.5357360839844,171.89349365234375,1.7494397,10.0,-1,12.72054
15,100,1304.578420639038,25.2369863986969,1309.9967041015625,26.579792022705078,1.4903857,10.0,-1,1.3158686
250,100,170.6926784515381,419.8139326572418,176.1109619140625,421.15673828125,1.263142,8.0,1,42.094086
27,100,250.8230495452881,636.1965620517731,256.2413330078125,637.5393676757812,1.1751338,10.0,1,4.861661
13,100,1513.4625759124756,856.5234053134918,1518.880859375,857.8662109375,1.0796436,20.0,-1,7.1481047
35,100,455.7371425628662,742.2732222080231,461.1554260253906,743.6160278320312,1.046919,8.0,-1,17.168205
29,100,513.1099758148193,417.4524519443512,518.5282592773438,418.7952575683594,0.8413586,20.0,-1,6.4097505
300,100,378.23085594177246,161.62946915626526,383.6491394042969,162.97227478027344,0.6367619,8.0,-1,17.354221
33,100,518.3646755218506,1198.5072920322418,523.782958984375,1199.85009765625,0.6208053,6.0,1,4.5873327
266,100,337.99278831481934,21.794607400894165,343.41107177734375,23.137413024902344,0.5758582,8.0,-1,9.89661
208,100,497.8021755218506,810.8999311923981,503.220458984375,812.2427368164062,0.53497964,10.0,1,0.795668
262,100,503.5351161956787,436.56139969825745,508.9533996582031,437.9042053222656,0.44028667,14.0,1,7.342953
153,100,69.6023998260498,450.0131514072418,75.02068328857422,451.35595703125,0.4227655,28.0,1,7.1658673
4,101,1461.6158275604248,220.77439713478088,1467.4027099609375,222.3394317626953,14.216484,10.0,-1,15.935383
10,101,1244.0471019744873,185.65449357032776,1249.833984375,187.2195281982422,13.412357,10.0,-1,43.223927
5,101,515.1595287322998,445.9288923740387,520.9464111328125,447.4939270019531,11.632617,16.0,-1,35.485615
2,101,297.76957511901855,120.92566514015198,303.55645751953125,122.4906997680664,11.608597,10.0,1,15.540404
0,101,95.95538139343262,1098.0755903720856,101.74226379394531,1099.640625,10.736274,10.0,1,21.06159
9,101,222.1957836151123,30.951486825942993,227.982666015625,32.51652145385742,8.682393,8.0,1,13.539027
6,101,1212.9732494354248,597.2663862705231,1218.7601318359375,598.8314208984375,8.604657,10.0,1,18.326223
19,101,960.1137523651123,538.8519575595856,965.900634765625,540.4169921875,7.8214645,8.0,-1,31.21481
7,101,170.31464958190918,439.9530928134918,176.10153198242188,441.51812744140625,7.60236,10.0,-1,12.445299
17,101,659.7930736541748,284.6648848056793,665.5799560546875,286.22991943359375,7.3929977,12.0,-1,2.855329
3,101,834.4585399627686,1070.4728071689606,840.2454223632812,1072.037841796875,7.0791707,8.0,1,19.449
181,101,8.564384460449219,109.47619462013245,14.351266860961914,111.04122924804688,5.062887,8.0,1,12.439222
20,101,568.1243724822998,792.1416914463043,573.9112548828125,793.7067260742188,4.4648595,8.0,-1,38.0953
218,101,1401.0307445526123,31.98812699317932,1406.817626953125,33.55316162109375,3.4126308,16.0,-1,26.142792
8,101,842.5710277557373,318.2388288974762,848.35791015625,319.8038635253906,3.3645718,16.0,-1,19.312698
34,101,614.4463329315186,1117.586698770523,620.2332153320312,1119.1517333984375,2.8459404,16.0,-1,10.219058
26,101,759.1645946502686,1162.443876504898,764.9514770507812,1164.0089111328125,2.497513,6.0,1,2.2654471
16,101,1400.8063793182373,1176.613310098648,1406.59326171875,1178.1783447265625,2.4450896,10.0,-1,6.855248
24,101,1309.7116527557373,449.2365400791168,1315.49853515625,450.80157470703125,2.405493,8.0,1,16.119413
1,101,551.4587841033936,683.6177656650543,557.2456665039062,685.1828002929688,2.3866189,10.0,-1,0.676538
11,101,760.2891063690186,828.9923384189606,766.0759887695312,830.557373046875,1.9030329,8.0,-1,24.065147
28,101,63.21486473083496,511.71572709083557,69.00174713134766,513.28076171875,1.6346828,6.0,1,16.605438
32,101,383.42985343933105,171.36593461036682,389.21673583984375,172.93096923828125,1.5874525,10.0,-1,13.631653
40,101,196.2565746307373,495.8595564365387,202.04345703125,497.4245910644531,1.5368485,8.0,-1,24.909513
23,101,744.4590282440186,304.4800398349762,750.2459106445312,306.0450744628906,1.5219685,8.0,1,11.059422
15,101,1304.6888256072998,23.527605295181274,1310.4757080078125,25.092639923095703,1.4120077,6.0,1,1.6993617
183,101,426.8475170135498,475.4529707431793,432.6343994140625,477.01800537109375,1.2140678,22.0,-1,8.18725
213,101,79.67247581481934,471.7171308994293,85.45935821533203,473.28216552734375,1.1711987,28.0,-1,6.989558
250,101,170.5705852508545,419.94680619239807,176.3574676513672,421.5118408203125,1.1258644,8.0,1,41.61753
29,101,514.5515575408936,412.68215775489807,520.3384399414062,414.2471923828125,1.0511092,20.0,-1,7.0812054
35,101,455.6828441619873,745.5964033603668,461.4697265625,747.1614379882812,0.9514646,8.0,-1,14.783797
27,101,248.505765914917,636.2126142978668,254.2926483154297,637.7776489257812,0.9404869,10.0,1,4.693381
300,101,378.05607414245605,160.75955033302307,383.84295654296875,162.3245849609375,0.93293434,8.0,-1,19.826265
266,101,343.8924388885498,24.78090500831604,349.6793212890625,26.34593963623047,0.8462386,6.0,-1,11.296392
13,101,1516.3361644744873,852.4477217197418,1522.123046875,854.0127563476562,0.6972514,18.0,-1,6.799547
208,101,500.20902824401855,814.1011030673981,505.99591064453125,815.6661376953125,0.5809546,10.0,1,0.11289725
33,101,518.243818283081,1196.0689985752106,524.0307006835938,1197.634033203125,0.53998476,10.0,-1,1.5103076
262,101,505.0824718475342,434.71023392677307,510.8693542480469,436.2752685546875,0.32911482,14.0,1,8.52065
153,101,68.13772392272949,451.99670243263245,73.92460632324219,453.5617370605469,0.2661585,26.0,1,7.2834845
289,101,468.00098991394043,818.6083662509918,473.7878723144531,820.1734008789062,0.20055403,24.0,1,9.267048
295,101,313.9544200897217,198.5299208164215,319.7413024902344,200.09495544433594,0.1944675,12.0,1,2.1847868
10,102,1241.873456954956,188.1141951084137,1248.1849365234375,190.13577270507812,19.067686,10.0,-1,42.069492
5,102,513.718671798706,445.78664994239807,520.0301513671875,447.8082275390625,13.973662,18.0,-1,36.4468
4,102,1461.8860301971436,219.99050736427307,1468.197509765625,222.0120849609375,13.803032,10.0,-1,13.926918
19,102,961.6291942596436,539.9740278720856,967.940673828125,541.99560546875,12.188857,8.0,-1,38.57061
2,102,296.9246654510498,119.92284226417542,303.23614501953125,121.94441986083984,11.271163,10.0,1,14.423267
9,102,221.40051078796387,30.524385690689087,227.7119903564453,32.545963287353516,8.953317,8.0,1,14.0734215
0,102,95.2091121673584,1097.800077676773,101.52059173583984,1099.8216552734375,8.212712,10.0,1,21.258589
7,102,171.24043083190918,437.71545243263245,177.55191040039062,439.7370300292969,7.9069333,10.0,-1,4.3512545
6,102,1213.090009689331,596.5779097080231,1219.4014892578125,598.5994873046875,5.7247977,10.0,1,14.448465
17,102,659.3889598846436,283.9181807041168,665.700439453125,285.93975830078125,5.585268,6.0,1,2.5940647
3,102,835.5270824432373,1068.823759317398,841.8385620117188,1070.8453369140625,4.471095,8.0,1,15.655961
20,102,567.7151317596436,792.1416914463043,574.026611328125,794.1632690429688,3.6737645,8.0,-1,37.03168
40,102,197.44267082214355,491.7481062412262,203.754150390625,493.7696838378906,3.454744,8.0,-1,14.422024
28,102,59.59116172790527,514.1175825595856,65.90264129638672,516.13916015625,3.443938,6.0,1,13.320085
16,102,1401.3191356658936,1178.540556192398,1407.630615234375,1180.5621337890625,3.2246733,10.0,-1,8.034503
24,102,1310.5039501190186,448.4544050693512,1316.8154296875,450.4759826660156,3.194205,8.0,1,23.18058
181,102,8.314263343811035,109.72556138038635,14.62574291229248,111.74713897705078,3.052232,8.0,1,5.4240575
11,102,759.2861766815186,828.2735273838043,765.59765625,830.2951049804688,2.938667,8.0,-1,25.102686
34,102,617.2241649627686,1118.384062051773,623.53564453125,1120.4056396484375,2.9065723,16.0,-1,10.787081
218,102,1400.1858348846436,32.77683091163635,1406.497314453125,34.79840850830078,2.7955303,16.0,-1,30.130331
8,102,845.642988204956,319.00573563575745,851.9544677734375,321.0273132324219,2.7479887,16.0,-1,18.98124
1,102,551.9709300994873,686.2044966220856,558.2824096679688,688.22607421875,1.9166126,6.0,1,0.33401358
13,102,1514.7642040252686,850.0909712314606,1521.07568359375,852.112548828125,1.631333,18.0,-1,7.7844048
23,102,744.4011058807373,302.5226728916168,750.7125854492188,304.54425048828125,1.5301436,8.0,1,13.968926
32,102,382.17143058776855,172.5414412021637,388.48291015625,174.56301879882812,1.5202178,10.0,-1,13.230568
183,102,425.2353343963623,475.68127274513245,431.54681396484375,477.7028503417969,1.4461808,20.0,-1,9.626211
26,102,762.7624340057373,1162.927030801773,769.0739135742188,1164.9486083984375,1.4116689,6.0,1,0.96971047
15,102,1305.048017501831,21.744056940078735,1311.3594970703125,23.765634536743164,1.2749363,6.0,1,5.0816593
213,102,80.12771415710449,471.98708939552307,86.43919372558594,474.0086669921875,1.2609097,28.0,-1,7.1524477
250,102,170.23016166687012,419.5556318759918,176.54164123535156,421.57720947265625,1.1999873,8.0,1,41.334766
27,102,250.27674674987793,634.6646406650543,256.5882263183594,636.6862182617188,1.0501038,10.0,1,4.366823
300,102,377.7631664276123,161.24766373634338,384.07464599609375,163.2692413330078,0.86641484,8.0,-1,20.160444
35,102,458.4899730682373,746.7826826572418,464.80145263671875,748.8042602539062,0.8148431,8.0,-1,11.2413025
29,102,518.5203685760498,414.95312333106995,524.8318481445312,416.9747009277344,0.7951155,18.0,-1,6.7567434
153,102,71.2226619720459,453.8644697666168,77.53414154052734,455.88604736328125,0.7774279,28.0,1,8.229371
208,102,500.5585460662842,814.9130537509918,506.8700256347656,816.9346313476562,0.6592702,10.0,1,0.81326985
266,102,342.3045482635498,29.135359048843384,348.61602783203125,31.156936645507812,0.53920656,6.0,-1,12.350799
33,102,518.243818283081,1195.425810098648,524.5552978515625,1197.4473876953125,0.51326305,10.0,-1,3.7992847
51,102,181.7304515838623,422.78896927833557,188.04193115234375,424.810546875,0.42068425,18.0,1,15.802607
262,102,503.93314933776855,432.2123396396637,510.24462890625,434.2339172363281,0.24434264,16.0,1,9.77267
295,102,313.8931713104248,198.38790726661682,320.20465087890625,200.40948486328125,0.23713557,10.0,1,2.0870433
289,102,469.12537956237793,819.1905806064606,475.4368591308594,821.212158203125,0.2104825,22.0,1,7.929762
10,103,1242.3127727508545,188.1530363559723,1248.7672119140625,190.3539581298828,14.39532,10.0,-1,41.577362
6,103,1211.5583782196045,595.4824278354645,1218.0128173828125,597.683349609375,12.762736,10.0,1,17.892918
2,103,296.86544609069824,121.23435807228088,303.31988525390625,123.4352798461914,12.504402,10.0,1,15.506577
5,103,514.4693279266357,443.13181138038635,520.9237670898438,445.3327331542969,12.443326,18.0,-1,37.7546
4,103,1463.393705368042,220.46228623390198,1469.84814453125,222.6632080078125,11.577813,10.0,-1,11.721779
19,103,961.0704021453857,539.7456114292145,967.5248413085938,541.946533203125,10.127877,8.0,-1,42.088936
7,103,171.29965019226074,437.3422300815582,177.75408935546875,439.54315185546875,7.9948564,10.0,-1,3.1465619
0,103,95.05783653259277,1098.634161233902,101.51227569580078,1100.8350830078125,7.5162005,10.0,1,20.576405
9,103,222.51727104187012,30.354685068130493,228.97171020507812,32.555606842041016,5.9584985,8.0,1,10.987273
17,103,658.3003826141357,283.8174498081207,664.7548217773438,286.01837158203125,5.227693,6.0,1,2.7376652
3,103,836.3418254852295,1068.5197813510895,842.7962646484375,1070.720703125,4.88513,8.0,1,15.689432
16,103,1399.967924118042,1179.699590921402,1406.42236328125,1181.9005126953125,4.5955734,10.0,-1,9.219248
11,103,757.837797164917,829.689581155777,764.292236328125,831.8905029296875,4.204491,8.0,-1,29.716234
24,103,1311.3459758758545,446.71603989601135,1317.8004150390625,448.9169616699219,3.581826,8.0,1,29.921236
218,103,1402.1404094696045,33.96474289894104,1408.5948486328125,36.16566467285156,3.520056,14.0,-1,34.38644
28,103,57.96200370788574,514.500860452652,64.41644287109375,516.7017822265625,3.1938534,6.0,1,11.08087
8,103,847.934965133667,321.4671080112457,854.389404296875,323.66802978515625,3.1344159,16.0,-1,18.770834
181,103,8.51971435546875,109.03510117530823,14.974153518676758,111.23602294921875,2.9660902,8.0,1,4.91715
20,103,570.0649700164795,793.7294981479645,576.5194091796875,795.930419921875,2.5762908,8.0,-1,34.427197
34,103,614.673490524292,1123.006475687027,621.1279296875,1125.2073974609375,2.4968839,16.0,-1,10.957545
1,103,549.8549480438232,685.3361265659332,556.3093872070312,687.5370483398438,2.4864144,10.0,-1,1.5045222
213,103,82.75069236755371,475.8754332065582,89.20513153076172,478.07635498046875,2.1407616,28.0,-1,10.026223
40,103,197.67245292663574,494.57236313819885,204.12689208984375,496.7732849121094,2.082582,8.0,-1,15.502853
26,103,762.1623821258545,1164.998907327652,768.6168212890625,1167.1998291015625,1.9661542,10.0,-1,1.1195755
32,103,383.3862895965576,172.11839890480042,389.8407287597656,174.31932067871094,1.8972788,10.0,-1,15.332175
183,103,424.0143413543701,472.6160032749176,430.4687805175781,474.8169250488281,1.490836,22.0,-1,9.433812
15,103,1302.446195602417,20.361238718032837,1308.900634765625,22.56216049194336,1.2673998,6.0,1,2.8230717
23,103,744.2198162078857,300.74533677101135,750.6742553710938,302.9462585449219,1.166847,8.0,1,20.115732
250,103,170.12501335144043,418.24399399757385,176.57945251464844,420.4449157714844,1.1247901,8.0,1,41.36384
300,103,381.1661968231201,160.23743271827698,387.6206359863281,162.4383544921875,1.0857375,8.0,-1,26.319662
208,103,500.7869243621826,817.299200296402,507.2413635253906,819.5001220703125,1.0238749,12.0,1,0.27471036
13,103,1518.7204875946045,853.9751036167145,1525.1749267578125,856.176025390625,0.8488669,18.0,-1,6.7053275
153,103,74.24078941345215,455.066290140152,80.69522857666016,457.2672119140625,0.82969,28.0,1,10.37847
35,103,459.54491996765137,745.8496153354645,465.9993591308594,748.050537109375,0.7591829,8.0,-1,10.663168
33,103,516.007963180542,1195.727667093277,522.46240234375,1197.9285888671875,0.7124915,8.0,-1,6.5938587
27,103,248.09504508972168,634.6257994174957,254.5494842529297,636.8267211914062,0.68225384,10.0,1,4.071327
266,103,339.1631450653076,32.15601563453674,345.6175842285156,34.356937408447266,0.591152,8.0,-1,10.371939
29,103,516.9660320281982,413.1399595737457,523.4204711914062,415.34088134765625,0.54115224,18.0,-1,6.3585134
309,103,40.99880027770996,714.1652281284332,47.45323944091797,716.3661499023438,0.29638353,8.0,-1,10.0218115
10,104,1245.832914352417,187.95509934425354,1252.1424560546875,189.9727325439453,17.647158,10.0,-1,42.485542
2,104,296.58077812194824,120.22994828224182,302.89031982421875,122.2475814819336,12.392834,10.0,1,11.774278
4,104,1463.705961227417,220.08974289894104,1470.0155029296875,222.1073760986328,11.422025,10.0,-1,8.806368
0,104,95.53571128845215,1098.9013121128082,101.84525299072266,1100.9189453125,10.481754,10.0,1,22.255646
6,104,1211.5583782196045,595.4824278354645,1217.867919921875,597.5000610351562,9.963657,10.0,1,18.135187
5,104,515.0532512664795,442.6053831577301,521.36279296875,444.6230163574219,9.628337,16.0,-1,35.884674
7,104,168.4122142791748,439.71933579444885,174.7217559814453,441.7369689941406,7.283254,10.0,-1,13.372678
9,104,223.94027519226074,30.389185190200806,230.24981689453125,32.40681838989258,7.0467763,8.0,1,11.861987
19,104,960.8865642547607,541.7722227573395,967.1961059570312,543.7898559570312,6.0602684,8.0,-1,38.559895
3,104,835.875150680542,1068.4215757846832,842.1846923828125,1070.439208984375,5.1766148,8.0,1,15.445385
17,104,657.2101726531982,286.17465806007385,663.5197143554688,288.1922912597656,4.3742023,6.0,1,8.194156
8,104,849.7803020477295,322.29379868507385,856.08984375,324.3114318847656,3.9370039,16.0,-1,20.678364
218,104,1402.477933883667,33.22101426124573,1408.7874755859375,35.2386474609375,3.7621326,14.0,-1,34.255356
20,104,567.4681072235107,792.5895445346832,573.7776489257812,794.607177734375,3.6412413,8.0,-1,39.14795
11,104,757.327787399292,828.6443541049957,763.6373291015625,830.6619873046875,3.6356137,8.0,-1,31.880196
16,104,1397.885404586792,1180.4130308628082,1404.1949462890625,1182.4306640625,3.3091183,10.0,-1,10.226299
28,104,59.05849266052246,512.5703184604645,65.36803436279297,514.5879516601562,2.893999,6.0,1,10.42942
34,104,612.3576335906982,1121.6987974643707,618.6671752929688,1123.7164306640625,2.6147993,16.0,-1,12.278576
181,104,10.269338607788086,109.42210984230042,16.578880310058594,111.43974304199219,2.5872629,8.0,1,7.897193
24,104,1310.8366985321045,445.669561624527,1317.146240234375,447.68719482421875,2.5809786,8.0,1,30.36266
183,104,428.76486015319824,469.35312485694885,435.07440185546875,471.3707580566406,2.3754919,22.0,-1,7.5493345
26,104,762.9013957977295,1163.5082457065582,769.2109375,1165.52587890625,2.271117,6.0,1,1.3849636
213,104,82.89860343933105,477.80454087257385,89.20814514160156,479.8221740722656,2.0314057,28.0,-1,13.643805
1,104,550.350736618042,687.4821226596832,556.6602783203125,689.499755859375,1.9005734,10.0,-1,4.708293
32,104,383.82385063171387,173.16269516944885,390.1333923339844,175.18032836914062,1.5349554,10.0,-1,13.809548
40,104,198.8628978729248,494.1157286167145,205.1724395751953,496.13336181640625,1.4724594,10.0,-1,14.619037
23,104,743.3183269500732,303.5463011264801,749.6278686523438,305.5639343261719,1.38191,8.0,1,14.319085
15,104,1301.490385055542,19.75632119178772,1307.7999267578125,21.773954391479492,1.3541652,6.0,1,3.7150464
153,104,75.62613487243652,457.0878965854645,81.93567657470703,459.10552978515625,1.2783325,26.0,1,11.202899
250,104,170.06222343444824,418.7015745639801,176.37176513671875,420.7192077636719,1.233267,8.0,1,39.97902
27,104,246.26608085632324,635.711309671402,252.57562255859375,637.7289428710938,0.90289336,10.0,1,4.7940454
33,104,515.7466716766357,1197.5176451206207,522.0562133789062,1199.5352783203125,0.83786696,10.0,-1,7.6873584
13,104,1518.610258102417,856.3335630893707,1524.9197998046875,858.3511962890625,0.7986774,16.0,-1,6.3372736
208,104,500.8720989227295,815.884161233902,507.181640625,817.9017944335938,0.7985289,28.0,-1,0.1370224
300,104,382.19946098327637,162.1210081577301,388.5090026855469,164.13864135742188,0.7588427,8.0,-1,24.348385
266,104,335.9364604949951,32.11689591407776,342.2460021972656,34.13452911376953,0.7077009,8.0,-1,10.04669
29,104,515.926908493042,414.55869126319885,522.2364501953125,416.5763244628906,0.42348483,18.0,-1,6.1298895
262,104,503.711088180542,434.0911009311676,510.0206298828125,436.1087341308594,0.40407804,14.0,1,5.1853714
309,104,42.107412338256836,712.664922952652,48.416954040527344,714.6825561523438,0.37456706,8.0,-1,10.761254
35,104,458.1855754852295,744.2697813510895,464.4951171875,746.2874145507812,0.3367246,10.0,-1,4.7379255
295,104,314.06847953796387,198.85826706886292,320.3780212402344,200.8759002685547,0.22975516,10.0,1,2.101591
4,105,1464.2309856414795,222.03153824806213,1470.4114990234375,224.2882843017578,14.673607,10.0,-1,12.122823
2,105,297.8524761199951,121.53790879249573,304.0329895019531,123.7946548461914,13.700787,10.0,1,10.117443
10,105,1246.358060836792,188.734876871109,1252.53857421875,190.9916229248047,13.230496,10.0,-1,40.46641
0,105,96.21049308776855,1098.6045820713043,102.39100646972656,1100.861328125,10.895299,10.0,1,20.041676
5,105,517.2454509735107,443.97595047950745,523.4259643554688,446.2326965332031,8.832696,16.0,-1,36.06549
7,105,170.55761528015137,438.34768509864807,176.73812866210938,440.60443115234375,7.2619686,10.0,-1,9.484687
19,105,961.547269821167,544.0207808017731,967.727783203125,546.2775268554688,6.9182906,10.0,-1,35.635944
20,105,565.7331218719482,793.7708418369293,571.9136352539062,796.027587890625,6.190475,8.0,-1,38.61228
9,105,225.0511302947998,30.389185190200806,231.2316436767578,32.645931243896484,5.747477,8.0,1,7.887818
6,105,1213.467924118042,596.7195112705231,1219.6484375,598.9762573242188,5.5885777,10.0,1,13.27342
3,105,836.1459636688232,1068.2508223056793,842.3264770507812,1070.507568359375,5.0105295,8.0,1,15.279115
16,105,1399.697416305542,1179.8494551181793,1405.8779296875,1182.106201171875,4.7530055,10.0,-1,11.278621
8,105,846.628812789917,322.4683516025543,852.809326171875,324.72509765625,4.4518285,16.0,-1,19.379175
34,105,609.9453411102295,1118.4493086338043,616.1258544921875,1120.7060546875,4.4241967,14.0,-1,13.56443
181,105,10.714317321777344,111.18579697608948,16.89483070373535,113.44254302978516,3.8917434,8.0,1,10.570522
17,105,657.7075481414795,286.03088212013245,663.8880615234375,288.2876281738281,3.6948385,6.0,1,13.124652
24,105,1310.7390422821045,446.2197859287262,1316.9195556640625,448.4765319824219,3.6066058,8.0,1,29.03889
28,105,59.08743858337402,514.3351728916168,65.26795196533203,516.5919189453125,3.278284,6.0,1,8.256277
213,105,85.6902904510498,478.6119978427887,91.87080383300781,480.8687438964844,3.0358584,28.0,-1,10.714243
11,105,756.4275188446045,825.7350142002106,762.6080322265625,827.9917602539062,2.938029,8.0,-1,29.512323
218,105,1401.877347946167,35.257436990737915,1408.057861328125,37.514183044433594,2.5977516,14.0,-1,36.109127
1,105,550.350736618042,686.7340376377106,556.53125,688.9907836914062,2.5020502,10.0,-1,4.70712
183,105,428.281156539917,469.94262528419495,434.461669921875,472.1993713378906,2.357062,24.0,-1,6.658716
26,105,763.7900066375732,1164.4703047275543,769.9705200195312,1166.72705078125,1.888991,6.0,1,1.5464895
40,105,197.2453441619873,491.0327742099762,203.4258575439453,493.2895202636719,1.8409485,10.0,-1,17.575397
15,105,1300.745756149292,21.0549795627594,1306.92626953125,23.311725616455078,1.6975013,6.0,1,5.0238996
153,105,75.1335506439209,456.3645918369293,81.3140640258789,458.621337890625,1.6635002,28.0,1,12.367631
208,105,499.27892875671387,817.7299482822418,505.4594421386719,819.9866943359375,1.6124545,28.0,-1,3.2408452
32,105,381.8930950164795,169.102796792984,388.0736083984375,171.3595428466797,1.2641186,14.0,-1,2.6369188
23,105,743.616849899292,303.0541365146637,749.79736328125,305.3108825683594,1.1788667,8.0,1,16.590418
13,105,1515.066312789917,854.4951460361481,1521.246826171875,856.7518920898438,1.1033949,16.0,-1,6.5697947
250,105,170.6625804901123,418.69082474708557,176.8430938720703,420.94757080078125,1.1013683,8.0,1,37.474697
27,105,244.93993949890137,633.2392256259918,251.12045288085938,635.4959716796875,1.0346733,10.0,1,5.8146334
300,105,378.541410446167,161.29569840431213,384.721923828125,163.5524444580078,0.97185606,8.0,-1,19.455334
266,105,336.40710258483887,33.587793588638306,342.5876159667969,35.844539642333984,0.7425328,8.0,-1,11.462726
309,105,39.66546058654785,710.7559492588043,45.84597396850586,713.0126953125,0.56834,8.0,-1,11.400961
29,105,512.2580242156982,419.4600203037262,518.4385375976562,421.7167663574219,0.5662841,18.0,-1,6.4662266
33,105,516.228178024292,1197.7323896884918,522.40869140625,1199.9891357421875,0.5476962,10.0,-1,3.3109093
262,105,502.93234062194824,433.7791121006012,509.11285400390625,436.0358581542969,0.5366521,16.0,1,13.264286
35,105,454.74703788757324,741.7677290439606,460.92755126953125,744.0244750976562,0.42418432,10.0,-1,4.6265845
295,105,313.9284954071045,197.21195816993713,320.1090087890625,199.4687042236328,0.40320638,10.0,1,2.0348105
51,105,182.0030345916748,423.1201765537262,188.1835479736328,425.3769226074219,0.3995851,18.0,1,11.261485
4,106,1466.326810836792,223.64567399024963,1471.906982421875,225.6873321533203,13.701836,10.0,-1,13.786711
10,106,1244.321439743042,188.867689371109,1249.901611328125,190.9093475341797,12.902267,10.0,-1,40.044907
2,106,296.8910503387451,121.42584824562073,302.4712219238281,123.4675064086914,10.417253,12.0,1,10.687763
0,106,97.21020317077637,1098.5036299228668,102.79037475585938,1100.5452880859375,9.446683,10.0,1,23.65703
6,106,1214.9189739227295,598.2459394931793,1220.4991455078125,600.28759765625,8.706753,10.0,1,18.169632
5,106,519.6917400360107,444.1035749912262,525.2719116210938,446.1452331542969,8.641509,16.0,-1,34.976063
19,106,960.715482711792,545.8367598056793,966.295654296875,547.87841796875,7.858832,8.0,-1,40.9665
7,106,170.9087963104248,438.06921219825745,176.4889678955078,440.1108703613281,7.1346183,10.0,-1,6.578162
9,106,226.03825187683105,31.396799325942993,231.61842346191406,33.43845748901367,5.5755763,8.0,1,8.545849
3,106,836.8766765594482,1068.0664961338043,842.4568481445312,1070.108154296875,5.271927,8.0,1,16.292227
8,106,846.3432903289795,326.63647294044495,851.9234619140625,328.6781311035156,5.196444,16.0,-1,20.695435
40,106,194.65972709655762,490.02346634864807,200.23989868164062,492.06512451171875,4.908109,8.0,-1,22.23362
11,106,756.3218669891357,825.7350142002106,761.9020385742188,827.7766723632812,4.7351117,8.0,-1,33.64962
17,106,657.9118938446045,285.70214676856995,663.4920654296875,287.7438049316406,4.406305,6.0,1,10.878868
24,106,1310.056303024292,445.9854414463043,1315.636474609375,448.027099609375,4.1533446,8.0,1,25.887213
20,106,565.2893352508545,795.8307173252106,570.8695068359375,797.8723754882812,4.1258454,8.0,-1,40.53046
16,106,1398.159330368042,1177.9333174228668,1403.739501953125,1179.9749755859375,3.9167795,10.0,-1,10.372383
181,106,10.871072769165039,110.20663285255432,16.451244354248047,112.248291015625,3.3255367,8.0,1,16.868107
34,106,607.1018962860107,1116.0736982822418,612.6820678710938,1118.1153564453125,2.7642374,14.0,-1,14.289841
28,106,59.97317314147949,514.5855391025543,65.5533447265625,516.627197265625,2.6903448,6.0,1,7.6719203
218,106,1405.896635055542,31.608278512954712,1411.476806640625,33.64993667602539,2.351906,14.0,-1,35.342884
26,106,764.4255046844482,1166.6437666416168,770.0056762695312,1168.6854248046875,2.0831444,6.0,1,3.824953
183,106,428.89938163757324,469.49404740333557,434.47955322265625,471.53570556640625,1.6606569,24.0,-1,5.5633993
213,106,80.62736320495605,478.7975447177887,86.20753479003906,480.8392028808594,1.6272064,28.0,-1,20.081385
1,106,550.4845867156982,684.9433271884918,556.0647583007812,686.9849853515625,1.5556275,10.0,-1,8.631241
208,106,501.12035942077637,813.8323652744293,506.7005310058594,815.8740234375,1.1594638,28.0,-1,1.808001
15,106,1300.3816204071045,20.148422479629517,1305.9617919921875,22.190080642700195,1.080668,6.0,1,5.7144446
13,106,1516.9980754852295,852.1233198642731,1522.5782470703125,854.1649780273438,1.0232748,18.0,-1,7.3036947
32,106,381.8930950164795,169.6563093662262,387.4732666015625,171.69796752929688,1.001752,10.0,-1,7.55814
250,106,170.54903984069824,417.9587080478668,176.12921142578125,420.0003662109375,0.9982183,6.0,1,34.304005
23,106,742.912504196167,303.3718855381012,748.49267578125,305.4135437011719,0.90820384,8.0,1,16.812464
27,106,244.51717948913574,633.8095381259918,250.09735107421875,635.8511962890625,0.89404106,10.0,1,5.1221704
29,106,509.03463554382324,420.3225996494293,514.6148071289062,422.3642578125,0.80701566,14.0,-1,8.349548
153,106,73.12112236022949,455.39748978614807,78.7012939453125,457.43914794921875,0.7859133,28.0,1,13.95332
300,106,378.2203960418701,158.79040360450745,383.8005676269531,160.83206176757812,0.68178827,8.0,-1,19.170141
35,106,453.45910453796387,742.5094892978668,459.0392761230469,744.5511474609375,0.6806143,10.0,-1,2.52028
309,106,36.56643486022949,715.6078779697418,42.1466064453125,717.6495361328125,0.6412789,8.0,-1,12.735548
262,106,504.1870403289795,435.9153730869293,509.7672119140625,437.95703125,0.62788373,14.0,1,13.292943
33,106,519.4844646453857,1196.2061445713043,525.0646362304688,1198.247802734375,0.5943726,10.0,-1,4.237028
266,106,337.75573539733887,35.248926401138306,343.3359069824219,37.290584564208984,0.57603955,8.0,-1,12.21359
51,106,182.4717082977295,423.6843855381012,188.0518798828125,425.7260437011719,0.38362703,8.0,1,14.39805
289,106,471.06432914733887,819.9502851963043,476.6445007324219,821.991943359375,0.2747701,26.0,1,9.2768545
10,107,1242.8056240081787,190.38969254493713,1248.3763427734375,192.248291015625,14.1991415,10.0,-1,37.93456
2,107,296.00353050231934,122.04367661476135,301.5742492675781,123.90227508544922,12.952607,12.0,1,12.034469
4,107,1464.6326503753662,225.24162125587463,1470.203369140625,227.1002197265625,12.856075,10.0,-1,14.27015
5,107,520.6790981292725,444.10966324806213,526.2498168945312,445.96826171875,11.911241,16.0,-1,35.04118
0,107,97.24237632751465,1099.6753370761871,102.81309509277344,1101.533935546875,10.09963,10.0,1,25.496195
6,107,1214.6640224456787,597.7967360019684,1220.2347412109375,599.6553344726562,9.798829,10.0,1,15.8917465
19,107,960.6833095550537,547.7535231113434,966.2540283203125,549.6121215820312,9.638783,8.0,-1,41.15232
7,107,170.8728084564209,437.7188856601715,176.4435272216797,439.5774841308594,7.714647,10.0,-1,5.857415
9,107,224.7176570892334,31.438032388687134,230.2883758544922,33.296630859375,6.0842204,8.0,1,10.744967
20,107,562.5147914886475,795.7956373691559,568.0855102539062,797.6542358398438,5.8988514,8.0,-1,39.295654
8,107,849.5980434417725,325.8360731601715,855.1687622070312,327.6946716308594,5.630279,14.0,-1,20.54618
181,107,11.078622817993164,111.8720076084137,16.649341583251953,113.73060607910156,5.466224,8.0,1,18.015533
3,107,837.1866664886475,1067.8893263339996,842.7573852539062,1069.7479248046875,5.309022,8.0,1,15.010742
16,107,1398.2202968597412,1176.7071974277496,1403.791015625,1178.5657958984375,4.3249216,10.0,-1,12.878886
11,107,756.7093715667725,825.9563429355621,762.2800903320312,827.81494140625,4.232507,8.0,-1,35.134567
40,107,194.49962425231934,489.31437516212463,200.07034301757812,491.1729736328125,4.1170287,8.0,-1,24.524572
34,107,606.7435512542725,1116.5220167636871,612.3142700195312,1118.380615234375,3.8424375,14.0,-1,14.58906
24,107,1308.9278163909912,447.7162916660309,1314.49853515625,449.57489013671875,3.4051113,8.0,1,20.748634
17,107,655.7047328948975,286.16557145118713,661.2754516601562,288.024169921875,3.3415186,6.0,1,6.2859683
218,107,1406.7912197113037,31.074655771255493,1412.3619384765625,32.93325424194336,3.1402457,14.0,-1,34.05568
28,107,58.127126693725586,514.9213697910309,63.697845458984375,516.7799682617188,2.8757002,6.0,1,5.538563
26,107,766.0391445159912,1166.0199415683746,771.60986328125,1167.8785400390625,2.4954016,6.0,1,2.7312632
1,107,550.6939296722412,685.4443800449371,556.2646484375,687.302978515625,2.266123,10.0,-1,10.460904
213,107,84.65924644470215,477.86213517189026,90.22996520996094,479.7207336425781,1.7721342,28.0,-1,16.390463
15,107,1299.7045497894287,20.011205911636353,1305.2752685546875,21.86980438232422,1.6403767,6.0,1,6.062014
32,107,380.21315574645996,169.85702347755432,385.78387451171875,171.7156219482422,1.5481544,10.0,-1,15.398376
309,107,38.40184211730957,720.0499098300934,43.97256088256836,721.9085083007812,1.5228077,8.0,-1,15.668315
208,107,500.20107078552246,816.1622145175934,505.77178955078125,818.0208129882812,1.5137457,10.0,1,0.16891852
183,107,429.79173851013184,469.29804825782776,435.3624572753906,471.1566467285156,1.2133307,24.0,-1,6.2761045
27,107,246.13889122009277,633.7222120761871,251.70960998535156,635.580810546875,1.1230079,10.0,1,4.282321
23,107,742.6773891448975,301.88935685157776,748.2481079101562,303.7479553222656,1.0458548,8.0,1,22.96491
153,107,75.49413108825684,456.971204996109,81.06484985351562,458.8298034667969,1.030882,26.0,1,11.661861
250,107,170.44699668884277,417.9526197910309,176.01771545410156,419.81121826171875,0.88634974,8.0,1,35.257843
300,107,375.68785667419434,158.59631180763245,381.2585754394531,160.4549102783203,0.8011496,8.0,-1,21.396297
320,107,1313.9648036956787,438.583021402359,1319.5355224609375,440.4416198730469,0.7819643,10.0,-1,17.239466
13,107,1522.3078212738037,852.0277540683746,1527.8785400390625,853.8863525390625,0.773261,16.0,-1,6.5314784
29,107,511.1316738128662,420.089613199234,516.702392578125,421.9482116699219,0.642382,18.0,-1,7.5259624
262,107,504.9353542327881,435.8038465976715,510.5060729980469,437.6624450683594,0.5882632,14.0,1,13.430268
266,107,339.4717311859131,36.37571167945862,345.0424499511719,38.234310150146484,0.5727485,8.0,-1,10.321656
35,107,452.30174827575684,745.0704786777496,457.8724670410156,746.9290771484375,0.5429791,6.0,1,0.06733823
33,107,519.762228012085,1194.1968214511871,525.3329467773438,1196.055419921875,0.52344674,10.0,-1,0.33254862
295,107,314.10182762145996,194.27709794044495,319.67254638671875,196.1356964111328,0.44338086,10.0,1,1.8634729
5,108,520.2879848480225,446.03120255470276,526.1090698242188,447.8179931640625,14.523997,18.0,-1,37.077698
4,108,1465.7266445159912,226.33349442481995,1471.5477294921875,228.1202850341797,11.977997,10.0,-1,10.786289
2,108,295.37901878356934,122.12397599220276,301.2001037597656,123.9107666015625,11.180584,12.0,1,8.163306
0,108,96.06989860534668,1099.8826429843903,101.89098358154297,1101.66943359375,10.362611,10.0,1,26.779572
19,108,961.97243309021,548.045667886734,967.7935180664062,549.8324584960938,9.635556,8.0,-1,40.736465
6,108,1214.6640224456787,598.1309950351715,1220.485107421875,599.9177856445312,9.405774,10.0,1,16.610468
7,108,168.36363792419434,438.2907545566559,174.18472290039062,440.0775451660156,8.079879,10.0,-1,14.587366
10,108,1243.3357753753662,191.51859879493713,1249.1568603515625,193.30538940429688,7.8539577,10.0,-1,35.44306
8,108,850.4222011566162,323.0264723300934,856.2432861328125,324.8132629394531,5.735386,16.0,-1,21.389618
9,108,224.4036464691162,28.851051568984985,230.2247314453125,30.637842178344727,5.586218,8.0,1,13.089403
3,108,837.8258876800537,1066.6088392734528,843.64697265625,1068.3956298828125,5.5509324,8.0,1,14.776567
181,108,12.12786865234375,110.47264695167542,17.94895362854004,112.25943756103516,5.5130825,8.0,1,18.808157
40,108,193.90604209899902,488.32438492774963,199.7271270751953,490.1111755371094,5.376103,8.0,-1,24.78546
16,108,1399.7207851409912,1176.0124037265778,1405.5418701171875,1177.7991943359375,4.828618,10.0,-1,14.177461
11,108,757.5523281097412,827.7059462070465,763.3734130859375,829.4927368164062,4.423313,8.0,-1,33.114414
20,108,563.6749477386475,797.5689222812653,569.4960327148438,799.355712890625,3.7549982,8.0,-1,37.78914
24,108,1308.0015468597412,447.02763199806213,1313.8226318359375,448.8144226074219,3.397971,8.0,1,20.22566
218,108,1406.4430751800537,30.110952615737915,1412.26416015625,31.897743225097656,2.7645004,14.0,-1,31.874176
17,108,654.5565395355225,287.80180191993713,660.3776245117188,289.5885925292969,2.749993,6.0,1,11.926562
28,108,56.84228324890137,516.0836317539215,62.663368225097656,517.8704223632812,2.705002,6.0,1,4.874273
183,108,432.54286766052246,465.2514479160309,438.36395263671875,467.0382385253906,2.3963325,24.0,-1,5.829549
26,108,766.2094326019287,1166.9770033359528,772.030517578125,1168.7637939453125,2.354222,6.0,1,5.5258136
213,108,87.1960506439209,474.1151258945465,93.01713562011719,475.90191650390625,2.3444011,28.0,-1,9.680654
34,108,604.0299892425537,1119.2862074375153,609.85107421875,1121.072998046875,2.208852,14.0,-1,14.166661
1,108,548.9501552581787,685.8839247226715,554.771240234375,687.6707153320312,1.9772075,10.0,-1,8.71267
15,108,1299.8576259613037,19.831352472305298,1305.6787109375,21.61814308166504,1.5210265,6.0,1,7.282124
153,108,75.93874168395996,456.01814103126526,81.75982666015625,457.804931640625,1.4991727,26.0,1,10.921452
27,108,246.82265281677246,630.3829481601715,252.64373779296875,632.1697387695312,1.3884993,10.0,1,3.4672918
32,108,377.9423122406006,168.59756302833557,383.7633972167969,170.3843536376953,1.322033,10.0,-1,12.369492
23,108,744.7875576019287,301.533949136734,750.608642578125,303.32073974609375,1.0693349,8.0,1,24.580956
29,108,514.7368984222412,418.45866227149963,520.5579833984375,420.2454528808594,0.9426384,18.0,-1,7.673563
208,108,499.6415615081787,814.749037027359,505.462646484375,816.5358276367188,0.8934567,28.0,-1,1.7886727
13,108,1519.6726894378662,853.8852064609528,1525.4937744140625,855.6719970703125,0.86201864,18.0,-1,6.714519
309,108,38.49192237854004,723.8660414218903,44.31300735473633,725.65283203125,0.84295243,8.0,-1,17.536903
300,108,373.48000144958496,159.05351090431213,379.30108642578125,160.84030151367188,0.82346493,8.0,-1,25.323318
250,108,169.8276882171631,417.2237379550934,175.64877319335938,419.0105285644531,0.78101987,6.0,1,28.654854
295,108,307.8138027191162,196.1134169101715,313.6348876953125,197.90020751953125,0.55770266,12.0,1,1.5639186
33,108,519.2481288909912,1193.9862806797028,525.0692138671875,1195.7730712890625,0.5204658,10.0,-1,1.7826598
262,108,506.4109706878662,435.8038465976715,512.2320556640625,437.59063720703125,0.45716867,16.0,1,12.504992
35,108,449.67860984802246,743.3618910312653,455.49969482421875,745.148681640625,0.35033262,10.0,-1,1.8314753
266,108,344.84667015075684,39.09448838233948,350.6677551269531,40.88127899169922,0.33606437,10.0,-1,10.148575
2,109,293.83568382263184,121.54196000099182,300.0483703613281,123.61073303222656,16.295574,12.0,1,7.291901
5,109,518.1579189300537,446.372572183609,524.37060546875,448.44134521484375,15.387647,18.0,-1,37.218475
4,109,1467.6365566253662,227.25761246681213,1473.8492431640625,229.32638549804688,12.772168,10.0,-1,14.990678
10,109,1243.4098720550537,193.78898453712463,1249.62255859375,195.85775756835938,11.124484,10.0,-1,34.818176
0,109,95.58706474304199,1099.3839857578278,101.79975128173828,1101.4527587890625,10.976242,10.0,1,27.53352
9,109,222.7418270111084,29.494558572769165,228.9545135498047,31.563331604003906,9.38748,8.0,1,12.19537
7,109,171.1064968109131,435.597669839859,177.31918334960938,437.66644287109375,8.811963,16.0,-1,1.5843534
19,109,961.97243309021,546.5756361484528,968.1851196289062,548.6444091796875,8.159846,8.0,-1,40.97202
3,109,837.9374599456787,1066.1662123203278,844.150146484375,1068.2349853515625,7.2910676,8.0,1,15.6435375
6,109,1214.5597743988037,598.8286879062653,1220.7724609375,600.8974609375,7.2576046,10.0,1,21.154865
16,109,1397.6962490081787,1175.9121840000153,1403.908935546875,1177.98095703125,6.2910237,10.0,-1,15.953541
8,109,851.4444179534912,321.915052652359,857.6571044921875,323.98382568359375,5.442381,16.0,-1,21.515753
40,109,192.4713649749756,486.2547743320465,198.68405151367188,488.32354736328125,4.891707,8.0,-1,26.395638
20,109,567.5708827972412,797.4665052890778,573.7835693359375,799.5352783203125,4.760885,8.0,-1,37.985596
181,109,11.342391967773438,113.07520127296448,17.555078506469727,115.14397430419922,4.7580714,8.0,1,17.734207
24,109,1305.8933925628662,447.4437391757965,1312.1060791015625,449.51251220703125,4.438894,8.0,1,16.108942
34,109,605.8179531097412,1118.1930677890778,612.0306396484375,1120.2618408203125,4.0639677,14.0,-1,16.976137
11,109,760.45729637146,828.395521402359,766.6699829101562,830.4642944335938,3.2612278,8.0,-1,29.247513
183,109,430.5255641937256,464.71919083595276,436.7382507324219,466.7879638671875,3.2449636,24.0,-1,5.6214037
28,109,56.38855171203613,515.245374917984,62.60123825073242,517.3141479492188,2.4253237,6.0,1,8.000522
218,109,1406.5636806488037,30.80245041847229,1412.7763671875,32.87122344970703,2.3865654,14.0,-1,32.40784
213,109,86.50551414489746,476.6249830722809,92.71820068359375,478.6937561035156,2.218269,28.0,-1,14.680511
29,109,514.3800258636475,412.895277261734,520.5927124023438,414.96405029296875,1.9749011,18.0,-1,9.784624
13,109,1518.6382656097412,853.8852064609528,1524.8509521484375,855.9539794921875,1.8315878,18.0,-1,7.2093806
23,109,746.9579677581787,302.2674391269684,753.170654296875,304.3362121582031,1.7944857,8.0,1,17.746796
26,109,765.83571434021,1168.0618422031403,772.0484008789062,1170.130615234375,1.7086657,6.0,1,4.8442636
32,109,377.67568016052246,169.20263504981995,383.88836669921875,171.2714080810547,1.604343,10.0,-1,13.798896
17,109,657.00319480896,288.90678238868713,663.2158813476562,290.9755554199219,1.4304833,6.0,1,21.541445
1,109,546.148458480835,687.3767836093903,552.3611450195312,689.445556640625,1.3977541,10.0,-1,4.2899375
15,109,1299.3410243988037,19.131412744522095,1305.5537109375,21.200185775756836,1.1833452,6.0,1,7.4774165
208,109,501.81398582458496,815.0338881015778,508.02667236328125,817.1026611328125,1.0942775,28.0,-1,1.0185338
27,109,246.89911460876465,630.0961439609528,253.11180114746094,632.1649169921875,1.0879858,10.0,1,3.1049283
309,109,38.87353706359863,719.6436903476715,45.08622360229492,721.7124633789062,0.9950517,6.0,-1,16.425138
153,109,76.19015312194824,457.17924332618713,82.40283966064453,459.2480163574219,0.93831474,26.0,1,11.688414
250,109,169.2095546722412,415.1819899082184,175.4222412109375,417.2507629394531,0.8831408,6.0,1,10.802403
33,109,519.6368618011475,1193.8032972812653,525.8495483398438,1195.8720703125,0.76273185,10.0,-1,0.68661964
35,109,451.22594261169434,741.589369058609,457.4386291503906,743.6581420898438,0.67960817,10.0,-1,2.8179266
266,109,347.0178737640381,40.37556290626526,353.2305603027344,42.4443359375,0.56610495,8.0,-1,11.491301
320,109,1313.0468349456787,437.8150465488434,1319.259521484375,439.8838195800781,0.5556869,10.0,-1,12.989064
295,109,308.9968776702881,198.147718667984,315.2095642089844,200.21649169921875,0.3813428,10.0,1,1.7877855
51,109,180.89162254333496,423.6397840976715,187.10430908203125,425.70855712890625,0.3467021,18.0,1,1.117248
289,109,468.7647304534912,819.590833902359,474.9774169921875,821.6596069335938,0.24187225,26.0,1,9.183775
4,110,1470.9622554779053,229.48289322853088,1477.4537353515625,232.15708923339844,15.50722,12.0,-1,20.40195
5,110,518.1546993255615,446.62304520606995,524.6461791992188,449.2972412109375,14.039646,18.0,-1,36.818493
2,110,294.1464595794678,120.82533860206604,300.637939453125,123.4995346069336,12.313797,12.0,1,14.756444
9,110,221.5725612640381,27.549131631851196,228.0640411376953,30.22332763671875,11.576365,8.0,1,11.843259
10,110,1241.9175777435303,193.18227982521057,1248.4090576171875,195.85647583007812,11.050808,10.0,-1,36.030334
6,110,1213.7214107513428,598.1104109287262,1220.212890625,600.7846069335938,10.040246,10.0,1,21.606493
0,110,96.5830135345459,1100.0767805576324,103.07449340820312,1102.7509765625,9.044164,10.0,1,26.942087
19,110,963.6434688568115,548.0374128818512,970.1349487304688,550.7116088867188,8.561334,10.0,-1,37.858776
7,110,171.61498069763184,435.64440751075745,178.10646057128906,438.318603515625,8.436712,22.0,1,1.9107409
8,110,849.9977779388428,321.62734818458557,856.4892578125,324.3015441894531,6.7938786,16.0,-1,22.723982
11,110,761.190465927124,831.0719587802887,767.6819458007812,833.7461547851562,6.517058,8.0,-1,32.741604
20,110,567.6468257904053,797.2694075107574,574.1383056640625,799.943603515625,5.397345,8.0,-1,37.22943
3,110,836.6906490325928,1066.1871321201324,843.18212890625,1068.861328125,5.3213153,8.0,1,14.401912
181,110,8.9639253616333,114.63559556007385,15.455405235290527,117.3097915649414,4.7471223,8.0,1,13.273176
40,110,192.00694847106934,486.2338545322418,198.49842834472656,488.9080505371094,4.407079,10.0,-1,31.846516
16,110,1397.3779048919678,1174.5884993076324,1403.869384765625,1177.2626953125,3.8134394,10.0,-1,12.851856
213,110,85.90556144714355,477.26989579200745,92.39704132080078,479.944091796875,3.4068944,28.0,-1,16.50188
24,110,1307.1475582122803,446.74709916114807,1313.6390380859375,449.4212951660156,3.072258,8.0,1,18.979464
218,110,1407.7898921966553,27.24887490272522,1414.2813720703125,29.923070907592773,2.6399324,14.0,-1,31.709433
34,110,602.4993648529053,1120.9747297763824,608.9908447265625,1123.64892578125,2.5814385,14.0,-1,15.049399
26,110,764.4051265716553,1168.4727766513824,770.8966064453125,1171.14697265625,2.2440712,6.0,1,1.9399029
28,110,57.44305610656738,513.8514387607574,63.93453598022461,516.525634765625,2.0993402,6.0,1,11.913236
17,110,659.6163082122803,291.01196122169495,666.1077880859375,293.6861572265625,2.019941,6.0,1,24.337278
309,110,35.37312126159668,717.3016340732574,41.864601135253906,719.975830078125,1.6985273,8.0,-1,14.77044
15,110,1299.0590572357178,15.57213044166565,1305.550537109375,18.246326446533203,1.6563783,6.0,1,7.032551
29,110,514.1602535247803,411.73876786231995,520.6517333984375,414.4129638671875,1.6291109,18.0,-1,10.674831
1,110,546.0277462005615,687.4307234287262,552.5192260742188,690.1049194335938,1.540748,10.0,-1,6.1550217
32,110,377.361852645874,173.339369058609,383.85333251953125,176.01356506347656,1.5287601,10.0,-1,12.505891
208,110,502.2776851654053,813.58398270607,508.7691650390625,816.2581787109375,1.5155486,28.0,-1,1.4021786
183,110,433.4304256439209,467.0231306552887,439.9219055175781,469.69732666015625,1.4402165,26.0,-1,4.948184
153,110,76.61453056335449,457.7197859287262,83.10601043701172,460.39398193359375,1.2448186,26.0,1,11.042763
23,110,744.9540157318115,300.4795820713043,751.4454956054688,303.1537780761719,1.2203714,8.0,1,21.803514
27,110,245.9205379486084,630.8062117099762,252.41201782226562,633.4804077148438,1.1674694,10.0,1,3.8778582
13,110,1521.6854000091553,848.937254190445,1528.1768798828125,851.6114501953125,1.1634824,16.0,-1,6.1718173
250,110,169.7096767425537,416.09765458106995,176.20115661621094,418.7718505859375,1.089004,6.0,1,25.890368
300,110,370.9799556732178,163.56468033790588,377.471435546875,166.23887634277344,0.9544532,8.0,-1,17.665646
320,110,1311.2435054779053,436.18472123146057,1317.7349853515625,438.8589172363281,0.88952327,10.0,-1,14.381638
266,110,347.196325302124,41.57596039772034,353.68780517578125,44.25015640258789,0.49204183,8.0,-1,11.109999
51,110,180.89484214782715,423.93395829200745,187.38632202148438,426.608154296875,0.47931647,24.0,-1,0.69539046
35,110,453.3731441497803,742.1041243076324,459.8646240234375,744.7783203125,0.4332426,6.0,1,2.7838345
295,110,311.8686275482178,197.461439371109,318.360107421875,200.13563537597656,0.38918936,10.0,1,1.02145
262,110,506.2255611419678,436.48669266700745,512.717041015625,439.160888671875,0.28432563,14.0,1,9.330657
33,110,516.0619869232178,1191.54882645607,522.553466796875,1194.2230224609375,0.27961162,6.0,1,2.963501
289,110,470.3434200286865,817.5863630771637,476.83489990234375,820.2605590820312,0.22262491,28.0,1,9.170672
5,111,520.0873165130615,447.29409623146057,526.2949829101562,449.89300537109375,18.330956,18.0,-1,36.95785
4,111,1474.5867671966553,230.96513199806213,1480.79443359375,233.5640411376953,17.133652,12.0,-1,24.245491
2,111,292.3798580169678,120.92543625831604,298.5875244140625,123.52434539794922,13.480138,10.0,1,17.708765
9,111,221.78502464294434,27.67552399635315,227.99269104003906,30.274433135986328,11.551968,8.0,1,10.608263
10,111,1241.6922359466553,190.63761734962463,1247.89990234375,193.2365264892578,10.418706,10.0,-1,37.32757
0,111,99.1089916229248,1100.4322187900543,105.31665802001953,1103.0311279296875,8.970374,10.0,1,26.06905
6,111,1213.7724361419678,595.5082685947418,1219.9801025390625,598.107177734375,7.912127,10.0,1,5.2039113
19,111,963.9596920013428,550.1862471103668,970.1673583984375,552.78515625,7.528481,8.0,-1,40.143703
7,111,171.44017601013184,436.1003096103668,177.64784240722656,438.69921875,6.9000907,12.0,-1,4.977975
3,111,837.7508907318115,1064.4726240634918,843.9585571289062,1067.071533203125,5.9427085,8.0,1,16.942053
181,111,8.13011646270752,114.12941575050354,14.337782859802246,116.72832489013672,5.6626534,8.0,1,14.055246
16,111,1397.7332515716553,1175.1031172275543,1403.94091796875,1177.7020263671875,4.687694,10.0,-1,15.259881
11,111,761.5009517669678,830.3761274814606,767.7086181640625,832.9750366210938,4.57429,8.0,-1,30.942255
8,111,848.5978755950928,320.3650496006012,854.8055419921875,322.9639587402344,4.1800017,14.0,-1,22.884884
34,111,597.7306880950928,1121.3343183994293,603.9383544921875,1123.9332275390625,4.162519,14.0,-1,17.903273
40,111,193.2399196624756,488.0137617588043,199.4475860595703,490.6126708984375,3.5721664,10.0,-1,32.471645
218,111,1409.9172115325928,25.115259408950806,1416.1248779296875,27.714168548583984,3.3549469,14.0,-1,30.973566
20,111,568.0378170013428,799.1058027744293,574.2454833984375,801.7047119140625,2.9473808,8.0,-1,36.36907
213,111,86.7825984954834,476.61425614356995,92.99026489257812,479.2131652832031,2.3215063,28.0,-1,13.760196
24,111,1305.5420894622803,446.7558271884918,1311.749755859375,449.354736328125,2.2794635,8.0,1,17.654108
26,111,765.2089595794678,1167.7817060947418,771.4166259765625,1170.380615234375,2.227273,6.0,1,0.101276934
13,111,1519.1800289154053,845.1278364658356,1525.3876953125,847.7267456054688,1.9418746,16.0,-1,6.7977314
183,111,431.6456050872803,467.19177079200745,437.853271484375,469.7906799316406,1.7862792,24.0,-1,5.6721992
309,111,35.75226402282715,713.3354780673981,41.959930419921875,715.9343872070312,1.6065416,6.0,-1,17.552498
17,111,658.946081161499,291.01196122169495,665.1537475585938,293.6108703613281,1.4959421,6.0,1,24.359612
1,111,550.9235591888428,686.5134565830231,557.1312255859375,689.1123657226562,1.4431626,10.0,-1,5.2332487
28,111,56.46852684020996,513.4188520908356,62.67619323730469,516.0177612304688,1.4175553,6.0,1,14.728873
15,111,1297.8040523529053,15.160125970840454,1304.01171875,17.759035110473633,1.3788737,6.0,1,6.111011
29,111,517.021032333374,406.96560502052307,523.2286987304688,409.56451416015625,1.3337044,16.0,-1,10.944022
32,111,376.9614315032959,174.30358719825745,383.1690979003906,176.90249633789062,1.2137272,10.0,-1,14.566743
23,111,740.6532344818115,300.8981611728668,746.8609008789062,303.4970703125,1.1921322,8.0,1,22.240475
153,111,75.83138084411621,457.8821394443512,82.03904724121094,460.4810485839844,1.1144842,28.0,1,11.848735
27,111,245.3308162689209,629.6919844150543,251.53848266601562,632.2908935546875,1.0108571,10.0,1,2.8335536
300,111,373.84296226501465,162.755872964859,380.0506286621094,165.3547821044922,0.9818012,8.0,-1,26.571733
250,111,169.7096767425537,418.1267683506012,175.91734313964844,420.7256774902344,0.8723455,8.0,1,33.58747
208,111,502.06146812438965,809.3282759189606,508.2691345214844,811.9271850585938,0.83585256,10.0,1,0.47447196
33,111,511.7010860443115,1192.4399092197418,517.9087524414062,1195.038818359375,0.75824976,10.0,-1,2.609485
262,111,507.0406856536865,438.7527449131012,513.2483520507812,441.3516540527344,0.62884504,14.0,1,8.939147
266,111,346.5357723236084,45.68202042579651,352.7434387207031,48.28092956542969,0.56663734,8.0,-1,8.710687
35,111,455.7554988861084,741.8518965244293,461.9631652832031,744.4508056640625,0.5267592,4.0,1,0.11598408
320,111,1310.5822505950928,436.06509232521057,1316.7899169921875,438.66400146484375,0.49114558,10.0,-1,15.473026
295,111,310.7128963470459,197.7378523349762,316.9205627441406,200.33676147460938,0.30122483,10.0,1,1.1589913
289,111,472.1684627532959,815.6571333408356,478.3761291503906,818.2560424804688,0.18911134,22.0,1,7.91021
4,112,1474.5867671966553,230.65290474891663,1480.222900390625,232.8486328125,15.718038,12.0,-1,24.13898
5,112,520.8575191497803,445.953533411026,526.49365234375,448.1492614746094,14.159068,18.0,-1,36.880085
0,112,100.85050773620605,1100.3200190067291,106.48664093017578,1102.5157470703125,13.7175665,10.0,1,26.308693
2,112,291.90289878845215,119.94435524940491,297.5390319824219,122.14008331298828,12.257606,10.0,1,22.016582
10,112,1242.3572750091553,190.66257882118225,1247.993408203125,192.85830688476562,11.286182,10.0,-1,37.43656
6,112,1210.7753658294678,596.8103754520416,1216.4114990234375,599.006103515625,8.74585,10.0,1,31.6555
9,112,221.32211875915527,27.67552399635315,226.958251953125,29.871252059936523,8.643116,8.0,1,9.985353
19,112,963.6525630950928,551.6275141239166,969.2886962890625,553.8232421875,7.6778874,8.0,-1,41.18368
3,112,839.5409297943115,1065.2984125614166,845.1770629882812,1067.494140625,5.7737374,8.0,1,16.821753
40,112,196.7738094329834,487.50974678993225,202.40994262695312,489.7054748535156,5.6427627,8.0,-1,35.81503
8,112,847.0233516693115,321.971355676651,852.6594848632812,324.1670837402344,5.5811124,16.0,-1,22.353508
7,112,172.0896511077881,435.47105050086975,177.7257843017578,437.6667785644531,5.3774624,10.0,-1,7.7150354
11,112,761.1344356536865,829.6586420536041,766.7705688476562,831.8543701171875,4.7223954,8.0,-1,26.398308
34,112,596.006872177124,1121.9507563114166,601.6430053710938,1124.146484375,4.066275,14.0,-1,16.283651
20,112,570.4187984466553,798.8941156864166,576.054931640625,801.08984375,3.5985746,8.0,-1,35.08884
181,112,6.945110321044922,116.31543374061584,12.581243515014648,118.51116180419922,3.587571,8.0,1,9.685617
16,112,1398.6854000091553,1176.2083246707916,1404.321533203125,1178.404052734375,3.5015469,10.0,-1,14.834014
24,112,1304.9433345794678,446.215496301651,1310.5794677734375,448.4112243652344,2.8634298,8.0,1,20.355993
26,112,766.258092880249,1169.3649408817291,771.8942260742188,1171.5606689453125,2.7272208,10.0,-1,1.6395156
218,112,1411.9246578216553,24.642858743667603,1417.560791015625,26.838586807250977,2.5356991,14.0,-1,33.986164
213,112,83.06623649597168,475.78989815711975,88.7023696899414,477.9856262207031,2.2487135,28.0,-1,17.967089
17,112,660.386510848999,293.94797921180725,666.0226440429688,296.1437072753906,2.1489708,6.0,1,26.42431
28,112,56.0972957611084,511.7819330692291,61.733428955078125,513.9776611328125,2.1028786,6.0,1,16.316229
1,112,552.2198848724365,686.4663813114166,557.8560180664062,688.662109375,2.0448008,10.0,-1,6.89842
32,112,374.375036239624,174.34475350379944,380.01116943359375,176.5404815673828,1.8417648,10.0,-1,19.601227
183,112,432.5352840423584,462.2887079715729,438.1714172363281,464.48443603515625,1.6985959,24.0,-1,6.1338744
13,112,1517.0453853607178,846.1981928348541,1522.6815185546875,848.3939208984375,1.6940736,16.0,-1,8.068432
23,112,739.1554927825928,299.81357979774475,744.7916259765625,302.0093078613281,1.6936688,6.0,1,22.400063
15,112,1295.8337154388428,15.225246667861938,1301.4698486328125,17.420974731445312,1.5929259,6.0,1,7.1551833
29,112,520.9036617279053,403.6308710575104,526.539794921875,405.82659912109375,1.417921,18.0,-1,10.174703
250,112,170.48879051208496,415.6803705692291,176.1249237060547,417.8760986328125,1.1443478,6.0,1,20.735256
27,112,245.1437282562256,630.1681635379791,250.7798614501953,632.3638916015625,0.87139344,10.0,1,2.7832398
153,112,73.85394859313965,455.6233026981354,79.49008178710938,457.81903076171875,0.86375624,28.0,1,11.274393
300,112,375.085241317749,162.99741768836975,380.72137451171875,165.19314575195312,0.8534239,8.0,-1,24.304113
320,112,1310.9603023529053,436.90549874305725,1316.596435546875,439.1012268066406,0.801074,8.0,-1,23.42547
208,112,499.12225914001465,807.9211542606354,504.7583923339844,810.1168823242188,0.65574235,10.0,1,0.3767249
309,112,36.632585525512695,711.3179438114166,42.26871871948242,713.513671875,0.6351363,6.0,-1,14.491554
35,112,453.869909286499,741.1736567020416,459.50604248046875,743.369384765625,0.6204849,10.0,-1,2.487403
266,112,350.144079208374,50.58700966835022,355.78021240234375,52.782737731933594,0.5246908,8.0,-1,10.779259
262,112,508.1639156341553,439.28367257118225,513.800048828125,441.4794006347656,0.50147027,14.0,1,4.8019743
33,112,516.6072750091553,1193.5037348270416,522.243408203125,1195.699462890625,0.39148876,10.0,-1,0.18176669
295,112,308.8784236907959,198.2605402469635,314.5145568847656,200.45626831054688,0.32392475,10.0,1,1.339743
289,112,469.257360458374,820.5288813114166,474.89349365234375,822.724609375,0.19853991,26.0,1,8.678429
4,113,1473.9251918792725,232.1998255252838,1479.4169921875,233.87730407714844,21.7302,12.0,-1,23.608448
3,113,840.5242519378662,1066.1147577762604,846.0160522460938,1067.792236328125,15.121577,8.0,1,18.055893
2,113,291.7460536956787,120.36802315711975,297.23785400390625,122.04550170898438,14.867535,12.0,1,21.52873
0,113,100.85050773620605,1099.6185419559479,106.3423080444336,1101.2960205078125,13.576589,10.0,1,29.564863
5,113,522.2598476409912,444.55076241493225,527.7516479492188,446.2282409667969,12.236638,18.0,-1,37.894524
10,113,1242.17311668396,191.9204981327057,1247.6649169921875,193.5979766845703,10.866028,10.0,-1,38.527264
9,113,221.06203269958496,28.29476761817932,226.5538330078125,29.972246170043945,10.239758,8.0,1,15.188719
6,113,1211.3031215667725,596.2101557254791,1216.794921875,597.8876342773438,9.560487,10.0,1,26.33202
19,113,963.1194667816162,550.8286249637604,968.6112670898438,552.506103515625,6.961736,8.0,-1,41.101276
8,113,846.4850063323975,321.6966669559479,851.976806640625,323.3741455078125,4.7046695,16.0,-1,21.814878
40,113,196.8975124359131,483.57835030555725,202.38931274414062,485.2558288574219,4.3111415,10.0,-1,37.24914
7,113,170.9606990814209,436.884929895401,176.45249938964844,438.5624084472656,4.301561,10.0,-1,11.342637
20,113,574.49245262146,799.8600580692291,579.9842529296875,801.5375366210938,4.099914,8.0,-1,39.62303
181,113,8.07614517211914,116.67782998085022,13.56794548034668,118.35530853271484,3.975666,8.0,1,16.27898
16,113,1398.6915493011475,1175.7440302371979,1404.183349609375,1177.4215087890625,3.5979214,10.0,-1,11.229278
24,113,1304.65505027771,447.8694574832916,1310.1468505859375,449.54693603515625,3.0876713,8.0,1,20.104116
34,113,596.0616054534912,1121.1843378543854,601.5534057617188,1122.86181640625,3.0160353,14.0,-1,14.684214
218,113,1411.39626121521,26.226131677627563,1416.8880615234375,27.903610229492188,2.9373302,16.0,-1,33.61584
26,113,768.3892421722412,1170.4434931278229,773.8810424804688,1172.1209716796875,2.3755105,6.0,1,1.7744302
28,113,56.17376518249512,510.2874872684479,61.665565490722656,511.9649658203125,2.2943697,6.0,1,10.157739
11,113,762.4117031097412,829.9743158817291,767.9035034179688,831.6517944335938,2.2674155,8.0,-1,18.292501
32,113,375.7878017425537,175.6789515018463,381.27960205078125,177.35643005371094,2.169089,10.0,-1,20.575401
1,113,551.5263271331787,684.0479242801666,557.0181274414062,685.7254028320312,2.1160371,10.0,-1,8.584736
29,113,518.406270980835,401.9422113895416,523.8980712890625,403.61968994140625,1.9897784,18.0,-1,7.688661
13,113,1518.9044399261475,843.4442865848541,1524.396240234375,845.1217651367188,1.9155189,16.0,-1,8.632186
213,113,81.12682914733887,475.19114327430725,86.6186294555664,476.8686218261719,1.9131255,28.0,-1,14.449553
183,113,427.82958030700684,461.0097773075104,433.3213806152344,462.687255859375,1.7867817,24.0,-1,6.641273
23,113,738.1241664886475,300.55308175086975,743.615966796875,302.2305603027344,1.5209643,6.0,1,22.37015
250,113,172.11649131774902,415.6803705692291,177.60829162597656,417.35784912109375,1.224753,6.0,1,20.236193
15,113,1294.6390590667725,14.13614010810852,1300.130859375,15.813618659973145,1.1312041,6.0,1,7.3814535
300,113,375.83495140075684,163.5502893924713,381.3267517089844,165.22776794433594,0.9894099,8.0,-1,27.127867
27,113,244.0140895843506,629.5456659793854,249.50588989257812,631.22314453125,0.9781017,10.0,1,2.2016478
33,113,516.1996669769287,1194.2920038700104,521.6914672851562,1195.969482421875,0.86632437,6.0,1,0.66202927
208,113,498.6739101409912,807.5557367801666,504.16571044921875,809.2332153320312,0.74020594,28.0,-1,2.6424046
320,113,1312.41676902771,438.4710199832916,1317.9085693359375,440.14849853515625,0.64601105,8.0,-1,18.186031
17,113,658.5407314300537,293.6291620731354,664.0325317382812,295.306640625,0.6312317,8.0,1,24.294758
153,113,74.99156761169434,455.63999581336975,80.48336791992188,457.3174743652344,0.57518595,28.0,1,10.2406845
262,113,508.8682460784912,439.53916573524475,514.3600463867188,441.2166442871094,0.502965,14.0,1,3.3311357
35,113,453.8240566253662,742.8371088504791,459.31585693359375,744.5145874023438,0.486789,10.0,-1,1.1512063
309,113,39.07452583312988,711.3239252567291,44.56632614135742,713.0014038085938,0.41158077,6.0,-1,15.390942
295,113,308.08946800231934,196.30527901649475,313.5812683105469,197.98275756835938,0.3217331,10.0,1,2.6380558
266,113,356.00343894958496,49.38969826698303,361.4952392578125,51.067176818847656,0.24661969,10.0,-1,8.022847
289,113,470.2179470062256,820.4109003543854,475.7097473144531,822.08837890625,0.21617366,24.0,1,8.997966
4,114,1476.2932949066162,234.37628388404846,1481.73828125,235.62063598632812,17.756426,12.0,-1,25.422644
2,114,292.78664207458496,120.1507818698883,298.23162841796875,121.39513397216797,14.623132,12.0,1,18.692518
10,114,1241.0920009613037,194.8735067844391,1246.5369873046875,196.11785888671875,13.034892,10.0,-1,37.689796
0,114,100.7363338470459,1101.5395834445953,106.18132019042969,1102.783935546875,11.886684,10.0,1,24.34382
5,114,522.7272548675537,443.6126730442047,528.1722412109375,444.8570251464844,10.573328,18.0,-1,38.8621
6,114,1212.1054286956787,596.3740561008453,1217.5504150390625,597.618408203125,9.662105,10.0,1,22.422018
40,114,200.65643882751465,484.19085907936096,206.10142517089844,485.4352111816406,8.66088,10.0,-1,28.915358
19,114,962.1138515472412,551.2718222141266,967.558837890625,552.5161743164062,7.836536,10.0,-1,41.06232
3,114,839.2572841644287,1064.7549154758453,844.7022705078125,1065.999267578125,6.799663,8.0,1,18.077717
9,114,220.6487331390381,27.70825982093811,226.09371948242188,28.952611923217773,6.366533,8.0,1,15.30261
8,114,848.1729335784912,322.2571737766266,853.617919921875,323.50152587890625,4.6036177,14.0,-1,23.60111
181,114,8.217586517333984,116.6913321018219,13.662572860717773,117.93568420410156,4.586781,8.0,1,12.400382
16,114,1396.1903896331787,1176.2911703586578,1401.6353759765625,1177.5355224609375,4.5031857,10.0,-1,12.434608
34,114,592.8561611175537,1120.3307211399078,598.3011474609375,1121.5750732421875,3.6853745,12.0,-1,18.340136
7,114,170.02651023864746,436.6412374973297,175.47149658203125,437.8855895996094,3.6052692,10.0,-1,13.944225
183,114,430.30870628356934,462.7885763645172,435.7536926269531,464.0329284667969,3.3951504,22.0,-1,6.8711004
24,114,1304.3024501800537,448.51773285865784,1309.7474365234375,449.7620849609375,3.2785394,8.0,1,19.778263
218,114,1409.8356533050537,26.226131677627563,1415.2806396484375,27.470483779907227,3.068303,14.0,-1,30.01219
20,114,574.5355434417725,801.4771444797516,579.9805297851562,802.7214965820312,2.6027772,8.0,-1,31.886356
1,114,549.1027431488037,683.8363363742828,554.5477294921875,685.0806884765625,2.4159925,10.0,-1,7.6932673
28,114,55.30421257019043,512.8152792453766,60.74919891357422,514.0596313476562,2.3645604,6.0,1,8.476303
213,114,82.06153678894043,478.3423788547516,87.50652313232422,479.58673095703125,2.0580976,28.0,-1,14.653923
26,114,766.7959804534912,1170.2497885227203,772.240966796875,1171.494140625,1.912522,6.0,1,0.71755654
32,114,376.70274925231934,176.28187775611877,382.1477355957031,177.52622985839844,1.8799318,10.0,-1,21.987358
23,114,737.0882167816162,300.78827118873596,742.533203125,302.0326232910156,1.7923436,6.0,1,19.96078
11,114,760.3835048675537,827.9120810031891,765.8284912109375,829.1564331054688,1.7761637,10.0,-1,10.151711
13,114,1518.7050380706787,843.2913534641266,1524.1500244140625,844.5357055664062,1.50345,16.0,-1,7.024095
29,114,519.1380214691162,401.43463349342346,524.5830078125,402.6789855957031,1.4643607,20.0,-1,8.910177
15,114,1294.1945400238037,12.798586130142212,1299.6395263671875,14.042938232421875,1.2489737,6.0,1,7.0543427
250,114,172.11649131774902,415.3270285129547,177.5614776611328,416.5713806152344,1.2135012,6.0,1,9.752266
309,114,40.613718032836914,712.7908041477203,46.0587043762207,714.03515625,1.166718,6.0,-1,14.8073225
17,114,656.352071762085,292.39740204811096,661.7970581054688,293.6417541503906,1.0908891,6.0,1,28.591345
27,114,244.4851894378662,632.7075521945953,249.93017578125,633.951904296875,0.957542,10.0,1,3.8324082
208,114,500.9610195159912,804.7589437961578,506.406005859375,806.0032958984375,0.87544537,28.0,-1,0.947089
153,114,73.23576927185059,454.4028341770172,78.68075561523438,455.6471862792969,0.8017655,28.0,1,11.87094
320,114,1312.6144618988037,439.0733664035797,1318.0594482421875,440.3177185058594,0.797553,10.0,-1,19.462305
35,114,456.17149925231934,742.9297811985016,461.6164855957031,744.1741333007812,0.62532014,10.0,-1,2.4961605
33,114,516.8423671722412,1193.7947103977203,522.287353515625,1195.0390625,0.60993063,6.0,1,1.4737804
266,114,360.5280361175537,46.58001923561096,365.9730224609375,47.824371337890625,0.4431019,8.0,-1,10.83994
262,114,507.43959617614746,438.10660004615784,512.8845825195312,439.3509521484375,0.37994167,14.0,1,9.418821
295,114,310.22923851013184,194.84585785865784,315.6742248535156,196.0902099609375,0.37716937,10.0,1,1.3955166
4,115,1476.5609645843506,234.54146027565002,1482.1497802734375,236.16014099121094,20.127436,12.0,-1,24.2084
2,115,292.3478298187256,120.60348725318909,297.9366455078125,122.22216796875,15.214139,12.0,1,16.677124
10,115,1243.320608139038,194.6854269504547,1248.909423828125,196.30410766601562,12.254993,10.0,-1,38.978443
5,115,525.3217067718506,443.65704560279846,530.9105224609375,445.2757263183594,11.394668,18.0,-1,38.343098
0,115,101.41283988952637,1102.136202096939,107.00165557861328,1103.7548828125,10.352302,10.0,1,23.215792
6,115,1212.7203884124756,596.0539877414703,1218.3092041015625,597.6726684570312,10.267058,10.0,1,17.511024
40,115,203.15868186950684,482.48407196998596,208.74749755859375,484.1027526855469,7.510568,10.0,-1,34.352135
9,115,219.54190635681152,27.565170526504517,225.13072204589844,29.18385124206543,7.135081,8.0,1,13.822616
3,115,838.0526638031006,1063.4126913547516,843.6414794921875,1065.0313720703125,7.008793,8.0,1,17.10035
19,115,959.0806179046631,550.7475302219391,964.66943359375,552.3662109375,6.3151,8.0,-1,37.885387
8,115,850.4739284515381,320.5657980442047,856.062744140625,322.1844787597656,5.839808,14.0,-1,24.878656
34,115,594.3484401702881,1121.317842721939,599.937255859375,1122.9365234375,5.1228414,14.0,-1,19.113235
20,115,572.1628932952881,801.1208822727203,577.751708984375,802.7395629882812,4.6298385,8.0,-1,36.592358
16,115,1398.1657009124756,1174.6080038547516,1403.7545166015625,1176.2266845703125,3.936313,10.0,-1,12.303532
218,115,1413.633108139038,26.591427087783813,1419.221923828125,28.210107803344727,3.6104593,16.0,-1,31.316505
24,115,1304.131155014038,448.51773285865784,1309.719970703125,450.13641357421875,3.427122,8.0,1,19.847984
7,115,168.33556175231934,435.2426779270172,173.92437744140625,436.8613586425781,3.3190663,10.0,-1,12.9776945
181,115,9.27541446685791,117.18826508522034,14.864230155944824,118.80694580078125,2.7537184,8.0,1,16.059935
11,115,760.7724514007568,829.6537802219391,766.3612670898438,831.2724609375,2.5588953,10.0,-1,10.523898
1,115,548.9136867523193,679.8963949680328,554.5025024414062,681.5150756835938,2.5021796,10.0,-1,9.311073
23,115,734.9227199554443,302.2109396457672,740.5115356445312,303.8296203613281,2.3840518,6.0,1,9.941511
183,115,430.5123805999756,463.0510275363922,436.1011962890625,464.6697082519531,2.3468168,20.0,-1,9.299567
213,115,78.49661827087402,476.8675558567047,84.08543395996094,478.4862365722656,2.2624235,28.0,-1,17.261417
32,115,374.5581874847412,176.34076142311096,380.1470031738281,177.95944213867188,2.0184672,10.0,-1,21.629852
250,115,172.22211265563965,414.7944357395172,177.81092834472656,416.4131164550781,1.5817928,6.0,1,11.534756
28,115,56.126047134399414,514.9020102024078,61.71486282348633,516.5206909179688,1.5728863,6.0,1,9.303039
26,115,765.5608425140381,1169.677950143814,771.149658203125,1171.296630859375,1.5556468,6.0,1,1.4277725
29,115,517.5675563812256,403.02212738990784,523.1563720703125,404.64080810546875,1.5275625,20.0,-1,7.5447874
17,115,653.4800930023193,292.3322470188141,659.0689086914062,293.950927734375,1.5156859,6.0,1,29.272436
13,115,1518.056203842163,845.9718344211578,1523.64501953125,847.5905151367188,1.4830236,16.0,-1,6.696905
27,115,244.4851894378662,632.4487020969391,250.07400512695312,634.0673828125,1.235484,10.0,1,5.1960135
208,115,503.12904930114746,805.3537924289703,508.7178649902344,806.9724731445312,0.9653056,28.0,-1,1.1933817
309,115,40.40371513366699,714.6918661594391,45.992530822753906,716.310546875,0.9470764,8.0,-1,13.780826
266,115,359.5269069671631,46.35607361793518,365.11572265625,47.974754333496094,0.9136791,8.0,-1,13.094281
15,115,1296.107229232788,13.018388032913208,1301.696044921875,14.637068748474121,0.91058296,6.0,1,7.5508437
33,115,516.6439723968506,1192.225313425064,522.2327880859375,1193.843994140625,0.7302149,6.0,1,1.4040074
153,115,70.87424278259277,453.24603486061096,76.46305847167969,454.8647155761719,0.594037,28.0,1,12.598896
35,115,456.0757350921631,743.1584188938141,461.66455078125,744.777099609375,0.5838364,10.0,-1,0.49703637
320,115,1313.8497829437256,439.3381063938141,1319.4385986328125,440.956787109375,0.5151805,10.0,-1,16.78135
295,115,310.9895534515381,193.55520844459534,316.578369140625,195.17388916015625,0.38860402,10.0,1,0.38026738
262,115,509.47313499450684,438.76077485084534,515.0619506835938,440.37945556640625,0.26456186,14.0,1,7.7943015
289,115,469.90370750427246,815.0141928195953,475.4925231933594,816.6328735351562,0.18844892,28.0,1,8.525933
4,116,1478.0103397369385,234.07466340065002,1483.6370849609375,235.95115661621094,25.090166,12.0,-1,23.30042
10,116,1245.793909072876,194.1024191379547,1251.420654296875,195.97891235351562,15.958934,10.0,-1,38.52881
3,116,838.2776737213135,1062.118868112564,843.9044189453125,1063.995361328125,13.4782095,8.0,1,17.868145
2,116,294.43096351623535,121.48731446266174,300.0577087402344,123.36380767822266,12.94303,12.0,1,12.842194
5,116,525.6312503814697,442.33706879615784,531.2579956054688,444.21356201171875,12.354747,18.0,-1,37.37857
0,116,101.41024208068848,1101.7676718235016,107.0369873046875,1103.6441650390625,10.662471,10.0,1,23.3001
40,116,204.54238319396973,482.0460226535797,210.16912841796875,483.9225158691406,10.468475,10.0,-1,44.964355
6,116,1212.7229862213135,596.1938192844391,1218.3497314453125,598.0703125,10.069121,10.0,1,18.914267
19,116,958.563440322876,551.5502035617828,964.190185546875,553.4266967773438,9.323394,8.0,-1,38.09622
8,116,850.7298221588135,319.57327485084534,856.3565673828125,321.44976806640625,6.334409,14.0,-1,23.563837
218,116,1415.7176151275635,25.709530115127563,1421.3443603515625,27.586023330688477,6.322699,16.0,-1,33.916233
9,116,218.81264686584473,26.802257776260376,224.43939208984375,28.67875099182129,5.8588467,8.0,1,9.345435
16,116,1398.147180557251,1173.930635690689,1403.77392578125,1175.80712890625,5.74935,10.0,-1,13.975502
34,116,593.603723526001,1118.527559518814,599.23046875,1120.404052734375,4.6478496,12.0,-1,20.584911
24,116,1303.7849979400635,449.30069184303284,1309.4117431640625,451.17718505859375,3.97558,8.0,1,19.04216
20,116,572.8990726470947,801.8361532688141,578.5258178710938,803.712646484375,3.7884953,8.0,-1,33.703186
7,116,167.60683631896973,435.56631684303284,173.23358154296875,437.44281005859375,3.0563262,10.0,-1,14.291151
181,116,8.999044418334961,118.33612275123596,14.625789642333984,120.21261596679688,2.8021343,8.0,1,16.493494
1,116,548.1524295806885,679.9426596164703,553.7791748046875,681.8191528320312,2.7658865,10.0,-1,10.640358
183,116,427.31951332092285,460.97488617897034,432.9462585449219,462.85137939453125,2.5335948,20.0,-1,9.435483
11,116,758.9438724517822,829.7281210422516,764.5706176757812,831.6046142578125,2.3707418,10.0,-1,10.634756
29,116,516.9429569244385,402.10333466529846,522.5697021484375,403.9798278808594,2.3034477,20.0,-1,7.3880305
250,116,172.36251258850098,414.5029318332672,177.9892578125,416.3794250488281,2.0746233,6.0,1,13.412092
32,116,374.10918617248535,176.49856781959534,379.7359313964844,178.37506103515625,2.070474,10.0,-1,19.770868
28,116,57.59377861022949,516.3265097141266,63.220523834228516,518.2030029296875,2.0601528,6.0,1,7.2815905
26,116,768.7269535064697,1171.849092721939,774.3536987304688,1173.7255859375,1.948717,6.0,1,2.5288382
213,116,78.9926929473877,472.57293915748596,84.61943817138672,474.4494323730469,1.7258978,28.0,-1,9.509126
23,116,736.600793838501,303.3718283176422,742.2275390625,305.2483215332031,1.4641277,6.0,1,8.698437
309,116,42.50974082946777,717.6028158664703,48.1364860534668,719.4793090820312,1.4174417,8.0,-1,15.479754
17,116,654.571985244751,293.51639008522034,660.19873046875,295.39288330078125,1.3873,6.0,1,25.092249
15,116,1295.8970584869385,12.093348741531372,1301.5238037109375,13.969841957092285,1.349429,6.0,1,5.333076
13,116,1516.147424697876,847.0248129367828,1521.774169921875,848.9013061523438,1.2740732,16.0,-1,7.0875444
208,116,502.1983280181885,806.0898764133453,507.8250732421875,807.9663696289062,1.2562348,28.0,-1,1.753731
300,116,372.545862197876,164.41812348365784,378.172607421875,166.29461669921875,1.0129002,8.0,-1,19.012918
27,116,240.3136692047119,632.7536337375641,245.94041442871094,634.630126953125,0.6578975,10.0,1,4.4260993
266,116,358.6337833404541,52.23643708229065,364.2605285644531,54.11293029785156,0.6405639,8.0,-1,9.882586
35,116,454.293176651001,745.2317221164703,459.919921875,747.1082153320312,0.60647315,10.0,-1,0.3298117
33,116,518.3242435455322,1191.2796347141266,523.9509887695312,1193.1561279296875,0.5970642,6.0,1,2.891218
295,116,312.0549259185791,192.3855917453766,317.6816711425781,194.2620849609375,0.5321153,28.0,-1,0.54027915
320,116,1313.907922744751,438.72696137428284,1319.53466796875,440.60345458984375,0.35975742,26.0,-1,13.743487
348,116,1400.694787979126,24.58388924598694,1406.321533203125,26.46038246154785,0.3510035,16.0,1,10.140257
153,116,77.54293251037598,455.1684591770172,83.169677734375,457.0449523925781,0.31695172,24.0,1,10.24049
262,116,509.3269290924072,438.71451020240784,514.9536743164062,440.59100341796875,0.26429293,14.0,1,8.625229
289,116,469.4092044830322,812.5622885227203,475.03594970703125,814.4387817382812,0.2630742,28.0,1,8.701424
4,117,1479.386468887329,234.0834219455719,1485.4815673828125,235.96983337402344,21.202665,12.0,-1,23.141209
2,117,294.491418838501,119.62732148170471,300.5865173339844,121.51373291015625,16.168402,12.0,1,12.787729
0,117,101.49300575256348,1102.2300436496735,107.58810424804688,1104.116455078125,11.960408,10.0,1,22.703674
10,117,1245.6148624420166,193.38296723365784,1251.7099609375,195.26937866210938,11.6802225,10.0,-1,38.727436
3,117,835.9359683990479,1061.908144235611,842.0310668945312,1063.7945556640625,11.36976,8.0,1,18.139402
6,117,1212.0762882232666,594.5359518527985,1218.17138671875,596.42236328125,10.649272,10.0,1,15.167475
5,117,525.0797672271729,443.2214376926422,531.1748657226562,445.10784912109375,9.281169,18.0,-1,37.368492
19,117,957.7682437896729,552.0070822238922,963.8633422851562,553.8934936523438,9.035106,8.0,-1,37.467346
9,117,215.0891819000244,28.110021829605103,221.1842803955078,29.99643325805664,7.8655086,8.0,1,10.211617
8,117,855.8890323638916,314.63214325904846,861.984130859375,316.5185546875,7.105423,14.0,-1,24.675503
34,117,594.1105899810791,1116.0603659152985,600.2056884765625,1117.94677734375,5.9664865,10.0,-1,25.892523
40,117,207.08020973205566,483.0596640110016,213.17530822753906,484.9460754394531,5.346842,10.0,-1,41.971954
20,117,571.9071598052979,801.2410910129547,578.0022583007812,803.1275024414062,4.0419564,8.0,-1,38.374203
218,117,1417.5745792388916,24.66085457801819,1423.669677734375,26.547266006469727,3.97035,14.0,-1,37.82405
16,117,1394.441888809204,1171.3821432590485,1400.5369873046875,1173.2685546875,3.5506277,10.0,-1,15.0062475
24,117,1303.9132022857666,449.48147797584534,1310.00830078125,451.3678894042969,3.4775772,8.0,1,16.455494
1,117,546.5001163482666,681.4309103488922,552.59521484375,683.3173217773438,2.9006093,10.0,-1,13.157838
7,117,167.76973915100098,434.9593527317047,173.86483764648438,436.84576416015625,2.8008566,10.0,-1,18.126104
181,117,7.954949378967285,119.67721009254456,14.050047874450684,121.5636215209961,2.7180054,8.0,1,17.207727
11,117,758.0501651763916,827.004091501236,764.145263671875,828.8905029296875,2.5985577,10.0,-1,15.07168
32,117,371.9715518951416,176.6880819797516,378.066650390625,178.57449340820312,2.1295018,10.0,-1,17.19727
17,117,657.2866153717041,297.3853781223297,663.3817138671875,299.27178955078125,1.9718791,6.0,1,21.75384
183,117,425.522912979126,461.3877890110016,431.6180114746094,463.2742004394531,1.9075937,22.0,-1,9.822459
250,117,171.72693824768066,414.7592794895172,177.82203674316406,416.64569091796875,1.8966413,6.0,1,17.139872
26,117,771.0305728912354,1170.8555319309235,777.1256713867188,1172.741943359375,1.7276767,6.0,1,3.8513107
309,117,47.843610763549805,720.1231710910797,53.9387092590332,722.0095825195312,1.6528162,6.0,-1,16.14002
28,117,57.41487693786621,517.9122335910797,63.50997543334961,519.7986450195312,1.6468657,6.0,1,9.734346
213,117,78.38535499572754,471.8538534641266,84.48045349121094,473.7402648925781,1.6133809,28.0,-1,9.812986
23,117,740.7929630279541,303.27264618873596,746.8880615234375,305.1590576171875,1.5250759,8.0,1,11.39887
13,117,1516.4332218170166,846.3990499973297,1522.5283203125,848.2854614257812,1.3183346,16.0,-1,7.058459
29,117,518.2338199615479,403.9156210422516,524.3289184570312,405.8020324707031,1.2675632,22.0,-1,6.5901747
15,117,1294.7169132232666,10.564987421035767,1300.81201171875,12.451398849487305,1.0466212,6.0,1,7.135644
208,117,504.7720890045166,805.4406759738922,510.8671875,807.3270874023438,0.99501497,10.0,1,0.3471473
300,117,368.0579471588135,164.40936493873596,374.1530456542969,166.2957763671875,0.95883316,6.0,-1,21.22248
33,117,518.2637882232666,1190.062685251236,524.35888671875,1191.9490966796875,0.8450877,6.0,1,4.191509
153,117,80.21650123596191,454.2414267063141,86.31159973144531,456.1278381347656,0.5557153,24.0,1,10.527002
352,117,282.4944095611572,132.30891633033752,288.5895080566406,134.19532775878906,0.5232283,8.0,1,20.722971
348,117,1401.8262882232666,25.765316247940063,1407.92138671875,27.6517276763916,0.51203185,16.0,1,11.697345
27,117,237.57680702209473,632.2205832004547,243.67190551757812,634.1069946289062,0.49196938,10.0,1,4.6212
320,117,1313.475580215454,439.15896821022034,1319.5706787109375,441.0453796386719,0.43231007,26.0,-1,12.546495
35,117,451.9057865142822,745.0786154270172,458.0008850097656,746.9650268554688,0.39103076,4.0,1,0.51031244
295,117,312.71587562561035,192.77456879615784,318.81097412109375,194.66098022460938,0.37638018,28.0,-1,0.39837122
266,117,359.7326908111572,54.34182572364807,365.8277893066406,56.22823715209961,0.3025712,10.0,-1,9.143357
262,117,510.12151527404785,439.17706513404846,516.2166137695312,441.0634765625,0.27715772,14.0,1,5.3015337
355,117,1605.406244277954,394.98871064186096,1611.5013427734375,396.8751220703125,0.27039194,28.0,-1,6.0167313
289,117,470.9799747467041,815.9856588840485,477.0750732421875,817.8720703125,0.22973679,28.0,1,8.852073
4,118,1479.1940364837646,234.36494660377502,1485.42724609375,236.15829467773438,23.912775,12.0,-1,24.815184
10,118,1241.9782161712646,192.4244406223297,1248.21142578125,194.21778869628906,15.72839,10.0,-1,37.439316
2,118,293.7639217376709,118.36819672584534,299.99713134765625,120.16154479980469,14.132487,12.0,1,16.55192
5,118,527.5799007415771,445.4280569553375,533.8131103515625,447.2214050292969,13.200931,18.0,-1,37.179256
6,118,1211.9070491790771,595.9596426486969,1218.1402587890625,597.7529907226562,12.612391,10.0,1,16.231867
0,118,101.48463249206543,1102.2667105197906,107.71784210205078,1104.06005859375,11.180524,10.0,1,23.364338
16,118,1393.6026058197021,1168.1265738010406,1399.8358154296875,1169.919921875,10.13219,10.0,-1,23.222046
8,118,857.8665218353271,314.99485993385315,864.0997314453125,316.7882080078125,9.684095,14.0,-1,26.69321
3,118,835.3488216400146,1061.4350454807281,841.58203125,1063.2283935546875,8.175767,8.0,1,17.6617
40,118,208.37152671813965,483.0229971408844,214.604736328125,484.81634521484375,7.3774924,10.0,-1,34.99572
9,118,212.92755699157715,27.027666330337524,219.1607666015625,28.821014404296875,4.8012195,8.0,1,4.344622
218,118,1417.6897640228271,21.24471116065979,1423.9229736328125,23.03805923461914,4.3134303,14.0,-1,37.876667
19,118,953.4798641204834,550.3697988986969,959.7130737304688,552.1631469726562,4.2211924,8.0,-1,25.949846
34,118,591.9387264251709,1116.9302847385406,598.1719360351562,1118.7236328125,4.2012177,10.0,-1,23.858728
24,118,1304.9531917572021,450.3280508518219,1311.1864013671875,452.12139892578125,3.6128628,8.0,1,13.825684
20,118,572.1000423431396,800.1185781955719,578.333251953125,801.9119262695312,3.5696695,8.0,-1,34.981945
7,118,167.85321617126465,435.0816824436188,174.08642578125,436.8750305175781,3.5603905,10.0,-1,16.427126
26,118,773.4828548431396,1171.7076284885406,779.716064453125,1173.5009765625,2.6228569,6.0,1,1.8996943
1,118,545.2062435150146,683.7801992893219,551.439453125,685.5735473632812,2.483876,10.0,-1,11.242206
32,118,369.7785701751709,176.5171835422516,376.01177978515625,178.31053161621094,2.450435,10.0,-1,18.409039
17,118,657.0900325775146,298.9474050998688,663.3232421875,300.7407531738281,2.3167074,6.0,1,15.060668
181,118,7.519781112670898,118.3852026462555,13.75299072265625,120.17855072021484,2.3149798,8.0,1,12.58489
213,118,81.23821067810059,471.5786612033844,87.47142028808594,473.37200927734375,2.1317737,28.0,-1,9.629444
250,118,171.68881797790527,413.8603079319,177.92202758789062,415.6536560058594,2.1009777,6.0,1,11.405334
183,118,427.8056697845459,458.89586091041565,434.03887939453125,460.689208984375,2.035499,20.0,-1,10.927532
28,118,55.63834571838379,516.0067007541656,61.87155532836914,517.800048828125,1.9696187,6.0,1,6.166433
15,118,1292.3580989837646,9.873000383377075,1298.59130859375,11.666348457336426,1.8722783,6.0,1,2.2054863
23,118,740.1762142181396,300.94420075416565,746.409423828125,302.737548828125,1.8435036,8.0,1,19.572033
11,118,758.0585384368896,827.4549429416656,764.291748046875,829.248291015625,1.6903052,10.0,-1,11.072437
13,118,1523.0907649993896,846.5915396213531,1529.323974609375,848.3848876953125,1.6607261,16.0,-1,6.9626837
208,118,505.5344295501709,806.5553457736969,511.76763916015625,808.3486938476562,1.0866884,10.0,1,0.47085595
29,118,523.1901302337646,404.56444001197815,529.42333984375,406.3577880859375,0.97090477,22.0,-1,5.8056593
309,118,49.64529609680176,718.9338858127594,55.87850570678711,720.7272338867188,0.9347114,6.0,-1,16.934519
33,118,516.9223079681396,1187.3932974338531,523.155517578125,1189.1866455078125,0.7990754,6.0,1,4.2921195
27,118,239.15758323669434,629.3669912815094,245.3907928466797,631.1603393554688,0.73215693,10.0,1,3.8111112
153,118,76.74415397644043,454.9058401584625,82.97736358642578,456.6991882324219,0.7095161,26.0,1,8.33442
35,118,452.640905380249,748.5867178440094,458.8741149902344,750.3800659179688,0.6617096,10.0,-1,1.3948326
352,118,281.8038082122803,132.55304169654846,288.0370178222656,134.3463897705078,0.5811127,10.0,1,18.736391
266,118,363.2518367767334,47.37781357765198,369.48504638671875,49.17116165161133,0.5435097,8.0,-1,11.338091
348,118,1401.9014339447021,25.273462533950806,1408.1346435546875,27.066810607910156,0.52432084,16.0,1,11.709451
295,118,315.1035213470459,193.30963349342346,321.33673095703125,195.1029815673828,0.50863093,10.0,1,0.33199108
300,118,365.5301265716553,164.90082001686096,371.7633361816406,166.6941680908203,0.49861506,6.0,-1,14.998557
320,118,1313.5425472259521,439.5054190158844,1319.7757568359375,441.29876708984375,0.46023965,26.0,-1,13.161247
262,118,509.27179527282715,440.2691214084625,515.5050048828125,442.0624694824219,0.36403206,14.0,1,10.822477
355,118,1608.6215267181396,396.5901663303375,1614.854736328125,398.3835144042969,0.25494576,28.0,-1,5.021794
289,118,471.967321395874,813.7040884494781,478.2005310058594,815.4974365234375,0.25476336,22.0,1,8.730151
4,119,1479.6424617767334,232.7095968723297,1485.501220703125,233.7046661376953,24.343887,12.0,-1,26.357952
2,119,293.699987411499,117.55838227272034,299.5587463378906,118.55345153808594,14.245911,12.0,1,17.46923
0,119,102.14554405212402,1100.806566476822,108.00430297851562,1101.8016357421875,12.321716,10.0,1,29.53399
3,119,835.7023983001709,1060.8967764377594,841.5611572265625,1061.891845703125,9.6106205,8.0,1,18.525303
5,119,528.7793025970459,446.5593435764313,534.6380615234375,447.5544128417969,9.521001,18.0,-1,38.08852
10,119,1243.7120418548584,192.42364716529846,1249.57080078125,193.41871643066406,9.108132,10.0,-1,38.869972
8,119,858.6737117767334,312.88865876197815,864.532470703125,313.88372802734375,8.313973,14.0,-1,25.38969
6,119,1213.334722518921,594.3276236057281,1219.1934814453125,595.3226928710938,7.2154655,10.0,1,10.74685
16,119,1392.5990047454834,1169.237718820572,1398.457763671875,1170.2327880859375,5.9406962,10.0,-1,23.974243
9,119,212.88861656188965,27.764557123184204,218.74737548828125,28.759626388549805,5.7437434,8.0,1,8.157435
24,119,1306.075445175171,451.064165353775,1311.9342041015625,452.0592346191406,5.0513825,8.0,1,13.458799
40,119,207.82144737243652,482.4290335178375,213.68020629882812,483.4241027832031,5.0109286,8.0,-1,36.97124
7,119,167.73825645446777,436.0793631076813,173.59701538085938,437.0744323730469,4.0022287,10.0,-1,16.005167
34,119,589.8233699798584,1115.8245108127594,595.68212890625,1116.819580078125,3.967429,10.0,-1,27.272644
218,119,1416.3053035736084,19.557417154312134,1422.1640625,20.552486419677734,3.8191512,14.0,-1,37.77419
20,119,570.9193782806396,799.5056631565094,576.7781372070312,800.500732421875,3.480745,8.0,-1,36.72377
250,119,172.1264247894287,413.8067800998688,177.9851837158203,414.8018493652344,3.3992116,6.0,1,3.6314502
19,119,952.7216854095459,549.0569937229156,958.5804443359375,550.0520629882812,3.2359521,8.0,-1,20.252296
26,119,772.1238460540771,1170.7187979221344,777.9826049804688,1171.7138671875,3.1556737,10.0,-1,2.1478803
183,119,433.61005210876465,460.5022451877594,439.46881103515625,461.497314453125,2.2614284,22.0,-1,10.216169
32,119,369.8175106048584,179.4842245578766,375.67626953125,180.4792938232422,2.242227,10.0,-1,16.18875
28,119,56.560312271118164,516.8207266330719,62.419071197509766,517.8157958984375,2.2286522,6.0,1,10.345189
181,119,7.445573806762695,116.77992463111877,13.304332733154297,117.77499389648438,2.0309665,16.0,-1,17.88427
1,119,542.4487972259521,684.8098013401031,548.3075561523438,685.8048706054688,1.9310178,10.0,-1,12.061393
213,119,80.34926414489746,470.487993478775,86.20802307128906,471.4830627441406,1.8719754,28.0,-1,9.487236
15,119,1292.4290828704834,10.663596391677856,1298.287841796875,11.658665657043457,1.7964357,6.0,1,0.594762
11,119,759.7115535736084,827.0174429416656,765.5703125,828.0125122070312,1.635763,10.0,-1,10.796068
23,119,738.6445980072021,302.67231965065,744.5033569335938,303.6673889160156,1.5031114,6.0,1,17.653141
29,119,524.0428524017334,406.69005036354065,529.901611328125,407.68511962890625,1.3493954,22.0,-1,5.983109
309,119,47.98585319519043,718.9166738986969,53.84461212158203,719.9117431640625,1.164332,8.0,-1,13.899689
13,119,1524.809576034546,846.6919424533844,1530.6683349609375,847.68701171875,1.1230389,18.0,-1,6.4564557
208,119,504.7981014251709,805.4972403049469,510.6568603515625,806.4923095703125,1.1032554,28.0,-1,0.27355397
17,119,656.2498226165771,295.5813467502594,662.1085815429688,296.576416015625,1.061698,6.0,1,25.498838
27,119,240.03896141052246,630.6795523166656,245.89772033691406,631.6746215820312,1.0290393,10.0,1,5.1728044
33,119,517.7557430267334,1187.3940908908844,523.614501953125,1188.38916015625,0.816798,6.0,1,3.9829664
300,119,363.51434898376465,169.06610321998596,369.37310791015625,170.06117248535156,0.73643607,6.0,-1,17.87471
352,119,282.387975692749,133.6536886692047,288.2467346191406,134.6487579345703,0.5600526,10.0,1,16.312534
266,119,362.9653072357178,43.424131631851196,368.8240661621094,44.4192008972168,0.51940614,8.0,-1,11.410801
35,119,451.5697383880615,750.4398672580719,457.4284973144531,751.4349365234375,0.5120572,10.0,-1,1.7318815
153,119,74.28790855407715,454.2437918186188,80.14666748046875,455.2388610839844,0.45022044,26.0,1,7.23892
320,119,1314.836675643921,441.72505402565,1320.6954345703125,442.7201232910156,0.43014422,24.0,-1,10.582634
295,119,314.40558433532715,193.5058310031891,320.26434326171875,194.5009002685547,0.35015234,10.0,1,1.2084929
289,119,472.4027156829834,815.0487539768219,478.261474609375,816.0438232421875,0.28535745,28.0,1,7.8768177
262,119,510.6763973236084,441.2896902561188,516.53515625,442.2847595214844,0.2568544,16.0,1,10.299569
4,120,1481.5611019134521,231.4353048801422,1487.4271240234375,231.93594360351562,25.520342,12.0,-1,26.197079
0,120,102.29455375671387,1101.6138632297516,108.16057586669922,1102.114501953125,15.964414,10.0,1,26.615025
10,120,1241.9984798431396,191.94989228248596,1247.864501953125,192.45053100585938,15.693652,10.0,-1,39.610012
2,120,294.26849937438965,116.85569977760315,300.134521484375,117.35633850097656,15.057194,10.0,1,15.809132
5,120,528.2580623626709,446.98321747779846,534.1240844726562,447.4838562011719,12.714061,18.0,-1,37.862232
3,120,836.0898494720459,1061.145723581314,841.9558715820312,1061.6463623046875,10.431613,8.0,1,19.414528
16,120,1391.8393001556396,1169.4502890110016,1397.705322265625,1169.950927734375,9.460566,10.0,-1,22.673258
8,120,859.0508480072021,312.1001913547516,864.9168701171875,312.600830078125,7.174911,14.0,-1,26.995924
9,120,212.57547569274902,27.42616105079651,218.44149780273438,27.926799774169922,6.2654233,8.0,1,12.532011
34,120,588.3253231048584,1115.6302206516266,594.1913452148438,1116.130859375,5.0618105,10.0,-1,30.59443
7,120,167.58275413513184,436.3730185031891,173.4487762451172,436.8736572265625,4.1612897,10.0,-1,15.595131
1,120,542.3969783782959,685.2489950656891,548.2630004882812,685.7496337890625,4.1495504,10.0,-1,15.614518
20,120,567.9534358978271,801.1600058078766,573.8194580078125,801.66064453125,3.8762639,8.0,-1,36.969204
40,120,202.47691917419434,480.1228964328766,208.3429412841797,480.62353515625,3.7564647,10.0,-1,40.632034
24,120,1305.6941585540771,451.0480673313141,1311.5601806640625,451.5487060546875,3.4821408,8.0,1,14.339018
218,120,1416.3571224212646,17.482759714126587,1422.22314453125,17.9833984375,3.41959,14.0,-1,42.047977
6,120,1216.8465023040771,596.2619955539703,1222.7125244140625,596.7626342773438,3.074829,10.0,1,5.3227654
26,120,772.2493953704834,1170.974825143814,778.1154174804688,1171.4754638671875,2.6647747,10.0,-1,2.2522862
32,120,368.2458248138428,179.9259970188141,374.1118469238281,180.4266357421875,2.486943,10.0,-1,20.284702
181,120,3.3612890243530273,119.91571259498596,9.227311134338379,120.41635131835938,2.3129117,8.0,1,0.88438284
19,120,952.5894832611084,548.5336630344391,958.4555053710938,549.0343017578125,2.1073444,8.0,-1,18.827398
250,120,172.3055934906006,415.59186005592346,178.17161560058594,416.0924987792969,1.8818575,6.0,1,14.588326
15,120,1293.8683528900146,10.051357507705688,1299.734375,10.551996231079102,1.6275638,6.0,1,4.0875463
13,120,1522.2559261322021,847.4530355930328,1528.1219482421875,847.9536743164062,1.5478325,18.0,-1,7.459382
183,120,439.3621883392334,457.1416037082672,445.22821044921875,457.6422424316406,1.5325338,20.0,-1,9.542635
28,120,55.619367599487305,518.4589560031891,61.485389709472656,518.9595947265625,1.4888587,6.0,1,10.668413
213,120,81.63934135437012,468.2626974582672,87.50536346435547,468.7633361816406,1.4509048,28.0,-1,6.0014935
23,120,738.4662532806396,302.4858114719391,744.332275390625,302.9864501953125,1.4026114,8.0,1,17.327917
17,120,657.9505672454834,296.44073700904846,663.8165893554688,296.9413757324219,1.3532859,6.0,1,23.844103
11,120,759.4990901947021,828.2471029758453,765.3651123046875,828.7477416992188,1.3233804,10.0,-1,10.3784
208,120,507.80035972595215,806.6822226047516,513.6663818359375,807.182861328125,1.3192188,28.0,-1,0.25310275
29,120,524.3207454681396,406.53164887428284,530.186767578125,407.03228759765625,1.0292584,22.0,-1,6.0838623
300,120,363.842077255249,168.21022248268127,369.7080993652344,168.7108612060547,0.94879586,6.0,-1,20.229958
33,120,517.5349178314209,1186.361543893814,523.4009399414062,1186.8621826171875,0.8804414,6.0,1,5.55492
348,120,1403.0112972259521,25.19104027748108,1408.8773193359375,25.691679000854492,0.6604205,14.0,1,10.353413
266,120,364.007604598999,47.36419892311096,369.8736267089844,47.864837646484375,0.65274185,10.0,-1,9.987542
320,120,1314.1625423431396,440.4639608860016,1320.028564453125,440.964599609375,0.6170184,10.0,-1,12.809487
309,120,46.17562675476074,720.7724936008453,52.041648864746094,721.2731323242188,0.59914136,8.0,-1,13.901036
295,120,316.48163414001465,191.2416250705719,322.34765625,191.7422637939453,0.5589502,10.0,1,1.5998333
355,120,1610.1896419525146,399.47210907936096,1616.0556640625,399.9727478027344,0.5578026,28.0,-1,2.8580194
352,120,282.5612850189209,133.66978669166565,288.42730712890625,134.17042541503906,0.51211077,12.0,1,13.532356
35,120,451.4596309661865,750.1252768039703,457.3256530761719,750.6259155273438,0.4727843,12.0,-1,4.961601
153,120,74.81355857849121,454.1453878879547,80.67958068847656,454.6460266113281,0.4577247,24.0,1,5.868187
27,120,238.75575828552246,635.1658041477203,244.6217803955078,635.6664428710938,0.40637144,10.0,1,4.965759
262,120,510.85590171813965,441.46283173561096,516.721923828125,441.9634704589844,0.2611318,16.0,1,9.583617
289,120,473.2583065032959,813.1433432102203,479.12432861328125,813.6439819335938,0.18862627,26.0,1,7.857767
4,121,1483.3416194915771,231.3406240940094,1489.2286376953125,231.52220153808594,16.431164,12.0,-1,25.330671
10,121,1242.1424007415771,193.53875946998596,1248.0294189453125,193.7203369140625,15.779315,10.0,-1,40.760036
0,121,102.25588798522949,1102.030458688736,108.14290618896484,1102.2120361328125,14.565326,10.0,1,23.887842
2,121,294.8096981048584,116.77198243141174,300.69671630859375,116.95355987548828,12.340018,12.0,1,9.133584
3,121,836.0898494720459,1061.4458639621735,841.9768676757812,1061.62744140625,11.502521,8.0,1,18.864182
5,121,527.3884944915771,445.1392538547516,533.2755126953125,445.3208312988281,9.143468,18.0,-1,37.27506
6,121,1217.1294612884521,597.5939962863922,1223.0164794921875,597.7755737304688,6.715044,10.0,1,7.5092244
8,121,860.5689144134521,311.4539816379547,866.4559326171875,311.63555908203125,5.9016037,14.0,-1,24.174423
9,121,211.59122276306152,28.185192346572876,217.47824096679688,28.366769790649414,5.6056933,8.0,1,11.349155
40,121,201.40964317321777,477.7053244113922,207.29666137695312,477.88690185546875,5.4191623,10.0,-1,41.59386
16,121,1392.4779720306396,1171.682070016861,1398.364990234375,1171.8636474609375,4.773244,10.0,-1,16.9678
7,121,167.4187831878662,436.11172699928284,173.30580139160156,436.2933044433594,4.5607533,10.0,-1,15.901746
24,121,1304.7577571868896,450.1805441379547,1310.644775390625,450.36212158203125,3.7311735,8.0,1,12.976915
20,121,566.0216121673584,802.4585592746735,571.9086303710938,802.64013671875,3.4899979,8.0,-1,34.898716
218,121,1416.4076595306396,19.240604639053345,1422.294677734375,19.422182083129883,3.413436,14.0,-1,41.324276
366,121,175.5802822113037,439.3300497531891,181.46730041503906,439.5116271972656,3.2240584,10.0,1,15.515208
34,121,588.3526668548584,1116.304384469986,594.2396850585938,1116.4859619140625,2.9941337,10.0,-1,25.900045
26,121,773.3957576751709,1167.7398092746735,779.2827758789062,1167.92138671875,2.576663,10.0,-1,2.0342104
250,121,172.13141441345215,414.96393036842346,178.0184326171875,415.1455078125,2.0728676,6.0,1,5.516657
28,121,53.92471504211426,516.7331564426422,59.81173324584961,516.9147338867188,2.0162323,6.0,1,7.6882
13,121,1524.2953548431396,847.272157907486,1530.182373046875,847.4537353515625,1.87177,16.0,-1,6.285348
19,121,952.6618099212646,544.4471457004547,958.548828125,544.6287231445312,1.8562688,10.0,-1,12.166522
15,121,1292.6068782806396,9.653664827346802,1298.493896484375,9.83524227142334,1.8140454,6.0,1,4.4193974
183,121,443.810094833374,454.04764008522034,449.6971130371094,454.2292175292969,1.8069206,18.0,-1,10.7146
32,121,369.4534969329834,179.7026846408844,375.34051513671875,179.88426208496094,1.7720531,10.0,-1,15.81589
1,121,541.6888484954834,684.624208688736,547.5758666992188,684.8057861328125,1.605765,10.0,-1,10.028334
213,121,85.49407768249512,471.4413778781891,91.38109588623047,471.6229553222656,1.5928496,28.0,-1,7.6731024
23,121,737.9204158782959,302.4858114719391,743.8074340820312,302.6673889160156,1.5357744,6.0,1,22.279047
33,121,518.3071956634521,1187.5974752902985,524.1942138671875,1187.779052734375,1.4730366,6.0,1,3.8789868
17,121,655.8236141204834,296.87970185279846,661.7106323242188,297.061279296875,1.4576669,6.0,1,23.887287
11,121,758.8035335540771,828.2940695285797,764.6905517578125,828.4756469726562,1.1031035,10.0,-1,10.56003
208,121,507.8989315032959,805.916445016861,513.7859497070312,806.0980224609375,0.7563486,28.0,-1,0.46921188
29,121,521.4793148040771,408.2015402317047,527.3663330078125,408.38311767578125,0.6867516,22.0,-1,6.0841045
300,121,367.1447811126709,167.57831025123596,373.03179931640625,167.7598876953125,0.6023099,8.0,-1,14.993884
35,121,447.3266353607178,755.2105123996735,453.2136535644531,755.39208984375,0.5931553,10.0,-1,0.48104522
355,121,1610.7553157806396,396.37161469459534,1616.642333984375,396.5531921386719,0.4751825,28.0,-1,0.74706364
352,121,283.0768184661865,134.99930024147034,288.9638366699219,135.18087768554688,0.45261645,12.0,1,11.33596
295,121,315.5200252532959,191.99432587623596,321.40704345703125,192.1759033203125,0.45060578,10.0,1,0.83198404
320,121,1313.1445980072021,439.33123993873596,1319.0316162109375,439.5128173828125,0.44337666,10.0,-1,12.468987
266,121,363.263952255249,48.5531370639801,369.1509704589844,48.73471450805664,0.39649358,8.0,-1,9.08952
27,121,239.29331016540527,635.2576925754547,245.18032836914062,635.4392700195312,0.39093962,10.0,1,4.816177
309,121,45.37235450744629,722.275820016861,51.25937271118164,722.4573974609375,0.34417334,8.0,-1,14.153586
368,121,1606.0017757415771,427.48150849342346,1611.8887939453125,427.6630859375,0.25908706,28.0,1,7.069891
4,122,1483.7370052337646,231.16221833229065,1489.570556640625,230.95387268066406,22.839584,12.0,-1,25.784838
0,122,101.99596214294434,1100.711153268814,107.82951354980469,1100.5028076171875,15.714902,10.0,1,26.041811
2,122,296.5066890716553,118.08957886695862,302.3402404785156,117.88123321533203,12.373574,10.0,1,12.404825
5,122,527.8363094329834,445.64029145240784,533.6698608398438,445.43194580078125,11.641193,18.0,-1,38.293404
3,122,836.0898494720459,1061.8506796360016,841.9234008789062,1061.642333984375,10.421199,8.0,1,18.78305
10,122,1240.4931087493896,191.47957062721252,1246.32666015625,191.27122497558594,10.128755,10.0,-1,38.866085
9,122,211.84316062927246,26.218019723892212,217.6767120361328,26.009674072265625,6.308935,8.0,1,14.892499
8,122,863.8727474212646,308.2346212863922,869.706298828125,308.0262756347656,5.787557,14.0,-1,23.943567
16,122,1393.7683773040771,1173.9427206516266,1399.6019287109375,1173.734375,5.367393,10.0,-1,14.545263
40,122,200.8680019378662,477.7053244113922,206.70155334472656,477.4969787597656,4.870732,10.0,-1,39.98593
6,122,1213.5872249603271,596.2695639133453,1219.4207763671875,596.0612182617188,4.585137,10.0,1,6.583898
20,122,566.3128719329834,808.0903036594391,572.1464233398438,807.8819580078125,4.3090825,8.0,-1,34.98137
7,122,167.6054744720459,437.7630331516266,173.43902587890625,437.5546875,4.2938166,10.0,-1,13.516931
34,122,586.9918880462646,1115.173799753189,592.825439453125,1114.9654541015625,3.2785156,10.0,-1,25.071093
24,122,1305.8718929290771,451.81915497779846,1311.7054443359375,451.6108093261719,2.9959118,8.0,1,14.069447
183,122,449.3812618255615,451.7240011692047,455.2148132324219,451.5156555175781,2.523066,18.0,-1,10.579131
26,122,772.6419734954834,1166.136446237564,778.4755249023438,1165.9281005859375,2.2717545,10.0,-1,0.8829111
218,122,1416.1287288665771,18.450428247451782,1421.9622802734375,18.242082595825195,2.256047,14.0,-1,41.255775
15,122,1291.4711360931396,11.957274675369263,1297.3046875,11.748929023742676,2.2254188,6.0,1,3.647741
1,122,543.2162532806396,683.5987875461578,549.0498046875,683.3904418945312,1.9960645,10.0,-1,10.415862
213,122,87.24994468688965,473.7586386203766,93.08349609375,473.55029296875,1.9323153,28.0,-1,9.8894825
250,122,172.0891933441162,416.40823578834534,177.92274475097656,416.19989013671875,1.8373133,6.0,1,14.782312
13,122,1524.9122982025146,846.2734701633453,1530.745849609375,846.0651245117188,1.7997752,16.0,-1,6.654383
309,122,42.196950912475586,728.1925375461578,48.03050231933594,727.9841918945312,1.6864475,6.0,-1,17.475464
11,122,757.6080989837646,827.7648031711578,763.441650390625,827.5564575195312,1.6418816,10.0,-1,12.800578
28,122,55.0620174407959,517.8887045383453,60.89556884765625,517.6803588867188,1.5924429,6.0,1,9.989367
208,122,509.1643123626709,804.7110922336578,514.9978637695312,804.5027465820312,1.5137825,28.0,-1,0.99297833
23,122,740.4537410736084,303.29767060279846,746.2872924804688,303.0893249511719,1.416504,8.0,1,18.372648
32,122,368.5555782318115,181.44166779518127,374.3891296386719,181.2333221435547,1.3255192,10.0,-1,11.048951
17,122,655.0722713470459,296.5007040500641,660.9058227539062,296.2923583984375,1.313722,6.0,1,27.615816
19,122,946.5496273040771,543.4029257297516,952.3831787109375,543.194580078125,1.1276925,10.0,-1,5.8513618
300,122,366.7369136810303,169.00154328346252,372.5704650878906,168.79319763183594,0.8855696,8.0,-1,17.109533
33,122,517.9359188079834,1187.5206015110016,523.7694702148438,1187.312255859375,0.88357,6.0,1,4.5796514
153,122,75.27126121520996,456.9178488254547,81.10481262207031,456.7095031738281,0.871439,26.0,1,9.946696
29,122,519.0983943939209,408.5678427219391,524.9319458007812,408.3594970703125,0.7530331,24.0,-1,7.115627
355,122,1609.6897640228271,398.20062470436096,1615.5233154296875,397.9922790527344,0.7527573,28.0,-1,0.9994951
266,122,364.6662654876709,47.42279648780823,370.49981689453125,47.21445083618164,0.70190185,10.0,-1,9.956642
27,122,240.6861629486084,636.1133139133453,246.51971435546875,635.9049682617188,0.64361435,10.0,1,5.974145
352,122,283.2758846282959,135.36152863502502,289.10943603515625,135.15318298339844,0.5557915,12.0,1,12.332483
35,122,446.46381187438965,755.0917074680328,452.29736328125,754.8833618164062,0.52032167,10.0,-1,1.0039924
295,122,314.9059810638428,190.75203156471252,320.7395324707031,190.54368591308594,0.4521189,10.0,1,1.3874528
320,122,1314.1333675384521,440.8165304660797,1319.9669189453125,440.6081848144531,0.41156852,26.0,-1,10.574206
262,122,510.8903865814209,439.86993622779846,516.7239379882812,439.6615905761719,0.22591673,16.0,1,9.40438
4,123,1483.903326034546,231.68113923072815,1489.888671875,231.74964904785156,28.212069,12.0,-1,25.600863
0,123,100.65172386169434,1099.4104940891266,106.63706970214844,1099.47900390625,14.220283,10.0,1,31.317966
2,123,296.29071617126465,118.261057138443,302.27606201171875,118.3295669555664,13.677147,10.0,1,15.397973
5,123,528.2599544525146,448.3446066379547,534.2453002929688,448.4131164550781,12.721715,18.0,-1,37.455917
10,123,1237.335943222046,190.78311371803284,1243.3212890625,190.85162353515625,10.732662,10.0,-1,40.06712
3,123,835.1375179290771,1061.913789987564,841.1228637695312,1061.9822998046875,7.8865943,8.0,1,18.330101
8,123,861.8828792572021,309.73932099342346,867.8682250976562,309.8078308105469,6.1617103,16.0,-1,22.366743
34,123,586.0160579681396,1113.521211862564,592.0014038085938,1113.5897216796875,5.362131,10.0,-1,23.537157
9,123,210.60378074645996,25.674835443496704,216.58912658691406,25.743345260620117,4.2704406,8.0,1,17.57219
7,123,166.8522548675537,436.72650361061096,172.8376007080078,436.7950134277344,3.8335702,10.0,-1,13.86971
6,123,1215.460210800171,597.2300131320953,1221.445556640625,597.2985229492188,3.5111492,10.0,1,2.2877703
24,123,1307.353033065796,454.19571137428284,1313.33837890625,454.26422119140625,3.501125,8.0,1,15.199278
16,123,1392.532232284546,1174.175508737564,1398.517578125,1174.2440185546875,3.3490584,10.0,-1,14.473423
40,123,201.8637294769287,477.70807099342346,207.8490753173828,477.7765808105469,3.0905335,10.0,-1,38.420624
213,123,88.72794914245605,474.25360321998596,94.71329498291016,474.3221130371094,2.7406175,28.0,-1,9.616562
20,123,564.0559139251709,809.6532309055328,570.041259765625,809.7217407226562,2.6530657,8.0,-1,31.04685
366,123,175.42609214782715,439.30731415748596,181.41143798828125,439.3758239746094,2.57286,10.0,1,15.150248
1,123,541.4574642181396,680.6140463352203,547.4428100585938,680.6825561523438,2.3542473,10.0,-1,10.53254
183,123,449.9151363372803,452.32916474342346,455.9004821777344,452.3976745605469,2.3076868,22.0,-1,9.294051
26,123,773.2935237884521,1166.2603476047516,779.2788696289062,1166.328857421875,2.095342,6.0,1,4.604047
19,123,944.1013851165771,541.7228720188141,950.0867309570312,541.7913818359375,1.8233465,10.0,-1,11.495494
218,123,1416.854009628296,15.68234372138977,1422.83935546875,15.750853538513184,1.8224615,14.0,-1,37.672226
250,123,171.9837703704834,416.5111105442047,177.9691162109375,416.5796203613281,1.7847196,6.0,1,20.56237
153,123,76.32869529724121,458.46585297584534,82.31404113769531,458.53436279296875,1.452549,26.0,1,10.267836
11,123,757.6408138275146,826.9535238742828,763.6261596679688,827.0220336914062,1.4408412,10.0,-1,10.3228035
28,123,55.612138748168945,516.1929037570953,61.59748458862305,516.2614135742188,1.4358625,6.0,1,9.365593
208,123,509.0102596282959,804.7110922336578,514.99560546875,804.7796020507812,1.3673557,10.0,1,0.525775
15,123,1291.862066268921,14.156362771987915,1297.847412109375,14.224872589111328,1.31104,6.0,1,5.3139663
23,123,740.3248348236084,304.0423605442047,746.3101806640625,304.1108703613281,1.2976221,8.0,1,19.868322
13,123,1521.4102840423584,845.3824789524078,1527.3956298828125,845.4509887695312,1.2031366,16.0,-1,6.9937396
17,123,655.9627742767334,295.6381857395172,661.9481201171875,295.7066955566406,1.0930492,6.0,1,29.172928
309,123,42.95584678649902,727.9801352024078,48.941192626953125,728.0486450195312,1.0754347,8.0,-1,13.687338
29,123,521.2838191986084,411.2264120578766,527.2691650390625,411.294921875,1.0650477,20.0,-1,5.766741
300,123,366.7369136810303,167.94407868385315,372.7222595214844,168.01258850097656,1.0074102,8.0,-1,18.418589
33,123,517.5361995697021,1186.3052694797516,523.5215454101562,1186.373779296875,0.85745364,6.0,1,4.617104
32,123,368.7919063568115,178.53038239479065,374.7772521972656,178.59889221191406,0.7662253,10.0,-1,5.924371
355,123,1610.376470565796,398.1515829563141,1616.36181640625,398.2200927734375,0.7643927,28.0,-1,1.061238
348,123,1402.446050643921,25.597461938858032,1408.431396484375,25.665971755981445,0.7026632,16.0,1,13.405594
266,123,359.8831844329834,49.056455850601196,365.8685302734375,49.12496566772461,0.6427184,10.0,-1,8.589289
27,123,239.63731956481934,635.9232504367828,245.62266540527344,635.9917602539062,0.5941151,10.0,1,4.326291
295,123,315.4543514251709,190.26512360572815,321.439697265625,190.33363342285156,0.58227783,10.0,1,0.87638426
352,123,282.64899253845215,133.9183371067047,288.63433837890625,133.98684692382812,0.48527458,12.0,1,12.907473
35,123,447.3201656341553,751.2723104953766,453.3055114746094,751.3408203125,0.41172954,10.0,-1,1.979871
320,123,1313.8931941986084,442.56524872779846,1319.8785400390625,442.6337585449219,0.41111067,16.0,-1,9.056642
262,123,512.0178279876709,442.15872406959534,518.003173828125,442.22723388671875,0.28013557,14.0,1,9.362663
368,123,1606.409185409546,421.9183065891266,1612.39453125,421.98681640625,0.20706183,28.0,1,5.9119225
289,123,472.7965450286865,813.8284018039703,478.7818908691406,813.8969116210938,0.19055651,26.0,1,7.430432
4,124,1481.8727626800537,230.84552216529846,1487.80908203125,230.84463500976562,27.497866,12.0,-1,23.027706
10,124,1236.0642910003662,191.9086172580719,1242.0006103515625,191.90773010253906,18.259018,10.0,-1,40.14161
0,124,100.33952140808105,1099.4037191867828,106.27584075927734,1099.40283203125,15.349168,10.0,1,31.930664
2,124,296.59193992614746,118.28087830543518,302.52825927734375,118.27999114990234,14.053204,10.0,1,16.309093
5,124,527.7367763519287,447.7486288547516,533.673095703125,447.74774169921875,11.896428,18.0,-1,37.366795
34,124,584.1263027191162,1110.0113852024078,590.0626220703125,1110.010498046875,9.344218,10.0,-1,24.887787
6,124,1218.2661952972412,596.8782064914703,1224.2025146484375,596.8773193359375,8.13,10.0,1,9.617226
3,124,835.8277187347412,1063.0564291477203,841.7640380859375,1063.0555419921875,7.2689724,8.0,1,17.709097
8,124,862.1831874847412,311.52594208717346,868.1195068359375,311.5250549316406,6.901112,16.0,-1,22.744877
9,124,211.6042079925537,25.33027672767639,217.54052734375,25.329389572143555,6.0735555,8.0,1,19.035492
16,124,1393.6315517425537,1173.8946859836578,1399.56787109375,1173.893798828125,5.9879317,10.0,-1,12.734369
7,124,166.71243858337402,436.9339621067047,172.6487579345703,436.9330749511719,4.2791862,10.0,-1,14.676073
24,124,1307.7832851409912,455.29828095436096,1313.7196044921875,455.2973937988281,3.8344269,8.0,1,17.009483
40,124,203.08731651306152,475.0139181613922,209.0236358642578,475.0130310058594,2.6355236,10.0,-1,34.037174
218,124,1416.1640224456787,14.332221269607544,1422.100341796875,14.331334114074707,2.5471601,16.0,-1,37.02538
1,124,539.3985805511475,681.7015707492828,545.3348999023438,681.70068359375,2.4927368,10.0,-1,10.733988
20,124,564.93288230896,810.2659018039703,570.8692016601562,810.2650146484375,2.297267,8.0,-1,32.45774
183,124,452.8031826019287,455.0686972141266,458.739501953125,455.06781005859375,2.2042558,22.0,-1,9.723274
26,124,772.30885887146,1168.6609213352203,778.2451782226562,1168.6600341796875,2.0992892,6.0,1,1.5263004
378,124,96.40654563903809,471.76065278053284,102.34286499023438,471.759765625,2.0806568,28.0,-1,9.61651
28,124,55.130361557006836,516.5401937961578,61.066680908203125,516.539306640625,1.7647694,6.0,1,14.135841
309,124,48.06941032409668,731.8789999485016,54.00572967529297,731.8781127929688,1.6531978,8.0,-1,15.462899
250,124,170.15118980407715,414.11908173561096,176.08750915527344,414.1181945800781,1.5489478,26.0,-1,11.550445
11,124,758.9547328948975,825.5159628391266,764.8910522460938,825.5150756835938,1.5413545,10.0,-1,9.192676
15,124,1291.5083827972412,15.701113939285278,1297.4447021484375,15.700226783752441,1.4460205,6.0,1,6.6698136
23,124,739.4688320159912,303.66140961647034,745.4051513671875,303.6605224609375,1.3504596,8.0,1,18.389704
29,124,524.27419090271,410.38516449928284,530.2105102539062,410.38427734375,1.3484308,22.0,-1,7.16819
266,124,357.9740810394287,47.94919419288635,363.910400390625,47.948307037353516,1.2813853,8.0,-1,10.441681
153,124,78.57635307312012,458.4726278781891,84.5126724243164,458.47174072265625,1.2411766,26.0,1,10.056025
13,124,1521.7123622894287,844.7745077610016,1527.648681640625,844.7736206054688,1.1559137,20.0,-1,6.2968884
208,124,510.06520652770996,806.4845907688141,516.0015258789062,806.4837036132812,1.1238675,10.0,1,1.6175634
300,124,367.75401878356934,170.5598623752594,373.6903381347656,170.55897521972656,1.0549737,8.0,-1,16.169556
32,124,370.65321922302246,177.9692404270172,376.58953857421875,177.96835327148438,1.0123595,6.0,1,0.6600501
17,124,654.2489833831787,294.8824484348297,660.185302734375,294.8815612792969,1.0088807,6.0,1,29.396883
19,124,946.0157070159912,539.6904623508453,951.9520263671875,539.6895751953125,0.9865733,10.0,-1,6.5262866
33,124,515.21120262146,1185.8932211399078,521.1475219726562,1185.892333984375,0.69468313,6.0,1,3.5026426
348,124,1402.4206142425537,25.35058045387268,1408.35693359375,25.349693298339844,0.6236905,16.0,1,13.763689
35,124,447.34560203552246,752.8617880344391,453.28192138671875,752.8609008789062,0.6038858,10.0,-1,0.4872545
27,124,240.40892601013184,638.3173544406891,246.34524536132812,638.3164672851562,0.5931538,10.0,1,5.473026
352,124,282.61632347106934,134.4147207736969,288.5526428222656,134.41383361816406,0.49858811,12.0,1,13.114641
355,124,1612.3907070159912,398.28094696998596,1618.3270263671875,398.2800598144531,0.48287967,28.0,-1,0.8112279
368,124,1604.3443202972412,421.47052216529846,1610.2806396484375,421.4696350097656,0.39342725,24.0,1,6.5008383
295,124,313.6808681488037,191.03111481666565,319.6171875,191.0302276611328,0.36417973,28.0,-1,0.54159117
320,124,1312.3606777191162,442.1375753879547,1318.2969970703125,442.1366882324219,0.3562363,16.0,-1,7.6872396
262,124,510.86891746520996,442.40155243873596,516.8052368164062,442.4006652832031,0.30533108,14.0,1,10.165701
4,125,1483.5002193450928,232.0805447101593,1489.5308837890625,232.16531372070312,22.551306,12.0,-1,21.73766
0,125,101.95739555358887,1100.0695278644562,107.9880599975586,1100.154296875,18.623959,10.0,1,34.751293
5,125,525.8141841888428,448.6242763996124,531.8448486328125,448.70904541015625,12.594654,18.0,-1,37.671993
6,125,1219.8017330169678,596.7987148761749,1225.8323974609375,596.8834838867188,11.266655,10.0,1,18.754078
2,125,296.27387046813965,118.9373562335968,302.3045349121094,119.02212524414062,10.922187,10.0,1,16.711628
10,125,1234.3366451263428,188.31371426582336,1240.3673095703125,188.3984832763672,10.645587,10.0,-1,38.1843
3,125,834.1069087982178,1063.2833950519562,840.1375732421875,1063.3681640625,6.6450906,8.0,1,17.796982
8,125,864.6364498138428,309.2612087726593,870.6671142578125,309.3459777832031,5.7090187,16.0,-1,21.091692
34,125,584.0822505950928,1107.1991665363312,590.1129150390625,1107.283935546875,5.6009574,10.0,-1,29.002583
24,125,1306.6611080169678,455.7890408039093,1312.6917724609375,455.8738098144531,4.6366315,8.0,1,21.412786
16,125,1395.1908931732178,1173.2064907550812,1401.2215576171875,1173.291259765625,4.5659776,10.0,-1,15.169158
9,125,212.61935997009277,25.376664400100708,218.6500244140625,25.46143341064453,4.3600516,8.0,1,19.908665
218,125,1415.1919918060303,16.199105501174927,1421.22265625,16.28387451171875,3.5160844,14.0,-1,38.187702
7,125,165.61154747009277,437.0562832355499,171.6422119140625,437.14105224609375,3.3042126,10.0,-1,15.072492
378,125,98.22850608825684,468.9043667316437,104.25917053222656,468.9891357421875,2.8628652,28.0,-1,11.737861
20,125,568.4671993255615,809.6924526691437,574.4978637695312,809.7772216796875,2.700284,8.0,-1,30.561152
40,125,205.95226097106934,474.4909756183624,211.98292541503906,474.57574462890625,2.6349442,10.0,-1,38.392124
26,125,772.2532711029053,1166.2676479816437,778.283935546875,1166.3524169921875,2.5134916,10.0,-1,1.9646533
366,125,173.2104091644287,438.91263699531555,179.24107360839844,438.9974060058594,2.510464,10.0,1,11.631072
19,125,947.8631954193115,538.8664638996124,953.8938598632812,538.9512329101562,2.2698479,8.0,-1,14.791054
1,125,539.2679805755615,681.2927944660187,545.2986450195312,681.3775634765625,2.172648,10.0,-1,9.991913
183,125,451.2535152435303,452.4177334308624,457.2841796875,452.50250244140625,1.8239613,22.0,-1,9.133836
28,125,55.73550987243652,516.5288784503937,61.76617431640625,516.6136474609375,1.7010517,6.0,1,11.846401
23,125,743.773229598999,307.1613247394562,749.8038940429688,307.24609375,1.2973548,10.0,-1,11.40213
17,125,654.5097408294678,296.2343838214874,660.5404052734375,296.31915283203125,1.2340568,6.0,1,26.458014
15,125,1290.8197994232178,15.509912729263306,1296.8504638671875,15.594681739807129,1.1686178,6.0,1,5.092234
11,125,758.9529781341553,825.5754482746124,764.983642578125,825.6602172851562,1.0672933,10.0,-1,9.6725235
33,125,515.8058223724365,1186.3798305988312,521.8364868164062,1186.464599609375,1.0276456,6.0,1,4.5783343
208,125,507.7204341888428,809.1230556964874,513.7510986328125,809.2078247070312,1.0260127,10.0,1,0.70879924
153,125,78.5781078338623,457.8793423175812,84.60877227783203,457.964111328125,1.015309,22.0,1,10.405021
13,125,1521.4920406341553,843.3225185871124,1527.522705078125,843.4072875976562,1.0061396,18.0,-1,6.332967
32,125,372.4693660736084,180.29267239570618,378.5000305175781,180.37744140625,0.8631957,10.0,-1,6.6053715
250,125,169.00893211364746,413.92386746406555,175.0395965576172,414.0086364746094,0.852772,28.0,-1,18.2986
27,125,242.07018089294434,639.5840542316437,248.10084533691406,639.6688232421875,0.83312017,10.0,1,6.0895195
309,125,48.39290428161621,733.1001675128937,54.42356872558594,733.1849365234375,0.82859,8.0,-1,15.535515
348,125,1404.0085201263428,25.36189579963684,1410.0391845703125,25.446664810180664,0.7867725,12.0,1,7.4972024
300,125,369.9147701263428,169.25264859199524,375.9454345703125,169.33741760253906,0.67709947,8.0,-1,12.526603
355,125,1611.3481197357178,397.9704678058624,1617.3787841796875,398.05523681640625,0.63508815,10.0,1,0.5566097
29,125,522.3969478607178,410.6163418292999,528.4276123046875,410.70111083984375,0.60708624,22.0,-1,8.697503
266,125,357.5557613372803,45.88197445869446,363.58642578125,45.96674346923828,0.5911601,10.0,-1,9.706339
35,125,448.9738521575928,753.4038784503937,455.0045166015625,753.4886474609375,0.5865378,10.0,-1,1.6706893
352,125,282.3018856048584,134.05962491035461,288.3325500488281,134.14439392089844,0.52768296,10.0,1,14.765683
262,125,509.5900020599365,441.95072293281555,515.6206665039062,442.0354919433594,0.4293892,14.0,1,10.734698
295,125,314.7408504486084,194.279198884964,320.7715148925781,194.3639678955078,0.40969434,10.0,1,0.13080549
320,125,1310.8482418060303,442.6837856769562,1316.87890625,442.7685546875,0.33029094,14.0,-1,3.8703003
0,126,102.66794395446777,1099.734048128128,108.0869140625,1100.303466796875,21.760736,10.0,1,33.814064
4,126,1485.8760738372803,229.8248074054718,1491.2950439453125,230.39422607421875,18.602325,12.0,-1,20.677198
5,126,524.580602645874,448.82340359687805,529.9995727539062,449.392822265625,14.618309,16.0,-1,37.681812
2,126,295.1060543060303,119.1581814289093,300.5250244140625,119.72760009765625,13.165902,12.0,1,18.58666
6,126,1221.2139644622803,597.0392849445343,1226.6329345703125,597.6087036132812,11.55484,10.0,1,25.603783
10,126,1233.2243404388428,188.5791256427765,1238.643310546875,189.14854431152344,9.563861,10.0,-1,37.54941
24,126,1306.5888423919678,455.4686977863312,1312.0078125,456.0381164550781,7.268986,8.0,1,25.03368
3,126,833.913366317749,1063.027749300003,839.3323364257812,1063.59716796875,6.721825,8.0,1,17.895996
8,126,870.180212020874,309.4779140949249,875.5991821289062,310.0473327636719,6.6227417,16.0,-1,22.4998
16,126,1396.3071041107178,1173.2505276203156,1401.72607421875,1173.8199462890625,5.0200334,10.0,-1,15.075789
34,126,582.7875118255615,1107.462563753128,588.2064819335938,1108.031982421875,4.5494704,10.0,-1,24.010086
9,126,214.7559871673584,25.760789155960083,220.17495727539062,26.33020782470703,4.5247126,8.0,1,17.261654
7,126,164.38112449645996,437.94059109687805,169.8000946044922,438.510009765625,3.343399,8.0,-1,9.000623
218,126,1414.9833736419678,18.990020036697388,1420.40234375,19.559438705444336,3.1773226,14.0,-1,37.533066
20,126,570.756139755249,809.450112581253,576.1751098632812,810.01953125,3.1709397,8.0,-1,30.043743
40,126,206.87405967712402,471.91202664375305,212.29302978515625,472.4814453125,2.9128501,10.0,-1,34.51271
1,126,538.6732540130615,682.0225002765656,544.0922241210938,682.5919189453125,2.383651,10.0,-1,10.663895
26,126,774.2067623138428,1163.611977815628,779.625732421875,1164.181396484375,2.269072,6.0,1,0.49551862
17,126,656.8253536224365,296.80179715156555,662.2443237304688,297.3712158203125,2.1677005,6.0,1,21.571383
378,126,96.86290550231934,468.8676235675812,102.28187561035156,469.4370422363281,2.0837111,28.0,-1,8.287157
28,126,56.596323013305664,516.9698269367218,62.01529312133789,517.5392456054688,1.9491802,6.0,1,11.761379
183,126,449.8614253997803,450.5970547199249,455.2803955078125,451.1664733886719,1.9101453,22.0,-1,9.374774
19,126,947.789587020874,538.3765041828156,953.2085571289062,538.9459228515625,1.896365,10.0,-1,11.172542
23,126,742.5086421966553,308.1915371417999,747.9276123046875,308.7609558105469,1.8610349,12.0,-1,3.9681861
15,126,1292.0437984466553,13.19249939918518,1297.4627685546875,13.761918067932129,1.5988313,6.0,1,5.4591246
27,126,243.0157070159912,639.436440706253,248.43467712402344,640.005859375,1.2036833,10.0,1,5.5327926
208,126,508.077917098999,806.4147732257843,513.4968872070312,806.9841918945312,1.1585699,10.0,1,0.0053360164
13,126,1522.1139888763428,844.2144558429718,1527.532958984375,844.7838745117188,1.1229556,18.0,-1,5.58739
250,126,168.75275230407715,413.0197231769562,174.17172241210938,413.5891418457031,1.0841781,28.0,-1,26.699692
32,126,372.42975425720215,181.15934109687805,377.8487243652344,181.728759765625,0.93658286,10.0,-1,11.261634
33,126,516.6214962005615,1185.025063753128,522.0404663085938,1185.594482421875,0.89304096,6.0,1,5.052557
153,126,78.08376884460449,457.8793423175812,83.50273895263672,458.4487609863281,0.8265612,26.0,1,9.682634
266,126,355.69061851501465,42.31202054023743,361.1095886230469,42.881439208984375,0.78643984,8.0,-1,10.401516
355,126,1610.9985103607178,395.4538052082062,1616.41748046875,396.0232238769531,0.7759406,28.0,-1,0.95531094
29,126,520.9866695404053,408.9061977863312,526.4056396484375,409.4756164550781,0.7335453,22.0,-1,7.082795
11,126,758.9529781341553,824.9998562335968,764.3719482421875,825.5692749023438,0.7006833,10.0,-1,4.0638056
348,126,1405.2250728607178,25.41031002998352,1410.64404296875,25.97972869873047,0.6905885,12.0,1,2.953683
352,126,282.9906368255615,134.08255887031555,288.40960693359375,134.6519775390625,0.6537908,10.0,1,17.72901
300,126,371.3672847747803,167.94954800605774,376.7862548828125,168.5189666748047,0.5657341,8.0,-1,15.2920885
35,126,448.81110191345215,754.1752712726593,454.2300720214844,754.7446899414062,0.5089626,6.0,1,1.3476597
309,126,52.69344520568848,735.270425081253,58.1124153137207,735.83984375,0.5034224,8.0,-1,12.959335
295,126,315.7999019622803,196.11576199531555,321.2188720703125,196.6851806640625,0.4354653,10.0,1,0.18002379
262,126,509.0186519622803,441.18766140937805,514.4376220703125,441.757080078125,0.3015451,14.0,1,11.067239
368,126,1602.6860103607178,419.84098172187805,1608.10498046875,420.410400390625,0.2948294,22.0,1,6.947389
289,126,471.374547958374,807.7500393390656,476.79351806640625,808.3194580078125,0.22252119,28.0,1,6.640491
4,127,1487.0313167572021,228.93436551094055,1492.1566162109375,229.59521484375,20.917395,10.0,-1,17.856514
10,127,1234.7842464447021,189.39478421211243,1239.9095458984375,190.05563354492188,17.43787,10.0,-1,37.03977
0,127,104.20730400085449,1100.2497951984406,109.33260345458984,1100.91064453125,16.78539,10.0,1,35.179943
2,127,295.1172847747803,118.26239132881165,300.2425842285156,118.9232406616211,13.380427,10.0,1,19.329634
5,127,524.5584163665771,450.8697292804718,529.6837158203125,451.53057861328125,12.788976,16.0,-1,36.203663
6,127,1219.9480648040771,596.6957790851593,1225.0733642578125,597.3566284179688,9.7112665,10.0,1,16.103586
3,127,833.0148372650146,1062.1238186359406,838.14013671875,1062.78466796875,8.011927,8.0,1,17.850481
8,127,872.3703060150146,311.4676296710968,877.49560546875,312.12847900390625,7.0375233,14.0,-1,25.39239
16,127,1394.5809993743896,1172.569009065628,1399.706298828125,1173.2298583984375,6.806555,10.0,-1,19.78569
24,127,1305.9492855072021,455.83536648750305,1311.0745849609375,456.4962158203125,5.2141337,8.0,1,29.192844
9,127,215.57285118103027,25.062760591506958,220.69815063476562,25.723609924316406,4.9946237,8.0,1,14.598908
26,127,772.8147029876709,1162.724282503128,777.9400024414062,1163.3851318359375,3.9316177,10.0,-1,2.023365
34,127,580.0097713470459,1108.5095608234406,585.1350708007812,1109.17041015625,3.8109338,12.0,-1,21.257204
40,127,206.87405967712402,469.63724637031555,211.99935913085938,470.298095703125,3.534111,8.0,-1,33.068905
378,127,96.35256767272949,468.8676235675812,101.47786712646484,469.5284729003906,3.32742,28.0,-1,7.12979
20,127,570.6682186126709,809.299721956253,575.7935180664062,809.9605712890625,3.1353123,8.0,-1,30.528795
218,127,1416.2274837493896,16.53868794441223,1421.352783203125,17.19953727722168,3.0315306,14.0,-1,37.68723
366,127,174.2726345062256,438.2661831378937,179.39793395996094,438.9270324707031,2.8207958,10.0,1,10.882039
7,127,168.94859886169434,436.0716030597687,174.0738983154297,436.7324523925781,2.8182442,10.0,-1,12.98005
183,127,449.5587215423584,450.6200954914093,454.68402099609375,451.28094482421875,2.3703187,20.0,-1,9.740391
27,127,242.3047389984131,641.7669460773468,247.43003845214844,642.4277954101562,2.081197,10.0,1,6.191705
15,127,1291.2569026947021,14.59832501411438,1296.3822021484375,15.259174346923828,1.9925839,6.0,1,3.4379847
19,127,948.7641658782959,535.4798367023468,953.8894653320312,536.1406860351562,1.9198798,10.0,-1,9.045061
1,127,538.0214900970459,683.909341096878,543.1467895507812,684.5701904296875,1.8129593,10.0,-1,8.363009
28,127,57.233137130737305,516.1202175617218,62.358436584472656,516.7810668945312,1.6293688,6.0,1,14.55989
17,127,658.1528377532959,292.8763210773468,663.2781372070312,293.53717041015625,1.5357229,6.0,-1,0.88135386
23,127,742.6263484954834,306.4460537433624,747.7516479492188,307.1069030761719,1.4534221,6.0,1,4.59541
208,127,510.44037437438965,805.8543484210968,515.565673828125,806.5151977539062,1.191771,10.0,1,1.0250096
13,127,1526.6222591400146,844.758218050003,1531.74755859375,845.4190673828125,1.096192,16.0,-1,6.615215
32,127,372.9188594818115,182.39928555488586,378.0441589355469,183.0601348876953,1.0313449,10.0,-1,8.4493885
153,127,75.68708610534668,457.6067898273468,80.81238555908203,458.26763916015625,1.0170561,24.0,1,11.306122
266,127,357.0665645599365,41.00966763496399,362.1918640136719,41.67051696777344,0.91184384,10.0,-1,11.461947
11,127,757.6968441009521,825.579751253128,762.8221435546875,826.2406005859375,0.8813679,10.0,-1,9.267195
348,127,1403.3570003509521,25.22366452217102,1408.4822998046875,25.88451385498047,0.8181333,16.0,1,12.102081
35,127,447.96869468688965,756.4917995929718,453.093994140625,757.1526489257812,0.8145962,10.0,-1,0.11650279
352,127,283.0623836517334,134.5532009601593,288.18768310546875,135.21405029296875,0.7605105,10.0,1,15.434831
250,127,168.40062522888184,412.9805691242218,173.5259246826172,413.64141845703125,0.724044,26.0,-1,28.634129
29,127,517.4450740814209,411.71549344062805,522.5703735351562,412.3763427734375,0.69604325,24.0,-1,7.5703773
300,127,371.7696895599365,169.3820583820343,376.8949890136719,170.04290771484375,0.68283945,8.0,-1,14.274653
295,127,314.591100692749,197.184228181839,319.7164001464844,197.84507751464844,0.54771274,10.0,1,0.49403822
33,127,514.3001155853271,1185.570718050003,519.4254150390625,1186.2315673828125,0.432511,6.0,1,4.008312
355,127,1609.9166927337646,398.4041836261749,1615.0419921875,399.0650329589844,0.4237592,10.0,1,1.1797545
262,127,509.3175106048584,441.3337490558624,514.4428100585938,441.9945983886719,0.40131712,16.0,1,11.8839855
368,127,1607.2781429290771,420.7845242023468,1612.4034423828125,421.44537353515625,0.38997486,24.0,1,5.9284906
309,127,57.34986686706543,733.7063381671906,62.47516632080078,734.3671875,0.32117176,8.0,-1,9.601859
289,127,474.4936580657959,805.9786159992218,479.61895751953125,806.6394653320312,0.18021995,28.0,1,6.4798317
2,128,295.4231014251709,118.84434628486633,300.1749267578125,119.42060089111328,18.334204,12.0,1,19.822119
4,128,1487.1080379486084,228.76372647285461,1491.85986328125,229.33998107910156,16.296032,10.0,-1,17.391024
5,128,523.6391658782959,451.2327358722687,528.3909912109375,451.8089904785156,15.755433,18.0,-1,36.81867
0,128,106.22444725036621,1101.250161409378,110.97627258300781,1101.826416015625,15.498609,10.0,1,35.948486
10,128,1233.199956893921,187.994286775589,1237.9517822265625,188.57054138183594,14.096798,10.0,-1,35.38274
8,128,871.4511775970459,313.6646511554718,876.2030029296875,314.24090576171875,11.127072,14.0,-1,26.646889
6,128,1219.417730331421,595.5535061359406,1224.1695556640625,596.1297607421875,8.48118,10.0,1,9.580225
34,128,581.0958919525146,1111.4224026203156,585.8477172851562,1111.9986572265625,7.9648952,12.0,-1,22.0625
3,128,833.2345638275146,1061.8413479328156,837.9863891601562,1062.4176025390625,7.807358,8.0,1,18.392632
24,128,1307.678472518921,455.2217800617218,1312.4302978515625,455.79803466796875,5.386734,8.0,1,20.530712
19,128,950.6480770111084,535.4868557453156,955.39990234375,536.0631103515625,4.1748347,8.0,-1,15.829472
16,128,1398.866949081421,1170.0666897296906,1403.6187744140625,1170.6429443359375,3.943723,10.0,-1,12.122662
9,128,215.2849636077881,23.844315767288208,220.0367889404297,24.420570373535156,3.8960483,8.0,1,14.174569
40,128,205.52618980407715,467.3653652667999,210.27801513671875,467.9416198730469,3.8913405,8.0,-1,36.399204
20,128,569.6923885345459,809.2859280109406,574.4442138671875,809.8621826171875,3.8306665,8.0,-1,29.125175
378,128,98.4918041229248,467.4566433429718,103.2436294555664,468.03289794921875,3.325509,28.0,-1,8.695898
26,128,773.3538875579834,1162.601968050003,778.105712890625,1163.17822265625,3.3001702,10.0,-1,2.8688598
366,128,172.92325401306152,436.5389187335968,177.67507934570312,437.11517333984375,3.1918938,24.0,1,4.6748476
13,128,1529.125005722046,847.5649197101593,1533.8768310546875,848.1411743164062,3.0831397,16.0,-1,7.3902426
218,128,1419.064947128296,16.231932878494263,1423.8167724609375,16.80818748474121,2.9159358,14.0,-1,39.10744
183,128,447.437047958374,449.12882351875305,452.1888732910156,449.705078125,2.2685459,18.0,-1,11.490753
1,128,540.7926692962646,682.460610628128,545.5444946289062,683.036865234375,2.254452,10.0,-1,9.385325
27,128,244.5354824066162,641.8577053546906,249.2873077392578,642.4339599609375,2.0264022,10.0,1,4.9945126
23,128,738.9785213470459,307.1313259601593,743.7303466796875,307.70758056640625,2.0175915,6.0,1,5.6870236
17,128,654.5053768157959,295.3837368488312,659.2572021484375,295.9599914550781,1.7383766,6.0,1,29.11553
15,128,1291.8668270111084,15.083162546157837,1296.61865234375,15.659417152404785,1.4591151,6.0,1,4.318663
250,128,167.2954158782959,414.9821255207062,172.0472412109375,415.5583801269531,1.3562808,20.0,-1,19.889267
11,128,757.0157527923584,825.579751253128,761.767578125,826.156005859375,1.3481411,10.0,-1,12.772626
28,128,60.22017478942871,517.4948513507843,64.97200012207031,518.0711059570312,1.2238404,6.0,1,17.254477
208,128,508.1671199798584,813.428384065628,512.9189453125,814.004638671875,1.1573567,28.0,-1,2.2988255
33,128,513.4194393157959,1183.1218655109406,518.1712646484375,1183.6981201171875,0.86706597,10.0,-1,2.3713627
29,128,517.4450740814209,408.4447720050812,522.1968994140625,409.0210266113281,0.80507165,26.0,-1,6.1563215
348,128,1405.1512508392334,25.58613896369934,1409.903076171875,26.16239356994629,0.74992466,16.0,1,12.280651
32,128,373.99323081970215,184.26221585273743,378.74505615234375,184.83847045898438,0.70913035,10.0,-1,6.175792
35,128,450.427770614624,757.242348909378,455.1795959472656,757.818603515625,0.70813984,10.0,-1,0.05512917
153,128,78.82890129089355,457.2965176105499,83.58072662353516,457.8727722167969,0.7038371,24.0,1,10.782682
352,128,283.270788192749,134.00008511543274,288.0226135253906,134.5763397216797,0.6658408,10.0,1,16.83052
355,128,1607.173589706421,399.3023464679718,1611.9254150390625,399.87860107421875,0.663022,10.0,1,1.4307936
300,128,375.3534297943115,170.891259431839,380.1052551269531,171.46751403808594,0.6515557,10.0,-1,12.625269
266,128,357.02155113220215,36.1170437335968,361.77337646484375,36.69329833984375,0.4902892,10.0,-1,9.799725
320,128,1312.8265438079834,442.8903896808624,1317.578369140625,443.4666442871094,0.48220372,14.0,-1,5.688491
309,128,54.52081108093262,736.052407503128,59.27263641357422,736.628662109375,0.3985404,8.0,-1,10.654931
262,128,509.20978355407715,441.3003628253937,513.9616088867188,441.8766174316406,0.3292376,16.0,1,11.288986
368,128,1606.6148738861084,427.85807156562805,1611.36669921875,428.434326171875,0.32493475,22.0,1,7.1007414
295,128,310.6998043060303,197.01068997383118,315.4516296386719,197.58694458007812,0.32479414,10.0,1,1.5180218
289,128,471.95331382751465,813.4472439289093,476.70513916015625,814.0234985351562,0.21442872,24.0,1,6.8992896
0,129,106.22444725036621,1101.9563076496124,111.77204895019531,1102.622802734375,23.876335,10.0,1,32.726555
4,129,1485.941167831421,227.39867520332336,1491.48876953125,228.06517028808594,17.728456,10.0,-1,14.988114
5,129,522.2788753509521,452.5925076007843,527.8264770507812,453.2590026855469,13.695098,16.0,-1,36.81396
2,129,295.6363277435303,118.84434628486633,301.1839294433594,119.5108413696289,12.565469,10.0,1,19.4856
10,129,1228.916997909546,189.45745205879211,1234.464599609375,190.1239471435547,11.159068,10.0,-1,36.517597
6,129,1218.283941268921,594.6373379230499,1223.83154296875,595.3038330078125,8.783303,10.0,1,9.763464
3,129,834.2093563079834,1060.6093838214874,839.7569580078125,1061.27587890625,6.799991,8.0,1,17.909977
8,129,871.5703182220459,314.4729702472687,877.117919921875,315.13946533203125,6.750353,14.0,-1,25.74916
16,129,1401.979009628296,1169.3100674152374,1407.526611328125,1169.9765625,6.259312,10.0,-1,15.094165
9,129,213.4198513031006,25.109994173049927,218.9674530029297,25.7764892578125,4.6604085,8.0,1,14.675013
378,129,99.1755199432373,465.8876736164093,104.7231216430664,466.5541687011719,4.3030915,28.0,-1,11.621692
24,129,1308.307378768921,453.2586758136749,1313.85498046875,453.9251708984375,3.9446719,8.0,1,13.992324
34,129,581.1378231048584,1108.98987698555,586.6854248046875,1109.6563720703125,3.6592867,12.0,-1,22.700378
26,129,771.9905452728271,1159.042367219925,777.5381469726562,1159.7088623046875,3.0097418,10.0,-1,8.27305
7,129,163.39322471618652,438.6590054035187,168.94082641601562,439.32550048828125,3.0085714,6.0,-1,4.2498293
40,129,205.88089561462402,466.2939236164093,211.42849731445312,466.9604187011719,2.647555,10.0,-1,31.124386
183,129,446.7646541595459,448.4745571613312,452.312255859375,449.14105224609375,2.5821776,16.0,-1,12.995971
218,129,1418.0103816986084,18.9441978931427,1423.5579833984375,19.610692977905273,2.5636299,14.0,-1,37.50698
19,129,948.8590755462646,536.8499844074249,954.4066772460938,537.5164794921875,2.4827104,8.0,-1,15.301718
20,129,570.3638973236084,808.4292080402374,575.9114990234375,809.095703125,2.1891167,8.0,-1,27.629627
1,129,539.0500545501709,686.4949429035187,544.59765625,687.1614379882812,2.158052,10.0,-1,7.84904
23,129,741.2589168548584,307.3518764972687,746.8065185546875,308.01837158203125,1.993074,6.0,1,9.449813
15,129,1293.3919734954834,16.29349637031555,1298.9395751953125,16.959991455078125,1.977059,6.0,1,5.90824
17,129,654.4032649993896,292.88749051094055,659.9508666992188,293.5539855957031,1.8031529,6.0,1,28.681719
13,129,1529.5662899017334,849.0570156574249,1535.1138916015625,849.7235107421875,1.6911044,16.0,-1,7.975616
11,129,756.3258113861084,829.1812222003937,761.8734130859375,829.8477172851562,1.6368951,8.0,-1,12.965359
28,129,60.65209770202637,519.8808681964874,66.19969940185547,520.54736328125,1.5055895,6.0,1,13.300451
29,129,518.3089046478271,401.19376492500305,523.8565063476562,401.8602600097656,1.3125112,20.0,-1,7.4376287
250,129,166.8068447113037,415.2330105304718,172.3544464111328,415.8995056152344,1.0294476,20.0,-1,15.146576
32,129,372.57037925720215,185.17980313301086,378.11798095703125,185.84629821777344,1.0273794,10.0,-1,11.821331
35,129,449.6354732513428,758.1216518878937,455.1830749511719,758.7881469726562,0.86961585,6.0,1,1.1243075
153,129,79.0587215423584,458.1040127277374,84.6063232421875,458.7705078125,0.8670619,28.0,1,10.834718
208,129,510.27301597595215,815.7571499347687,515.8206176757812,816.4236450195312,0.81780005,10.0,1,1.7639345
27,129,242.29694175720215,639.2581264972687,247.84454345703125,639.9246215820312,0.7767288,10.0,1,4.36411
352,129,282.4213619232178,133.57332730293274,287.9689636230469,134.2398223876953,0.69933873,10.0,1,17.611748
320,129,1314.110113143921,441.21756863594055,1319.65771484375,441.8840637207031,0.6545107,26.0,-1,9.777718
348,129,1403.7335262298584,25.533889055252075,1409.2811279296875,26.20038414001465,0.57562345,16.0,1,13.004794
262,129,507.9272518157959,442.6006557941437,513.474853515625,443.26715087890625,0.54989433,16.0,1,10.158719
355,129,1607.2606258392334,399.3778164386749,1612.8082275390625,400.0443115234375,0.53943783,10.0,1,0.36762005
300,129,376.502477645874,170.79058194160461,382.0500793457031,171.4570770263672,0.50619835,12.0,-1,13.259957
33,129,514.2288875579834,1185.05042386055,519.7764892578125,1185.7169189453125,0.45186237,6.0,1,1.4003701
368,129,1607.775884628296,425.1957790851593,1613.323486328125,425.8622741699219,0.30858207,28.0,1,5.5279236
295,129,306.4633541107178,195.631737947464,312.0109558105469,196.29823303222656,0.30146486,10.0,1,2.6550536
266,129,358.5631160736084,35.79592251777649,364.1107177734375,36.46241760253906,0.2996001,8.0,-1,9.387943
289,129,471.35944175720215,818.6474697589874,476.90704345703125,819.31396484375,0.25049886,26.0,1,8.022848
309,129,53.682382583618164,731.1676723957062,59.229984283447266,731.8341674804688,0.20607841,8.0,-1,10.319884
0,130,106.69977378845215,1102.0145962238312,112.16938781738281,1102.250732421875,28.078148,10.0,1,36.289967
4,130,1486.4716701507568,228.160302400589,1491.9412841796875,228.3964385986328,18.070099,10.0,-1,14.233443
5,130,521.0663967132568,452.1531765460968,526.5360107421875,452.3893127441406,14.471732,18.0,-1,36.467262
2,130,295.59755516052246,119.50211453437805,301.0671691894531,119.73825073242188,13.674491,10.0,1,20.755943
10,130,1230.4349269866943,186.4791042804718,1235.904541015625,186.71524047851562,11.118805,10.0,-1,34.226448
3,130,836.2803859710693,1061.9126675128937,841.75,1062.1488037109375,8.940508,8.0,1,16.975554
6,130,1218.1297512054443,593.9095547199249,1223.599365234375,594.1456909179688,7.402798,10.0,1,11.988305
8,130,871.9727077484131,313.15177273750305,877.4423217773438,313.3879089355469,6.881785,14.0,-1,24.67587
34,130,582.3674831390381,1107.9383022785187,587.8370971679688,1108.1744384765625,5.3512363,12.0,-1,22.97264
9,130,213.78006553649902,25.715853929519653,219.2496795654297,25.951990127563477,5.2663918,8.0,1,14.428805
16,130,1403.6508693695068,1167.9712612628937,1409.1204833984375,1168.2073974609375,5.137573,10.0,-1,11.285584
24,130,1308.6818752288818,453.6221706867218,1314.1514892578125,453.8583068847656,4.8309216,8.0,1,13.690065
378,130,99.04131126403809,464.4954311847687,104.51092529296875,464.7315673828125,4.3360863,28.0,-1,11.256212
183,130,447.73110008239746,446.78897976875305,453.2007141113281,447.0251159667969,3.8011258,16.0,-1,12.337313
366,130,169.01512718200684,436.7489712238312,174.4847412109375,436.985107421875,3.2179184,10.0,-1,12.165882
19,130,948.7479152679443,537.2022182941437,954.217529296875,537.4383544921875,3.1088083,8.0,-1,14.702942
26,130,769.6735134124756,1157.8668911457062,775.1431274414062,1158.10302734375,2.937331,10.0,-1,9.357223
40,130,205.51395225524902,466.5874722003937,210.9835662841797,466.8236083984375,2.8280637,10.0,-1,28.15979
20,130,571.7801418304443,810.0694668292999,577.249755859375,810.3056030273438,2.6107805,8.0,-1,27.535809
1,130,538.3886623382568,685.7994472980499,543.8582763671875,686.0355834960938,2.2233465,10.0,-1,9.666986
29,130,522.0266017913818,402.5368435382843,527.4962158203125,402.7729797363281,2.1490457,20.0,-1,6.347414
218,130,1418.6170558929443,17.476208925247192,1424.086669921875,17.712345123291016,1.9643208,14.0,-1,38.115673
13,130,1529.7990627288818,851.7868740558624,1535.2686767578125,852.0230102539062,1.7481927,16.0,-1,8.412461
23,130,740.6023464202881,304.96268582344055,746.0719604492188,305.1988220214844,1.7360592,8.0,1,12.588466
17,130,656.1308498382568,293.8230679035187,661.6004638671875,294.0592041015625,1.4327798,6.0,1,32.656853
28,130,59.24408531188965,518.6782925128937,64.71369934082031,518.9144287109375,1.4072385,6.0,1,17.570314
15,130,1294.9029445648193,16.881150484085083,1300.37255859375,17.117286682128906,1.4027582,6.0,1,7.0056415
11,130,755.6982936859131,827.8936855792999,761.1679077148438,828.1298217773438,1.3246044,10.0,-1,14.592703
153,130,78.56662559509277,456.4293301105499,84.03623962402344,456.66546630859375,1.0663476,26.0,1,9.438499
32,130,372.50206565856934,185.51419949531555,377.9716796875,185.75033569335938,0.8626947,10.0,-1,12.057012
355,130,1605.5810451507568,400.2117397785187,1611.0506591796875,400.4478759765625,0.83554,12.0,1,2.081019
208,130,507.8129177093506,815.9760220050812,513.2825317382812,816.212158203125,0.78929204,10.0,1,1.4819809
348,130,1405.3934230804443,25.37688946723938,1410.863037109375,25.613025665283203,0.7828326,16.0,1,13.2157345
27,130,240.49291038513184,635.5831997394562,245.9625244140625,635.8193359375,0.7553044,10.0,1,4.573686
35,130,449.90627098083496,757.7204067707062,455.3758850097656,757.95654296875,0.7154338,10.0,-1,1.567259
250,130,168.80731773376465,414.2099392414093,174.2769317626953,414.4460754394531,0.7154191,26.0,-1,25.311903
352,130,282.7709560394287,134.55208706855774,288.2405700683594,134.78822326660156,0.61216015,10.0,1,17.683262
33,130,512.0294094085693,1191.1590054035187,517.4990234375,1191.3951416015625,0.47907767,10.0,-1,3.8846197
300,130,376.4788112640381,171.43073391914368,381.94842529296875,171.6668701171875,0.4287373,12.0,-1,12.707361
320,130,1314.1337795257568,442.2248318195343,1319.6033935546875,442.4609680175781,0.38820124,24.0,-1,6.90374
262,130,507.3193874359131,441.41690945625305,512.7890014648438,441.6530456542969,0.36818835,16.0,1,9.065098
295,130,304.3436794281006,194.65506863594055,309.81329345703125,194.89120483398438,0.36300233,10.0,1,3.6515121
266,130,360.46068382263184,42.23977017402649,365.9302978515625,42.47590637207031,0.33238092,10.0,-1,8.310837
289,130,471.1204128265381,818.9659512042999,476.59002685546875,819.2020874023438,0.30541292,24.0,1,8.81653
368,130,1606.5584621429443,425.13749051094055,1612.028076171875,425.3736267089844,0.20062608,26.0,1,6.0846004
0,131,106.4490795135498,1102.210335969925,111.94518280029297,1102.75634765625,25.897932,10.0,1,32.003334
2,131,296.21922874450684,119.56752133369446,301.71533203125,120.11353302001953,15.827,10.0,1,21.672756
5,131,521.0598049163818,455.11307644844055,526.555908203125,455.6590881347656,14.76718,18.0,-1,36.804104
4,131,1486.2506008148193,227.674462556839,1491.7467041015625,228.22047424316406,13.057983,10.0,-1,6.331872
10,131,1230.4420070648193,185.55376553535461,1235.9381103515625,186.0997772216797,12.25613,10.0,-1,31.402576
8,131,873.5219631195068,311.5425808429718,879.01806640625,312.0885925292969,8.218631,14.0,-1,25.711914
9,131,214.25426292419434,25.377986192703247,219.7503662109375,25.92399787902832,7.90937,8.0,1,15.958601
378,131,98.59309196472168,463.7774441242218,104.08919525146484,464.3234558105469,7.666098,28.0,-1,12.286409
3,131,834.4385280609131,1063.476449251175,839.9346313476562,1064.0224609375,7.5873566,8.0,1,17.908474
34,131,584.5282497406006,1108.839730501175,590.0243530273438,1109.3857421875,6.446295,12.0,-1,22.619658
6,131,1216.9000148773193,594.8703701496124,1222.3961181640625,595.4163818359375,5.9193745,10.0,1,3.990853
24,131,1308.6221828460693,454.17533230781555,1314.1182861328125,454.7213439941406,4.198458,8.0,1,15.646669
26,131,768.8792018890381,1157.7807705402374,774.3753051757812,1158.3267822265625,4.193473,10.0,-1,10.254664
16,131,1404.8542385101318,1165.7531826496124,1410.350341796875,1166.2991943359375,3.7775795,10.0,-1,11.364824
20,131,572.5471096038818,810.6773159503937,578.043212890625,811.2233276367188,3.6623223,8.0,-1,31.146534
218,131,1419.9631252288818,19.525973558425903,1425.459228515625,20.071985244750977,3.5014544,14.0,-1,38.464836
7,131,165.55834007263184,438.6195156574249,171.054443359375,439.16552734375,3.4918125,10.0,-1,14.506361
183,131,445.84840965270996,447.3588955402374,451.3445129394531,447.9049072265625,2.8932056,16.0,-1,11.870907
40,131,203.98207664489746,466.5124294757843,209.47817993164062,467.0584411621094,2.7186677,10.0,-1,25.111277
366,131,174.14859580993652,437.5569851398468,179.6446990966797,438.1029968261719,2.4627354,10.0,1,11.601458
1,131,539.7202663421631,683.8740322589874,545.2163696289062,684.4200439453125,2.2803102,10.0,-1,11.984754
13,131,1530.0571193695068,851.8128139972687,1535.55322265625,852.3588256835938,2.0047886,16.0,-1,8.296968
28,131,57.00307655334473,520.0960781574249,62.49917984008789,520.64208984375,1.9646945,6.0,1,16.661997
19,131,945.7911891937256,535.3123867511749,951.2872924804688,535.8583984375,1.7134966,10.0,-1,9.631998
15,131,1294.0264797210693,15.358636140823364,1299.5225830078125,15.904647827148438,1.5315905,6.0,1,8.656092
23,131,742.2261257171631,304.61832547187805,747.7222290039062,305.1643371582031,1.417075,8.0,1,10.87215
250,131,168.81390953063965,415.47477078437805,174.3100128173828,416.0207824707031,1.3913301,28.0,-1,9.24231
11,131,755.8890895843506,826.7161343097687,761.3851928710938,827.2621459960938,1.3446683,8.0,-1,16.034765
208,131,507.96837425231934,813.6879360675812,513.4644775390625,814.2339477539062,1.2198734,10.0,1,0.83161336
29,131,524.6952419281006,403.8368008136749,530.1913452148438,404.3828125,1.2156641,22.0,-1,7.853698
17,131,655.9508571624756,292.7227566242218,661.4469604492188,293.2687683105469,1.1698978,6.0,1,29.240322
27,131,241.51491355895996,636.5230801105499,247.01101684570312,637.069091796875,1.0340825,10.0,1,3.9623787
32,131,373.1501979827881,185.60559964179993,378.64630126953125,186.151611328125,0.9427149,10.0,-1,10.409359
355,131,1606.1165676116943,397.6369717121124,1611.6126708984375,398.1829833984375,0.7920318,28.0,-1,1.3087459
348,131,1403.7222805023193,25.610556840896606,1409.2183837890625,26.15656852722168,0.7906244,18.0,1,13.341985
153,131,78.43175315856934,457.4428188800812,83.9278564453125,457.98883056640625,0.5929815,26.0,1,8.520073
295,131,303.69408226013184,194.25115323066711,309.190185546875,194.7971649169922,0.5596241,10.0,1,3.2014933
300,131,375.01756858825684,171.40479397773743,380.513671875,171.9508056640625,0.5590572,10.0,-1,10.937577
35,131,450.1753749847412,758.3838589191437,455.6714782714844,758.9298706054688,0.53869134,4.0,1,0.041747063
352,131,282.57472801208496,134.19425320625305,288.0708312988281,134.74026489257812,0.53647447,10.0,1,17.938707
266,131,359.05031394958496,48.209996461868286,364.5464172363281,48.75600814819336,0.5248595,10.0,-1,7.1017895
262,131,507.7617702484131,444.0241482257843,513.2578735351562,444.5701599121094,0.50581604,16.0,1,9.060762
33,131,512.5102443695068,1189.7080166339874,518.00634765625,1190.2540283203125,0.4543546,10.0,-1,3.2330325
320,131,1314.0773830413818,441.9035122394562,1319.573486328125,442.44952392578125,0.34871295,26.0,-1,5.7205753
289,131,470.84410667419434,811.2376797199249,476.3402099609375,811.78369140625,0.2255121,26.0,1,8.662835
10,132,1230.7525081634521,185.55376553535461,1236.005126953125,186.13465881347656,15.049836,10.0,-1,27.622692
5,132,521.2589168548584,455.2177517414093,526.5115356445312,455.79864501953125,15.030637,18.0,-1,36.556393
0,132,107.59313774108887,1103.538247346878,112.84575653076172,1104.119140625,14.083576,10.0,1,29.753662
2,132,296.8883419036865,120.4897243976593,302.1409606933594,121.07061767578125,11.74743,10.0,1,21.529293
4,132,1484.8755550384521,225.59945034980774,1490.128173828125,226.1803436279297,10.300551,10.0,-1,4.6392407
6,132,1216.5413265228271,593.2409451007843,1221.7939453125,593.8218383789062,7.429323,10.0,1,10.095142
8,132,873.3054866790771,315.62308621406555,878.55810546875,316.2039794921875,6.778437,14.0,-1,24.535173
3,132,833.6637020111084,1063.9209377765656,838.9163208007812,1064.5018310546875,5.5394597,8.0,1,17.900084
34,132,582.8242855072021,1110.335610628128,588.076904296875,1110.91650390625,5.4128613,10.0,-1,26.170906
40,132,205.0295925140381,467.6901333332062,210.28221130371094,468.2710266113281,5.161777,10.0,-1,26.72322
9,132,216.45238304138184,25.72199559211731,221.7050018310547,26.302888870239258,4.8613544,8.0,1,12.845685
16,132,1406.0852718353271,1165.832925081253,1411.337890625,1166.413818359375,4.3278975,10.0,-1,9.698896
24,132,1308.3982601165771,453.5943691730499,1313.65087890625,454.1752624511719,4.3235636,8.0,1,14.57683
26,132,768.9984188079834,1159.358559846878,774.2510375976562,1159.939453125,4.171698,10.0,-1,11.270845
218,132,1421.8241634368896,19.0035297870636,1427.0767822265625,19.584423065185547,3.9808092,14.0,-1,37.92818
20,132,572.3245296478271,811.1291286945343,577.5771484375,811.7100219726562,2.988382,8.0,-1,31.846819
378,132,97.37154197692871,459.5706875324249,102.62416076660156,460.1515808105469,2.9467525,28.0,-1,12.493548
183,132,449.7367916107178,448.74186062812805,454.9894104003906,449.32275390625,2.9214153,18.0,-1,11.828249
19,132,946.3069515228271,533.3945095539093,951.5595703125,533.9754028320312,2.5733073,10.0,-1,9.436368
7,132,162.67621421813965,438.49503445625305,167.9288330078125,439.075927734375,2.503647,8.0,-1,3.3922133
15,132,1293.4672298431396,13.13539433479309,1298.7198486328125,13.716287612915039,2.1474118,6.0,1,4.35552
366,132,173.7480525970459,437.0163357257843,179.00067138671875,437.59722900390625,1.999611,10.0,1,11.728832
1,132,539.9877376556396,682.1941921710968,545.2403564453125,682.7750854492188,1.9250878,10.0,-1,7.5746074
23,132,739.0741024017334,305.7880947589874,744.3267211914062,306.3689880371094,1.7175708,6.0,1,12.384058
28,132,56.12677574157715,516.7908718585968,61.37939453125,517.3717651367188,1.2522973,6.0,1,14.939895
32,132,372.6534175872803,185.88636136054993,377.9060363769531,186.46725463867188,1.2073209,10.0,-1,7.5003242
17,132,655.0873470306396,294.9238369464874,660.3399658203125,295.5047302246094,1.1929904,8.0,1,28.462862
11,132,757.0984554290771,824.7634060382843,762.35107421875,825.3442993164062,1.1732327,8.0,-1,16.94248
208,132,506.28473472595215,810.7267849445343,511.537353515625,811.3076782226562,0.97502,10.0,1,0.72776735
29,132,526.9154109954834,405.7422573566437,532.1680297851562,406.3231506347656,0.9438558,22.0,-1,7.061182
13,132,1525.8117122650146,852.5981838703156,1531.0643310546875,853.1790771484375,0.9373749,18.0,-1,7.3806295
355,132,1609.8196468353271,394.82987332344055,1615.072265625,395.4107666015625,0.9351949,28.0,-1,0.67756474
348,132,1403.8181819915771,24.749472856521606,1409.07080078125,25.330366134643555,0.83211374,18.0,1,15.045046
250,132,168.81390953063965,418.3479092121124,174.0665283203125,418.9288024902344,0.70702976,6.0,1,14.630057
33,132,513.4519710540771,1190.6113674640656,518.70458984375,1191.1922607421875,0.680845,10.0,-1,4.7484264
153,132,75.11860466003418,453.3992397785187,80.37122344970703,453.9801330566406,0.589146,24.0,1,8.74658
27,132,237.08202171325684,636.1069118976593,242.3346405029297,636.6878051757812,0.5263129,10.0,1,5.275145
352,132,283.0616207122803,134.5183346271515,288.3142395019531,135.09922790527344,0.5197229,10.0,1,17.230324
266,132,355.1263484954834,49.429158449172974,360.37896728515625,50.01005172729492,0.51448506,10.0,-1,8.450378
35,132,452.248083114624,754.584634065628,457.5007019042969,755.16552734375,0.5022356,6.0,1,0.92201453
300,132,377.149450302124,173.80565762519836,382.4020690917969,174.3865509033203,0.44506004,12.0,-1,12.149973
262,132,508.5059871673584,443.3530056476593,513.7586059570312,443.93389892578125,0.43283188,16.0,1,10.083574
320,132,1313.6909847259521,441.4541714191437,1318.943603515625,442.0350646972656,0.3549397,14.0,-1,6.06556
309,132,52.517202377319336,731.7537014484406,57.76982116699219,732.3345947265625,0.28882083,8.0,-1,9.774852
289,132,471.3454647064209,810.9837429523468,476.59808349609375,811.5646362304688,0.2865586,28.0,1,8.291536
295,132,303.3122310638428,194.10823941230774,308.5648498535156,194.6891326904297,0.23947227,10.0,1,2.2557576
368,132,1610.1853694915771,424.7072842121124,1615.43798828125,425.2881774902344,0.2073585,24.0,1,7.466672
2,133,296.8883419036865,120.80716824531555,301.7080078125,121.4156494140625,14.991349,10.0,1,22.500025
0,133,108.83427238464355,1104.708657503128,113.65393829345703,1105.317138671875,14.929829,10.0,1,27.637608
5,133,519.4570064544678,452.9617702960968,524.2766723632812,453.57025146484375,14.809601,18.0,-1,36.050728
4,133,1483.703649520874,222.87474942207336,1488.5233154296875,223.4832305908203,10.146369,10.0,-1,5.509771
8,133,871.1506099700928,319.2407009601593,875.9702758789062,319.84918212890625,7.687713,14.0,-1,26.881018
10,133,1231.522008895874,187.0123074054718,1236.3416748046875,187.62078857421875,7.6582165,10.0,-1,27.93663
3,133,833.315221786499,1063.9209377765656,838.1348876953125,1064.5294189453125,6.3282514,8.0,1,18.907272
6,133,1216.975378036499,593.1834499835968,1221.7950439453125,593.7919311523438,6.226543,10.0,1,10.194194
34,133,585.0914669036865,1108.864907503128,589.9111328125,1109.473388671875,5.6846795,10.0,-1,25.578424
9,133,219.1038112640381,25.699044466018677,223.92347717285156,26.307525634765625,5.4418044,8.0,1,12.294983
16,133,1406.7696895599365,1167.016762971878,1411.58935546875,1167.625244140625,5.2439322,10.0,-1,13.797464
40,133,206.01088523864746,470.1257107257843,210.83055114746094,470.73419189453125,4.8443584,10.0,-1,35.01522
26,133,770.8862056732178,1160.0376369953156,775.7058715820312,1160.6461181640625,4.168983,10.0,-1,9.621498
20,133,573.217565536499,813.1923611164093,578.0372314453125,813.8008422851562,4.0509677,8.0,-1,34.856678
24,133,1307.3612422943115,453.2819912433624,1312.180908203125,453.8904724121094,3.9515464,8.0,1,14.189883
19,133,949.3249263763428,534.435952425003,954.1445922851562,535.04443359375,3.7240617,8.0,-1,19.405233
7,133,163.7241725921631,438.68924832344055,168.54383850097656,439.2977294921875,2.5991347,24.0,-1,8.5817375
218,133,1421.105016708374,16.19781231880188,1425.9246826171875,16.806293487548828,2.5828106,14.0,-1,38.13335
366,133,174.80252647399902,437.9426052570343,179.6221923828125,438.55108642578125,2.432478,10.0,1,10.154282
183,133,452.69769859313965,451.6195766925812,457.5173645019531,452.2280578613281,2.3365896,18.0,-1,11.233425
17,133,651.8321895599365,296.3625271320343,656.65185546875,296.97100830078125,2.2670164,6.0,1,13.188833
11,133,755.5295162200928,822.9028713703156,760.3491821289062,823.5113525390625,2.0478237,8.0,-1,17.553734
1,133,540.4130001068115,681.145913362503,545.232666015625,681.75439453125,1.8887244,10.0,-1,4.051768
378,133,98.81392478942871,458.21415066719055,103.63359069824219,458.8226318359375,1.6055194,28.0,-1,11.3950405
23,133,741.3233394622803,302.2628872394562,746.1430053710938,302.8713684082031,1.456808,8.0,1,15.560648
29,133,525.754919052124,406.2918179035187,530.5745849609375,406.9002990722656,1.3966488,18.0,-1,9.849214
28,133,57.26963233947754,515.258218050003,62.089298248291016,515.86669921875,1.3746091,6.0,1,18.847708
15,133,1294.1478633880615,12.109617471694946,1298.967529296875,12.718098640441895,1.1768359,6.0,1,3.149414
35,133,450.8353023529053,753.7784206867218,455.65496826171875,754.3869018554688,1.0364627,10.0,-1,2.2375927
32,133,372.33600425720215,188.03080105781555,377.1556701660156,188.6392822265625,0.9919911,10.0,-1,10.206032
355,133,1604.9567012786865,398.5395290851593,1609.7763671875,399.14801025390625,0.8143479,10.0,1,0.9079192
13,133,1524.720739364624,852.2913601398468,1529.5404052734375,852.8998413085938,0.7276004,18.0,-1,5.781908
208,133,508.7752437591553,808.636880159378,513.5949096679688,809.245361328125,0.67912817,10.0,1,0.2954672
250,133,169.07553672790527,415.89920926094055,173.89520263671875,416.5076904296875,0.6657029,28.0,-1,11.79582
348,133,1403.2723751068115,25.991402864456177,1408.092041015625,26.599884033203125,0.6177009,18.0,1,14.122653
295,133,303.1524410247803,195.30292630195618,307.97210693359375,195.91140747070312,0.57397807,10.0,1,3.6346898
27,133,236.8183193206787,634.6680080890656,241.6379852294922,635.2764892578125,0.5727166,10.0,1,4.6229563
33,133,513.028844833374,1189.884194612503,517.8485107421875,1190.49267578125,0.5481822,8.0,-1,7.336207
352,133,283.42462730407715,134.346093416214,288.2442932128906,134.95457458496094,0.44699886,10.0,1,19.243666
309,133,50.761789321899414,731.9665310382843,55.58145523071289,732.5750122070312,0.41036168,8.0,-1,12.887675
262,133,506.2670040130615,440.0122768878937,511.086669921875,440.6207580566406,0.4102427,16.0,1,9.799992
266,133,352.49506187438965,51.02897000312805,357.3147277832031,51.637451171875,0.40734148,14.0,-1,9.085215
289,133,471.9877071380615,812.7884304523468,476.807373046875,813.3969116210938,0.3254942,28.0,1,8.123562
320,133,1313.5455684661865,441.69083523750305,1318.365234375,442.29931640625,0.27866095,24.0,-1,3.1539059
153,133,73.66669273376465,449.3676235675812,78.48635864257812,449.9761047363281,0.26155716,26.0,1,8.860899
2,134,297.72899436950684,120.90667080879211,302.6092834472656,121.72937774658203,16.400663,10.0,1,19.870153
0,134,109.73978996276855,1104.16362118721,114.62007904052734,1104.986328125,14.117688,10.0,1,32.127834
5,134,515.9507656097412,453.5754864215851,520.8310546875,454.398193359375,13.909219,18.0,-1,36.493355
40,134,203.1945858001709,469.41700863838196,208.0748748779297,470.2397155761719,11.440011,10.0,-1,40.641403
3,134,832.9495449066162,1064.6417706012726,837.829833984375,1065.4644775390625,9.470536,8.0,1,20.21671
4,134,1483.7348232269287,223.38108944892883,1488.6151123046875,224.20379638671875,8.920998,10.0,-1,1.781212
19,134,949.1303310394287,533.2569439411163,954.0106201171875,534.0796508789062,8.195497,8.0,-1,20.367085
6,134,1216.8295497894287,592.7539532184601,1221.7098388671875,593.57666015625,7.6423397,10.0,1,8.934268
9,134,219.0726375579834,25.591294527053833,223.9529266357422,26.41400146484375,7.084108,8.0,1,11.369948
8,134,873.5638027191162,318.62159848213196,878.444091796875,319.4443054199219,6.083051,14.0,-1,27.42625
10,134,1231.9964199066162,188.76910519599915,1236.876708984375,189.59181213378906,5.751283,10.0,-1,25.523197
16,134,1404.8777675628662,1167.7115948200226,1409.758056640625,1168.5343017578125,5.6440887,10.0,-1,14.350626
34,134,585.2416591644287,1103.5284893512726,590.1219482421875,1104.3511962890625,5.056026,10.0,-1,22.908789
20,134,573.3667812347412,814.9115459918976,578.2470703125,815.7342529296875,4.856856,8.0,-1,38.69191
218,134,1417.9375820159912,16.1467182636261,1422.81787109375,16.969425201416016,4.6452446,14.0,-1,42.009533
26,134,769.6446743011475,1160.95707821846,774.5249633789062,1161.77978515625,3.9716816,10.0,-1,11.788943
17,134,651.3175868988037,296.4445354938507,656.1978759765625,297.2672424316406,3.4140139,6.0,1,13.495203
378,134,97.17421531677246,459.07655453681946,102.05450439453125,459.8992614746094,3.1385324,28.0,-1,11.123807
7,134,163.78810691833496,438.74034237861633,168.66839599609375,439.56304931640625,2.7113712,24.0,-1,8.273133
11,134,754.1740322113037,820.5348370075226,759.0543212890625,821.3575439453125,2.4447901,8.0,-1,20.474606
24,134,1308.6344814300537,452.2472393512726,1313.5147705078125,453.0699462890625,2.3447602,8.0,1,11.144132
23,134,738.277853012085,304.4084942340851,743.1581420898438,305.231201171875,2.2852685,6.0,1,11.170817
28,134,57.76222801208496,515.6354839801788,62.64251708984375,516.4581909179688,2.118405,6.0,1,17.808683
183,134,456.5133876800537,451.13954281806946,461.3936767578125,451.9622497558594,2.0394094,20.0,-1,10.934603
366,134,173.53297996520996,436.9173138141632,178.41326904296875,437.7400207519531,1.9407276,10.0,1,9.670893
13,134,1524.9667568206787,848.0836040973663,1529.8470458984375,848.9063110351562,1.7544498,18.0,-1,7.2458687
29,134,526.3954677581787,405.27891659736633,531.2757568359375,406.10162353515625,1.5711565,16.0,-1,9.73699
1,134,538.0958461761475,682.5145123004913,542.9761352539062,683.3372192382812,1.53365,10.0,-1,3.8930748
15,134,1294.2137050628662,14.251322031021118,1299.093994140625,15.074028968811035,1.2500331,6.0,1,2.648005
355,134,1604.0721035003662,397.51747250556946,1608.952392578125,398.3401794433594,1.2414502,28.0,-1,1.9679445
32,134,370.79762840270996,189.8247845172882,375.67791748046875,190.64749145507812,0.9666303,10.0,-1,11.672928
208,134,510.6388759613037,803.4816753864288,515.5191650390625,804.3043823242188,0.8972139,10.0,1,0.30217972
250,134,167.0410976409912,414.6139690876007,171.92138671875,415.4366760253906,0.851265,8.0,-1,21.244423
27,134,237.11684226989746,637.6655743122101,241.99713134765625,638.48828125,0.81676173,10.0,1,6.8958845
33,134,513.1060390472412,1191.094041109085,517.986328125,1191.916748046875,0.77641433,10.0,-1,5.008803
348,134,1403.3355312347412,25.270102739334106,1408.2158203125,26.092809677124023,0.758847,18.0,1,14.235371
35,134,449.4690456390381,755.7787945270538,454.3493347167969,756.6015014648438,0.6550843,10.0,-1,1.1183401
300,134,374.1931667327881,177.0711681842804,379.0734558105469,177.8938751220703,0.5965478,10.0,-1,14.2183275
352,134,283.13426780700684,135.26251339912415,288.0145568847656,136.08522033691406,0.5169974,12.0,1,16.093401
266,134,354.84227561950684,48.444756746292114,359.7225646972656,49.26746368408203,0.5050096,10.0,-1,8.250083
320,134,1314.7555751800537,441.1805889606476,1319.6358642578125,442.0032958984375,0.4055389,24.0,-1,5.1028767
309,134,53.996137619018555,732.4582378864288,58.876426696777344,733.2809448242188,0.3621075,8.0,-1,13.776581
262,134,505.57689476013184,439.7186748981476,510.4571838378906,440.5413818359375,0.264576,16.0,1,9.349438
368,134,1608.5399990081787,424.43519711494446,1613.4202880859375,425.2579040527344,0.26413384,28.0,1,6.196976
295,134,305.5164394378662,197.25746273994446,310.396728515625,198.08016967773438,0.23212801,12.0,1,3.1853826
289,134,469.42799949645996,809.6130840778351,474.30828857421875,810.435791015625,0.18247567,26.0,1,5.9116406
5,135,515.1678676605225,456.5042202472687,520.137451171875,457.59771728515625,12.189423,18.0,-1,37.45263
0,135,110.69714164733887,1105.2614834308624,115.6667251586914,1106.35498046875,11.399803,10.0,1,31.113562
2,135,297.09178733825684,119.6034939289093,302.0613708496094,120.69699096679688,11.091118,10.0,1,18.522318
6,135,1213.6363735198975,592.6027309894562,1218.60595703125,593.6962280273438,10.883174,10.0,1,11.120457
40,135,202.86258506774902,470.45780301094055,207.83216857910156,471.5513000488281,9.952716,10.0,-1,39.592567
3,135,832.8927211761475,1063.08850979805,837.8623046875,1064.1820068359375,9.409835,8.0,1,19.736362
4,135,1484.7535610198975,224.55347561836243,1489.72314453125,225.64697265625,7.921289,6.0,1,1.3929696
10,135,1233.723653793335,188.7510006427765,1238.6932373046875,189.84449768066406,5.8703804,10.0,-1,21.605854
9,135,218.82530784606934,25.00310254096985,223.79489135742188,26.096599578857422,5.7259617,8.0,1,10.072442
8,135,877.1602382659912,320.16666531562805,882.1298217773438,321.2601623535156,5.6784115,12.0,-1,29.278341
19,135,946.777364730835,534.9658291339874,951.7469482421875,536.059326171875,5.127521,8.0,-1,21.838938
218,135,1418.35231590271,14.957221269607544,1423.3218994140625,16.050718307495117,4.843636,12.0,-1,45.034184
20,135,572.1072597503662,814.9654629230499,577.0768432617188,816.0589599609375,4.202379,8.0,-1,37.035362
16,135,1403.40797996521,1170.1606533527374,1408.3775634765625,1171.254150390625,4.000737,10.0,-1,14.459941
24,135,1310.6727504730225,452.6502773761749,1315.642333984375,453.7437744140625,3.5967371,8.0,1,14.139391
378,135,97.65231132507324,459.58011746406555,102.62189483642578,460.6736145019531,3.478177,28.0,-1,14.65796
17,135,651.4491176605225,296.5849697589874,656.418701171875,297.678466796875,3.3710806,6.0,1,10.192237
26,135,772.7376918792725,1156.0087978839874,777.707275390625,1157.102294921875,3.2389984,10.0,-1,9.591239
11,135,754.9622402191162,819.4672329425812,759.9318237304688,820.5607299804688,2.9755888,8.0,-1,20.161804
34,135,581.40358543396,1102.83753323555,586.3731689453125,1103.9310302734375,2.8758867,12.0,-1,17.807642
7,135,163.62796592712402,438.1308071613312,168.59754943847656,439.22430419921875,2.667469,24.0,-1,7.514859
29,135,530.7728481292725,407.5540249347687,535.742431640625,408.64752197265625,2.205811,16.0,-1,12.0315695
366,135,175.80907249450684,438.0571072101593,180.77865600585938,439.1506042480469,2.1785662,8.0,1,9.934966
23,135,737.1468715667725,306.5598843097687,742.116455078125,307.65338134765625,2.0213313,6.0,1,11.877831
28,135,56.55435752868652,514.3719570636749,61.52394104003906,515.4654541015625,1.9819337,6.0,1,15.271117
183,135,455.8963222503662,451.4542934894562,460.86590576171875,452.54779052734375,1.8535751,18.0,-1,11.518091
15,135,1295.665060043335,14.281811952590942,1300.6346435546875,15.375308990478516,1.5782651,6.0,1,1.5813566
13,135,1524.39430809021,844.7070400714874,1529.3638916015625,845.800537109375,1.3588635,18.0,-1,6.1937437
1,135,536.4515590667725,680.0268642902374,541.421142578125,681.120361328125,1.2939798,10.0,-1,1.6275456
250,135,167.82770347595215,412.6806728839874,172.7972869873047,413.774169921875,1.1941779,8.0,-1,28.27471
32,135,370.3252468109131,189.84288907051086,375.2948303222656,190.93638610839844,0.97704726,10.0,-1,9.708608
208,135,509.47939109802246,802.3571255207062,514.448974609375,803.4506225585938,0.95101,28.0,-1,0.21272981
355,135,1608.232931137085,396.0922634601593,1613.2025146484375,397.1857604980469,0.8659907,28.0,-1,2.00142
35,135,451.1692714691162,754.6394741535187,456.13885498046875,755.7329711914062,0.6304397,10.0,-1,2.5954041
309,135,54.79908561706543,729.3319790363312,59.76866912841797,730.4254760742188,0.59972686,6.0,-1,15.185955
27,135,235.3772029876709,637.7603847980499,240.34678649902344,638.8538818359375,0.5862866,10.0,1,6.752012
33,135,512.1015224456787,1189.9362881183624,517.0711059570312,1191.02978515625,0.5754275,10.0,-1,6.3562055
348,135,1404.2989711761475,24.414153337478638,1409.2685546875,25.50765037536621,0.5470949,16.0,1,12.932238
352,135,283.0818386077881,133.31482815742493,288.0514221191406,134.4083251953125,0.5169657,10.0,1,16.920223
262,135,506.06667137145996,443.5624477863312,511.0362548828125,444.65594482421875,0.38992253,16.0,1,5.970419
266,135,359.4076442718506,49.55432629585266,364.3772277832031,50.647823333740234,0.35820076,8.0,-1,9.11132
295,135,304.3666286468506,197.63630032539368,309.3362121582031,198.72979736328125,0.34070727,10.0,1,3.507559
300,135,374.24559593200684,178.67626309394836,379.2151794433594,179.76976013183594,0.3199971,10.0,-1,11.336411
320,135,1316.7330532073975,439.44559597969055,1321.70263671875,440.5390930175781,0.28892434,28.0,-1,9.661027
6,136,1212.96169090271,592.9696276187897,1217.818603515625,594.05078125,16.967813,10.0,1,16.360922
5,136,515.292013168335,453.6388170719147,520.14892578125,454.719970703125,11.172938,18.0,-1,36.783367
2,136,297.26955223083496,119.86743187904358,302.12646484375,120.9485855102539,11.145978,10.0,1,17.442072
0,136,112.6523494720459,1105.5385973453522,117.50926208496094,1106.6197509765625,9.355168,10.0,1,33.044197
4,136,1484.851583480835,223.15285515785217,1489.70849609375,224.2340087890625,9.145478,6.0,1,3.4838536
10,136,1236.6476039886475,189.81203484535217,1241.5045166015625,190.8931884765625,8.046231,10.0,-1,23.874018
3,136,833.1529140472412,1063.1850817203522,838.0098266601562,1064.2662353515625,7.721035,8.0,1,18.96408
40,136,201.6646785736084,472.6658556461334,206.52159118652344,473.74700927734375,6.8971467,10.0,-1,37.423862
19,136,949.0971279144287,532.9694445133209,953.9540405273438,534.0505981445312,5.878821,8.0,-1,24.567097
16,136,1406.180196762085,1170.1822741031647,1411.037109375,1171.263427734375,5.803785,10.0,-1,15.019624
8,136,877.9056606292725,322.2170031070709,882.7625732421875,323.29815673828125,5.6851935,12.0,-1,28.359518
9,136,217.82248497009277,24.991274118423462,222.6793975830078,26.07242774963379,4.939767,8.0,1,11.808291
378,136,97.58776664733887,460.9333727359772,102.4446792602539,462.0145263671875,4.350908,28.0,-1,14.121001
26,136,775.2080898284912,1154.8056871891022,780.0650024414062,1155.8868408203125,4.110542,10.0,-1,10.425666
34,136,576.4369716644287,1099.4459459781647,581.2938842773438,1100.527099609375,3.974885,12.0,-1,20.413782
218,136,1418.48415184021,13.227721452713013,1423.341064453125,14.30887508392334,3.197546,12.0,-1,49.656822
24,136,1310.153829574585,452.91405510902405,1315.0107421875,453.9952087402344,3.1421402,8.0,1,12.866515
20,136,570.2943325042725,815.6501085758209,575.1512451171875,816.7312622070312,2.9762259,8.0,-1,36.018234
11,136,754.6366786956787,819.4260485172272,759.4935913085938,820.5072021484375,2.9598887,8.0,-1,19.006073
29,136,533.69948387146,406.6679918766022,538.556396484375,407.7491455078125,2.908808,16.0,-1,12.918854
7,136,162.89061546325684,437.8988573551178,167.74752807617188,438.9800109863281,2.7117136,24.0,-1,3.86625
23,136,734.20241355896,307.4182970523834,739.059326171875,308.49945068359375,2.3166835,6.0,1,10.519958
366,136,174.9464168548584,436.73534417152405,179.80332946777344,437.8164978027344,2.1924293,8.0,1,12.591738
183,136,455.5547695159912,452.5757067203522,460.41168212890625,453.6568603515625,2.044857,18.0,-1,10.228571
28,136,55.52960777282715,516.4349596500397,60.38652038574219,517.51611328125,1.6867537,6.0,1,13.052728
17,136,655.023946762085,294.6608202457428,659.880859375,295.7419738769531,1.6590778,6.0,1,25.96015
1,136,536.0125942230225,681.5697863101959,540.8695068359375,682.6509399414062,1.6122729,10.0,-1,5.3537107
15,136,1296.9808559417725,12.887093782424927,1301.8377685546875,13.968247413635254,1.4876882,6.0,1,7.277787
13,136,1529.917013168335,844.2616808414459,1534.77392578125,845.3428344726562,1.0299819,18.0,-1,7.7919426
33,136,512.5311489105225,1188.7567369937897,517.3880615234375,1189.837890625,1.0029808,8.0,-1,9.707648
208,136,506.2768154144287,801.3378527164459,511.13372802734375,802.4190063476562,0.9230277,10.0,1,0.08694887
35,136,451.2338161468506,752.8516466617584,456.0907287597656,753.9328002929688,0.9200348,10.0,-1,1.4143524
355,136,1604.54323387146,395.1379625797272,1609.400146484375,396.2191162109375,0.91613215,28.0,-1,3.6796918
250,136,167.11269187927246,413.7295153141022,171.9696044921875,414.8106689453125,0.90267366,26.0,-1,19.95114
32,136,369.96532249450684,190.49510979652405,374.8222351074219,191.57626342773438,0.8421805,10.0,-1,11.674944
27,136,236.78647422790527,636.6020739078522,241.6433868408203,637.6832275390625,0.6065008,10.0,1,6.6275034
309,136,55.53967475891113,730.6648180484772,60.39658737182617,731.7459716796875,0.542761,8.0,-1,15.616852
320,136,1314.993185043335,441.0916368961334,1319.85009765625,442.17279052734375,0.5321772,24.0,-1,5.108277
300,136,371.19496726989746,176.4527666568756,376.0518798828125,177.53392028808594,0.48238444,8.0,-1,12.3977165
266,136,354.69811058044434,51.24220299720764,359.5550231933594,52.32335662841797,0.47944805,10.0,-1,9.798305
352,136,284.00340843200684,133.59284234046936,288.8603210449219,134.6739959716797,0.45843887,10.0,1,18.588728
348,136,1405.2562465667725,24.425981760025024,1410.1131591796875,25.50713539123535,0.436481,18.0,1,11.891442
262,136,505.32887840270996,441.2173693180084,510.185791015625,442.29852294921875,0.32018438,16.0,1,6.584673
295,136,305.87685203552246,197.43512749671936,310.7337646484375,198.5162811279297,0.2522966,10.0,1,2.6166968
5,137,516.8200817108154,453.9140055179596,521.8052368164062,455.43121337890625,14.702397,18.0,-1,36.317715
2,137,296.8536205291748,120.05916237831116,301.8387756347656,121.57637023925781,13.2822075,10.0,1,19.287363
40,137,202.79188346862793,474.0267984867096,207.77703857421875,475.54400634765625,9.73902,10.0,-1,39.054153
10,137,1237.1045665740967,188.81059670448303,1242.0897216796875,190.3278045654297,9.686218,10.0,-1,27.51692
0,137,112.9976863861084,1103.9592325687408,117.98284149169922,1105.4764404296875,9.589835,10.0,1,35.342987
6,137,1214.4610118865967,590.9515421390533,1219.4461669921875,592.46875,9.574933,10.0,1,16.64639
3,137,833.0808238983154,1063.6767618656158,838.0659790039062,1065.1939697265625,5.9850693,8.0,1,18.909662
4,137,1483.4091320037842,222.91905617713928,1488.394287109375,224.43626403808594,5.739809,6.0,1,3.6072373
16,137,1405.5938243865967,1169.5274698734283,1410.5789794921875,1171.044677734375,5.6220436,10.0,-1,16.659868
8,137,875.5372447967529,317.83520913124084,880.5223999023438,319.3524169921875,4.9142556,14.0,-1,25.795015
34,137,575.1301403045654,1101.0637247562408,580.1152954101562,1102.5809326171875,4.3212576,12.0,-1,20.968374
19,137,948.9470958709717,530.2857706546783,953.9322509765625,531.802978515625,4.298278,8.0,-1,17.55494
26,137,776.8809947967529,1154.1543009281158,781.8661499023438,1155.6715087890625,3.9858847,10.0,-1,11.166282
29,137,534.0244274139404,408.13321328163147,539.0095825195312,409.6504211425781,3.9834292,16.0,-1,14.516904
378,137,97.46087455749512,461.21597695350647,102.44602966308594,462.7331848144531,3.4084537,28.0,-1,16.268906
9,137,218.6624584197998,23.018007516860962,223.64761352539062,24.535215377807617,3.3402698,8.0,1,12.716054
24,137,1310.8439464569092,452.4302713871002,1315.8291015625,453.9474792480469,3.1010149,8.0,1,16.656305
20,137,566.9712047576904,819.4475748538971,571.9563598632812,820.9647827148438,3.0263555,8.0,-1,33.042683
11,137,751.1648693084717,820.4282877445221,756.1500244140625,821.9454956054688,2.7996237,8.0,-1,24.03867
7,137,162.98026847839355,438.30472207069397,167.96542358398438,439.8219299316406,2.6392,24.0,-1,3.7789211
218,137,1419.1176280975342,10.051984071731567,1424.102783203125,11.569191932678223,2.5942204,12.0,-1,47.675217
23,137,732.6280651092529,308.2886698246002,737.6132202148438,309.8058776855469,2.2826912,6.0,1,6.725211
183,137,453.0448741912842,451.6286356449127,458.030029296875,453.1458435058594,1.9921943,18.0,-1,12.161416
17,137,653.2567272186279,294.95267128944397,658.2418823242188,296.4698791503906,1.9027761,6.0,1,23.257586
28,137,53.846452713012695,519.1824991703033,58.831607818603516,520.69970703125,1.8161165,6.0,1,12.891602
366,137,175.01850700378418,437.8259928226471,180.003662109375,439.34320068359375,1.7359957,8.0,1,12.136696
1,137,536.4878673553467,680.7714884281158,541.4730224609375,682.2886962890625,1.445311,10.0,-1,4.0633745
15,137,1299.2110118865967,12.011708498001099,1304.1961669921875,13.528916358947754,1.1295404,6.0,1,5.0907307
32,137,369.44520378112793,190.30337929725647,374.43035888671875,191.82058715820312,1.0296179,10.0,-1,11.184242
208,137,504.9666271209717,799.2859537601471,509.9517822265625,800.8031616210938,0.93361527,10.0,1,1.7357544
250,137,164.97506523132324,415.37381386756897,169.96022033691406,416.8910217285156,0.9010001,12.0,-1,1.0606012
13,137,1530.5733165740967,842.0978434085846,1535.5584716796875,843.6150512695312,0.8793504,18.0,-1,5.390568
33,137,513.7570934295654,1187.9232218265533,518.7422485351562,1189.4404296875,0.860547,8.0,-1,6.6747017
355,137,1600.0957775115967,393.1047098636627,1605.0809326171875,394.6219177246094,0.8013287,28.0,-1,4.3857946
35,137,450.56031608581543,754.1140787601471,455.54547119140625,755.6312866210938,0.61004573,10.0,-1,0.74817795
27,137,237.02508354187012,635.3133585453033,242.01023864746094,636.83056640625,0.5241602,10.0,1,5.677115
352,137,283.08521842956543,134.08147072792053,288.07037353515625,135.5986785888672,0.49560943,10.0,1,16.617983
266,137,357.02946281433105,54.072094202041626,362.0146179199219,55.58930206298828,0.49483788,10.0,-1,11.118133
348,137,1405.0331554412842,23.254448175430298,1410.018310546875,24.771656036376953,0.491676,20.0,1,11.56776
262,137,506.00578117370605,442.52795815467834,510.9909362792969,444.045166015625,0.4263332,16.0,1,6.0842676
300,137,367.02323722839355,176.76425576210022,372.0083923339844,178.28146362304688,0.33876494,8.0,-1,13.150731
368,137,1603.1961193084717,419.24368691444397,1608.1812744140625,420.7608947753906,0.31179443,22.0,1,7.4114027
295,137,308.35230827331543,198.09148049354553,313.33746337890625,199.6086883544922,0.2971588,10.0,1,2.197307
320,137,1316.3382091522217,439.4426004886627,1321.3233642578125,440.9598083496094,0.2934324,26.0,-1,8.100962
309,137,56.80582237243652,732.7234537601471,61.790977478027344,734.2406616210938,0.29130185,6.0,-1,12.445838
289,137,470.0274181365967,807.2594034671783,475.0125732421875,808.776611328125,0.25349745,28.0,1,8.891795
2,138,296.7771873474121,120.41739964485168,301.74383544921875,121.7953109741211,13.556748,10.0,1,20.058884
5,138,516.8167381286621,452.0563232898712,521.7833862304688,453.4342346191406,12.709563,18.0,-1,36.84824
6,138,1213.7182884216309,592.0489685535431,1218.6849365234375,593.4268798828125,12.414214,10.0,1,15.542389
0,138,112.4906120300293,1104.467669725418,117.45726013183594,1105.8455810546875,10.743813,10.0,1,34.233364
3,138,833.0890159606934,1061.7129089832306,838.0556640625,1063.0908203125,8.1637,8.0,1,19.217476
8,138,876.9876365661621,317.48485112190247,881.9542846679688,318.8627624511719,7.6672993,12.0,-1,28.969742
10,138,1236.7538108825684,189.01602482795715,1241.720458984375,190.39393615722656,7.236794,10.0,-1,26.669558
40,138,204.8171043395996,472.76814579963684,209.78375244140625,474.14605712890625,6.6064267,10.0,-1,38.64145
4,138,1481.6860618591309,225.5736267566681,1486.6527099609375,226.9515380859375,5.022662,6.0,1,4.1654067
34,138,572.9400901794434,1099.930072069168,577.90673828125,1101.3079833984375,4.954189,10.0,-1,22.386452
378,138,98.41791915893555,462.0559265613556,103.38456726074219,463.433837890625,4.7080293,28.0,-1,18.859924
20,138,567.2150535583496,822.4806702136993,572.1817016601562,823.8585815429688,4.444465,8.0,-1,39.117226
16,138,1405.2025413513184,1167.9997742176056,1410.169189453125,1169.377685546875,4.265242,10.0,-1,11.911255
29,138,534.5537986755371,406.82393193244934,539.5204467773438,408.20184326171875,4.101684,16.0,-1,13.551644
9,138,217.4408836364746,21.392009019851685,222.40753173828125,22.769920349121094,3.5919447,8.0,1,14.83683
19,138,947.8154563903809,531.2645447254181,952.7821044921875,532.6424560546875,3.3458138,8.0,-1,17.626963
24,138,1312.1911888122559,452.8917419910431,1317.1578369140625,454.2696533203125,3.2433186,8.0,1,20.678316
26,138,777.4844017028809,1154.928851366043,782.4510498046875,1156.3067626953125,2.9332836,10.0,-1,9.142817
23,138,732.3347434997559,308.27852177619934,737.3013916015625,309.65643310546875,2.6142783,6.0,1,4.5784273
17,138,651.8357200622559,296.38386845588684,656.8023681640625,297.76177978515625,2.610612,14.0,-1,0.50492793
7,138,164.27311325073242,440.0074646472931,169.23976135253906,441.3853759765625,1.9682864,8.0,-1,3.7652874
183,138,452.8048667907715,450.9414551258087,457.7715148925781,452.3193664550781,1.9481822,18.0,-1,11.6897
355,138,1596.2837181091309,392.6801941394806,1601.2503662109375,394.05810546875,1.6623154,26.0,-1,6.534088
218,138,1422.3536643981934,8.620676279067993,1427.3203125,9.998587608337402,1.6210108,16.0,-1,46.76612
28,138,53.849796295166016,519.7346374988556,58.816444396972656,521.112548828125,1.4969538,6.0,1,13.499208
15,138,1297.6758079528809,12.011450052261353,1302.6424560546875,13.389361381530762,1.4909161,6.0,1,1.1766765
11,138,753.8929710388184,819.4638245105743,758.859619140625,820.8417358398438,1.4623393,8.0,-1,14.485872
32,138,369.4676170349121,191.95190739631653,374.43426513671875,193.32981872558594,1.1763855,10.0,-1,8.664959
1,138,533.8592185974121,681.7967712879181,538.8258666992188,683.1746826171875,1.1657307,10.0,-1,2.9223628
208,138,505.10387802124023,801.1373474597931,510.0705261230469,802.5152587890625,0.9609125,10.0,1,1.5849468
250,138,163.2169303894043,416.3668396472931,168.18357849121094,417.7447509765625,0.7635898,6.0,1,2.9606793
13,138,1526.0729026794434,840.6919128894806,1531.03955078125,842.06982421875,0.7253483,18.0,-1,6.2576156
266,138,360.73803329467773,51.41802144050598,365.7046813964844,52.79593276977539,0.7202759,8.0,-1,9.437836
35,138,449.635066986084,754.6103699207306,454.6017150878906,755.98828125,0.69306713,10.0,-1,4.211379
33,138,511.9952049255371,1189.0976746082306,516.9618530273438,1190.4755859375,0.6899826,10.0,-1,6.4384446
352,138,283.2452964782715,134.0022919178009,288.2119445800781,135.3802032470703,0.55014783,10.0,1,19.353912
320,138,1317.1991233825684,440.4218018054962,1322.165771484375,441.7997131347656,0.40423286,24.0,-1,11.930071
27,138,236.47062301635742,634.0504944324493,241.43727111816406,635.4284057617188,0.387193,10.0,1,5.0152364
262,138,505.8169822692871,441.81611943244934,510.78363037109375,443.19403076171875,0.362703,14.0,1,5.181686
348,138,1405.5355491638184,22.797810792922974,1410.502197265625,24.175722122192383,0.31433988,20.0,1,11.040944
368,138,1605.0110130310059,418.09566044807434,1609.9776611328125,419.47357177734375,0.30997854,20.0,1,6.856358
295,138,308.52367782592773,197.90472722053528,313.4903259277344,199.2826385498047,0.2864827,10.0,1,1.9820805
289,138,470.78249740600586,807.2596619129181,475.7491455078125,808.6375732421875,0.26744494,26.0,1,10.020145
309,138,58.190067291259766,734.5077698230743,63.156715393066406,735.8856811523438,0.18698698,8.0,-1,9.117496
6,139,1212.4289817810059,592.2337925434113,1217.376708984375,593.5082397460938,16.15582,10.0,1,23.690952
5,139,516.5273704528809,452.4845554828644,521.47509765625,453.7590026855469,12.969878,18.0,-1,36.182064
2,139,297.1913414001465,120.3322651386261,302.1390686035156,121.6067123413086,11.60819,10.0,1,21.109818
0,139,112.6767463684082,1103.72860455513,117.62447357177734,1105.0030517578125,8.773642,10.0,1,32.63859
3,139,833.0890159606934,1062.5277988910675,838.0367431640625,1063.80224609375,8.469194,8.0,1,19.790298
40,139,205.03405380249023,471.72948956489563,209.98178100585938,473.0039367675781,6.4944777,10.0,-1,38.023018
10,139,1235.4530296325684,189.17997479438782,1240.4007568359375,190.4544219970703,6.409985,10.0,-1,27.777906
8,139,877.1948509216309,316.82204937934875,882.142578125,318.09649658203125,6.0456023,12.0,-1,28.90831
16,139,1405.2605247497559,1166.7126133441925,1410.208251953125,1167.987060546875,5.5052934,10.0,-1,12.337519
4,139,1481.7412376403809,225.02111554145813,1486.68896484375,226.29556274414062,5.499681,6.0,1,3.673416
9,139,216.3783073425293,21.392009019851685,221.32603454589844,22.66645622253418,4.642804,8.0,1,12.834336
34,139,573.2871971130371,1102.41708111763,578.2349243164062,1103.6915283203125,4.229092,12.0,-1,21.982582
378,139,97.8781852722168,460.4769871234894,102.82591247558594,461.7514343261719,4.1749816,28.0,-1,17.631283
7,139,163.0403709411621,440.40615582466125,167.98809814453125,441.68060302734375,3.7152288,24.0,-1,2.4331536
24,139,1310.9483909606934,454.49548077583313,1315.8961181640625,455.7699279785156,3.6883934,8.0,1,21.593657
26,139,779.1675682067871,1152.5182774066925,784.1152954101562,1153.792724609375,3.4678323,10.0,-1,9.9485
20,139,567.0434837341309,823.8175327777863,571.9912109375,825.0919799804688,3.336771,8.0,-1,36.43817
29,139,532.7674827575684,406.63378643989563,537.7152099609375,407.9082336425781,2.627475,16.0,-1,13.976743
23,139,733.2569236755371,308.9374668598175,738.2046508789062,310.2119140625,2.4839664,6.0,1,5.790111
183,139,452.734676361084,453.21706891059875,457.6824035644531,454.49151611328125,2.0241363,18.0,-1,11.288514
28,139,54.939640045166016,518.3447544574738,59.887367248535156,519.6192016601562,1.9912978,6.0,1,11.843062
19,139,949.3402976989746,527.8957798480988,954.2880249023438,529.1702270507812,1.874311,8.0,-1,11.817258
1,139,531.3722190856934,678.0126621723175,536.3199462890625,679.287109375,1.7564144,10.0,-1,5.2370205
17,139,653.3743553161621,296.71914410591125,658.3220825195312,297.99359130859375,1.6923362,6.0,1,19.77785
355,139,1596.4801292419434,392.2030613422394,1601.4278564453125,393.4775085449219,1.492013,28.0,-1,4.740691
32,139,366.99755477905273,192.97253155708313,371.9452819824219,194.24697875976562,1.3920674,10.0,-1,10.308096
11,139,753.4682884216309,819.3453648090363,758.416015625,820.6198120117188,1.383459,8.0,-1,13.062508
218,139,1421.7441673278809,12.498568773269653,1426.69189453125,13.773015975952148,1.3420448,16.0,-1,42.971207
15,139,1299.0105247497559,11.30092167854309,1303.958251953125,12.575368881225586,1.3407536,6.0,1,5.5854964
33,139,510.1042137145996,1188.4931309223175,515.0519409179688,1189.767578125,1.1032313,10.0,-1,8.115709
13,139,1526.2369651794434,838.9823887348175,1531.1846923828125,840.2568359375,1.0032786,20.0,-1,5.24573
250,139,164.7949333190918,417.13827252388,169.74266052246094,418.4127197265625,0.95739007,12.0,-1,5.23142
208,139,503.726131439209,802.0854160785675,508.6738586425781,803.35986328125,0.9138101,10.0,1,0.6429365
368,139,1608.1061058044434,417.40649151802063,1613.0538330078125,418.6809387207031,0.6605074,26.0,1,8.96582
352,139,282.91799545288086,134.52920269966125,287.86572265625,135.80364990234375,0.58646876,12.0,1,16.555437
35,139,451.49905014038086,755.2248814105988,456.44677734375,756.4993286132812,0.46892667,10.0,-1,1.272397
27,139,235.35403060913086,633.6179478168488,240.3017578125,634.8923950195312,0.41989696,10.0,1,5.7251163
266,139,361.2854881286621,50.719666719436646,366.23321533203125,51.99411392211914,0.4042388,8.0,-1,10.807804
348,139,1405.5030784606934,24.596944093704224,1410.4508056640625,25.87139129638672,0.39227912,18.0,1,10.705355
262,139,505.65127182006836,440.55154156684875,510.5989990234375,441.82598876953125,0.37757882,14.0,1,8.14653
295,139,310.73412704467773,200.51835370063782,315.6818542480469,201.7928009033203,0.37030622,10.0,1,2.4513884
320,139,1318.1975364685059,442.08651471138,1323.145263671875,443.3609619140625,0.29638997,28.0,-1,10.677161
309,139,57.55400466918945,738.726895570755,62.501731872558594,740.0013427734375,0.28774527,8.0,-1,9.311484
6,140,1212.693531036377,590.8363621234894,1217.9365234375,592.0590209960938,19.049835,10.0,1,28.953201
2,140,298.6862983703613,118.97475171089172,303.9292907714844,120.1974105834961,11.217763,10.0,1,21.669975
0,140,112.52002334594727,1102.0712864398956,117.76301574707031,1103.2939453125,11.097214,10.0,1,36.864326
5,140,517.8497200012207,452.4845554828644,523.0927124023438,453.70721435546875,9.696329,18.0,-1,36.33273
10,140,1234.8137702941895,187.0428593158722,1240.0567626953125,188.26551818847656,7.3095818,10.0,-1,26.104212
8,140,878.617847442627,317.1244480609894,883.86083984375,318.34710693359375,7.0496354,14.0,-1,27.163185
3,140,832.5131721496582,1062.5795872211456,837.7561645507812,1063.80224609375,7.0195217,8.0,1,18.964645
4,140,1481.3140144348145,224.85778546333313,1486.5570068359375,226.0804443359375,6.6648364,6.0,1,2.8862793
40,140,205.16757583618164,471.17370343208313,210.4105682373047,472.3963623046875,6.647489,10.0,-1,36.16721
20,140,564.8535041809082,824.6289036273956,570.0964965820312,825.8515625,5.1206756,8.0,-1,37.636215
26,140,780.4895515441895,1150.6507542133331,785.7325439453125,1151.8734130859375,4.423143,10.0,-1,12.030392
24,140,1308.805103302002,455.278165102005,1314.048095703125,456.5008239746094,4.3930306,8.0,1,23.134644
378,140,97.8781852722168,461.20571637153625,103.12117767333984,462.4283752441406,4.2331285,28.0,-1,15.240786
34,140,573.550464630127,1098.7759983539581,578.79345703125,1099.9986572265625,3.95111,12.0,-1,19.539598
16,140,1405.579273223877,1168.3790256977081,1410.822265625,1169.6016845703125,3.3523023,10.0,-1,7.6670375
9,140,215.54562759399414,20.991532564163208,220.7886199951172,22.214191436767578,3.1434486,8.0,1,12.7718
7,140,162.86275100708008,438.8101170063019,168.10574340820312,440.03277587890625,2.8330038,8.0,-1,5.2030563
29,140,533.2402839660645,404.990079164505,538.4832763671875,406.2127380371094,2.567961,16.0,-1,12.93797
19,140,952.684741973877,528.5153172016144,957.927734375,529.7379760742188,2.5488732,10.0,-1,7.9627914
23,140,735.3291511535645,308.49072003364563,740.5721435546875,309.71337890625,2.502179,6.0,1,6.6036134
183,140,457.0573921203613,453.03915143013,462.3003845214844,454.2618103027344,2.3340251,18.0,-1,11.313656
366,140,173.0744514465332,436.82583355903625,178.31744384765625,438.0484924316406,2.1955693,10.0,1,12.866627
17,140,654.3066291809082,296.1101658344269,659.5496215820312,297.33282470703125,2.035568,8.0,1,15.365669
1,140,528.9809455871582,675.8152439594269,534.2239379882812,677.0379028320312,1.9012485,10.0,-1,3.301275
28,140,54.43552017211914,519.4630100727081,59.67851257324219,520.6856689453125,1.8253021,6.0,1,13.243071
355,140,1597.172046661377,392.7780125141144,1602.4150390625,394.00067138671875,1.5996598,28.0,-1,4.511196
218,140,1419.8584480285645,10.542561769485474,1425.1014404296875,11.765220642089844,1.4638942,16.0,-1,43.10721
32,140,367.0734748840332,194.02483868598938,372.31646728515625,195.24749755859375,1.2496796,10.0,-1,9.273795
15,140,1298.307544708252,12.975669145584106,1303.550537109375,14.198328018188477,1.1890959,6.0,1,6.386582
13,140,1522.1104011535645,840.2794773578644,1527.3533935546875,841.5021362304688,1.1356386,18.0,-1,6.2808623
11,140,752.2712898254395,820.4422581195831,757.5142822265625,821.6649169921875,0.9976292,10.0,-1,10.700706
27,140,234.66318130493164,632.1732151508331,239.9061737060547,633.3958740234375,0.841161,10.0,1,5.3985267
250,140,165.44670486450195,416.04296612739563,170.689697265625,417.265625,0.65506506,12.0,-1,10.527961
33,140,510.03837966918945,1190.9674046039581,515.2813720703125,1192.1900634765625,0.5491963,10.0,-1,8.056738
368,140,1605.506763458252,417.4489109516144,1610.749755859375,418.67156982421875,0.5116218,20.0,1,8.18256
352,140,283.3250923156738,133.12125897407532,288.5680847167969,134.3439178466797,0.4533358,12.0,1,14.56912
266,140,359.34001541137695,52.41963315010071,364.5830078125,53.64229202270508,0.42772496,10.0,-1,9.5396595
262,140,505.7622261047363,441.33474469184875,511.0052185058594,442.5574035644531,0.42022142,16.0,1,8.358796
208,140,503.9780464172363,804.7276585102081,509.2210388183594,805.9503173828125,0.38734487,10.0,1,1.1120585
320,140,1318.313892364502,445.01077008247375,1323.556884765625,446.2334289550781,0.3864787,14.0,-1,11.851973
348,140,1406.515552520752,22.406489610671997,1411.758544921875,23.629148483276367,0.34757677,16.0,1,10.3591175
35,140,449.2276191711426,752.5854465961456,454.4706115722656,753.80810546875,0.34470868,10.0,-1,1.4591247
309,140,51.793949127197266,743.3151829242706,57.03694152832031,744.537841796875,0.25558403,8.0,-1,9.621753
295,140,310.4179267883301,201.23002362251282,315.6609191894531,202.4526824951172,0.22466497,10.0,1,2.4071105
289,140,468.9313850402832,807.9559299945831,474.17437744140625,809.1785888671875,0.19275826,28.0,1,8.743271
2,141,298.8211250305176,119.3224766254425,304.1457824707031,120.5233154296875,11.190327,10.0,1,21.633461
5,141,517.7480354309082,451.0444920063019,523.0726928710938,452.2453308105469,9.941493,18.0,-1,36.600647
6,141,1214.645679473877,590.4596226215363,1219.9703369140625,591.6604614257812,8.468075,10.0,1,21.146315
0,141,113.5696907043457,1102.087735414505,118.89434814453125,1103.28857421875,8.416198,10.0,1,31.53537
3,141,830.8662605285645,1062.59628033638,836.19091796875,1063.797119140625,7.0091934,8.0,1,20.084301
4,141,1480.654468536377,226.50739789009094,1485.9791259765625,227.70823669433594,6.4829745,6.0,1,3.2064168
40,141,204.39748001098633,474.6677830219269,209.72213745117188,475.8686218261719,6.1111913,10.0,-1,34.08518
8,141,879.5541877746582,317.0929844379425,884.8788452148438,318.2938232421875,5.6394043,14.0,-1,25.926964
26,141,780.650074005127,1150.7873203754425,785.9747314453125,1151.9881591796875,5.095531,10.0,-1,14.090389
378,141,98.80874252319336,459.8549473285675,104.1333999633789,461.0557861328125,5.080339,28.0,-1,16.817493
10,141,1235.529712677002,183.9724247455597,1240.8543701171875,185.1732635498047,4.9115143,10.0,-1,25.337318
20,141,566.485767364502,826.66317486763,571.8104248046875,827.864013671875,4.455213,8.0,-1,37.538166
24,141,1308.9204597473145,454.9091160297394,1314.2451171875,456.1099548339844,3.6105864,8.0,1,20.442358
9,141,214.9078712463379,19.77307629585266,220.23252868652344,20.973915100097656,3.5889127,8.0,1,12.74545
34,141,576.1810188293457,1097.90975689888,581.5056762695312,1099.110595703125,3.3814127,12.0,-1,20.97249
16,141,1405.2007331848145,1170.8276035785675,1410.525390625,1172.0284423828125,3.3257792,10.0,-1,11.064945
7,141,164.27214431762695,439.203946352005,169.5968017578125,440.40478515625,3.1885233,24.0,-1,7.0176454
366,141,172.1108283996582,436.10000348091125,177.43548583984375,437.30084228515625,2.518326,24.0,1,5.8269544
29,141,533.1684455871582,402.10903668403625,538.4931030273438,403.30987548828125,2.3812785,16.0,-1,13.478391
23,141,734.7891731262207,308.49072003364563,740.1138305664062,309.6915588378906,2.1350002,6.0,1,6.7622914
1,141,529.1315803527832,674.5543491840363,534.4562377929688,675.7551879882812,2.104479,10.0,-1,5.82405
183,141,457.56584548950195,455.02596783638,462.8905029296875,456.226806640625,1.5686402,18.0,-1,11.58371
15,141,1298.836841583252,14.576907396316528,1304.1614990234375,15.777746200561523,1.5587034,6.0,1,5.7303157
355,141,1595.412769317627,393.12869000434875,1600.7374267578125,394.32952880859375,1.4584622,28.0,-1,5.1920385
19,141,955.2536506652832,527.5573399066925,960.5783081054688,528.7581787109375,1.4045749,10.0,-1,7.6511316
28,141,53.082427978515625,521.268399477005,58.40708541870117,522.46923828125,1.3514129,6.0,1,12.93305
32,141,368.6689643859863,190.8705723285675,373.9936218261719,192.0714111328125,1.3382082,10.0,-1,4.691306
13,141,1521.377857208252,837.6108677387238,1526.7025146484375,838.8117065429688,1.2918069,18.0,-1,7.931352
11,141,753.2026863098145,821.2389194965363,758.52734375,822.4397583007812,1.2688454,8.0,-1,10.295228
218,141,1420.0266609191895,9.614970445632935,1425.351318359375,10.81580924987793,1.2231501,16.0,-1,45.076374
17,141,651.2164192199707,298.60604596138,656.5410766601562,299.806884765625,1.2201576,6.0,1,18.92063
250,141,166.8807258605957,416.70559430122375,172.20538330078125,417.90643310546875,0.7624855,20.0,-1,4.3725524
33,141,505.3502998352051,1192.2431309223175,510.6749572753906,1193.4439697265625,0.70626503,8.0,-1,9.831414
208,141,501.1167793273926,807.6861851215363,506.4414367675781,808.8870239257812,0.6671569,10.0,1,1.7658911
35,141,448.3204536437988,752.12899518013,453.6451110839844,753.329833984375,0.5137418,10.0,-1,2.435986
309,141,48.1323356628418,744.5582554340363,53.456993103027344,745.7590942382812,0.49085474,6.0,-1,12.628522
352,141,283.2017402648926,132.82706952095032,288.5263977050781,134.0279083251953,0.4828367,12.0,1,12.251821
262,141,506.4227485656738,441.82534527778625,511.7474060058594,443.02618408203125,0.47486916,14.0,1,4.8302016
266,141,359.40690994262695,51.489720582962036,364.7315673828125,52.69055938720703,0.45761648,10.0,-1,8.618565
27,141,234.15573501586914,632.978360414505,239.4803924560547,634.17919921875,0.4284687,10.0,1,5.588812
320,141,1318.7944831848145,443.77798199653625,1324.119140625,444.97882080078125,0.33808163,26.0,-1,12.587397
348,141,1403.156177520752,24.634106874465942,1408.4808349609375,25.834945678710938,0.3266043,20.0,1,10.740563
368,141,1605.506763458252,416.433438539505,1610.8314208984375,417.63427734375,0.27757254,18.0,1,6.906677
289,141,467.5230903625488,807.2120640277863,472.8477478027344,808.4129028320312,0.20938115,24.0,1,9.004481
295,141,308.5314521789551,199.4961063861847,313.8561096191406,200.6969451904297,0.1867888,12.0,1,1.6299965
2,142,298.3431587219238,119.26779675483704,303.73974609375,120.61955261230469,14.678658,10.0,1,21.061714
5,142,517.8546943664551,452.0263569355011,523.2512817382812,453.37811279296875,10.797612,18.0,-1,36.306904
0,142,114.20904159545898,1101.3801777362823,119.60562896728516,1102.73193359375,10.487721,10.0,1,31.052252
6,142,1214.7960395812988,589.5640156269073,1220.192626953125,590.915771484375,7.8405223,10.0,1,21.604342
4,142,1482.4472846984863,224.8784077167511,1487.8438720703125,226.23016357421875,6.9839864,6.0,1,5.0190315
10,142,1235.3545112609863,182.41467785835266,1240.7510986328125,183.7664337158203,6.3663654,10.0,-1,25.511488
3,142,831.4359321594238,1063.4880878925323,836.83251953125,1064.83984375,6.1697154,8.0,1,20.263641
8,142,877.7329902648926,319.5916950702667,883.1295776367188,320.9434509277344,4.9272647,12.0,-1,28.222843
9,142,213.50098037719727,19.564967393875122,218.89756774902344,20.916723251342773,3.8738182,8.0,1,18.125423
34,142,571.6839790344238,1096.8811542987823,577.08056640625,1098.23291015625,3.8173475,12.0,-1,19.222002
7,142,164.84479141235352,440.1635639667511,170.2413787841797,441.51531982421875,3.8027344,24.0,-1,7.49642
26,142,780.2283515930176,1151.8398945331573,785.6249389648438,1153.191650390625,3.5549548,10.0,-1,11.999487
40,142,204.67244338989258,475.6782124042511,210.06903076171875,477.02996826171875,3.552232,8.0,-1,25.679272
183,142,456.5860481262207,458.1682026386261,461.9826354980469,459.51995849609375,2.9966552,18.0,-1,11.976993
20,142,566.5598335266113,828.1431782245636,571.9564208984375,829.4949340820312,2.9353144,8.0,-1,35.444195
24,142,1310.2846870422363,454.1916401386261,1315.6812744140625,455.54339599609375,2.5787437,8.0,1,18.396463
378,142,100.40607833862305,457.1399738788605,105.80266571044922,458.4917297363281,2.5352156,28.0,-1,17.169691
29,142,532.5235786437988,401.1221821308136,537.920166015625,402.47393798828125,2.4087288,18.0,-1,12.505464
23,142,733.9086494445801,308.5453999042511,739.3052368164062,309.89715576171875,2.244387,6.0,1,5.7076626
1,142,531.1712837219238,674.7275288105011,536.56787109375,676.0792846679688,2.1979866,10.0,-1,10.773817
16,142,1403.0495796203613,1171.3960468769073,1408.4461669921875,1172.747802734375,1.7380638,10.0,-1,5.4535513
32,142,368.9209785461426,191.96571850776672,374.31756591796875,193.31747436523438,1.7191992,10.0,-1,11.556002
15,142,1300.9665718078613,16.384942293167114,1306.3631591796875,17.736698150634766,1.6300219,6.0,1,1.4414996
19,142,956.2686347961426,528.6982319355011,961.6652221679688,530.0499877929688,1.5856775,10.0,-1,10.171543
17,142,648.3905220031738,296.9550983905792,653.787109375,298.3068542480469,1.5138078,6.0,1,17.631186
11,142,753.7103462219238,821.4176533222198,759.10693359375,822.7694091796875,1.403324,10.0,-1,12.13939
28,142,52.711944580078125,519.3361103534698,58.1085319519043,520.6878662109375,1.3459443,6.0,1,15.960342
13,142,1517.9294624328613,835.7617695331573,1523.3260498046875,837.113525390625,1.3343598,16.0,-1,6.6182947
33,142,502.90825271606445,1194.3395283222198,508.3048400878906,1195.6912841796875,1.3062929,8.0,-1,15.175595
218,142,1423.1286811828613,6.584172487258911,1428.5252685546875,7.9359283447265625,1.3025906,14.0,-1,43.720978
355,142,1592.9360542297363,395.9297077655792,1598.3326416015625,397.2814636230469,0.7569149,28.0,-1,5.91235
250,142,166.75288772583008,415.9955952167511,172.14947509765625,417.34735107421875,0.7201305,20.0,-1,15.77971
35,142,450.0690803527832,751.5658466815948,455.4656677246094,752.9176025390625,0.65246886,10.0,-1,2.1500695
27,142,231.32916641235352,628.8317158222198,236.7257537841797,630.1834716796875,0.549367,10.0,1,2.7328682
309,142,46.76597595214844,740.3261616230011,52.16256332397461,741.6779174804688,0.54388976,8.0,-1,13.130917
368,142,1605.6893501281738,418.06352734565735,1611.0859375,419.415283203125,0.5291621,24.0,1,8.594548
262,142,505.8829536437988,441.648396730423,511.279541015625,443.0001525878906,0.49894878,16.0,1,7.695158
266,142,360.0937080383301,49.63644528388977,365.49029541015625,50.98820114135742,0.49016502,10.0,-1,9.075802
352,142,283.1276741027832,133.18552136421204,288.5242614746094,134.5372772216797,0.45924446,12.0,1,13.917953
208,142,501.1927070617676,810.8571064472198,506.58929443359375,812.2088623046875,0.43157914,10.0,1,0.6377692
320,142,1319.0529975891113,443.1841633319855,1324.4495849609375,444.5359191894531,0.42468485,10.0,-1,11.541836
348,142,1403.7552680969238,23.13008999824524,1409.15185546875,24.48184585571289,0.31722328,20.0,1,11.878906
289,142,466.56547927856445,807.4120991230011,471.9620666503906,808.7638549804688,0.28312203,28.0,1,9.207219
295,142,305.8184394836426,202.2058002948761,311.21502685546875,203.55755615234375,0.28302857,10.0,1,3.1454794
5,143,516.7074775695801,453.8942768573761,522.1682739257812,455.7743225097656,13.846783,16.0,-1,36.49108
2,143,298.7984809875488,118.46658062934875,304.25927734375,120.34662628173828,12.47833,10.0,1,20.699448
6,143,1214.8805122375488,590.8675129413605,1220.34130859375,592.74755859375,8.617228,10.0,1,5.0485244
10,143,1234.5108833312988,180.24533581733704,1239.9716796875,182.12538146972656,8.241658,10.0,-1,23.063217
8,143,876.4182319641113,320.96355175971985,881.8790283203125,322.8435974121094,7.8958325,12.0,-1,27.367609
3,143,832.4823799133301,1066.616170167923,837.9431762695312,1068.4962158203125,6.938101,8.0,1,21.847954
0,143,114.21038436889648,1100.3575031757355,119.67118072509766,1102.237548828125,6.9177556,10.0,1,30.609703
4,143,1482.4923286437988,224.5259144306183,1487.953125,226.4059600830078,6.8113484,6.0,1,4.0724335
9,143,213.49963760375977,18.461047410964966,218.96043395996094,20.341093063354492,4.1227045,8.0,1,21.118507
26,143,777.1590766906738,1151.6126301288605,782.619873046875,1153.49267578125,3.75579,10.0,-1,14.457311
20,143,564.7085151672363,826.3380329608917,570.1693115234375,828.2180786132812,3.7367933,8.0,-1,35.022705
34,143,574.2908515930176,1094.721150636673,579.7516479492188,1096.6011962890625,3.6352146,12.0,-1,20.666386
378,143,100.20450973510742,456.692097902298,105.6653060913086,458.5721435546875,3.3802881,28.0,-1,18.20572
16,143,1401.3856391906738,1171.875691652298,1406.846435546875,1173.7557373046875,3.274635,10.0,-1,10.315017
19,143,956.4146919250488,529.9327595233917,961.87548828125,531.8128051757812,3.2731206,10.0,-1,12.80906
366,143,171.9468116760254,436.442097902298,177.40760803222656,438.3221435546875,3.2270346,24.0,1,7.743253
13,143,1518.0652046203613,836.070271730423,1523.5260009765625,837.9503173828125,3.0821848,16.0,-1,6.8214436
40,143,204.66142654418945,476.4805805683136,210.12222290039062,478.3606262207031,2.9627917,8.0,-1,26.26871
7,143,165.38647842407227,439.6308796405792,170.84727478027344,441.51092529296875,2.9185104,8.0,-1,9.016911
183,143,461.05791091918945,456.5135395526886,466.5187072753906,458.3935852050781,2.5679834,20.0,-1,10.824783
23,143,732.8165473937988,305.868367433548,738.27734375,307.7484130859375,2.548218,6.0,1,7.7783985
24,143,1311.8923530578613,452.227498292923,1317.3531494140625,454.1075439453125,2.3461535,8.0,1,20.09615
29,143,529.6748237609863,397.5972492694855,535.1356201171875,399.477294921875,2.115362,16.0,-1,12.633228
1,143,530.5183296203613,675.1446735858917,535.9791259765625,677.0247192382812,1.9542108,10.0,-1,9.302005
11,143,752.5894966125488,821.158162355423,758.05029296875,823.0382080078125,1.8183659,8.0,-1,13.969253
17,143,648.0409126281738,300.4138996601105,653.501708984375,302.2939453125,1.6183501,6.0,1,8.310577
15,143,1301.3250923156738,15.5557701587677,1306.785888671875,17.435815811157227,1.5388088,6.0,1,2.0846617
33,143,500.2809944152832,1195.720906496048,505.7417907714844,1197.6009521484375,1.3778106,8.0,-1,19.231674
28,143,51.11598587036133,518.9746906757355,56.5767822265625,520.854736328125,1.3554335,6.0,1,15.967458
355,143,1590.6063423156738,394.9759113788605,1596.067138671875,396.85595703125,0.98577714,28.0,-1,6.742682
32,143,369.00993728637695,189.1884205341339,374.4707336425781,191.06846618652344,0.8054982,10.0,-1,7.692822
250,143,165.46368789672852,419.621052980423,170.9244842529297,421.5010986328125,0.69493157,6.0,1,12.42892
309,143,48.602203369140625,740.3722126483917,54.0629997253418,742.2522583007812,0.65566295,8.0,-1,14.376371
266,143,365.9724311828613,50.3547146320343,371.4332275390625,52.23476028442383,0.56686,12.0,-1,8.174427
27,143,231.38904190063477,630.5911457538605,236.84983825683594,632.47119140625,0.48684514,10.0,1,4.8550534
35,143,447.99834060668945,751.5197956562042,453.4591369628906,753.3998413085938,0.46549773,10.0,-1,2.1730444
348,143,1401.9298286437988,24.037902116775513,1407.390625,25.91794776916504,0.45189974,26.0,1,12.814228
352,143,283.02495193481445,132.35454297065735,288.4857482910156,134.23458862304688,0.42807186,12.0,1,13.259511
262,143,506.14958572387695,441.8423054218292,511.6103820800781,443.72235107421875,0.40800285,16.0,1,7.326666
320,143,1321.1793403625488,443.8106892108917,1326.64013671875,445.69073486328125,0.39294967,10.0,-1,13.665017
208,143,505.35734939575195,813.494343996048,510.8181457519531,815.3743896484375,0.37656078,10.0,1,0.7799905
295,143,307.4397773742676,203.62575268745422,312.90057373046875,205.50579833984375,0.29302174,10.0,1,2.9783442
368,143,1608.2354927062988,419.4537556171417,1613.6962890625,421.33380126953125,0.26054272,22.0,1,6.4172387
5,144,517.3015937805176,454.32915234565735,522.8416137695312,456.1670837402344,12.317992,16.0,-1,36.30786
2,144,298.91423416137695,118.08619427680969,304.4542541503906,119.92412567138672,11.613582,10.0,1,19.592613
3,144,830.6823921203613,1067.506062746048,836.222412109375,1069.343994140625,10.795888,8.0,1,25.662796
0,144,112.35833358764648,1100.2937824726105,117.89835357666016,1102.1317138671875,6.4922814,10.0,1,31.409935
8,144,876.0045356750488,320.1262409687042,881.5445556640625,321.96417236328125,6.024156,12.0,-1,31.031645
10,144,1232.9354438781738,180.07655835151672,1238.4754638671875,181.91448974609375,5.456866,10.0,-1,22.129253
34,144,576.5013008117676,1096.6536457538605,582.0413208007812,1098.4915771484375,5.1161427,12.0,-1,20.965504
6,144,1217.1203804016113,592.6699421405792,1222.660400390625,594.5078735351562,5.101827,14.0,-1,2.7554903
26,144,775.8193550109863,1152.326619386673,781.359375,1154.16455078125,5.0030637,10.0,-1,18.033012
4,144,1483.9214057922363,226.5048267841339,1489.46142578125,228.34275817871094,4.761898,6.0,1,3.7181373
9,144,213.71449661254883,18.298495531082153,219.2545166015625,20.13642692565918,4.664296,8.0,1,22.026756
16,144,1400.9505805969238,1169.049519777298,1406.4906005859375,1170.887451171875,3.8594644,10.0,-1,14.603422
366,144,172.1727638244629,436.442097902298,177.71278381347656,438.280029296875,3.6278408,24.0,1,8.884789
20,144,564.3354682922363,827.640584230423,569.87548828125,829.478515625,3.555289,8.0,-1,35.675636
7,144,165.44015884399414,440.0454304218292,170.9801788330078,441.88336181640625,3.2491748,8.0,-1,8.729043
40,144,202.53447341918945,477.7947895526886,208.07449340820312,479.6327209472656,2.8339424,10.0,-1,30.146616
378,144,98.70669937133789,455.30144238471985,104.24671936035156,457.1393737792969,2.825134,28.0,-1,15.2004595
33,144,500.3973274230957,1196.646687746048,505.9373474121094,1198.484619140625,2.8105924,8.0,-1,27.313318
24,144,1312.6170845031738,451.509968996048,1318.1571044921875,453.347900390625,2.450187,8.0,1,21.674475
183,144,461.1559028625488,456.0455524921417,466.6959228515625,457.88348388671875,2.2757409,20.0,-1,10.965288
23,144,733.9290351867676,306.02165722846985,739.4690551757812,307.8595886230469,2.2613375,6.0,1,6.0898414
29,144,529.0150947570801,395.5724995136261,534.5551147460938,397.4104309082031,1.9295448,16.0,-1,14.261826
13,144,1513.5692329406738,835.3492023944855,1519.1092529296875,837.1871337890625,1.8880963,16.0,-1,7.9614115
11,144,752.9516792297363,822.8126423358917,758.49169921875,824.6505737304688,1.882228,8.0,-1,13.547824
1,144,529.3705024719238,676.540486574173,534.9105224609375,678.37841796875,1.8738958,10.0,-1,10.394217
32,144,366.9217414855957,189.80205273628235,372.4617614746094,191.63998413085938,1.8484048,10.0,-1,12.771433
19,144,956.4146919250488,530.7200520038605,961.9547119140625,532.5579833984375,1.8373879,8.0,-1,17.516287
28,144,50.58839416503906,520.8853352069855,56.128414154052734,522.7232666015625,1.3270355,6.0,1,14.314843
355,144,1593.3971138000488,394.1111958026886,1598.9371337890625,395.9491271972656,1.2485713,28.0,-1,7.2604656
17,144,645.9917182922363,301.3363239765167,651.53173828125,303.17425537109375,1.2459426,6.0,1,8.307458
309,144,48.63164138793945,738.2079060077667,54.171661376953125,740.0458374023438,1.2097136,8.0,-1,16.426588
250,144,164.87343215942383,418.67888379096985,170.4134521484375,420.5168151855469,0.904974,6.0,1,7.872983
15,144,1301.8882026672363,17.337525606155396,1307.42822265625,19.175457000732422,0.8347998,6.0,1,3.4545057
320,144,1320.6277046203613,442.1740620136261,1326.167724609375,444.0119934082031,0.57795846,10.0,-1,14.960248
27,144,233.55661392211914,631.8184406757355,239.0966339111328,633.6563720703125,0.4989952,10.0,1,5.4175925
208,144,504.1801643371582,810.0754597187042,509.7201843261719,811.9133911132812,0.47649696,10.0,1,2.4743493
266,144,367.1886787414551,48.156041383743286,372.72869873046875,49.99397277832031,0.4159169,16.0,-1,7.5408154
352,144,282.8532600402832,131.74294018745422,288.3932800292969,133.58087158203125,0.39497253,12.0,1,10.954668
348,144,1404.0778999328613,23.97247815132141,1409.617919921875,25.810409545898438,0.38269076,20.0,1,11.892535
35,144,449.3014717102051,747.6767780780792,454.84149169921875,749.5147094726562,0.3476344,10.0,-1,3.232894
262,144,507.1441841125488,443.23979687690735,512.6842041015625,445.0777282714844,0.29732522,16.0,1,5.731161
295,144,305.0653877258301,205.48323559761047,310.60540771484375,207.3211669921875,0.28374776,12.0,1,2.5376363
368,144,1606.7208442687988,418.3475544452667,1612.2608642578125,420.18548583984375,0.25907075,26.0,1,7.4774747
5,145,518.3003425598145,454.1767780780792,523.899658203125,455.9695739746094,14.258172,18.0,-1,36.491688
3,145,830.2395515441895,1066.6302998065948,835.8388671875,1068.423095703125,10.935706,8.0,1,26.885406
2,145,298.4850959777832,117.92204022407532,304.08441162109375,119.71483612060547,10.020698,10.0,1,19.564936
8,145,876.253833770752,322.3863117694855,881.8531494140625,324.1791076660156,8.545638,12.0,-1,31.434914
0,145,111.82143020629883,1100.8750507831573,117.42074584960938,1102.6678466796875,8.367049,12.0,1,30.226692
10,145,1234.4377937316895,178.26425671577454,1240.037109375,180.0570526123047,6.665274,10.0,-1,24.761477
6,145,1218.091724395752,592.4705708026886,1223.6910400390625,594.2633666992188,6.5958333,10.0,1,1.5754317
26,145,774.6924324035645,1154.0679218769073,780.291748046875,1155.8607177734375,6.1663136,10.0,-1,20.244684
9,145,213.71449661254883,17.357611894607544,219.31381225585938,19.150407791137695,5.113912,8.0,1,21.871212
4,145,1485.508960723877,226.73508191108704,1491.1082763671875,228.5278778076172,4.3132777,6.0,1,4.6889977
16,145,1398.276782989502,1168.3849384784698,1403.8760986328125,1170.177734375,3.9844062,10.0,-1,14.519354
20,145,566.7290534973145,828.0884907245636,572.328369140625,829.8812866210938,3.574577,8.0,-1,33.49169
34,145,576.161304473877,1099.8302509784698,581.7606201171875,1101.623046875,3.528053,12.0,-1,18.788465
19,145,956.0764656066895,529.5264179706573,961.67578125,531.3192138671875,3.1066983,8.0,-1,18.361893
24,145,1314.4941902160645,450.2056477069855,1320.093505859375,451.9984436035156,3.100971,8.0,1,26.603348
33,145,498.5021858215332,1194.5984394550323,504.10150146484375,1196.3912353515625,2.9993105,8.0,-1,31.654472
378,145,98.43816757202148,455.7280170917511,104.03748321533203,457.52081298828125,2.6862962,28.0,-1,16.771214
1,145,529.7903327941895,676.0223896503448,535.3896484375,677.815185546875,2.6527107,10.0,-1,11.873331
366,145,169.60393142700195,436.442097902298,175.2032470703125,438.2348937988281,2.5209048,18.0,-1,4.592881
29,145,530.1286506652832,397.8831684589386,535.7279663085938,399.67596435546875,2.3743236,16.0,-1,14.625042
183,145,459.5830879211426,459.0744526386261,465.1824035644531,460.86724853515625,2.3651533,20.0,-1,11.539004
40,145,200.39921951293945,478.03862500190735,205.99853515625,479.8314208984375,2.3198798,8.0,-1,29.767523
23,145,733.2864875793457,306.8680622577667,738.8858032226562,308.6608581542969,2.1025193,6.0,1,2.0540438
17,145,644.8242073059082,301.9715473651886,650.4235229492188,303.76434326171875,1.8477798,6.0,1,8.780299
13,145,1513.719409942627,833.9056293964386,1519.3187255859375,835.6984252929688,1.8309593,16.0,-1,7.533946
28,145,52.03294372558594,521.5546772480011,57.632259368896484,523.3474731445312,1.7931957,6.0,1,14.726829
32,145,368.5854072570801,191.4931538105011,374.1847229003906,193.28594970703125,1.3812059,10.0,-1,13.769829
11,145,753.8225593566895,823.8585712909698,759.421875,825.6513671875,1.3212467,8.0,-1,13.465768
15,145,1304.254322052002,15.847230195999146,1309.8536376953125,17.640026092529297,1.0207391,6.0,1,6.130414
355,145,1590.1460456848145,390.20293164253235,1595.745361328125,391.9957275390625,0.9180427,26.0,-1,11.934686
309,145,50.51234436035156,736.3853657245636,56.11166000366211,738.1781616210938,0.90532875,6.0,-1,15.483585
250,145,164.2060432434082,418.79143261909485,169.80535888671875,420.584228515625,0.88668114,6.0,1,5.4232936
208,145,507.74626541137695,809.0475971698761,513.3455810546875,810.8403930664062,0.8399915,10.0,1,1.6949344
27,145,234.78371047973633,634.0780537128448,240.38302612304688,635.870849609375,0.83174586,10.0,1,5.643837
35,145,448.4777717590332,746.6620991230011,454.07708740234375,748.4548950195312,0.62943393,10.0,-1,4.7481875
352,145,283.0135078430176,132.0395863056183,288.6128234863281,133.83238220214844,0.55884606,12.0,1,12.339918
262,145,506.47673416137695,441.96086621284485,512.0760498046875,443.753662109375,0.4301665,16.0,1,8.949867
295,145,307.82414627075195,206.37573742866516,313.4234619140625,208.1685333251953,0.36083853,10.0,1,1.636455
348,145,1402.280689239502,24.275752305984497,1407.8800048828125,26.06854820251465,0.30968058,22.0,1,12.223942
368,145,1606.479419708252,417.8662312030792,1612.0787353515625,419.6590270996094,0.30596808,24.0,1,8.694181
289,145,469.02898025512695,809.5244038105011,474.6282958984375,811.3171997070312,0.2584518,28.0,1,8.697577
266,145,369.8750190734863,45.3104145526886,375.4743347167969,47.10321044921875,0.23369397,14.0,-1,6.407446
5,146,518.1411628723145,454.66275811195374,523.6925659179688,456.50738525390625,12.284064,16.0,-1,35.545753
3,146,830.0696296691895,1065.9615252017975,835.6210327148438,1067.80615234375,11.236421,8.0,1,27.201479
2,146,298.95488357543945,118.98751091957092,304.50628662109375,120.83213806152344,10.58719,10.0,1,17.726643
6,146,1218.1013069152832,590.744606256485,1223.6527099609375,592.5892333984375,9.217076,10.0,1,10.426522
0,146,112.95444869995117,1101.5076677799225,118.50585174560547,1103.352294921875,6.7404594,12.0,1,25.24967
10,146,1232.5696907043457,179.20693230628967,1238.12109375,181.0515594482422,6.365467,10.0,-1,23.469294
8,146,874.128589630127,324.52677178382874,879.6799926757812,326.37139892578125,5.9363627,12.0,-1,32.16232
34,146,579.753345489502,1098.16037774086,585.3047485351562,1100.0050048828125,5.334875,10.0,-1,23.65752
4,146,1485.8550910949707,225.68109917640686,1491.406494140625,227.52572631835938,5.2807674,6.0,1,8.197417
26,146,773.2432746887207,1152.6133806705475,778.794677734375,1154.4580078125,4.705302,10.0,-1,21.295565
19,146,956.0668830871582,529.2801897525787,961.6182861328125,531.1248168945312,3.5637648,8.0,-1,22.604832
20,146,568.327075958252,828.5206072330475,573.8784790039062,830.365234375,3.5538158,8.0,-1,37.33577
33,146,500.61870193481445,1193.936500787735,506.17010498046875,1195.7811279296875,3.5395963,8.0,-1,28.050499
9,146,215.69983291625977,17.06100869178772,221.25123596191406,18.905635833740234,3.5241117,8.0,1,23.39377
366,146,173.9391975402832,436.2889177799225,179.4906005859375,438.133544921875,3.130082,10.0,1,11.075559
23,146,734.6251106262207,306.2484209537506,740.176513671875,308.0930480957031,3.061532,6.0,1,4.6641135
24,146,1314.4301643371582,451.03131890296936,1319.9815673828125,452.8759460449219,2.9127495,8.0,1,24.716145
16,146,1394.9791145324707,1169.67209649086,1400.530517578125,1171.5167236328125,2.8816397,10.0,-1,11.506727
183,146,459.96367263793945,466.2241289615631,465.51507568359375,468.0687561035156,2.7792265,20.0,-1,11.012011
29,146,531.7288703918457,398.0482256412506,537.2802734375,399.8928527832031,2.6327457,14.0,-1,16.91437
1,146,531.0847663879395,677.3177263736725,536.6361694335938,679.162353515625,2.2555554,10.0,-1,11.50528
17,146,642.9515266418457,300.4111406803131,648.5029296875,302.2557678222656,2.047341,6.0,1,10.060382
378,146,95.48337936401367,455.43814873695374,101.03478240966797,457.28277587890625,2.043594,28.0,-1,13.278667
40,146,203.35149002075195,476.290992975235,208.90289306640625,478.1356201171875,1.8745571,10.0,-1,23.957006
11,146,751.2039680480957,821.9698259830475,756.75537109375,823.814453125,1.772705,10.0,-1,10.412395
15,146,1305.0795783996582,16.000410318374634,1310.6309814453125,17.84503746032715,1.7578002,6.0,1,4.625103
32,146,368.6396675109863,192.49991631507874,374.1910705566406,194.34454345703125,1.5117801,10.0,-1,13.271809
355,146,1593.3209114074707,391.990211725235,1598.872314453125,393.8348388671875,1.298886,28.0,-1,5.9485826
28,146,54.069271087646484,522.021950006485,59.62067413330078,523.8665771484375,1.1051484,6.0,1,15.619074
13,146,1513.4387092590332,835.43967461586,1518.9901123046875,837.2843017578125,1.0599246,18.0,-1,6.9869385
309,146,48.275550842285156,741.14133477211,53.82695388793945,742.9859619140625,1.0245066,8.0,-1,15.094326
250,146,165.91839981079102,417.70529961586,171.4698028564453,419.5499267578125,0.8406401,6.0,1,0.36982203
27,146,234.43213272094727,636.2767107486725,239.98353576660156,638.121337890625,0.7711149,12.0,1,4.684162
208,146,506.40398025512695,808.54709649086,511.95538330078125,810.3917236328125,0.57638174,10.0,1,1.7180307
35,146,446.08317947387695,744.1407854557037,451.63458251953125,745.9854125976562,0.52789325,10.0,-1,7.755328
352,146,283.23381423950195,133.08251214027405,288.78521728515625,134.92713928222656,0.48241588,12.0,1,14.209063
348,146,1402.1837043762207,24.087896585464478,1407.735107421875,25.932523727416992,0.42565963,22.0,1,11.979233
218,146,1426.3594856262207,12.333786249160767,1431.910888671875,14.178413391113281,0.33209455,10.0,1,12.500915
262,146,506.81828689575195,441.79349541664124,512.3696899414062,443.63812255859375,0.28090146,16.0,1,9.618437
368,146,1604.8157844543457,416.90811944007874,1610.3671875,418.75274658203125,0.27891466,22.0,1,8.179801
266,146,363.99504470825195,48.02428460121155,369.54644775390625,49.86891174316406,0.25834465,14.0,-1,5.226963
289,146,468.7466926574707,809.2493669986725,474.298095703125,811.093994140625,0.24567038,26.0,1,8.821598
295,146,304.4735298156738,213.17031121253967,310.0249328613281,215.0149383544922,0.20694411,28.0,-1,1.6844094
5,147,516.0872764587402,455.94510674476624,521.4449462890625,457.9626770019531,15.502323,16.0,-1,36.52415
2,147,299.4618492126465,119.4951479434967,304.81951904296875,121.5127182006836,13.0391655,10.0,1,18.831545
3,147,828.5535850524902,1066.169929742813,833.9112548828125,1068.1875,12.984843,8.0,1,31.751383
6,147,1218.1392784118652,589.8231890201569,1223.4969482421875,591.8407592773438,10.024602,10.0,1,16.2986
0,147,112.88209915161133,1101.3961260318756,118.2397689819336,1103.4136962890625,7.1648784,12.0,1,22.368681
34,147,578.7980918884277,1095.899421930313,584.15576171875,1097.9169921875,7.117085,12.0,-1,23.029879
8,147,872.035945892334,322.9173662662506,877.3936157226562,324.9349365234375,5.136049,12.0,-1,29.248894
26,147,771.0595054626465,1153.1512529850006,776.4171752929688,1155.1688232421875,4.918245,10.0,-1,23.295506
4,147,1485.2496299743652,225.9950029850006,1490.6072998046875,228.0125732421875,4.860354,6.0,1,5.9208817
9,147,214.41799545288086,17.596351861953735,219.77566528320312,19.613922119140625,4.3353496,8.0,1,23.717619
10,147,1232.1474571228027,177.53583550453186,1237.505126953125,179.55340576171875,4.08131,10.0,-1,18.969591
366,147,172.62833786010742,434.4961931705475,177.9860076904297,436.5137634277344,3.6501768,8.0,1,0.19972229
33,147,502.5731773376465,1194.998543024063,507.93084716796875,1197.01611328125,3.2893207,8.0,-1,36.957836
183,147,456.8346824645996,468.460426568985,462.1923522949219,470.4779968261719,3.2317705,20.0,-1,11.185215
29,147,530.166316986084,398.03104424476624,535.5239868164062,400.0486145019531,3.1318376,16.0,-1,15.085479
16,147,1396.8666954040527,1169.717781305313,1402.224365234375,1171.7353515625,2.8059874,10.0,-1,8.924699
24,147,1314.1422080993652,452.07538628578186,1319.4998779296875,454.09295654296875,2.737548,8.0,1,23.346611
20,147,568.9938926696777,832.0197222232819,574.3515625,834.0372924804688,2.717105,8.0,-1,31.88209
1,147,533.405086517334,675.2337114810944,538.7627563476562,677.2512817382812,2.3536541,10.0,-1,11.291126
15,147,1307.2336387634277,15.633257150650024,1312.59130859375,17.650827407836914,2.2237337,6.0,1,3.4885678
23,147,735.3322105407715,305.66339898109436,740.6898803710938,307.68096923828125,2.2214735,6.0,1,9.150909
40,147,205.33181381225586,474.71735405921936,210.68948364257812,476.73492431640625,2.1830482,10.0,-1,23.294638
7,147,165.14277267456055,437.89249444007874,170.5004425048828,439.9100646972656,2.1572783,24.0,-1,13.587239
28,147,54.24740982055664,524.2025225162506,59.605079650878906,526.2200927734375,2.1075633,6.0,1,13.434164
19,147,957.0397300720215,527.3431475162506,962.3973999023438,529.3607177734375,2.0738173,8.0,-1,15.655413
17,147,644.8980674743652,299.8835527896881,650.2557373046875,301.901123046875,2.0250037,6.0,1,5.0378838
378,147,95.44540786743164,453.68576836586,100.8030776977539,455.7033386230469,1.9980159,28.0,-1,12.178425
13,147,1511.9898643493652,833.7843096256256,1517.3475341796875,835.8018798828125,1.6931305,20.0,-1,7.4793463
11,147,750.9415245056152,819.4588701725006,756.2991943359375,821.4764404296875,1.59299,10.0,-1,10.325077
355,147,1593.0921592712402,393.96256279945374,1598.4498291015625,395.9801330566406,1.2174811,28.0,-1,7.8623476
309,147,46.9737663269043,738.0485918521881,52.33143615722656,740.066162109375,0.78786284,8.0,-1,16.103064
27,147,237.14733505249023,635.7340776920319,242.5050048828125,637.7516479492188,0.7284701,10.0,1,4.953842
250,147,166.93571090698242,417.72248101234436,172.2933807373047,419.74005126953125,0.68793327,6.0,1,3.7572873
32,147,369.2611656188965,192.19858574867249,374.61883544921875,194.21615600585938,0.6483137,10.0,-1,3.9078834
35,147,448.15172958374023,743.4321978092194,453.5093994140625,745.4497680664062,0.53653175,10.0,-1,6.3958697
266,147,359.54116439819336,50.530121088027954,364.8988342285156,52.547691345214844,0.4575864,12.0,-1,6.022872
368,147,1606.0280723571777,417.7927324771881,1611.3857421875,419.810302734375,0.39888477,22.0,1,8.050898
208,147,508.52575302124023,805.7553789615631,513.8834228515625,807.77294921875,0.39084506,10.0,1,1.3836766
352,147,283.9874839782715,133.4692461490631,289.34515380859375,135.48681640625,0.38355467,12.0,1,14.060424
348,147,1402.8279991149902,24.15081238746643,1408.1856689453125,26.16838264465332,0.34870538,22.0,1,11.403044
289,147,468.48305892944336,811.7109453678131,473.8407287597656,813.728515625,0.29453248,26.0,1,6.938789
262,147,507.1351890563965,444.64102959632874,512.4928588867188,446.6585998535156,0.26863176,16.0,1,4.7723255
295,147,302.59569931030273,215.42929863929749,307.953369140625,217.44686889648438,0.19907534,28.0,-1,4.7598324
5,148,516.4310264587402,457.0000078678131,522.3158569335938,458.7464904785156,14.488856,16.0,-1,36.14162
6,148,1217.973201751709,589.4285662174225,1223.8580322265625,591.175048828125,12.128413,10.0,1,22.678972
3,148,826.8953819274902,1068.0940935611725,832.7802124023438,1069.840576171875,11.957386,8.0,1,32.49026
2,148,297.96532821655273,120.05695366859436,303.85015869140625,121.80343627929688,10.304458,10.0,1,17.265013
0,148,112.56387710571289,1101.4212419986725,118.4487075805664,1103.167724609375,7.0082183,12.0,1,28.03513
26,148,771.6428184509277,1150.158180475235,777.5276489257812,1151.9046630859375,5.2465262,10.0,-1,20.449354
34,148,578.0278282165527,1098.2911150455475,583.9126586914062,1100.03759765625,5.06217,12.0,-1,23.157515
4,148,1485.7592124938965,227.88228631019592,1491.64404296875,229.62876892089844,4.8892155,6.0,1,5.1534057
1,148,536.3942222595215,673.86399102211,542.279052734375,675.6104736328125,4.868218,10.0,-1,18.947987
8,148,871.8403282165527,322.3400957584381,877.7251586914062,324.0865783691406,4.8452945,12.0,-1,28.149998
33,148,500.04800033569336,1195.50070977211,505.9328308105469,1197.2471923828125,4.782022,8.0,-1,39.968914
9,148,214.69045639038086,17.393572092056274,220.57528686523438,19.14005470275879,3.7873237,8.0,1,21.250612
20,148,568.5458946228027,832.6626970767975,574.4307250976562,834.4091796875,3.4345171,8.0,-1,36.911655
24,148,1313.168270111084,452.54709649086,1319.0531005859375,454.2935791015625,3.062186,8.0,1,24.162617
16,148,1397.358211517334,1169.8274919986725,1403.2430419921875,1171.573974609375,3.023342,10.0,-1,7.0156655
10,148,1232.916072845459,176.0495684146881,1238.8009033203125,177.79605102539062,2.9867504,10.0,-1,14.517031
28,148,52.186767578125,526.44162774086,58.071598052978516,528.1881103515625,2.826187,6.0,1,10.944257
19,148,956.0441856384277,526.2149431705475,961.9290161132812,527.96142578125,2.6596682,8.0,-1,15.02763
29,148,530.7938804626465,397.6724932193756,536.6787109375,399.4189758300781,2.1993775,16.0,-1,15.524723
378,148,96.19160079956055,453.31232476234436,102.07643127441406,455.0588073730469,2.1116102,28.0,-1,13.6144085
40,148,204.17104721069336,475.60453057289124,210.05587768554688,477.35101318359375,2.061846,10.0,-1,23.860212
366,148,176.16868209838867,436.38544487953186,182.0535125732422,438.1319274902344,2.0149045,10.0,1,10.833225
23,148,736.021785736084,304.4006426334381,741.9066162109375,306.1471252441406,1.7074906,6.0,1,15.732379
183,148,456.4515953063965,467.41642022132874,462.33642578125,469.16290283203125,1.7052861,18.0,-1,11.856987
7,148,163.80715560913086,435.36087822914124,169.69198608398438,437.10736083984375,1.5688167,26.0,-1,10.48809
15,148,1306.180965423584,17.484325647354126,1312.0657958984375,19.23080825805664,1.3758258,6.0,1,5.83176
355,148,1595.765438079834,395.7500994205475,1601.6502685546875,397.49658203125,1.3673979,28.0,-1,5.108568
13,148,1509.3168296813965,830.7132341861725,1515.20166015625,832.459716796875,1.3465124,20.0,-1,6.5017805
11,148,751.3781700134277,818.3610002994537,757.2630004882812,820.1074829101562,1.3347367,10.0,-1,10.19464
32,148,369.5813865661621,192.27889275550842,375.4662170410156,194.02537536621094,1.0785288,10.0,-1,8.777296
17,148,643.1827354431152,299.11454033851624,649.0675659179688,300.86102294921875,1.0642562,6.0,1,8.252429
309,148,48.0313835144043,734.9236223697662,53.91621398925781,736.6701049804688,0.8990588,8.0,-1,15.805023
250,148,167.25976181030273,414.08808159828186,173.14459228515625,415.8345642089844,0.7912368,20.0,-1,17.235558
27,148,237.14733505249023,637.4490740299225,243.03216552734375,639.195556640625,0.7522549,10.0,1,5.1795216
352,148,282.30822372436523,133.62474846839905,288.19305419921875,135.37123107910156,0.6207867,12.0,1,15.60972
208,148,509.409725189209,806.7444231510162,515.2945556640625,808.4909057617188,0.6013388,10.0,1,2.3690991
348,148,1402.361385345459,25.283531427383423,1408.2462158203125,27.030014038085938,0.43773413,22.0,1,11.207857
35,148,449.7373924255371,741.24729180336,455.6222229003906,742.9937744140625,0.42470562,10.0,-1,5.574259
266,148,359.5871238708496,49.83681511878967,365.4719543457031,51.58329772949219,0.36992463,12.0,-1,7.0146747
289,148,469.737361907959,809.4986345767975,475.6221923828125,811.2451171875,0.26904392,28.0,1,7.2396955
262,148,507.0204429626465,444.64102959632874,512.9052734375,446.38751220703125,0.25126812,16.0,1,8.377896
3,149,825.9933433532715,1068.4796373844147,831.9550170898438,1070.2066650390625,13.850402,8.0,1,31.005373
5,149,516.1827964782715,457.4964830875397,522.1444702148438,459.2235107421875,12.83387,16.0,-1,36.604378
6,149,1217.8343467712402,590.0681383609772,1223.7960205078125,591.795166015625,9.574385,10.0,1,21.136562
2,149,296.08071517944336,119.13304924964905,302.0423889160156,120.86007690429688,9.403502,10.0,1,15.43565
0,149,112.22723007202148,1101.6936266422272,118.18890380859375,1103.420654296875,7.5665975,10.0,1,31.522354
4,149,1485.7645225524902,228.4412920475006,1491.7261962890625,230.16831970214844,5.9705253,6.0,1,6.223281
8,149,871.7835655212402,322.6868517398834,877.7452392578125,324.41387939453125,5.6854672,12.0,-1,28.096577
26,149,771.1304893493652,1147.0674059391022,777.0921630859375,1148.79443359375,4.910027,10.0,-1,24.027887
9,149,215.0357322692871,17.008106470108032,220.99740600585938,18.73513412475586,3.7000551,8.0,1,22.710342
34,149,576.152156829834,1100.6456530094147,582.1138305664062,1102.3726806640625,3.5088003,12.0,-1,20.51496
1,149,539.0081748962402,671.5888903141022,544.9698486328125,673.31591796875,3.31338,10.0,-1,16.660463
33,149,501.5849266052246,1196.0456774234772,507.5466003417969,1197.772705078125,3.2947176,8.0,-1,37.110718
183,149,459.27672958374023,464.88048577308655,465.2384033203125,466.6075134277344,3.009964,20.0,-1,11.323082
378,149,94.70513534545898,454.5431444644928,100.66680908203125,456.2701721191406,2.948026,28.0,-1,14.291774
19,149,956.1490440368652,526.2279894351959,962.1107177734375,527.9550170898438,2.9307785,8.0,-1,18.543537
29,149,530.7885704040527,396.77989983558655,536.750244140625,398.5069274902344,2.907088,16.0,-1,14.333622
16,149,1398.1589317321777,1170.7219469547272,1404.12060546875,1172.448974609375,2.6199534,10.0,-1,8.412022
20,149,568.8805503845215,832.8542711734772,574.8422241210938,834.581298828125,2.4458423,8.0,-1,36.28532
24,149,1313.6901817321777,452.53405022621155,1319.65185546875,454.2610778808594,2.439192,8.0,1,24.955898
28,149,53.484352111816406,526.1258165836334,59.44602584838867,527.8528442382812,2.1705194,6.0,1,12.559106
366,149,172.91259384155273,434.1575548648834,178.874267578125,435.88458251953125,2.1517491,24.0,1,1.5568724
17,149,641.1109580993652,298.9885485172272,647.0726318359375,300.715576171875,2.122459,6.0,1,7.597362
10,149,1233.7061729431152,175.19208550453186,1239.6678466796875,176.9191131591797,2.0057478,10.0,-1,12.44299
40,149,207.30105209350586,476.3705065250397,213.26272583007812,478.0975341796875,1.947679,8.0,-1,28.678215
15,149,1304.5987510681152,19.816173791885376,1310.5604248046875,21.543201446533203,1.8330059,6.0,1,4.083864
32,149,369.2984275817871,192.19191765785217,375.2601013183594,193.9189453125,1.7398034,10.0,-1,10.054609
23,149,734.9354820251465,302.27794671058655,740.8971557617188,304.0049743652344,1.6617314,6.0,1,12.556999
309,149,51.9991340637207,733.8679430484772,57.96080780029297,735.594970703125,1.078187,8.0,-1,16.60932
27,149,237.6579246520996,637.4024889469147,243.61959838867188,639.1295166015625,1.061534,10.0,1,4.727484
13,149,1509.6762657165527,827.5121080875397,1515.637939453125,829.2391357421875,1.022288,22.0,-1,7.0023236
11,149,752.4391441345215,819.2870104312897,758.4008178710938,821.0140380859375,1.010238,10.0,-1,6.9100375
250,149,166.52016830444336,414.1759569644928,172.48184204101562,415.9029846191406,0.93592066,18.0,-1,18.799368
355,149,1595.0240440368652,396.6114122867584,1600.9857177734375,398.33843994140625,0.77862906,28.0,-1,3.5844424
352,149,282.3580894470215,133.21732354164124,288.31976318359375,134.94435119628906,0.55667824,10.0,1,19.678614
35,149,446.49538803100586,739.7020494937897,452.4570617675781,741.4290771484375,0.53415424,10.0,-1,4.9255247
348,149,1401.3649864196777,24.327018976211548,1407.32666015625,26.054046630859375,0.4387996,22.0,1,11.192154
208,149,509.80895614624023,808.1185534000397,515.7706298828125,809.8455810546875,0.35154593,10.0,1,1.2716858
266,149,360.1497459411621,50.2111132144928,366.1114196777344,51.938140869140625,0.33870268,10.0,-1,6.997702
368,149,1605.0062217712402,419.8310167789459,1610.9678955078125,421.55804443359375,0.18476851,24.0,1,5.9872437
