t_s,M_px,Rg_px,R95seed_px,Rmaxseed_px,circ_cx_px,circ_cy_px,circ_R_px,circ_R_raw_px,edge,n_comp
0.0,0.0,0.0,0.0,0.0,0.0,0.0,0.0,0.0,0.0,0.0
0.5,0.0,0.0,0.0,0.0,0.0,0.0,0.0,0.0,0.0,0.0
1.0,0.0,0.0,0.0,0.0,0.0,0.0,0.0,0.0,0.0,0.0
1.5,0.0,0.0,0.0,0.0,0.0,0.0,0.0,0.0,0.0,0.0
2.0,0.0,0.0,0.0,0.0,0.0,0.0,0.0,0.0,0.0,0.0
2.5,0.0,0.0,0.0,0.0,0.0,0.0,0.0,0.0,0.0,0.0
3.0,0.0,0.0,0.0,0.0,0.0,0.0,0.0,0.0,0.0,0.0
3.5,0.0,0.0,0.0,0.0,0.0,0.0,0.0,0.0,0.0,0.0
4.0,0.0,0.0,0.0,0.0,0.0,0.0,0.0,0.0,0.0,0.0
4.5,0.0,0.0,0.0,0.0,0.0,0.0,0.0,0.0,0.0,0.0
5.0,0.0,0.0,0.0,0.0,0.0,0.0,0.0,0.0,0.0,0.0
5.5,0.0,0.0,0.0,0.0,0.0,0.0,0.0,0.0,0.0,0.0
6.0,0.0,0.0,0.0,0.0,0.0,0.0,0.0,0.0,0.0,0.0
6.5,0.0,0.0,0.0,0.0,0.0,0.0,0.0,0.0,0.0,0.0
7.0,0.0,0.0,0.0,0.0,0.0,0.0,0.0,0.0,0.0,0.0
7.5,0.0,0.0,0.0,0.0,0.0,0.0,0.0,0.0,0.0,0.0
8.0,0.0,0.0,0.0,0.0,0.0,0.0,0.0,0.0,0.0,0.0
8.5,0.0,0.0,0.0,0.0,0.0,0.0,0.0,0.0,0.0,0.0
9.0,0.0,0.0,0.0,0.0,0.0,0.0,0.0,0.0,0.0,0.0
9.5,0.0,0.0,0.0,0.0,0.0,0.0,0.0,0.0,0.0,0.0
10.0,0.0,0.0,0.0,0.0,0.0,0.0,0.0,0.0,0.0,0.0
10.5,0.0,0.0,0.0,0.0,0.0,0.0,0.0,0.0,0.0,0.0
11.0,0.0,0.0,0.0,0.0,0.0,0.0,0.0,0.0,0.0,0.0
11.5,0.0,0.0,0.0,0.0,0.0,0.0,0.0,0.0,0.0,0.0
12.0,0.0,0.0,0.0,0.0,0.0,0.0,0.0,0.0,0.0,0.0
12.5,0.0,0.0,0.0,0.0,0.0,0.0,0.0,0.0,0.0,0.0
13.0,1378.0,28.702515460857576,101.31633629380802,106.15083607772479,400.7227783203125,326.55694580078125,37.965721130371094,37.965721130371094,0.0,1.0
13.5,1417.0,28.23979120378492,101.31633629380802,106.10372283760829,399.73529052734375,325.3823547363281,39.492225646972656,39.492225646972656,0.0,1.0
14.0,1462.0,28.878429327994606,101.41424944063402,106.7941945987702,400.26220703125,324.27850341796875,40.671295166015625,40.671295166015625,0.0,1.0
14.5,1536.0,30.05090403763487,101.67103815738285,106.83164325236227,399.5280456542969,322.5654296875,42.26818717829883,42.5035514831543,0.0,1.0
15.0,1633.0,30.90128831132188,101.83319694480774,107.5174404457249,400.4947814941406,322.31854248046875,43.0351448059082,43.0351448059082,0.0,1.0
15.5,1758.0,31.89224358648193,101.67103815738285,107.5174404457249,399.8949890136719,320.6191101074219,44.63203681819141,44.79890060424805,0.0,1.0
16.0,1784.0,31.257267439049098,101.41277026145853,108.2450922675019,401.08929443359375,320.2678527832031,45.00098419189453,45.00098419189453,0.0,1.0
16.5,1957.0,32.42119655753676,101.83319694480774,108.93117092916977,399.0,318.0,46.59787620417774,48.02092742919922,0.0,1.0
17.0,2093.0,33.03146644431697,101.45441177578576,108.93117092916977,399.0,317.5,48.19476821646094,48.448524475097656,0.0,1.0
17.5,2121.0,33.29376600081726,101.67103815738285,108.93117092916977,397.5,317.5,49.23931121826172,49.23931121826172,0.0,1.0
18.0,2162.0,33.21029612709043,101.87197846033308,108.90362712049586,396.13934326171875,318.3688659667969,49.26578140258789,49.26578140258789,0.0,1.0
18.5,2286.0,34.012396923331345,101.91172650877817,110.30865786510141,396.13934326171875,318.3688659667969,49.26578140258789,49.26578140258789,0.0,1.0
19.0,2231.0,33.57905176137209,102.46218742135662,110.3177229641729,393.92626953125,319.7820129394531,49.42153549194336,49.42153549194336,0.0,1.0
19.5,2274.0,33.88504933409095,102.80928880936048,111.03603018840326,393.92626953125,319.7820129394531,49.42153549194336,49.42153549194336,0.0,1.0
20.0,2406.0,34.401437791742026,102.90164258544296,111.73182178770737,396.5,320.0,51.018427504226565,51.041748046875,0.0,1.0
20.5,2414.0,34.23226656482952,103.47946656221224,112.48555462813881,396.5,320.5,51.463680267333984,51.463680267333984,0.0,1.0
21.0,2498.0,34.45644622389734,104.01105704786957,113.86395390991831,396.0,320.5,51.73258590698242,51.73258590698242,0.0,1.0
21.5,2477.0,34.493218381372564,104.20844408945993,113.17243480636087,396.5,320.5,52.004905700683594,52.004905700683594,0.0,1.0
22.0,2520.0,35.085879761640214,103.77788628397838,115.26057435220423,396.5,320.0,52.42385482788086,52.42385482788086,0.0,1.0
22.5,2600.0,35.03005800391139,104.00504794913678,113.89907813498755,396.0,320.5,53.11553955078125,53.11553955078125,0.0,1.0
23.0,2614.0,34.71948704387709,104.0064901568278,114.6298390472568,397.5,319.5,53.16493606567383,53.16493606567383,0.0,1.0
23.5,2668.0,34.89343355177363,104.0439780293546,114.5512985522207,398.0,319.5,53.4252815246582,53.4252815246582,0.0,1.0
24.0,2759.0,35.442860382427,104.06248123122954,114.58621208504974,395.0,321.0,54.083370208740234,54.083370208740234,0.0,1.0
24.5,2755.0,35.25013155154559,104.32688897727394,117.45637488020819,395.0,321.5,54.500099182128906,54.500099182128906,0.0,1.0
25.0,2768.0,35.56302141730474,104.03148438078105,118.1397477566293,395.0,321.0,54.91822052001953,54.91822052001953,0.0,1.0
25.5,2863.0,35.721259562999975,104.13548802963821,118.1397477566293,395.0,321.0,54.91822052001953,54.91822052001953,0.0,1.0
26.0,2861.0,35.69515775384587,103.81233067415451,117.45637488020819,395.0,321.0,54.91822052001953,54.91822052001953,0.0,1.0
26.5,2907.0,35.867329783491016,103.84266755806279,117.38824472663352,396.0,321.0,56.03580093383789,56.03580093383789,0.0,1.0
27.0,2993.0,35.99350220892534,104.00673052477629,116.67476162392619,396.0,321.0,56.03580093383789,56.03580093383789,0.0,1.0
27.5,2919.0,35.91390691658794,103.07764064044152,116.67476162392619,394.5,322.0,56.10045623779297,56.10045623779297,0.0,1.0
28.0,3053.0,36.438605480512855,104.07785377075925,118.10588469674151,394.0,321.5,56.80018615722656,56.80018615722656,0.0,1.0
28.5,3125.0,36.61065326049236,104.09322631028893,121.69634341261039,394.0,320.5,57.60435104370117,57.60435104370117,0.0,1.0
29.0,3208.0,36.75260523077618,104.23531071570709,122.42957159118053,394.0,320.5,57.60435104370117,57.60435104370117,0.0,1.0
29.5,3266.0,37.35575076913905,104.60759664501731,122.494897852931,392.5,320.0,58.90044021606445,58.90044021606445,0.0,1.0
30.0,3368.0,37.68823398113511,104.79790034698755,122.494897852931,390.0,321.5,59.600852966308594,59.600852966308594,0.0,1.0
30.5,3431.0,37.717936230980875,104.65657591181187,123.3288287465668,391.5,319.5,60.913970947265625,60.913970947265625,0.0,1.0
31.0,3500.0,38.17905303985954,104.89041900955492,123.3288287465668,391.5,320.0,61.32097625732422,61.32097625732422,0.0,1.0
31.5,3556.0,38.47164645560493,105.55093557141026,124.08464852672147,391.5699768066406,320.10498046875,61.447086334228516,61.447086334228516,0.0,1.0
32.0,3604.0,39.16951113453359,106.50867616785463,123.98790263570072,390.0,321.0,62.00816345214844,62.00816345214844,0.0,1.0
32.5,3640.0,39.178692308661674,107.8206812730017,125.31959144523253,396.5,318.0,63.60505546443164,64.86341857910156,0.0,1.0
33.0,3694.0,39.421022969626,107.85683425772154,125.31959144523253,395.5,318.0,65.20194747671485,65.52299499511719,0.0,1.0
33.5,3680.0,39.69241060279228,108.37896288448489,125.31959144523253,394.0,318.5,66.22886657714844,66.22886657714844,0.0,1.0
34.0,3736.0,39.80217659952619,108.39740958590193,125.93649193144932,393.5,319.5,66.65218353271484,66.65218353271484,0.0,1.0
34.5,3715.0,40.27144308308399,109.7569015354234,126.66885963013956,393.0,319.5,66.97957611083984,66.97957611083984,0.0,1.0
35.0,3849.0,40.74046279014023,108.7942774585993,126.81088281373961,395.0,318.0,67.35735321044922,67.35735321044922,0.0,1.0
35.5,3899.0,40.600346107695536,109.23643497684397,127.47548783981962,395.0,318.0,67.35735321044922,67.35735321044922,0.0,1.0
36.0,3937.0,40.49352439308804,111.72466149952109,128.22246293064254,395.5,318.5,68.06256866455078,68.06256866455078,0.0,1.0
36.5,4037.0,40.95770326769728,111.67631556484083,128.22246293064254,395.5,318.0,68.44168090820312,68.44168090820312,0.0,1.0
37.0,4097.0,40.99439468573208,110.77904616235654,128.22246293064254,395.5,318.5,68.82233428955078,68.82233428955078,0.0,1.0
37.5,4165.0,41.67645528592675,110.99187928570461,128.3160161476345,395.5,318.5,68.82233428955078,68.82233428955078,0.0,1.0
38.0,4202.0,41.733467409478024,111.50153622107041,128.14444974324874,395.5,318.5,68.82233428955078,68.82233428955078,0.0,1.0
38.5,4238.0,41.76889245977312,111.07204868912791,128.14444974324874,395.0,319.0,68.8840560913086,68.8840560913086,0.0,1.0
39.0,4253.0,41.842271934546574,111.75866856758807,128.81770064707723,395.0,319.5,69.26950073242188,69.26950073242188,0.0,1.0
39.5,4220.0,41.771347194201724,113.28723900612094,129.5569372901351,395.0,319.5,69.26950073242188,69.26950073242188,0.0,1.0
40.0,4232.0,41.9219026221066,113.14106231013378,129.5569372901351,395.0,319.0,69.6563949584961,69.6563949584961,0.0,1.0
40.5,4206.0,41.45054147631122,113.14592347937243,128.8875478857442,394.5,319.0,69.97330474853516,69.97330474853516,0.0,1.0
41.0,4298.0,41.86837589633555,113.17906056876956,129.5569372901351,393.5,320.0,70.12320709228516,70.12320709228516,0.0,1.0
41.5,4298.0,42.34059540033097,114.702655659816,129.5569372901351,393.5,320.0,70.12320709228516,70.12320709228516,0.0,1.0
42.0,4347.0,42.32598813540991,114.4870751474884,130.09611831257686,393.5,320.0,70.12320709228516,70.12320709228516,0.0,1.0
42.5,4283.0,42.5015842896037,114.5835936698405,129.63024338479042,397.7764892578125,316.61767578125,70.33484649658203,70.33484649658203,0.0,1.0
43.0,4408.0,42.610203612223664,114.58621208504974,129.63024338479042,397.7764892578125,316.61767578125,70.33484649658203,70.33484649658203,0.0,2.0
43.5,4389.0,43.580149318190145,114.73795589574028,130.41855696180662,397.7764892578125,316.61767578125,70.33484649658203,70.33484649658203,0.0,3.0
44.0,4559.0,43.95541111295225,113.28636030999992,129.41792766073794,398.7421569824219,315.8539123535156,70.44097900390625,70.44097900390625,0.0,3.0
44.5,4438.0,43.926396105274385,113.90697804064409,130.41855696180662,398.89666748046875,315.7317199707031,70.45994567871094,70.45994567871094,0.0,3.0
45.0,4551.0,42.909048882767735,113.95174417269794,130.41855696180662,400.8470764160156,314.16473388671875,70.76705169677734,70.76705169677734,0.0,2.0
45.5,4558.0,43.84260217005937,114.2330866534589,130.60245020672468,402.7321472167969,312.6428527832031,71.15274047851562,71.15274047851562,0.0,4.0
46.0,4999.0,44.770952098466644,114.58621208504974,131.20975573485381,404.4836730957031,311.2287902832031,71.58279418945312,71.58279418945312,0.0,3.0
46.5,5068.0,45.142463468927026,114.97825881443848,131.82184947875675,395.441162109375,315.4117736816406,72.94939422607422,72.94939422607422,0.0,2.0
47.0,5114.0,45.336429454480445,114.86513831445988,131.20975573485381,395.0,315.5,73.25479125976562,73.25479125976562,0.0,2.0
47.5,5363.0,46.018763611150206,114.96694676444058,131.65485179058157,395.01995849609375,314.43658447265625,74.1722183227539,74.1722183227539,0.0,1.0
48.0,5221.0,45.972627433662154,115.52056094046635,131.79529581893277,394.1902160644531,314.720458984375,75.2552719116211,75.2552719116211,0.0,2.0
48.5,5459.0,46.54715993017859,114.97825881443848,132.45754036671525,393.7587585449219,315.1703186035156,75.8538818359375,75.8538818359375,0.0,2.0
49.0,5515.0,46.7964050705404,115.2657795565549,132.45754036671525,393.3738708496094,315.6261291503906,76.51654815673828,76.51654815673828,0.0,2.0
49.5,5152.0,45.26151784703965,116.70732500264258,132.45754036671525,392.7813720703125,315.688232421875,76.86351013183594,76.86351013183594,0.0,1.0
50.0,5665.0,47.75540969337654,119.73720759872032,132.5481044753187,395.608154296875,311.83123779296875,77.9961929321289,77.9961929321289,0.0,3.0
50.5,5736.0,48.05212892372598,119.88326590558349,132.61221663180206,395.2291259765625,311.64739990234375,78.37572479248047,78.37572479248047,0.0,2.0
51.0,5790.0,48.47931213236501,120.16133871353162,132.61221663180206,395.3056640625,310.5615234375,79.18157196044922,79.18157196044922,0.0,2.0
51.5,5850.0,49.37209288206806,121.45224485703947,144.26711336961034,396.3055114746094,316.1814270019531,80.77846397273242,84.22047424316406,0.0,3.0
52.0,5880.0,50.14459733559495,124.4025723206719,144.9586147836685,396.19171142578125,315.8587951660156,82.37535598501563,84.56208038330078,0.0,3.0
52.5,6311.0,54.28424115536708,123.8769513816332,145.67086187704115,395.8636474609375,315.85064697265625,83.97224799729884,84.662841796875,0.0,4.0
53.0,6508.0,55.52721292768659,124.46666207044233,142.8355697996826,395.903076171875,315.3556213378906,85.12625885009766,85.12625885009766,0.0,3.0
53.5,6575.0,56.07230949034905,125.0,143.54441821262157,394.0630798339844,315.87158203125,86.23484802246094,86.23484802246094,0.0,3.0
54.0,6645.0,56.694314562334945,126.47291677093789,148.4048516727132,395.9503173828125,314.2991027832031,87.27739715576172,87.27739715576172,0.0,3.0
54.5,6626.0,56.298834120966845,124.45681977254053,143.28293687665675,395.23309326171875,314.27777099609375,87.47383117675781,87.47383117675781,0.0,3.0
55.0,6641.0,56.94359193931683,125.2078272313676,152.11837495845134,396.7291259765625,320.1495056152344,89.07072318904102,92.66212463378906,0.0,3.0
55.5,6888.0,58.1774117083692,126.62148316932637,151.21177202850313,395.42626953125,320.30279541015625,90.66761520132422,93.17279815673828,0.0,4.0
56.0,6905.0,58.16316019263605,127.90777866690377,151.34397906755325,393.39404296875,320.5343322753906,92.26450721360743,94.00682830810547,0.0,4.0
56.5,7107.0,58.49619794040874,128.4562182223967,151.85519418182574,392.1428527832031,320.5714416503906,93.86139922589064,94.62828063964844,0.0,3.0
57.0,7118.0,58.86734224826787,129.404791138299,151.21177202850313,392.1428527832031,320.5714416503906,94.62828063964844,94.62828063964844,0.0,4.0
57.5,7206.0,59.0422269777594,129.7035018589767,151.02979838429235,391.51220703125,320.6239929199219,94.91755676269531,94.91755676269531,0.0,4.0
58.0,6966.0,54.78741267568673,130.11533345459327,150.41608956491322,390.9203186035156,320.6733093261719,95.19207000732422,95.19207000732422,0.0,3.0
58.5,7512.0,60.22074436238578,132.23085872821065,152.0526224699857,390.25836181640625,320.72845458984375,95.50252532958984,95.50252532958984,0.0,3.0
59.0,7280.0,56.937553285099604,135.87181456877374,162.0524606416083,390.67822265625,323.130859375,97.09941734187305,97.55258178710938,0.0,5.0
59.5,7883.0,61.60973595963553,134.9518432626987,161.27616066858735,390.1053466796875,323.21368408203125,97.84954071044922,97.84954071044922,0.0,3.0
60.0,8023.0,62.04741756444806,136.35798462042564,167.621597653763,388.822509765625,323.399169921875,98.52362823486328,98.52362823486328,0.0,3.0
60.5,8049.0,61.75019205191865,135.45552601897904,166.93112352104984,388.822509765625,323.399169921875,98.52362823486328,98.52362823486328,0.0,3.0
61.0,8050.0,62.03786568811509,137.3313472481051,165.61400906928134,388.822509765625,323.399169921875,98.52362823486328,98.52362823486328,0.0,3.0
61.5,8040.0,61.72256974356294,136.48864419527155,165.19382555047267,387.5,323.5,99.3001480102539,99.3001480102539,0.0,3.0
62.0,8132.0,61.872662823417116,137.02827904701778,167.2602762164406,390.5,321.0,99.42469024658203,99.42469024658203,0.0,3.0
62.5,7555.0,57.73654345586568,137.43725841270262,163.783393541592,390.5,321.0,99.42469024658203,99.42469024658203,0.0,3.0
63.0,7564.0,57.202018194474036,135.42728670529263,166.6043216726385,390.9461975097656,320.5874328613281,99.42655181884766,99.42655181884766,0.0,3.0
63.5,8348.0,62.98949041574747,138.26911775918836,166.6043216726385,390.9461975097656,320.5874328613281,99.42655181884766,99.42655181884766,0.0,4.0
64.0,8326.0,63.114547152790536,138.09326408088629,166.6043216726385,391.5,321.5,100.47148895263672,100.47148895263672,0.0,4.0
64.5,8333.0,63.06936387110573,137.1816313769702,159.86244086714052,393.837158203125,319.32183837890625,100.52227783203125,100.52227783203125,0.0,4.0
65.0,8339.0,63.374865105465716,138.05143967115237,166.35203635663737,393.94781494140625,319.29119873046875,100.57854461669922,100.57854461669922,0.0,2.0
65.5,8448.0,63.92678111260559,139.2456424485839,167.09278859364338,394.1861877441406,319.0721740722656,100.59197235107422,100.59197235107422,0.0,2.0
66.0,8478.0,64.01517238499102,139.61894565310362,166.35203635663737,394.1861877441406,319.0721740722656,100.59197235107422,100.59197235107422,0.0,3.0
66.5,8515.0,64.16477203237764,140.2069898400219,169.7586522095413,394.46380615234375,318.8170471191406,100.60887908935547,100.60887908935547,0.0,2.0
67.0,8521.0,64.0509798701599,140.24621207005913,166.35203635663737,395.27813720703125,318.0687255859375,100.66666412353516,100.66666412353516,0.0,3.0
67.5,8538.0,64.09459012786398,140.0174986973949,166.42415690037308,395.4689025878906,317.8934326171875,100.68196105957031,100.68196105957031,0.0,4.0
68.0,8592.0,64.75029920718325,141.4639521205412,176.91806012954132,396.1873474121094,317.2332458496094,100.7454833984375,100.7454833984375,0.0,3.0
68.5,8644.0,64.3012443957632,139.69198001093255,166.50825805346713,397.27777099609375,319.72222900390625,102.3423754107207,103.2535171508789,0.0,3.0
69.0,8591.0,63.94207313404879,138.2931668593933,173.0028901492689,400.5,316.5,103.43365478515625,103.43365478515625,0.0,3.0
69.5,8597.0,64.08877284687976,137.81509045765037,173.0028901492689,400.0,313.0,105.03054679743946,106.40498352050781,0.0,3.0
70.0,9007.0,67.40593175417115,147.85600986820594,181.3945974939717,399.5,313.0,106.62743880972266,106.72989654541016,0.0,3.0
70.5,8684.0,64.8895925210709,138.83677418477143,178.2806775845324,399.5,313.0,106.72989654541016,106.72989654541016,0.0,3.0
71.0,9119.0,68.09618280094978,151.85519418182574,183.09833423600554,393.9331359863281,324.3341369628906,108.32678855769336,112.42919921875,0.0,4.0
71.5,9040.0,67.73545376227558,145.34441853748632,183.91846019364124,391.8302307128906,324.01617431640625,109.92368056997657,113.66372680664062,0.0,4.0
72.0,9350.0,69.59581670687562,152.8353688651931,185.27007313648906,393.19598388671875,323.2193298339844,111.52057258225977,113.75579071044922,0.0,4.0
72.5,9437.0,69.9940201238265,154.85993249639662,185.84133017173548,395.5693664550781,321.57122802734375,113.11746459454298,114.20623779296875,0.0,4.0
73.0,9566.0,70.48856003802419,155.9046175282282,186.6815470259447,395.0971984863281,321.60015869140625,114.38106536865234,114.38106536865234,0.0,4.0
73.5,9626.0,70.95284442074127,156.7258749468483,187.48866632412745,394.097412109375,321.48504638671875,114.915771484375,114.915771484375,0.0,5.0
74.0,9555.0,69.516916082041,151.35719266309223,177.65415840897168,395.14361572265625,319.6634521484375,116.1152572631836,116.1152572631836,0.0,5.0
74.5,9622.0,71.53013287834777,157.0334357767011,189.70766985021982,391.64971923828125,329.1759033203125,117.7121492754668,122.98377990722656,0.0,4.0
75.0,9616.0,71.81349148668424,157.49682521485744,190.541334098405,390.60369873046875,329.18780517578125,119.30904128775,123.44750213623047,0.0,6.0
75.5,9757.0,72.75510619519316,157.3111562130552,191.3765920900464,391.77056884765625,328.4310607910156,120.90593330003321,123.61470794677734,0.0,7.0
76.0,9861.0,72.85404145307936,157.74663229368798,192.21342304844373,392.3005065917969,328.00311279296875,122.50282531231642,123.75048828125,0.0,6.0
76.5,9901.0,73.03072498753629,158.38244852255568,192.50974001333023,392.86346435546875,327.50762939453125,124.09971732459962,124.38093566894531,0.0,4.0
77.0,9964.0,73.42296850177989,157.78133583302937,192.50974001333023,393.352783203125,328.26934814453125,125.27788543701172,125.27788543701172,0.0,4.0
77.5,9951.0,73.16286748245018,158.50551990637325,193.89172236070317,393.63232421875,329.9732971191406,126.75837707519531,126.75837707519531,0.0,5.0
78.0,10091.0,74.08020514845104,159.8937142089776,194.4350791395421,394.3478698730469,329.43719482421875,126.9311294555664,126.9311294555664,0.0,5.0
78.5,10116.0,74.3626911922132,159.86713212532553,194.982050455933,389.4043273925781,328.90069580078125,128.5280214678496,129.61294555664062,0.0,5.0
79.0,10305.0,74.7454700089794,160.81853103485534,196.08671551127577,390.2749938964844,328.6532897949219,130.12491348013282,130.35494995117188,0.0,5.0
79.5,10402.0,75.3107974147033,161.21972581756083,196.91876497682998,390.29083251953125,328.8884582519531,130.5645751953125,130.5645751953125,0.0,5.0
80.0,10437.0,75.49435781284723,161.24515496597098,196.91876497682998,390.759521484375,328.3926086425781,131.2382354736328,131.2382354736328,0.0,4.0
80.5,10630.0,76.44994847763469,161.24515496597098,197.20547659738054,390.77593994140625,328.6389465332031,131.45773315429688,131.45773315429688,0.0,6.0
81.0,10435.0,75.4634343916551,161.38556241534934,201.6953147695801,391.21282958984375,328.6566467285156,131.69866943359375,131.69866943359375,0.0,4.0
81.5,10698.0,76.65934693716544,162.12525806213924,201.94306128213466,392.64398193359375,328.6740417480469,132.46038818359375,132.46038818359375,0.0,4.0
82.0,10639.0,75.64368420185554,163.63068069272933,205.2997808084558,392.719482421875,329.6972961425781,133.37130737304688,133.37130737304688,0.0,4.0
82.5,10681.0,76.0855898877152,164.02743672934722,206.45580640902304,392.719482421875,329.6972961425781,133.37130737304688,133.37130737304688,0.0,4.0
83.0,10797.0,76.63876878688319,164.35814406453215,205.8761763779384,392.51226806640625,329.7085266113281,133.46299743652344,133.46299743652344,0.0,4.0
83.5,11155.0,78.27099359930347,164.2446338987509,206.00970850908945,392.7607727050781,329.567138671875,133.46456909179688,133.46456909179688,0.0,2.0
84.0,11591.0,80.33749517204217,164.43995425506404,207.80038498520642,396.5,330.5,135.06146110408008,137.02748107910156,0.0,4.0
84.5,11276.0,78.8858085717121,166.1106521625452,208.4034548657963,396.5,330.5,136.6583531163633,137.02748107910156,0.0,4.0
85.0,11488.0,80.10280686382562,168.34488409215172,209.2008604188807,397.0,330.5,137.285400390625,137.285400390625,0.0,3.0
85.5,11730.0,81.10563217346188,167.6265193225145,209.0095691589263,399.0,325.0,138.8822924029082,141.03201293945312,0.0,3.0
86.0,11454.0,80.75877358124214,169.45132029725332,211.4000946073582,398.5,325.5,140.4791844151914,141.22509765625,0.0,4.0
86.5,12314.0,85.35426248945745,168.82934910771533,214.61826576505553,399.0,325.0,141.52395629882812,141.52395629882812,0.0,4.0
87.0,12564.0,88.56115781673522,168.9147680209755,213.49004660639335,403.0,321.0,143.12084831111133,144.25335693359375,0.0,2.0
87.5,12394.0,85.15000285363942,174.0090510515473,218.21548982599745,403.0,324.0,144.71774032339454,146.86058044433594,0.0,4.0
88.0,12636.0,87.57278564655147,175.319707892753,218.65269264292172,403.0,324.0,146.31463233567774,146.86058044433594,0.0,3.0
88.5,13005.0,89.1837808844154,166.3947111027481,210.52315787105226,402.5,323.0,147.91152434796095,147.977294921875,0.0,4.0
89.0,13183.0,89.51519624932635,169.6708576921032,213.49004660639335,402.5,323.0,147.977294921875,147.977294921875,0.0,6.0
89.5,13780.0,90.3361673986745,166.72612141706708,211.6341182323871,402.5,323.0,147.977294921875,147.977294921875,0.0,4.0
90.0,14933.0,90.22273498215087,170.1264112439503,217.86693186438367,402.5,323.0,147.977294921875,147.977294921875,0.0,5.0
90.5,12231.0,83.18053370073342,175.57049863769737,218.4879859397308,402.5,323.0,147.977294921875,147.977294921875,0.0,7.0
91.0,12645.0,83.8327851028032,175.4474275751781,219.73848092675985,402.5,323.0,147.977294921875,147.977294921875,0.0,9.0
91.5,13022.0,86.15395595174506,173.96623210179447,219.59280498231266,402.5,323.0,147.977294921875,147.977294921875,0.0,8.0
92.0,13110.0,87.106810469977,173.85698012849429,221.63483480716653,402.5,323.0,147.977294921875,147.977294921875,0.0,9.0
92.5,12719.0,85.64612976573567,176.1510712303458,222.40728405337808,402.5,323.0,147.977294921875,147.977294921875,0.0,8.0
93.0,12616.0,85.20784542959012,176.3717661746485,223.9575852700685,407.0,324.5,149.5741869341582,151.52320861816406,0.0,10.0
93.5,12694.0,85.37882150498567,175.83173741469204,223.9575852700685,407.0,324.5,151.1710789464414,151.52320861816406,0.0,10.0
94.0,12758.0,85.93404851087949,180.00833204772184,224.58851261807672,407.5,324.5,151.7779083251953,151.7779083251953,0.0,8.0
94.5,12941.0,86.7782432772814,179.51323071016242,224.84883811129646,407.5,324.5,151.7779083251953,151.7779083251953,0.0,8.0
95.0,13095.0,87.59700046275827,180.54362353736008,225.49944567559362,407.5,324.5,151.7779083251953,151.7779083251953,0.0,9.0
95.5,12865.0,87.4033907453715,182.21800109455125,226.37358503146962,407.5,324.5,151.7779083251953,151.7779083251953,0.0,8.0
96.0,13037.0,87.7905301510843,183.1196267239745,227.13872413131145,407.5,324.5,151.7779083251953,151.7779083251953,0.0,8.0
96.5,13078.0,87.88939889170457,183.50476833041697,227.9056822459677,406.5,325.5,152.13327026367188,152.13327026367188,0.0,9.0
97.0,13918.0,89.43289358436901,182.0988742414406,227.9056822459677,406.5,325.5,152.13327026367188,152.13327026367188,0.0,8.0
97.5,13848.0,88.85544243984279,182.21470821633676,227.9056822459677,406.5,325.5,152.13327026367188,152.13327026367188,0.0,8.0
98.0,13494.0,88.28342429789848,182.43670097212063,230.4886114323222,406.5,325.5,152.13327026367188,152.13327026367188,0.0,9.0
98.5,13838.0,88.6529943901443,182.0988742414406,230.4886114323222,406.5,325.5,152.13327026367188,152.13327026367188,0.0,9.0
99.0,13269.0,87.0154772244202,184.28510520386612,231.24878378058554,406.5,325.5,152.13327026367188,152.13327026367188,0.0,9.0
99.5,13417.0,87.66345790877511,184.25905630487665,231.36551169091732,406.5,325.5,152.13327026367188,152.13327026367188,0.0,8.0
100.0,13482.0,88.11548774636019,185.0,232.13142829009604,408.5,325.0,152.71961975097656,152.71961975097656,0.0,9.0
100.5,13646.0,88.73027318486727,185.37731391462194,232.7745690577044,408.5,325.0,152.71961975097656,152.71961975097656,0.0,9.0
101.0,14181.0,89.51040542103887,184.40173534975207,231.49082055234933,408.5,325.0,152.71961975097656,152.71961975097656,0.0,8.0
101.5,14000.0,89.67445161598452,185.56589108028624,232.26062946612367,410.5,323.0,154.19235229492188,154.19235229492188,0.0,9.0
102.0,13811.0,88.95594959845668,188.4024912690555,234.58047659598614,410.5,323.0,154.19235229492188,154.19235229492188,0.0,9.0
102.5,14054.0,89.1905361691805,189.2594776263265,233.32380932943812,410.5,323.0,154.19235229492188,154.19235229492188,0.0,8.0
103.0,14449.0,91.37004255041957,187.21431567364831,232.69937687926884,408.0,323.0,155.41567993164062,155.41567993164062,0.0,7.0
103.5,14495.0,91.81781959240593,187.30830174937603,233.4823333787805,408.0,323.0,155.41567993164062,155.41567993164062,0.0,9.0
104.0,14321.0,91.87578848811096,188.3454273402994,234.88720697390056,408.0,323.0,155.41567993164062,155.41567993164062,0.0,8.0
104.5,14689.0,92.21333497545399,188.7114181125031,235.05318547086316,405.5,324.0,155.80848693847656,155.80848693847656,0.0,10.0
105.0,14561.0,92.74049590401334,189.70766985021982,235.05318547086316,405.5,323.5,156.23870849609375,156.23870849609375,0.0,9.0
105.5,14733.0,92.79221427168652,190.27243590641956,235.84104816592043,405.5,323.5,156.23870849609375,156.23870849609375,0.0,8.0
106.0,14697.0,93.16348579627449,190.65413646818936,235.2275494069519,405.5,323.0,156.66934204101562,156.66934204101562,0.0,7.0
106.5,14870.0,93.23097128766987,191.68046299041146,235.2275494069519,405.0,326.0,158.26623405329883,159.01268005371094,0.0,7.0
107.0,14817.0,93.10733176067001,191.48889446023676,235.2275494069519,404.5,326.5,159.1996612548828,159.1996612548828,0.0,8.0
107.5,14832.0,93.37266500037772,192.51441497531553,235.05318547086316,404.5,326.0,159.6348419189453,159.6348419189453,0.0,6.0
108.0,14921.0,93.01330631635648,192.7615106809448,235.05318547086316,404.5,326.5,160.07040405273438,160.07040405273438,0.0,8.0
108.5,15100.0,93.19611188604772,193.61340302899401,235.84104816592043,403.5,329.5,161.66729606501758,162.3038330078125,0.0,8.0
109.0,15183.0,93.9126227722294,193.71860967787907,235.05318547086316,403.0,329.5,162.54933166503906,162.54933166503906,0.0,9.0
109.5,14904.0,93.4581197769192,195.81394222595895,235.84104816592043,403.0,330.0,162.98477172851562,162.98477172851562,0.0,6.0
110.0,14959.0,93.7413980288196,195.0710116062233,235.84104816592043,403.0,330.0,162.98477172851562,162.98477172851562,0.0,6.0
110.5,14932.0,94.00320452329615,195.32332063739494,233.64930986416374,403.0,330.0,162.98477172851562,162.98477172851562,0.0,7.0
111.0,14988.0,94.20034357581238,195.29951343082658,233.82472067769052,403.5,329.5,163.1763916015625,163.1763916015625,0.0,8.0
111.5,15141.0,94.45866102901597,195.8494319624134,234.01922997907673,403.5,329.0,163.61322021484375,163.61322021484375,0.0,8.0
112.0,15625.0,95.53922213560301,194.90099756793137,235.2041666297602,404.0,328.5,163.80868530273438,163.80868530273438,0.0,8.0
112.5,15262.0,94.76234386529845,195.20309918100028,235.2041666297602,402.5,330.0,164.4119415283203,164.4119415283203,0.0,10.0
113.0,15417.0,95.35604967461582,194.80503073586164,234.61031520374377,403.0,329.5,164.6186065673828,164.6186065673828,0.0,9.0
113.5,15474.0,95.08119567228566,195.0,235.2275494069519,403.0,329.5,164.6186065673828,164.6186065673828,0.0,10.0
114.0,15816.0,95.72951380147052,195.41430344003106,235.80076335754302,402.5,329.5,164.8530731201172,164.8530731201172,0.0,10.0
114.5,15908.0,96.24646958562477,195.57607215607945,236.00847442411893,402.0,329.5,165.08871459960938,165.08871459960938,0.0,9.0
115.0,15883.0,96.75853857613652,195.7988763053441,236.22446951998856,402.0,329.5,165.08871459960938,165.08871459960938,0.0,9.0
115.5,16131.0,96.59333495412253,195.56584542146896,236.10379073619296,401.5,329.5,165.32554626464844,165.32554626464844,0.0,6.0
116.0,16109.0,96.63113880822485,195.32946423261353,236.10379073619296,401.5,329.5,165.32554626464844,165.32554626464844,0.0,7.0
116.5,16194.0,96.93091749447233,195.41238445912276,236.34931774811622,401.0,329.5,165.56353759765625,165.56353759765625,0.0,9.0
117.0,16537.0,97.8519927432087,195.89027534296088,236.34931774811622,400.5,329.5,165.80270385742188,165.80270385742188,0.0,10.0
117.5,16615.0,98.31028948387853,196.49020060569256,235.77955806218657,400.5,329.5,165.80270385742188,165.80270385742188,0.0,10.0
118.0,16898.0,98.48626399378426,197.62451389320304,236.03813251252433,400.5,329.5,165.80270385742188,165.80270385742188,0.0,8.0
118.5,16967.0,99.08680034025681,197.80040444852483,235.47611343828487,397.0,331.0,166.8323516845703,166.8323516845703,0.0,8.0
119.0,17070.0,98.89425507062295,198.8030432008271,233.82258231402716,397.0,331.0,166.8323516845703,166.8323516845703,0.0,7.0
119.5,17135.0,99.14414395302788,198.522286347606,232.97424750388186,397.0,331.0,166.8323516845703,166.8323516845703,0.0,8.0
120.0,17440.0,99.4155827364592,197.6532307001902,231.5879962346926,397.0,331.0,166.8323516845703,166.8323516845703,0.0,9.0
120.5,17423.0,99.36540714015482,198.4363877921587,231.5879962346926,397.0,331.0,166.8323516845703,166.8323516845703,0.0,7.0
121.0,17129.0,98.6518046440667,200.28629413187943,231.32660893204655,397.0,331.0,166.8323516845703,166.8323516845703,0.0,8.0
121.5,17353.0,100.10107812158967,200.78296687141489,230.4886114323222,397.0,331.0,166.8323516845703,166.8323516845703,0.0,8.0
122.0,17145.0,99.0261603896709,202.02623415142878,230.7834482799839,397.0546569824219,330.9715576171875,166.83238220214844,166.83238220214844,0.0,8.0
122.5,17179.0,99.51405024768087,202.7458999725202,231.62469643800938,397.0546569824219,330.9715576171875,166.83238220214844,166.83238220214844,0.0,9.0
123.0,17390.0,99.62410009154942,203.00135467158472,231.62469643800938,397.0546569824219,330.9715576171875,166.83238220214844,166.83238220214844,0.0,10.0
123.5,17794.0,99.76360400698086,202.20039564748632,231.08656386730925,397.5,330.5,167.0465087890625,167.0465087890625,0.0,7.0
124.0,17814.0,99.75070176601193,202.94432728683412,231.08656386730925,397.5,330.5,167.0465087890625,167.0465087890625,0.0,6.0
124.5,17618.0,99.87229943807986,203.02746119485096,230.5515126820902,397.5,330.5,167.0465087890625,167.0465087890625,0.0,8.0
125.0,17723.0,100.07047452015975,203.43401873931197,230.0195643852931,405.5948181152344,326.3299560546875,167.2945098876953,167.2945098876953,0.0,7.0
125.5,17429.0,99.32497603108752,203.330764954002,230.8679276123039,405.5948181152344,326.3299560546875,167.2945098876953,167.2945098876953,0.0,8.0
126.0,17161.0,99.88431731762354,204.59960899278374,231.92455669894036,405.63250732421875,326.3105163574219,167.2968292236328,167.2968292236328,0.0,9.0
126.5,17789.0,101.12026574763343,203.330764954002,232.4994623649698,406.58062744140625,325.8221130371094,167.35853576660156,167.35853576660156,0.0,7.0
127.0,18258.0,102.47674875883197,203.7486194388178,232.4994623649698,407.9617614746094,325.1106262207031,167.46054077148438,167.46054077148438,0.0,9.0
127.5,18373.0,102.58752389377372,203.3086319475,232.74449510138794,408.39544677734375,324.8871765136719,167.4955291748047,167.4955291748047,0.0,8.0
128.0,18303.0,103.07884685867859,202.9507329378241,232.17450333746814,409.3294982910156,324.406005859375,167.57566833496094,167.57566833496094,0.0,7.0
128.5,18367.0,103.25053736916789,203.37133434466378,232.4994623649698,409.3294982910156,324.406005859375,167.57566833496094,167.57566833496094,0.0,8.0
129.0,18712.0,103.33070441505645,203.22106184160262,233.3173804070327,409.8442687988281,324.1408386230469,167.62266540527344,167.62266540527344,0.0,8.0
129.5,18496.0,103.72650566673472,204.60449635416396,234.08759044426085,412.6694030761719,322.6854553222656,167.91578674316406,167.91578674316406,0.0,9.0
130.0,18502.0,103.8617251413502,204.3643804469128,234.08759044426085,413.06787109375,322.4801940917969,167.96192932128906,167.96192932128906,0.0,8.0
130.5,18519.0,103.84162395728822,204.68732241275737,234.6422809299296,413.6114807128906,322.20013427734375,168.0267791748047,168.0267791748047,0.0,7.0
131.0,18717.0,104.42103085813748,204.79697259662117,234.69128658729537,413.8684387207031,322.0677795410156,168.05821228027344,168.05821228027344,0.0,8.0
131.5,18868.0,104.49848746620758,205.06413629542806,234.29255216502295,413.8684387207031,322.0677795410156,168.05821228027344,168.05821228027344,0.0,8.0
132.0,18713.0,104.71507700697265,206.07231389320006,235.77319610167734,413.8905029296875,322.3199462890625,168.28062438964844,168.28062438964844,0.0,9.0
132.5,18738.0,104.74347323247538,206.7082484977706,235.8495283014151,414.0272216796875,322.25341796875,168.30068969726562,168.30068969726562,0.0,9.0
133.0,18732.0,104.85235412498358,207.45686295483455,235.93431289238112,414.5811462402344,321.98382568359375,168.38331604003906,168.38331604003906,0.0,7.0
133.5,18901.0,105.37322462058901,208.65521800328887,237.11811402758752,414.5811462402344,321.98382568359375,168.38331604003906,168.38331604003906,0.0,8.0
134.0,18846.0,105.42683227533703,209.301815544848,237.8570999570961,414.95794677734375,321.7958679199219,168.44515991210938,168.44515991210938,0.0,7.0
134.5,18809.0,104.5180868809123,209.35090156882288,237.49736840647307,417.2301025390625,319.71405029296875,169.746337890625,169.746337890625,0.0,7.0
135.0,18796.0,104.40990929928573,209.63658802845353,238.0966190436143,417.35833740234375,319.61041259765625,169.807861328125,169.807861328125,0.0,7.0
135.5,18894.0,104.84737468560134,210.16719465772405,239.70815588961506,417.35833740234375,319.61041259765625,169.807861328125,169.807861328125,0.0,6.0
136.0,18907.0,105.0126089628507,210.03475884679656,238.89118861942146,418.02435302734375,319.0396423339844,170.2172088623047,170.2172088623047,0.0,9.0
136.5,19103.0,105.34860869453779,209.68309311745065,239.61009995407122,418.02435302734375,319.0396423339844,170.2172088623047,170.2172088623047,0.0,6.0
137.0,18841.0,105.93212022170106,210.70595625183452,240.0708228835816,418.1208190917969,319.3011474609375,170.43031311035156,170.43031311035156,0.0,7.0
137.5,18955.0,105.96492988088639,209.99523804124703,238.94769302087852,417.47454833984375,319.2654724121094,170.61737060546875,170.61737060546875,0.0,7.0
138.0,19048.0,105.92294854901417,210.02142747824567,239.10248848558643,416.0128479003906,319.1884460449219,171.05213928222656,171.05213928222656,0.0,6.0
138.5,19048.0,106.3465378511928,210.40068864636214,239.82702099638396,416.1959228515625,319.6812744140625,171.44981384277344,171.44981384277344,0.0,8.0
139.0,19177.0,106.52350764797097,210.16184191297273,239.47024867402632,416.41058349609375,319.4888610839844,171.54530334472656,171.54530334472656,0.0,9.0
139.5,19250.0,107.0132187064066,210.10283191231116,242.1672975444868,416.9818420410156,318.9768371582031,171.801513671875,171.801513671875,0.0,7.0
140.0,19557.0,107.13775148461588,210.09950020288403,243.51591323771842,416.1997985839844,318.9890441894531,172.0876922607422,172.0876922607422,0.0,8.0
140.5,19698.0,107.41278685603731,209.75032766037396,242.53865671269807,416.031494140625,318.86224365234375,172.269287109375,172.269287109375,0.0,8.0
141.0,19415.0,107.5820582633788,210.2557948258397,241.11822826157297,416.031494140625,318.86224365234375,172.269287109375,172.269287109375,0.0,9.0
141.5,19798.0,107.73504159140109,209.9000951990055,243.28789530101986,416.401611328125,318.5303955078125,172.4347381591797,172.4347381591797,0.0,8.0
142.0,19475.0,107.68288184640865,210.38987570595276,244.24782496472716,415.09478759765625,318.5628662109375,172.9061737060547,172.9061737060547,0.0,10.0
142.5,19502.0,108.13624869377878,210.7225664232476,244.24782496472716,415.8486633300781,319.65362548828125,174.5030657183379,174.62081909179688,0.0,7.0
143.0,19452.0,108.30383222789193,210.96516235510256,244.49335369289693,416.0388488769531,319.5,174.70529174804688,174.70529174804688,0.0,7.0
143.5,19587.0,108.70713358326982,211.6263216115324,247.315587862957,416.2232971191406,320.0,175.12017822265625,175.12017822265625,0.0,7.0
144.0,19787.0,109.45782301798455,212.04598550976866,247.97580527140144,416.3466491699219,320.3343811035156,175.39801025390625,175.39801025390625,0.0,7.0
144.5,19924.0,110.24255620409632,212.90267728159483,247.97580527140144,416.5564880371094,320.1670227050781,175.49183654785156,175.49183654785156,0.0,8.0
145.0,20332.0,111.55889569692746,212.4161008780549,247.97580527140144,416.9705505371094,319.83673095703125,175.67803955078125,175.67803955078125,0.0,9.0
145.5,20469.0,112.35126370132798,213.64643590307284,249.04015740438328,416.5683288574219,319.6680603027344,175.96253967285156,175.96253967285156,0.0,8.0
146.0,20721.0,112.93407883742796,213.10091506138588,249.68780506864968,416.3373107910156,319.66668701171875,176.03546142578125,176.03546142578125,0.0,8.0
146.5,20940.0,113.52883034146274,213.9258048799005,250.13796193301008,415.605224609375,319.66229248046875,176.268310546875,176.268310546875,0.0,8.0
147.0,21353.0,114.13651028814792,214.83761290054372,250.89041432466087,415.605224609375,319.66229248046875,176.268310546875,176.268310546875,0.0,8.0
147.5,21099.0,114.20993319840109,215.87056306851375,250.89041432466087,414.9634094238281,319.658447265625,176.47470092773438,176.47470092773438,0.0,8.0
148.0,21077.0,113.94677445733409,216.003703654091,251.54919995897424,414.58502197265625,319.65618896484375,176.5973663330078,176.5973663330078,0.0,7.0
148.5,21110.0,114.34658366913885,216.10090191668246,251.46172671005024,414.2326354980469,319.6540832519531,176.71226501464844,176.71226501464844,0.0,8.0
149.0,21095.0,114.46058997201418,216.53221465196486,252.21022976873877,414.6365966796875,318.9884033203125,177.2139129638672,177.2139129638672,0.0,7.0
149.5,21076.0,114.25713903426357,216.55599581725633,252.21022976873877,414.7723693847656,320.1924743652344,178.3218994140625,178.3218994140625,0.0,8.0
150.0,21241.0,114.59812302443925,216.8363438171747,252.21022976873877,414.5714416503906,320.02569580078125,178.5251922607422,178.5251922607422,0.0,9.0
150.5,20863.0,114.70353857509957,218.58751105272898,252.87348615463821,414.5283203125,320.0232849121094,178.53604125976562,178.53604125976562,0.0,7.0
151.0,21100.0,114.58890675567643,218.43385723785033,252.96047122030745,414.5283203125,320.0232849121094,178.53604125976562,178.53604125976562,0.0,6.0
151.5,21067.0,114.80594284706481,219.2421035982137,253.71243564319033,414.72674560546875,319.8754577636719,178.64166259765625,178.64166259765625,0.0,7.0
152.0,21067.0,114.78782329152602,219.41900525717455,253.71243564319033,414.7812194824219,319.54437255859375,178.95556640625,178.95556640625,0.0,7.0
152.5,21011.0,114.64005497841947,219.22362968605867,254.46610776290032,415.5188903808594,321.32977294921875,180.43785095214844,180.43785095214844,0.0,7.0
153.0,21084.0,114.82956499473984,219.75440837443966,254.568261965234,415.9092102050781,321.0451965332031,180.6504364013672,180.6504364013672,0.0,6.0
153.5,21129.0,115.18164325873103,220.99366493137387,255.1234995056316,415.5476989746094,321.0204162597656,180.7374267578125,180.7374267578125,0.0,7.0
154.0,20976.0,115.63412003937935,221.75267460676992,255.22147245088922,415.3188171386719,320.8247985839844,180.96994018554688,180.96994018554688,0.0,7.0
154.5,21086.0,115.70711772874989,222.26223243241168,255.22147245088922,415.0826721191406,320.6549987792969,181.1786346435547,181.1786346435547,0.0,7.0
155.0,21079.0,115.88680474316273,222.9910312097776,255.87692353942353,414.55938720703125,320.6206970214844,181.30528259277344,181.30528259277344,0.0,7.0
155.5,21054.0,115.8870402459627,223.21995857795818,255.9785147234041,414.486572265625,320.2939147949219,181.63983154296875,181.63983154296875,0.0,7.0
156.0,21126.0,115.97109546453292,223.80795338861395,256.7372197403407,413.89166259765625,320.2515563964844,181.7889404296875,181.7889404296875,0.0,7.0
156.5,21039.0,115.74980639559342,223.9899549067059,256.7372197403407,413.89166259765625,320.2515563964844,181.7889404296875,181.7889404296875,0.0,6.0
157.0,21188.0,115.88357678077604,224.16031996764875,256.8501508662201,414.1126403808594,320.07012939453125,181.92724609375,181.92724609375,0.0,7.0
157.5,21194.0,116.02741189442395,224.15686389953856,256.8501508662201,414.2843322753906,319.9290771484375,182.03497314453125,182.03497314453125,0.0,7.0
158.0,21223.0,116.0534612011739,224.4036541591959,256.8501508662201,413.97320556640625,319.91058349609375,182.109375,182.109375,0.0,7.0
158.5,21207.0,116.32043830893255,224.1709161811269,256.8501508662201,414.0196228027344,320.0082092285156,182.1888427734375,182.1888427734375,0.0,7.0
159.0,21170.0,116.15982998322114,224.07956173848032,256.8501508662201,414.0196228027344,320.0082092285156,182.1888427734375,182.1888427734375,0.0,7.0
159.5,21161.0,116.25366106250078,224.4014260204244,256.9708154635464,414.0196228027344,320.0082092285156,182.1888427734375,182.1888427734375,0.0,9.0
160.0,21059.0,115.98503302384356,224.47917462168837,257.38881094561975,414.0196228027344,320.0082092285156,182.1888427734375,182.1888427734375,0.0,8.0
160.5,21129.0,115.95872185643387,223.86870957594468,257.38881094561975,414.0196228027344,320.0082092285156,182.1888427734375,182.1888427734375,0.0,7.0
161.0,20818.0,114.86522350918732,224.37992323004508,258.14724480420085,414.0196228027344,320.0082092285156,182.1888427734375,182.1888427734375,0.0,6.0
161.5,21137.0,115.98829295269454,223.69085716044884,257.38881094561975,414.580810546875,319.54693603515625,182.53843688964844,182.53843688964844,0.0,6.0
162.0,21163.0,115.79906908746872,223.5573751848724,257.38881094561975,414.50799560546875,319.5428161621094,182.55581665039062,182.55581665039062,0.0,7.0
162.5,20840.0,114.94167888341157,223.6606804940253,257.38881094561975,414.88970947265625,319.2194519042969,182.80419921875,182.80419921875,0.0,6.0
163.0,21170.0,115.93062472045465,223.5180063501897,258.0426321366297,415.2198791503906,318.9397888183594,183.01986694335938,183.01986694335938,0.0,7.0
163.5,21671.0,116.97310002585462,223.11207725188063,257.38881094561975,415.4378967285156,318.7550964355469,183.16261291503906,183.16261291503906,0.0,7.0
164.0,21660.0,117.01850414052863,223.43265204051806,257.6140524117425,415.4378967285156,318.7550964355469,183.16261291503906,183.16261291503906,0.0,6.0
164.5,21537.0,116.45258209266042,223.62468517595502,258.0426321366297,415.4378967285156,318.7550964355469,183.16261291503906,183.16261291503906,0.0,7.0
165.0,21499.0,116.51359068305032,223.43298770759833,257.2877766237642,415.82861328125,318.42413330078125,183.41940307617188,183.41940307617188,0.0,6.0
165.5,21528.0,116.57737445577085,224.01618238793802,257.9457307264456,415.82861328125,318.42413330078125,183.41940307617188,183.41940307617188,0.0,6.0
166.0,21420.0,116.61786222537923,224.6449420496053,258.6058777367599,415.82861328125,318.42413330078125,183.41940307617188,183.41940307617188,0.0,7.0
166.5,21542.0,116.91017219204964,225.22200158902302,258.6058777367599,415.797607421875,318.4225769042969,183.42640686035156,183.42640686035156,0.0,7.0
167.0,21657.0,117.19572653002244,225.20568374910522,258.6058777367599,415.6422119140625,318.1962890625,183.67645263671875,183.67645263671875,0.0,7.0
167.5,21691.0,117.1188661141504,225.17437487732343,258.5207922005501,414.5548400878906,318.147705078125,183.91893005371094,183.91893005371094,0.0,7.0
168.0,21637.0,117.27216901330556,225.64618277051397,258.69866640553056,414.52618408203125,318.0506591796875,184.0195770263672,184.0195770263672,0.0,6.0
168.5,21732.0,117.52717426104417,225.62324746042162,258.0426321366297,413.8280944824219,318.033203125,184.1649932861328,184.1649932861328,0.0,6.0
169.0,21738.0,117.72384541330119,226.3183598385248,258.6058777367599,414.7441711425781,317.67437744140625,184.35011291503906,184.35011291503906,0.0,7.0
169.5,21711.0,117.86521158079782,226.92399606272693,259.1138745802702,414.7441711425781,317.67437744140625,184.35011291503906,184.35011291503906,0.0,7.0
170.0,21784.0,117.90730600533175,227.2660335364325,259.1138745802702,414.7441711425781,317.67437744140625,184.35011291503906,184.35011291503906,0.0,7.0
170.5,21664.0,118.02947133362584,227.2426014441544,259.2006944435142,414.7441711425781,317.67437744140625,184.35011291503906,184.35011291503906,0.0,7.0
171.0,21737.0,117.97858802678965,227.2500823991728,259.61509971494337,414.7441711425781,317.67437744140625,184.35011291503906,184.35011291503906,0.0,7.0
171.5,21803.0,118.32483833344051,227.56317804073663,259.8037721050255,416.3889465332031,317.0301513671875,184.69522094726562,184.69522094726562,0.0,7.0
172.0,21801.0,118.02283246204803,227.9056822459677,261.4000765110829,417.47296142578125,316.6054992675781,184.9315185546875,184.9315185546875,0.0,7.0
172.5,21961.0,118.34049771096463,227.9056822459677,260.8006901831358,417.47296142578125,316.6054992675781,184.9315185546875,184.9315185546875,0.0,7.0
173.0,22005.0,118.49119990347754,227.47879013684238,260.0,417.3255920410156,316.2935485839844,185.263671875,185.263671875,0.0,7.0
173.5,21918.0,118.47234754737414,227.69409300674266,260.41505332833583,417.19671630859375,316.0208740234375,185.5538330078125,185.5538330078125,0.0,7.0
174.0,22040.0,118.48578994944613,228.0372776543344,264.6148144001012,417.19671630859375,316.0208740234375,185.5538330078125,185.5538330078125,0.0,7.0
174.5,22067.0,118.71925055614467,227.98048160074802,264.0170449043016,416.7364807128906,315.047119140625,186.59083557128906,186.59083557128906,0.0,7.0
175.0,22070.0,118.73383691191631,227.81659084733025,264.8773300982929,416.0033264160156,312.50738525390625,188.18772758357227,189.21755981445312,0.0,7.0
175.5,22068.0,118.8107883061346,227.9056822459677,266.4507459175147,419.1047058105469,311.19000244140625,189.78461959585547,190.01986694335938,0.0,8.0
176.0,21606.0,118.77022785228189,228.8268996405466,267.0674072214728,419.0,311.5,190.2032928466797,190.2032928466797,0.0,8.0
176.5,21711.0,119.00605488926405,229.4417137081113,267.8544380815819,419.0,311.5,190.2032928466797,190.2032928466797,0.0,8.0
177.0,21740.0,119.18414765781516,229.73604365673214,267.686383665662,419.0,311.5,190.2032928466797,190.2032928466797,0.0,7.0
177.5,22070.0,119.10621559084612,229.442040588515,268.1510768205118,419.0,311.5,190.2032928466797,190.2032928466797,0.0,8.0
178.0,22033.0,119.15610715768034,230.13039037302465,269.5570440556136,419.0,311.5,190.2032928466797,190.2032928466797,0.0,8.0
178.5,21773.0,119.62663834458115,230.69286812475244,269.5570440556136,420.1248474121094,310.75665283203125,190.29605102539062,190.29605102539062,0.0,8.0
179.0,22148.0,119.5456378822112,230.53340321725574,269.40861159213154,421.1652526855469,310.3147277832031,190.583984375,190.583984375,0.0,9.0
179.5,22119.0,119.94756820161417,230.53416232740864,268.77871939571406,421.2620849609375,309.5206604003906,191.35665893554688,191.35665893554688,0.0,7.0
180.0,22316.0,119.901548672212,231.20066998757903,268.63357943488745,421.7611389160156,308.92181396484375,191.8807830810547,191.8807830810547,0.0,7.0
180.5,22254.0,120.04979343474132,231.25094594401122,269.1337957224993,421.7611389160156,308.92181396484375,191.8807830810547,191.8807830810547,0.0,7.0
181.0,22362.0,120.20521437574877,231.39630496205726,269.1337957224993,421.7611389160156,308.92181396484375,191.8807830810547,191.8807830810547,0.0,7.0
181.5,22350.0,120.42610318493884,231.22975583061083,272.8552729928451,421.5886535644531,308.5670471191406,192.255859375,192.255859375,0.0,8.0
182.0,22170.0,120.68635833376342,230.62523712724936,273.4904020253727,420.0,309.5,193.1302490234375,193.1302490234375,0.0,7.0
182.5,22265.0,121.138816382576,231.3235828085202,275.40878707840824,420.5522155761719,309.6689758300781,193.6209259033203,193.6209259033203,0.0,7.0
183.0,22186.0,121.52544269689092,231.8722708715472,276.05253123273474,420.4539489746094,309.8243103027344,194.33267211914062,194.33267211914062,0.0,7.0
183.5,22086.0,121.68143986306917,231.94395862844493,276.4814641164937,423.5,307.5,194.63951110839844,194.63951110839844,0.0,6.0
184.0,22135.0,121.60350638597484,232.36178687555318,276.9566753122228,422.5,309.0,195.07765197753906,195.07765197753906,0.0,6.0
184.5,22146.0,121.9894739649917,232.9678086681166,277.5463925184401,422.5,309.5,195.4495849609375,195.4495849609375,0.0,6.0
185.0,22221.0,121.88398212209825,234.26694175662087,278.15283568570715,418.5,314.5,196.6024932861328,196.6024932861328,0.0,7.0
185.5,22368.0,121.8630895152718,234.6763720251559,278.82969712711736,418.5,315.0,196.9855194091797,196.9855194091797,0.0,7.0
186.0,22328.0,122.24744787750593,235.25868644280985,278.82969712711736,419.0,317.5,198.5824114214629,199.74307250976562,0.0,7.0
186.5,22147.0,122.28342602897038,236.20541887496742,278.89065957826557,420.0,317.5,200.1793034337461,200.50758361816406,0.0,7.0
187.0,22453.0,122.46531058815964,236.64614717007288,279.56573466717987,418.5,318.5,200.71507263183594,200.71507263183594,0.0,7.0
187.5,22471.0,122.54479117540153,236.87232829052243,279.5084971874737,419.5,318.0,200.98829650878906,200.98829650878906,0.0,7.0
188.0,22378.0,122.94267671827913,237.19190494913983,280.1892217769984,419.0,318.5,201.04052734375,201.04052734375,0.0,7.0
188.5,22431.0,123.13524933724528,237.35100583790324,280.14282071829007,419.0,318.5,201.04052734375,201.04052734375,0.0,6.0
189.0,22477.0,123.14586726391066,237.19401281575702,278.3684608571883,418.5,319.0,201.09523010253906,201.09523010253906,0.0,7.0
189.5,22540.0,123.65271564972336,238.322470551763,279.6301128276424,418.5,319.0,201.09523010253906,201.09523010253906,0.0,7.0
190.0,22688.0,123.43870930697153,238.5979882563975,280.30340704315387,418.0,319.5,201.15240478515625,201.15240478515625,0.0,6.0
190.5,22633.0,123.64253642385083,239.5925706597329,281.04270138183625,418.5,320.0,201.85711669921875,201.85711669921875,0.0,7.0
191.0,22732.0,123.73875601556682,239.88538930080756,280.9786468755233,418.0,320.5,201.9165496826172,201.9165496826172,0.0,6.0
191.5,22631.0,124.20668791254235,240.93878810049762,282.3349075123372,418.5,320.5,202.23883056640625,202.23883056640625,0.0,7.0
192.0,22907.0,124.16687199794606,241.4787775354182,283.6987839240768,418.0,321.0,202.2993927001953,202.2993927001953,0.0,7.0
192.5,22990.0,124.71119934916356,241.98729294784047,284.3835438276976,418.5,321.0,202.62106323242188,202.62106323242188,0.0,7.0
193.0,23225.0,125.16269197042146,242.83533515532702,285.07016680108774,419.9457092285156,319.7828063964844,202.62986755371094,202.62986755371094,0.0,7.0
193.5,23221.0,125.19250716853952,243.4460925954656,285.112258592997,420.13580322265625,320.54315185546875,203.33099365234375,203.33099365234375,0.0,8.0
194.0,23224.0,125.41639728718721,243.47402297233728,285.79713084634,420.8505554199219,320.35791015625,203.65577697753906,203.65577697753906,0.0,8.0
194.5,23291.0,125.39438286158138,243.27145310206822,285.79713084634,420.9530944824219,320.7751159667969,204.0389862060547,204.0389862060547,0.0,7.0
195.0,23200.0,125.45294021141905,242.71413204299387,285.1613578309656,421.0557556152344,321.1927795410156,204.42279052734375,204.42279052734375,0.0,7.0
195.5,23389.0,125.25093886663868,243.02880482486674,286.5257405539684,421.17767333984375,321.688720703125,204.8787841796875,204.8787841796875,0.0,8.0
196.0,23422.0,125.52906752397172,243.402958075698,287.2107240337658,421.28094482421875,322.10882568359375,205.26524353027344,205.26524353027344,0.0,6.0
196.5,23519.0,125.56630644609139,242.90944814889355,287.2107240337658,421.3643798828125,322.44830322265625,205.57766723632812,205.57766723632812,0.0,7.0
197.0,23692.0,125.74287836633174,243.1730863988207,287.8975512226528,421.3643798828125,322.44830322265625,205.57766723632812,205.57766723632812,0.0,6.0
197.5,23642.0,125.88596375552537,243.1623936020739,288.5862089566998,420.74481201171875,322.9560852050781,206.2108917236328,206.2108917236328,0.0,7.0
198.0,23653.0,125.85772629878424,243.3302278825798,289.2766841624122,420.71728515625,323.4045104980469,206.65408325195312,206.65408325195312,0.0,6.0
198.5,23684.0,125.9857294194254,243.28697045907145,289.968963856479,424.2380065917969,320.4181823730469,206.7752685546875,206.7752685546875,0.0,6.0
199.0,23712.0,126.24907756015499,243.6509798529934,289.9448223369405,423.4198303222656,320.6002502441406,207.13902282714844,207.13902282714844,0.0,7.0
199.5,23818.0,126.50587152481401,243.52617929085162,289.9448223369405,423.83001708984375,322.2969055175781,208.6975860595703,208.6975860595703,0.0,6.0
200.0,23564.0,126.83486724680768,244.18015884547927,289.9448223369405,423.84375,321.8680419921875,209.02780151367188,209.02780151367188,0.0,6.0
200.5,23710.0,126.37086876417905,244.0427215654924,289.9275771636772,423.01275634765625,322.052734375,209.39285278320312,209.39285278320312,0.0,6.0
201.0,23942.0,127.32062282265032,244.12496799794977,289.21445330411825,422.3964538574219,322.059326171875,209.7678680419922,209.7678680419922,0.0,6.0
201.5,23767.0,127.81339503956067,244.61418599930656,289.3112510774512,422.97698974609375,321.5078125,209.8443603515625,209.8443603515625,0.0,6.0
202.0,23627.0,127.76290548653957,245.20399670478457,289.968963856479,423.1963806152344,321.3313293457031,209.84881591796875,209.84881591796875,0.0,6.0
202.5,23842.0,128.2670499612387,245.83551398512003,289.968963856479,423.1963806152344,321.3313293457031,209.84881591796875,209.84881591796875,0.0,6.0
203.0,23881.0,128.33456857742613,246.22144504490262,289.9448223369405,423.27325439453125,321.1841735839844,209.91787719726562,209.91787719726562,0.0,6.0
203.5,24041.0,128.1397454998147,246.4731222669117,289.9448223369405,423.3554382324219,321.07781982421875,210.02947998046875,210.02947998046875,0.0,6.0
204.0,23728.0,128.2889370617152,247.50353532828578,289.9275771636772,423.18719482421875,321.1095886230469,210.1001739501953,210.1001739501953,0.0,7.0
204.5,24032.0,128.23361929220917,247.56837373322313,289.9448223369405,423.18719482421875,321.1095886230469,210.1001739501953,210.1001739501953,0.0,6.0
205.0,23855.0,128.78245665842593,248.42523791989058,291.3314263858261,423.18719482421875,321.1095886230469,210.1001739501953,210.1001739501953,0.0,6.0
205.5,23982.0,129.2666967863901,249.12697557058164,292.04280508172087,423.18719482421875,321.1095886230469,210.1001739501953,210.1001739501953,0.0,7.0
206.0,24118.0,129.6712470333754,249.95579540224352,292.056501382866,422.52117919921875,321.37139892578125,210.51324462890625,210.51324462890625,0.0,6.0
206.5,24110.0,129.8428863062761,250.45508574460962,292.77294957014044,421.64996337890625,321.53314208984375,210.88072204589844,210.88072204589844,0.0,7.0
207.0,24148.0,130.3375383710176,250.15094552216277,292.056501382866,421.64996337890625,321.53314208984375,210.88072204589844,210.88072204589844,0.0,7.0
207.5,24032.0,129.80508673219262,251.60465018773073,292.75587099151403,421.8707580566406,322.5635070800781,211.82681274414062,211.82681274414062,0.0,6.0
208.0,23899.0,129.50185650711816,251.90930907135802,292.04280508172087,421.9186706542969,322.7870178222656,212.0321807861328,212.0321807861328,0.0,6.0
208.5,23920.0,129.93357411440613,252.80239302283013,292.0359566902678,421.2310791015625,322.930419921875,212.3379364013672,212.3379364013672,0.0,7.0
209.0,24467.0,130.95180295797155,253.01027641278674,292.0359566902678,421.2310791015625,322.930419921875,212.3379364013672,212.3379364013672,0.0,8.0
209.5,24606.0,130.83970373075908,252.47970194474252,292.75587099151403,421.2748718261719,323.13592529296875,212.52659606933594,212.52659606933594,0.0,8.0
210.0,24559.0,131.10036026994212,252.68141938750736,293.4501661270615,420.7278747558594,323.93408203125,213.43414306640625,213.43414306640625,0.0,7.0
210.5,24556.0,131.36764595134952,252.84975739026376,293.4501661270615,420.0430908203125,324.076171875,213.74053955078125,213.74053955078125,0.0,8.0
211.0,24470.0,130.44693322203244,252.79764633256792,293.4569815151788,420.1790771484375,324.0860595703125,213.8323516845703,213.8323516845703,0.0,8.0
211.5,24518.0,130.7933211494268,253.62649678840333,294.17001886664116,419.93792724609375,324.58294677734375,214.3785858154297,214.3785858154297,0.0,8.0
212.0,24685.0,130.78955651604988,253.61742827485156,294.17001886664116,420.2187805175781,324.362060546875,214.38400268554688,214.38400268554688,0.0,7.0
212.5,24744.0,131.38158508983727,253.70356630175775,294.17001886664116,420.28265380859375,324.6982421875,214.68524169921875,214.68524169921875,0.0,7.0
213.0,24815.0,131.8222553981114,253.3554800353869,294.17001886664116,420.65106201171875,324.0878601074219,214.94618225097656,214.94618225097656,0.0,8.0
213.5,24702.0,131.5632343731736,253.87595396177244,294.17001886664116,420.65106201171875,324.0878601074219,214.94618225097656,214.94618225097656,0.0,9.0
214.0,24721.0,132.12634389188082,254.56236956785267,294.1870153490803,420.67218017578125,324.1944580078125,215.0415802001953,215.0415802001953,0.0,8.0
214.5,24982.0,132.55509640376889,254.80119675275398,294.24139749532185,420.67218017578125,324.1944580078125,215.0415802001953,215.0415802001953,0.0,8.0
215.0,25062.0,132.89291437334896,255.28954149248776,294.27877939124323,421.4765319824219,323.5571594238281,215.0694122314453,215.0694122314453,0.0,8.0
215.5,25067.0,133.33374277671732,256.0304668369399,293.6954204614025,421.7102355957031,323.37200927734375,215.07846069335938,215.07846069335938,0.0,6.0
216.0,25215.0,133.8329054603073,256.21026508557424,293.08360581922693,422.3988952636719,322.8263854980469,215.1073760986328,215.1073760986328,0.0,8.0
216.5,24851.0,134.1147342374706,257.4024086911387,293.5523803344132,422.62774658203125,322.64508056640625,215.1177978515625,215.1177978515625,0.0,8.0
217.0,24972.0,134.5798537901587,257.4603849959198,293.59325605333646,422.6360168457031,322.68035888671875,215.15000915527344,215.15000915527344,0.0,7.0
217.5,25337.0,134.87217888631724,257.16959354709724,292.6585040623286,422.6360168457031,322.68035888671875,215.15000915527344,215.15000915527344,0.0,7.0
218.0,25520.0,135.42212906792508,257.73271019691197,293.0187707297947,422.6360168457031,322.68035888671875,215.15000915527344,215.15000915527344,0.0,9.0
218.5,25639.0,135.67408718000766,257.7349410166265,293.6954204614025,423.3120422363281,322.17529296875,215.2061767578125,215.2061767578125,0.0,8.0
219.0,25517.0,135.7600559172331,257.70137756713683,294.27877939124323,424.1919860839844,321.51788330078125,215.2842254638672,215.2842254638672,0.0,9.0
219.5,25491.0,135.89018354512555,258.40858884133695,294.4961799412685,424.1919860839844,321.51788330078125,215.2842254638672,215.2842254638672,0.0,9.0
220.0,25558.0,136.26640247040527,259.6247291765559,295.6552045880471,424.1919860839844,321.51788330078125,215.2842254638672,215.2842254638672,0.0,8.0
220.5,25632.0,136.30199223492824,259.2725399593808,295.90876972472444,424.1919860839844,321.51788330078125,215.2842254638672,215.2842254638672,0.0,7.0
221.0,25743.0,136.52814215106517,259.2531571967759,296.31908477180474,424.1919860839844,321.51788330078125,215.2842254638672,215.2842254638672,0.0,7.0
221.5,25921.0,136.7353560129997,258.69866640553056,296.46753616542907,424.45196533203125,321.3236999511719,215.30831909179688,215.30831909179688,0.0,6.0
222.0,26048.0,136.82757716486626,259.12014583745315,297.2574641619618,424.4523010253906,321.32550048828125,215.30995178222656,215.30995178222656,0.0,6.0
222.5,26113.0,137.25037860183278,259.4417081173756,297.2574641619618,424.5259704589844,321.6652526855469,215.61453247070312,215.61453247070312,0.0,8.0
223.0,26196.0,137.22074942268313,259.0468104403169,297.2574641619618,425.38818359375,320.9510803222656,215.64459228515625,215.64459228515625,0.0,8.0
223.5,26471.0,137.53828994639184,258.6484099797485,297.2574641619618,425.38818359375,320.9510803222656,215.64459228515625,215.64459228515625,0.0,8.0
224.0,26380.0,137.31527030749984,258.8848199321823,298.563226134767,426.3752136230469,320.13348388671875,215.6861114501953,215.6861114501953,0.0,8.0
224.5,26477.0,137.50747977307196,259.32720642972834,300.66093860027775,426.3752136230469,320.13348388671875,215.6861114501953,215.6861114501953,0.0,8.0
225.0,26572.0,137.88832633887543,259.9038276624838,300.6210238822295,426.5671691894531,320.8857421875,216.3760223388672,216.3760223388672,0.0,7.0
225.5,26554.0,137.92482937170917,260.32988629248086,300.5278689239985,426.5922546386719,320.9839172363281,216.46609497070312,216.46609497070312,0.0,8.0
226.0,26705.0,138.02667407416763,260.4588258799702,301.9751645417219,426.8018493652344,320.81134033203125,216.4761505126953,216.4761505126953,0.0,8.0
226.5,26668.0,138.15214509735327,260.9600542208372,302.00165562460086,427.1326599121094,321.10687255859375,216.9168243408203,216.9168243408203,0.0,9.0
227.0,26866.0,138.65181296281054,261.2034647431319,301.9751645417219,427.441650390625,320.9571228027344,217.01048278808594,217.01048278808594,0.0,9.0
227.5,26810.0,138.5836841291139,261.2672003889764,301.9751645417219,428.68963623046875,321.465087890625,218.2210235595703,218.2210235595703,0.0,9.0
228.0,27020.0,138.98188324886945,262.10532215209054,301.9751645417219,428.91278076171875,321.406982421875,218.3268585205078,218.3268585205078,0.0,8.0
228.5,26787.0,139.57043903742863,263.1271551566791,302.00165562460086,428.91278076171875,321.406982421875,218.3268585205078,218.3268585205078,0.0,8.0
229.0,27145.0,139.73346865305408,263.0566478521116,302.00165562460086,428.91278076171875,321.406982421875,218.3268585205078,218.3268585205078,0.0,9.0
229.5,26957.0,140.019853042759,263.92157840887637,302.03476621077914,429.2529296875,321.78076171875,218.83224487304688,218.83224487304688,0.0,6.0
230.0,27151.0,139.9467849343884,263.751777245197,302.76063152266016,429.9815979003906,321.23968505859375,218.9185791015625,218.9185791015625,0.0,7.0
230.5,26957.0,140.24409336477171,264.07461051264715,302.07449412355226,430.1763610839844,321.0873718261719,218.9366455078125,218.9366455078125,0.0,7.0
231.0,26831.0,140.40450961268795,264.8197495324712,302.80356668969404,430.1763610839844,321.0873718261719,218.9366455078125,218.9366455078125,0.0,7.0
231.5,26773.0,140.4926284738597,265.47052474733835,302.80356668969404,430.2286071777344,321.2811279296875,219.1151885986328,219.1151885986328,0.0,8.0
232.0,26921.0,140.58331396036343,265.42418879973997,302.80356668969404,430.5309753417969,321.5193786621094,219.4948272705078,219.4948272705078,0.0,7.0
232.5,26963.0,140.8465318936906,266.2806789622107,303.3891889965758,430.6601867675781,321.41925048828125,219.50762939453125,219.50762939453125,0.0,6.0
233.0,27052.0,140.9045846530101,266.55956117100396,303.3694117738306,430.6601867675781,321.41925048828125,219.50762939453125,219.50762939453125,0.0,8.0
233.5,27125.0,141.3191940014176,267.1931881574095,303.3694117738306,430.95086669921875,321.54254150390625,219.79440307617188,219.79440307617188,0.0,8.0
234.0,27151.0,141.54521578629976,267.4312993915626,303.60006587614566,431.5020446777344,321.6454162597656,220.2417755126953,220.2417755126953,0.0,7.0
234.5,27284.0,141.9140738144839,267.6049326766571,303.41555662160766,431.5020446777344,321.6454162597656,220.2417755126953,220.2417755126953,0.0,7.0
235.0,27225.0,141.9597117488695,268.122732965095,302.76063152266016,432.29791259765625,320.97503662109375,220.36985778808594,220.36985778808594,0.0,8.0
235.5,27243.0,142.35015959991685,268.2400043750912,302.67639485100256,432.29791259765625,320.97503662109375,220.36985778808594,220.36985778808594,0.0,7.0
236.0,27319.0,142.47722724142596,268.01697707363013,303.29523570277195,432.29791259765625,320.97503662109375,220.36985778808594,220.36985778808594,0.0,7.0
236.5,27267.0,142.7455700388752,268.2016032640954,303.4633421024688,432.29791259765625,320.97503662109375,220.36985778808594,220.36985778808594,0.0,7.0
237.0,27646.0,142.83759905856832,267.926762379847,304.25154066988716,432.29791259765625,320.97503662109375,220.36985778808594,220.36985778808594,0.0,8.0
237.5,27065.0,143.1619054112243,268.28231381526797,305.20321099228295,432.29791259765625,320.97503662109375,220.36985778808594,220.36985778808594,0.0,7.0
238.0,27097.0,143.26844536862305,268.312131518488,305.20321099228295,432.96368408203125,320.4092712402344,220.48495483398438,220.48495483398438,0.0,7.0
238.5,27168.0,143.43145383020192,268.2557546528398,305.32114240582814,431.814208984375,320.4942321777344,221.03631591796875,221.03631591796875,0.0,7.0
239.0,27392.0,143.51233976538688,267.9885256021208,305.32114240582814,432.9580078125,319.5279846191406,221.23028564453125,221.23028564453125,0.0,7.0
239.5,27540.0,143.71289864046867,268.0303154418688,307.8002599089221,432.88653564453125,319.53961181640625,221.259033203125,221.259033203125,0.0,7.0
240.0,27587.0,143.93304525385977,268.216517003394,308.6000648088072,433.4718017578125,319.04193115234375,221.36460876464844,221.36460876464844,0.0,8.0
240.5,27613.0,144.01130710228975,268.08841785181556,308.6000648088072,433.4718017578125,319.04193115234375,221.36460876464844,221.36460876464844,0.0,7.0
241.0,27487.0,144.17957410237574,268.1510768205118,310.0,433.2904052734375,318.8045349121094,221.6623077392578,221.6623077392578,0.0,6.0
241.5,27533.0,144.08675770970706,268.4034276963823,310.20315923600776,433.37078857421875,319.0713195800781,221.90103149414062,221.90103149414062,0.0,7.0
242.0,27900.0,144.28564332566657,268.63404474467904,310.80057915003954,433.37078857421875,319.0713195800781,221.90103149414062,221.90103149414062,0.0,8.0
242.5,27695.0,144.73051953061366,268.57196427298487,310.80057915003954,433.37078857421875,319.0713195800781,221.90103149414062,221.90103149414062,0.0,8.0
243.0,27714.0,144.5032587601195,268.535191989304,310.80057915003954,433.37078857421875,319.0713195800781,221.90103149414062,221.90103149414062,0.0,7.0
243.5,28108.0,144.60242161497507,268.59160423728787,311.40006422606916,433.5728454589844,318.90948486328125,221.94210815429688,221.94210815429688,0.0,8.0
244.0,27791.0,144.39110057468102,268.6168269475205,311.20411308335883,433.7032165527344,318.7554626464844,222.01190185546875,222.01190185546875,0.0,7.0
244.5,28682.0,145.15166148940588,268.40454541605664,311.20411308335883,433.7032165527344,318.7554626464844,222.01190185546875,222.01190185546875,0.0,7.0
245.0,28533.0,144.97565169040288,268.8839898296695,311.60231064611827,433.9082336425781,318.5901184082031,222.05502319335938,222.05502319335938,0.0,7.0
245.5,28427.0,145.41237285804618,269.068021053392,311.40006422606916,434.682373046875,317.9657897949219,222.22064208984375,222.22064208984375,0.0,7.0
246.0,28458.0,145.62380131590453,269.35933248366604,312.00160255998685,434.682373046875,317.9657897949219,222.22064208984375,222.22064208984375,0.0,7.0
246.5,28422.0,145.77530852068918,269.73913284585376,312.00160255998685,435.0920104980469,317.6354675292969,222.31007385253906,222.31007385253906,0.0,7.0
247.0,28143.0,145.63652717171732,270.3501432962394,312.00160255998685,435.0920104980469,317.6354675292969,222.31007385253906,222.31007385253906,0.0,7.0
247.5,28286.0,145.62788667763868,270.08332047721865,312.60518229869444,435.0920104980469,317.6354675292969,222.31007385253906,222.31007385253906,0.0,8.0
248.0,27924.0,145.73690785398927,270.1851217221259,313.2107916403903,435.65606689453125,317.18060302734375,222.43511962890625,222.43511962890625,0.0,7.0
248.5,28213.0,145.93392907889745,270.2979837142704,313.0255580619576,436.2280578613281,316.7193298339844,222.56423950195312,222.56423950195312,0.0,7.0
249.0,28075.0,146.02544212351583,270.7696430317974,313.2107916403903,436.2280578613281,316.7193298339844,222.56423950195312,222.56423950195312,0.0,7.0
249.5,28298.0,146.09167376218986,271.10007279380085,313.8184188348415,436.2649230957031,316.8368225097656,222.6690673828125,222.6690673828125,0.0,7.0
250.0,28587.0,146.24542689770783,271.31162894354526,313.8184188348415,436.7549133300781,316.8286437988281,223.03421020507812,223.03421020507812,0.0,7.0
250.5,28562.0,146.5474517803717,271.8884878493911,314.61246002026047,437.65753173828125,315.8606872558594,223.08819580078125,223.08819580078125,0.0,7.0
251.0,28456.0,146.38241621025546,272.4889905094614,315.220557705236,437.7835998535156,316.2493591308594,223.43653869628906,223.43653869628906,0.0,7.0
251.5,28885.0,146.90784187703665,272.04852430444765,315.6010139400696,437.9593200683594,316.0615234375,223.4481201171875,223.4481201171875,0.0,7.0
252.0,28761.0,147.3444599230973,272.5912691191704,316.2040480449294,438.08111572265625,316.43878173828125,223.78578186035156,223.78578186035156,0.0,7.0
252.5,28878.0,147.33341197788207,272.8016678638394,316.80909077865806,438.8033447265625,315.6595153808594,223.83074951171875,223.83074951171875,0.0,7.0
253.0,28973.0,147.59712344539653,272.6110782056371,316.80909077865806,439.1881408691406,315.24432373046875,223.85678100585938,223.85678100585938,0.0,7.0
253.5,28803.0,147.18851701448392,272.8358479427052,317.4161306550126,439.464111328125,314.84539794921875,223.9486846923828,223.9486846923828,0.0,7.0
254.0,28863.0,147.47426324241022,272.8094573140748,318.8181299738144,439.1502685546875,314.9356689453125,224.1037139892578,224.1037139892578,0.0,7.0
254.5,29037.0,147.42942436624227,273.2109075411597,319.24911902775864,439.5517883300781,314.6662902832031,224.73240661621094,224.73240661621094,0.0,7.0
255.0,28840.0,147.6157729075675,274.26529103635534,319.24911902775864,439.7003479003906,315.04754638671875,225.07382202148438,225.07382202148438,0.0,7.0
255.5,28855.0,147.7556719785901,274.27850702002684,318.6361561405108,439.7064514160156,315.0632019042969,225.0878448486328,225.0878448486328,0.0,7.0
256.0,29029.0,148.0265926022071,273.76632371422164,318.4603586005643,439.71612548828125,314.6079406738281,225.41098022460938,225.41098022460938,0.0,6.0
256.5,29090.0,148.7818536243938,274.4973568829471,320.4808886657674,439.6530456542969,314.527587890625,225.5531005859375,225.5531005859375,0.0,7.0
257.0,29306.0,148.55083563192755,274.6115438169227,320.6524598377502,439.7230224609375,314.3147888183594,226.3081817626953,226.3081817626953,0.0,7.0
257.5,29119.0,148.3996868445427,275.07271760439136,321.4420632089086,439.63323974609375,314.3402099609375,226.35182189941406,226.35182189941406,0.0,7.0
258.0,28026.0,148.08640761401674,277.6152913119106,321.6224494652076,439.63323974609375,314.3402099609375,226.35182189941406,226.35182189941406,0.0,6.0
258.5,27952.0,147.86524755606894,277.8437509837601,321.6224494652076,440.1009521484375,314.1792907714844,226.87091064453125,226.87091064453125,0.0,6.0
259.0,29272.0,149.0461343804535,276.71709302560794,321.26780106322514,440.1009521484375,314.1792907714844,226.87091064453125,226.87091064453125,0.0,7.0
259.5,28021.0,148.37285485407537,278.62519627628797,321.4420632089086,440.251953125,314.5625915527344,227.21583557128906,227.21583557128906,0.0,6.0
260.0,28069.0,148.63191588258266,279.0014335996657,321.8105032468642,439.81256103515625,314.9706726074219,227.9092559814453,227.9092559814453,0.0,6.0
260.5,28123.0,148.77191890768327,279.62850351259067,322.23283507426737,439.89495849609375,314.60675048828125,228.11610412597656,228.11610412597656,0.0,6.0
261.0,28464.0,148.80208268077814,279.9262399331252,322.61587065735,439.89837646484375,314.32110595703125,228.32098388671875,228.32098388671875,0.0,6.0
261.5,28227.0,149.04695062884235,280.2754001796522,322.8327740487325,439.38037109375,314.456298828125,228.5797882080078,228.5797882080078,0.0,6.0
262.0,28491.0,149.22217495262274,281.26677707513875,324.01388859121454,439.51910400390625,314.8481140136719,228.92515563964844,228.92515563964844,0.0,7.0
262.5,28292.0,149.5885444616518,280.1147976195485,323.4223245232153,440.4496765136719,313.46429443359375,229.2951202392578,229.2951202392578,0.0,6.0
263.0,28737.0,149.33426174789034,280.4824414737696,324.01388859121454,440.4496765136719,313.46429443359375,229.2951202392578,229.2951202392578,0.0,6.0
263.5,28427.0,149.52811783361372,280.97437598015716,324.01388859121454,440.4496765136719,313.46429443359375,229.2951202392578,229.2951202392578,0.0,6.0
264.0,28635.0,149.88300873084705,281.2242876557306,324.2298567374695,440.91876220703125,313.45001220703125,229.66839599609375,229.66839599609375,0.0,6.0
264.5,28449.0,150.018873896689,282.06488615076825,324.2298567374695,441.0649719238281,313.83990478515625,230.01406860351562,230.01406860351562,0.0,6.0
265.0,29726.0,150.8541464681216,280.95862684638496,324.01388859121454,441.4175720214844,313.4382629394531,230.0677490234375,230.0677490234375,0.0,7.0
265.5,29520.0,151.26324499340524,281.78387107613884,324.8199501262199,441.566650390625,313.2684326171875,230.0907745361328,230.0907745361328,0.0,7.0
266.0,28859.0,150.37597203512033,283.1303586372137,326.60220452409686,441.5917053222656,313.3343200683594,230.14939880371094,230.14939880371094,0.0,6.0
266.5,28645.0,150.8931842559891,283.7477753208,327.40494803835816,441.7274169921875,313.69073486328125,230.4665985107422,230.4665985107422,0.0,6.0
267.0,28413.0,151.4117886623175,284.26712751463407,327.40494803835816,441.9705505371094,314.3292541503906,231.03533935546875,231.03533935546875,0.0,6.0
267.5,28697.0,151.4420969230718,285.0856006825649,328.40219244091537,442.1163635253906,314.7122497558594,231.3767852783203,231.3767852783203,0.0,6.0
268.0,28515.0,151.82280323707582,285.17538463198395,328.2087750198035,442.68896484375,315.6576843261719,232.39315795898438,232.39315795898438,0.0,6.0
268.5,28871.0,151.6806869584661,285.48379980468394,328.80389292099323,442.8377685546875,315.4825134277344,232.411865234375,232.411865234375,0.0,6.0
269.0,28961.0,151.72767999252187,285.40847920130193,329.40097146183405,442.8377685546875,315.4825134277344,232.411865234375,232.411865234375,0.0,5.0
269.5,29335.0,151.81654661459834,285.75653944470827,330.2196238868914,443.0048522949219,315.3480529785156,232.46929931640625,232.46929931640625,0.0,6.0
270.0,29243.0,151.97263589523388,286.04300375223306,331.20386471175124,443.6307373046875,315.64532470703125,233.15126037597656,233.15126037597656,0.0,5.0
270.5,29406.0,151.94280913402216,285.5026268765631,331.20386471175124,443.76226806640625,315.4896240234375,233.16778564453125,233.16778564453125,0.0,5.0
271.0,29294.0,151.84571006353207,285.48169810924475,332.6048706799105,443.76226806640625,315.4896240234375,233.16778564453125,233.16778564453125,0.0,6.0
271.5,29263.0,152.09640008621378,285.8800446507525,330.60096793566714,443.763916015625,315.49346923828125,233.17132568359375,233.17132568359375,0.0,6.0
272.0,29319.0,152.23200191914424,286.03741013301044,330.2029678849056,444.14227294921875,315.0429992675781,233.2182159423828,233.2182159423828,0.0,5.0
272.5,29363.0,152.52183527453795,286.5403985307034,334.0134727821619,444.7939758300781,314.268798828125,233.30348205566406,233.30348205566406,0.0,5.0
273.0,29297.0,152.45240224583395,286.42241525499935,334.8193542792889,445.1248779296875,313.87725830078125,233.34927368164062,233.34927368164062,0.0,6.0
273.5,29424.0,152.43650627788463,287.17573004040673,336.21719170797917,445.6002197265625,314.97991943359375,234.37210083007812,234.37210083007812,0.0,6.0
274.0,29552.0,152.33757336634054,287.18878789390635,336.8100354799423,446.046875,315.0126953125,234.7562255859375,234.7562255859375,0.0,5.0
274.5,29123.0,152.96074037414604,287.67081871267476,336.8100354799423,446.6851806640625,316.4506530761719,236.10675048828125,236.10675048828125,0.0,6.0
275.0,30307.0,153.172272689073,286.9128786517296,337.40480138848056,446.9422607421875,316.6884460449219,236.45401000976562,236.45401000976562,0.0,7.0
275.5,30712.0,153.3472997559338,286.7822343504933,338.20851556399344,447.0487365722656,316.5639343261719,236.46893310546875,236.46893310546875,0.0,7.0
276.0,30772.0,153.50503786886227,287.2919243267176,338.20851556399344,447.5083923339844,317.6539611816406,237.4745635986328,237.4745635986328,0.0,8.0
276.5,30671.0,153.65320267677805,286.90939323081426,338.803778019077,447.9853210449219,317.0023498535156,237.5966796875,237.5966796875,0.0,8.0
277.0,30612.0,154.26390903509815,287.6435293693127,338.803778019077,448.2423400878906,317.24755859375,237.94973754882812,237.94973754882812,0.0,6.0
277.5,30687.0,154.60785094455642,288.7322288020322,340.20288064624026,449.06427001953125,316.31005859375,238.038330078125,238.038330078125,0.0,6.0
278.0,31102.0,154.89071143580256,289.1094083007869,341.0058650522011,449.1740417480469,316.18487548828125,238.05068969726562,238.05068969726562,0.0,6.0
278.5,31099.0,154.85055291298443,289.1803934476404,342.4047312757229,449.1740417480469,316.18487548828125,238.05068969726562,238.05068969726562,0.0,7.0
279.0,31168.0,155.29829812393334,289.1651775922887,343.0014577228499,450.0301513671875,315.740234375,238.46873474121094,238.46873474121094,0.0,6.0
279.5,31143.0,155.1833837288833,289.0847626562147,343.0014577228499,450.0301513671875,315.740234375,238.46873474121094,238.46873474121094,0.0,7.0
280.0,31204.0,155.13998032259428,288.77811547195995,343.0014577228499,450.0339660644531,315.7496032714844,238.4774169921875,238.4774169921875,0.0,7.0
280.5,30996.0,155.42668944043643,289.02854442949507,343.2083915058022,450.5901794433594,316.7210693359375,239.5048828125,239.5048828125,0.0,7.0
281.0,30742.0,155.31680048921075,289.34901025868845,344.01308114663317,450.5901794433594,316.7210693359375,239.5048828125,239.5048828125,0.0,7.0
281.5,30848.0,155.15195519514802,289.38132276759,343.80372307466365,450.5944519042969,316.7315673828125,239.51461791992188,239.51461791992188,0.0,7.0
282.0,31075.0,155.16638873225511,289.32369353159754,345.8005205317077,450.5944519042969,316.7315673828125,239.51461791992188,239.51461791992188,0.0,7.0
282.5,31078.0,155.04580151023742,289.2055495014479,345.2028389222777,451.19818115234375,316.04766845703125,239.58885192871094,239.58885192871094,0.0,6.0
283.0,30008.0,154.96096475549484,290.6572724005487,346.4000577367157,451.8981018066406,317.369873046875,240.94064331054688,240.94064331054688,0.0,5.0
283.5,31016.0,155.6483994455114,290.19562364026444,346.4000577367157,452.56256103515625,317.15411376953125,241.34400939941406,241.34400939941406,0.0,6.0
284.0,30091.0,154.63149084837335,290.9063423051363,345.60092592468555,452.56256103515625,317.15411376953125,241.34400939941406,241.34400939941406,0.0,6.0
284.5,30063.0,154.8585790051639,291.81141170237976,346.2036972650639,452.56256103515625,317.15411376953125,241.34400939941406,241.34400939941406,0.0,6.0
285.0,30348.0,155.14331970181107,292.19368562546464,347.2002304146701,452.56256103515625,317.15411376953125,241.34400939941406,241.34400939941406,0.0,6.0
285.5,30200.0,155.3293994194628,292.3860461444746,347.0014409191985,452.5673828125,317.1656494140625,241.3547821044922,241.3547821044922,0.0,5.0
286.0,30118.0,155.39651084922525,292.42674213722125,346.433254754794,453.2725524902344,316.3782653808594,241.47181701660156,241.47181701660156,0.0,5.0
286.5,29963.0,155.5751054731967,293.0614270080592,346.433254754794,453.4376220703125,316.74847412109375,241.8172149658203,241.8172149658203,0.0,6.0
287.0,29959.0,155.4500436614899,293.39018385636484,346.8097461144943,453.4376220703125,316.74847412109375,241.8172149658203,241.8172149658203,0.0,6.0
287.5,29893.0,155.5483882986128,294.23629956664774,348.209706929603,453.60296630859375,317.1192321777344,242.16331481933594,242.16331481933594,0.0,6.0
288.0,30035.0,155.47561655183515,294.4204475936394,349.4252423623685,453.9142761230469,317.83990478515625,242.83787536621094,242.83787536621094,0.0,6.0
288.5,30281.0,155.70543090006984,294.5522025040723,348.8165707072988,454.03277587890625,317.70703125,242.85377502441406,242.85377502441406,0.0,6.0
289.0,30630.0,155.90057995258348,295.16944286290885,349.4252423623685,454.03277587890625,317.70703125,242.85377502441406,242.85377502441406,0.0,6.0
289.5,31182.0,156.41297755713842,294.9644045395971,349.6112126348353,454.15557861328125,318.0095520019531,243.1327362060547,243.1327362060547,0.0,5.0
290.0,31027.0,156.95874479412123,295.9251590108619,349.80280158969566,454.76446533203125,317.3855285644531,243.2718963623047,243.2718963623047,0.0,5.0
290.5,30845.0,156.869216153659,295.8489478334995,349.8185243808567,454.85150146484375,317.28411865234375,243.28648376464844,243.28648376464844,0.0,5.0
291.0,30703.0,156.88296906324885,296.66344564782065,350.6251559714448,455.52490234375,316.4995422363281,243.40185546875,243.40185546875,0.0,5.0
291.5,30310.0,156.93210792078398,297.3705598114303,350.4111870360306,456.41766357421875,315.8831787109375,243.7974395751953,243.7974395751953,0.0,6.0
292.0,30816.0,156.34201787606574,297.8388825626734,350.8446949862574,456.59918212890625,316.2981262207031,244.1795654296875,244.1795654296875,0.0,6.0
292.5,30882.0,156.87622473106637,298.08849356635494,351.4327816240255,457.47198486328125,316.3329772949219,244.923583984375,244.923583984375,0.0,5.0
293.0,30606.0,157.05161551654797,298.47947990478565,351.4327816240255,457.5707092285156,316.2167053222656,244.94097900390625,244.94097900390625,0.0,6.0
293.5,30792.0,157.3101040704153,298.87890517008634,351.4327816240255,457.671630859375,316.09783935546875,244.9588165283203,244.9588165283203,0.0,7.0
294.0,31087.0,157.45883297176164,300.2602202272556,352.40459701882435,457.6965637207031,316.15447998046875,245.01100158691406,245.01100158691406,0.0,6.0
294.5,30895.0,157.68090844328168,300.4348508013101,353.3624201864143,457.81048583984375,316.41339111328125,245.24960327148438,245.24960327148438,0.0,6.0
295.0,30883.0,157.53875541070087,300.6002328571533,353.62833596871167,458.468994140625,315.62646484375,245.36129760742188,245.36129760742188,0.0,5.0
295.5,30913.0,157.7569999830743,300.8760527876191,355.287207762959,459.22406005859375,314.7242736816406,245.49459838867188,245.49459838867188,0.0,5.0
296.0,31036.0,158.46509611698437,300.8371651332649,355.8454720802275,460.4354553222656,313.27679443359375,245.72007751464844,245.72007751464844,0.0,6.0
296.5,30881.0,158.43163897103645,302.5574325644637,357.53181676600474,460.4354553222656,313.27679443359375,245.72007751464844,245.72007751464844,0.0,6.0
297.0,31020.0,157.95448439541107,303.90804530233436,358.35736353534026,460.4354553222656,313.27679443359375,245.72007751464844,245.72007751464844,0.0,6.0
297.5,31148.0,158.48574165319135,303.768991159628,358.66558240232644,460.4354553222656,313.27679443359375,245.72007751464844,245.72007751464844,0.0,6.0
298.0,31073.0,158.67686707369194,304.10853323078703,359.4885255470611,460.49615478515625,313.40985107421875,245.84329223632812,245.84329223632812,0.0,6.0
298.5,31168.0,158.72343429681487,305.795438080318,360.8794812676387,460.66876220703125,313.7879333496094,246.19349670410156,246.19349670410156,0.0,6.0
299.0,31287.0,158.913910009622,306.65778963556573,360.8794812676387,460.7629089355469,313.6783752441406,246.21302795410156,246.21302795410156,0.0,6.0
299.5,31413.0,158.87277693453197,306.698545921847,359.7471334145694,461.51507568359375,312.8032531738281,246.3721923828125,246.3721923828125,0.0,6.0
300.0,31216.0,159.136802475479,307.4443017185824,360.6272313622475,461.94866943359375,312.7431640625,246.70518493652344,246.70518493652344,0.0,6.0
300.5,31329.0,159.13086228662695,308.19182333255793,361.4484748895754,461.94866943359375,312.7431640625,246.70518493652344,246.70518493652344,0.0,6.0
301.0,31321.0,159.86011107602965,308.40233462151355,360.8794812676387,463.1185607910156,313.79400634765625,248.25685119628906,248.25685119628906,0.0,6.0
301.5,32577.0,160.47570879259038,307.523330863917,362.0193365001378,463.7577209472656,314.13592529296875,248.9795379638672,248.9795379638672,0.0,5.0
302.0,32339.0,160.726698540355,308.2127511498217,362.92698990292797,464.2588195800781,314.6560363769531,249.6819305419922,249.6819305419922,0.0,6.0
302.5,32443.0,161.25635615806576,304.7559670321848,358.41456443621263,466.37615966796875,311.6295471191406,250.38824462890625,250.38824462890625,0.0,6.0
303.0,32646.0,160.62979521945044,312.7043331844475,367.52278840909986,467.5381164550781,314.1323547363281,251.98513664118946,252.74017333984375,0.0,6.0
303.5,32366.0,160.52251477727515,311.3193697602329,366.44508456247576,467.5381164550781,314.1323547363281,252.74017333984375,252.74017333984375,0.0,6.0
304.0,32269.0,160.53262186217182,311.7396349163408,367.3472471654034,467.5381164550781,314.1323547363281,252.74017333984375,252.74017333984375,0.0,6.0
304.5,32191.0,160.89218937002858,314.53060264363506,369.48071668221064,467.5458679199219,314.1513671875,252.7581787109375,252.7581787109375,0.0,6.0
305.0,32287.0,160.40632437091816,316.4800151138346,372.5869026146786,468.1421813964844,315.6192626953125,254.1507568359375,254.1507568359375,0.0,6.0
305.5,32289.0,160.63152155525438,316.18507238641104,371.44178547923224,468.1421813964844,315.6192626953125,254.1507568359375,254.1507568359375,0.0,5.0
306.0,32382.0,161.2574198058841,313.9984871882611,369.173400992,468.1421813964844,315.6192626953125,254.1507568359375,254.1507568359375,0.0,6.0
306.5,32239.0,161.8398624782327,313.4996012756635,367.78390394360656,468.1421813964844,315.6192626953125,254.1507568359375,254.1507568359375,0.0,6.0
307.0,32360.0,162.2762931338391,308.65231235502273,362.59205727649356,470.7178955078125,312.62567138671875,254.60269165039062,254.60269165039062,0.0,7.0
307.5,34055.0,164.0514737898028,306.19911821388456,362.52724035581105,473.30096435546875,309.51312255859375,255.19920349121094,255.19920349121094,0.0,7.0
308.0,34438.0,165.31907941064574,304.313900342777,361.9627052611912,475.2651062011719,307.14642333984375,255.69476318359375,255.69476318359375,0.0,8.0
308.5,32430.0,162.9132688076066,310.26601489689455,365.8551625985343,475.45477294921875,306.91778564453125,255.74447631835938,255.74447631835938,0.0,6.0
309.0,31853.0,162.8434472780544,313.9652846964484,369.48071668221064,475.45477294921875,306.91778564453125,255.74447631835938,255.74447631835938,0.0,5.0
309.5,34343.0,165.8927367086993,306.4974714379294,364.3212867785795,476.7426452636719,305.3659973144531,256.0911560058594,256.0911560058594,0.0,6.0
310.0,32933.0,162.84321241065717,312.28096298445,368.77364330982226,476.9544372558594,305.1108093261719,256.14971923828125,256.14971923828125,0.0,5.0
310.5,35597.0,166.36776423414156,303.21345613063056,361.3654659759286,479.1015625,301.3213806152344,257.696533203125,257.696533203125,0.0,7.0
311.0,34755.0,166.88965035217203,303.7256986154298,361.1107863246403,479.1015625,301.3213806152344,257.696533203125,257.696533203125,0.0,8.0
311.5,35394.0,166.81068475789797,302.8352686043977,360.0013888862097,477.8347473144531,301.73443603515625,258.1802978515625,258.1802978515625,0.0,6.0
312.0,35648.0,166.9110239040462,302.53809677049674,359.4690529099828,479.1217041015625,299.6559753417969,258.9764709472656,258.9764709472656,0.0,5.0
312.5,36236.0,167.24946093419004,299.295840251126,357.26180876214573,476.4955749511719,299.9808654785156,260.3852233886719,260.3852233886719,0.0,5.0
313.0,35759.0,167.6876940215277,299.9243237735074,357.2408151373524,475.7146301269531,299.47979736328125,261.2685852050781,261.2685852050781,0.0,6.0
313.5,36616.0,166.65716642636147,299.53130047886987,358.0949594730426,476.7256164550781,297.99200439453125,261.77838134765625,261.77838134765625,0.0,4.0
314.0,36282.0,166.7173566112099,298.0210562849034,355.735857062512,476.235595703125,297.9214782714844,262.1426696777344,262.1426696777344,0.0,6.0
314.5,35315.0,167.61639988465785,307.2375302514236,364.77116114078973,476.235595703125,297.9214782714844,262.1426696777344,262.1426696777344,0.0,6.0
315.0,32968.0,164.41751813629665,313.97746726997445,369.7161073039691,476.235595703125,297.9214782714844,262.1426696777344,262.1426696777344,0.0,5.0
315.5,33216.0,164.11960527133346,315.0456314468465,370.84363281577316,476.235595703125,297.9214782714844,262.1426696777344,262.1426696777344,0.0,6.0
316.0,36129.0,166.78279691170212,317.97106786531157,375.04666376332426,476.66461181640625,298.8289794921875,263.0321960449219,263.0321960449219,0.0,6.0
316.5,36077.0,166.26721383739743,317.07601612168986,374.81862280308326,476.66461181640625,298.8289794921875,263.0321960449219,263.0321960449219,0.0,9.0
317.0,34098.0,164.02255337916685,316.74879629487583,372.5936123982804,476.66461181640625,298.8289794921875,263.0321960449219,263.0321960449219,0.0,7.0
317.5,33122.0,164.53655574584064,316.25930808062657,371.93682259222464,476.66461181640625,298.8289794921875,263.0321960449219,263.0321960449219,0.0,6.0
318.0,31846.0,164.8525748456102,317.05520022945376,372.01344061740565,477.245361328125,300.0575256347656,264.23773193359375,264.23773193359375,0.0,6.0
318.5,31837.0,163.96344307065274,313.9722917297504,369.08671067921154,477.245361328125,300.0575256347656,264.23773193359375,264.23773193359375,0.0,8.0
319.0,31779.0,164.57515445984086,316.3044419453793,371.87766805765574,477.245361328125,300.0575256347656,264.23773193359375,264.23773193359375,0.0,7.0
319.5,31807.0,164.4055595844793,317.11228274279193,372.6902198877776,477.33056640625,300.23773193359375,264.4146728515625,264.4146728515625,0.0,9.0
320.0,32601.0,164.49877424558906,316.2941668763431,371.21557079411417,477.33056640625,300.23773193359375,264.4146728515625,264.4146728515625,0.0,5.0
320.5,32111.0,165.65451329148308,321.91070156531134,376.0119678946403,478.8035583496094,303.3536682128906,266.0115648638457,267.4793701171875,0.0,5.0
321.0,33020.0,165.06755078743797,314.43083495894103,370.4821183269174,478.8035583496094,303.3536682128906,267.4793701171875,267.4793701171875,0.0,8.0
321.5,31820.0,164.81965208542292,319.8224506018804,372.34526987730084,478.8035583496094,303.3536682128906,267.4793701171875,267.4793701171875,0.0,5.0
322.0,32017.0,164.51119173296541,325.2230003584973,377.828003197222,478.8035583496094,303.3536682128906,267.4793701171875,267.4793701171875,0.0,4.0
322.5,31678.0,165.0535349257896,327.18725520751195,380.80047268878224,479.4594421386719,304.7411193847656,268.84698486328125,268.84698486328125,0.0,7.0
323.0,31735.0,164.75975446423925,322.4879842527156,375.13330963805384,479.4594421386719,304.7411193847656,268.84698486328125,268.84698486328125,0.0,6.0
323.5,31992.0,164.55806506098693,324.2273122281691,376.06515392947534,479.4594421386719,304.7411193847656,268.84698486328125,268.84698486328125,0.0,6.0
324.0,31999.0,165.238402920644,327.0440337118797,378.80337907679757,479.4594421386719,304.7411193847656,268.84698486328125,268.84698486328125,0.0,4.0
324.5,31857.0,164.94509547412764,328.0649319804,379.80258029665885,479.4594421386719,304.7411193847656,268.84698486328125,268.84698486328125,0.0,5.0
325.0,31750.0,165.32876701803633,323.78472786623183,376.21536385426896,479.4594421386719,304.7411193847656,268.84698486328125,268.84698486328125,0.0,9.0
325.5,33215.0,166.5010967576893,319.383468370307,372.61374102413345,479.4594421386719,304.7411193847656,268.84698486328125,268.84698486328125,0.0,9.0
326.0,31819.0,166.48141982456937,318.30959768406956,370.3039292257105,479.4594421386719,304.7411193847656,268.84698486328125,268.84698486328125,0.0,5.0
326.5,32935.0,167.3450721807105,324.0095677476187,377.01060993027767,479.4594421386719,304.7411193847656,268.84698486328125,268.84698486328125,0.0,8.0
327.0,31404.0,166.2729417935852,323.8612353995844,377.107411754264,479.4594421386719,304.7411193847656,268.84698486328125,268.84698486328125,0.0,9.0
327.5,31524.0,167.03570790443177,322.13234856549343,374.55573684032663,479.4594421386719,304.7411193847656,268.84698486328125,268.84698486328125,0.0,5.0
328.0,34446.0,170.42242789467758,314.022690225893,370.1351104664349,479.4594421386719,304.7411193847656,268.84698486328125,268.84698486328125,0.0,8.0
328.5,31598.0,166.8593303049706,323.2139383308701,375.6008519692148,479.4594421386719,304.7411193847656,268.84698486328125,268.84698486328125,0.0,5.0
329.0,32056.0,167.9069141695286,320.62867930972163,372.8002145922129,479.4594421386719,304.7411193847656,268.84698486328125,268.84698486328125,0.0,6.0
329.5,33110.0,168.39691850025233,324.41285406834095,377.6612238501591,479.4594421386719,304.7411193847656,268.84698486328125,268.84698486328125,0.0,7.0
330.0,32224.0,168.40800564956362,325.0345364923558,376.87265753832554,479.4594421386719,304.7411193847656,268.84698486328125,268.84698486328125,0.0,5.0
330.5,32600.0,169.21014664706587,320.6556564289557,372.83910739084223,479.4594421386719,304.7411193847656,268.84698486328125,268.84698486328125,0.0,5.0
331.0,33085.0,169.14001003763332,321.37112363673685,373.02144710458674,479.4594421386719,304.7411193847656,268.84698486328125,268.84698486328125,0.0,4.0
331.5,36478.0,172.09416488872952,316.9385586899322,370.4065334197009,479.4594421386719,304.7411193847656,268.84698486328125,268.84698486328125,0.0,4.0
332.0,37258.0,172.4211123100921,318.0015723231569,371.06603185956,480.68255615234375,303.5016174316406,269.0595703125,269.0595703125,0.0,4.0
332.5,36690.0,172.3898642972385,326.73054643176386,379.81706122816547,480.68255615234375,303.5016174316406,269.0595703125,269.0595703125,0.0,5.0
333.0,36345.0,171.7058984945382,325.48333290139726,378.6000528261981,480.68255615234375,303.5016174316406,269.0595703125,269.0595703125,0.0,5.0
333.5,33448.0,168.792869489594,327.66896404028324,379.97105152892897,481.2941589355469,304.8471984863281,270.3639221191406,270.3639221191406,0.0,4.0
334.0,34758.0,170.29902637028343,326.3393168901198,380.1539161971109,481.6681823730469,305.66998291015625,271.162353515625,271.162353515625,0.0,4.0
334.5,33497.0,168.8666841270769,327.8017693525979,381.0721716420657,481.6802978515625,305.69659423828125,271.1882019042969,271.1882019042969,0.0,4.0
335.0,33783.0,169.68168101161922,332.02454727022644,385.3946029720707,482.83197021484375,308.2303771972656,272.7850939165801,273.6511535644531,0.0,4.0
335.5,33481.0,169.4150293144761,326.75372989454917,378.4772119956497,482.83197021484375,308.2303771972656,273.6511535644531,273.6511535644531,0.0,4.0
336.0,33608.0,169.96258285727419,332.56405391795664,384.5126785946076,482.83197021484375,308.2303771972656,273.6511535644531,273.6511535644531,0.0,4.0
336.5,33423.0,168.95960017242635,332.51872122574986,383.3431882791189,482.83197021484375,308.2303771972656,273.6511535644531,273.6511535644531,0.0,4.0
337.0,33266.0,169.34855065399628,331.0872237533838,380.2959373961284,482.83197021484375,308.2303771972656,273.6511535644531,273.6511535644531,0.0,5.0
337.5,32819.0,168.69330949317683,332.77094223342345,382.19628464965484,482.83197021484375,308.2303771972656,273.6511535644531,273.6511535644531,0.0,8.0
338.0,32682.0,169.23171172645584,330.80054413498175,381.22172026263144,482.83197021484375,308.2303771972656,273.6511535644531,273.6511535644531,0.0,6.0
338.5,31995.0,168.8090474892467,328.40813010298086,377.78433000853806,482.83197021484375,308.2303771972656,273.6511535644531,273.6511535644531,0.0,6.0
339.0,31969.0,168.40523292553874,327.66873515025884,376.5381786751511,482.83197021484375,308.2303771972656,273.6511535644531,273.6511535644531,0.0,6.0
339.5,32074.0,168.16741425248384,325.67836893386163,374.81862280308326,482.83197021484375,308.2303771972656,273.6511535644531,273.6511535644531,0.0,6.0
340.0,31917.0,166.48152872347697,331.01570956997256,380.7886552931954,482.83197021484375,308.2303771972656,273.6511535644531,273.6511535644531,0.0,6.0
340.5,31856.0,167.00186385441964,329.0767387470851,378.4521105767545,482.83197021484375,308.2303771972656,273.6511535644531,273.6511535644531,0.0,7.0
341.0,31895.0,166.98584915901304,331.89516412490525,381.8442090696152,482.83197021484375,308.2303771972656,273.6511535644531,273.6511535644531,0.0,5.0
341.5,32012.0,166.85500132284287,331.04976956899645,379.9605242653505,482.83197021484375,308.2303771972656,273.6511535644531,273.6511535644531,0.0,7.0
342.0,32879.0,167.60767654105533,328.59275702607,379.11080174534726,482.83197021484375,308.2303771972656,273.6511535644531,273.6511535644531,0.0,7.0
342.5,32047.0,168.0951726432355,325.67314872736586,373.2371900012109,482.83197021484375,308.2303771972656,273.6511535644531,273.6511535644531,0.0,5.0
343.0,32137.0,167.12025192877937,328.06859026182747,376.9416400452463,482.83197021484375,308.2303771972656,273.6511535644531,273.6511535644531,0.0,6.0
343.5,31960.0,167.8269073782418,325.8739017704523,374.1243108914469,482.83197021484375,308.2303771972656,273.6511535644531,273.6511535644531,0.0,6.0
344.0,32051.0,167.42190762655449,328.80161191027787,377.2015376426772,482.83197021484375,308.2303771972656,273.6511535644531,273.6511535644531,0.0,4.0
344.5,32168.0,166.80610291791066,328.5824095491726,377.2015376426772,482.83197021484375,308.2303771972656,273.6511535644531,273.6511535644531,0.0,6.0
345.0,32136.0,167.40230947542148,332.01920117449464,381.0472411657116,482.83197021484375,308.2303771972656,273.6511535644531,273.6511535644531,0.0,6.0
345.5,32325.0,166.92451470987515,332.13039605286303,380.7886552931954,482.83197021484375,308.2303771972656,273.6511535644531,273.6511535644531,0.0,5.0
346.0,32186.0,167.06177778375658,330.77484788469803,379.5207504208433,482.83197021484375,308.2303771972656,273.6511535644531,273.6511535644531,0.0,6.0
346.5,31665.0,167.01758713609283,332.25110971558036,379.5207504208433,482.83197021484375,308.2303771972656,273.6511535644531,273.6511535644531,0.0,8.0
347.0,31639.0,167.2087773165869,332.9663644616689,380.2959373961284,482.83197021484375,308.2303771972656,273.6511535644531,273.6511535644531,0.0,8.0
347.5,31774.0,167.584465183925,332.3450013552967,379.38107491017524,482.83197021484375,308.2303771972656,273.6511535644531,273.6511535644531,0.0,8.0
348.0,31677.0,167.48554119790077,332.46262892159575,378.4772119956497,482.83197021484375,308.2303771972656,273.6511535644531,273.6511535644531,0.0,7.0
348.5,32044.0,167.45879102475533,332.4138233976814,379.11739606617897,482.83197021484375,308.2303771972656,273.6511535644531,273.6511535644531,0.0,7.0
349.0,31848.0,167.04557085184305,331.90751722692187,378.9934036365277,482.83197021484375,308.2303771972656,273.6511535644531,273.6511535644531,0.0,6.0
349.5,31981.0,167.67049900740213,332.13250367887815,378.9934036365277,482.83197021484375,308.2303771972656,273.6511535644531,273.6511535644531,0.0,8.0
350.0,31625.0,167.3818499918547,332.4132969396108,378.9934036365277,482.83197021484375,308.2303771972656,273.6511535644531,273.6511535644531,0.0,4.0
350.5,31688.0,167.66486827797436,332.81218426520786,378.7611384500791,482.83197021484375,308.2303771972656,273.6511535644531,273.6511535644531,0.0,5.0
351.0,31633.0,167.8266297827615,332.66259182459606,377.24262749588627,482.83197021484375,308.2303771972656,273.6511535644531,273.6511535644531,0.0,5.0
351.5,31705.0,167.58608245706503,333.152517547297,377.7949179118216,482.83197021484375,308.2303771972656,273.6511535644531,273.6511535644531,0.0,5.0
352.0,31571.0,167.6059668642806,333.79334924470857,377.69961609723674,482.83197021484375,308.2303771972656,273.6511535644531,273.6511535644531,0.0,6.0
352.5,31467.0,167.58860501804034,333.91406075495627,377.69961609723674,482.83197021484375,308.2303771972656,273.6511535644531,273.6511535644531,0.0,7.0
353.0,31419.0,168.05590171927346,335.179205798629,377.3393697985939,482.83197021484375,308.2303771972656,273.6511535644531,273.6511535644531,0.0,6.0
353.5,31360.0,168.110509432101,335.0512646191525,377.69961609723674,482.83197021484375,308.2303771972656,273.6511535644531,273.6511535644531,0.0,7.0
354.0,31379.0,168.1062311753598,335.2242529740112,377.04111181673545,482.83197021484375,308.2303771972656,273.6511535644531,273.6511535644531,0.0,6.0
354.5,31233.0,167.9853035879711,335.5970798434743,377.3393697985939,482.83197021484375,308.2303771972656,273.6511535644531,273.6511535644531,0.0,8.0
355.0,31217.0,167.92565213953955,336.1160510578523,377.3393697985939,482.83197021484375,308.2303771972656,273.6511535644531,273.6511535644531,0.0,7.0
355.5,31177.0,168.20271020632993,335.9803561251977,375.7938264527506,482.83197021484375,308.2303771972656,273.6511535644531,273.6511535644531,0.0,6.0
356.0,31273.0,168.148327716425,336.01666624621066,375.7938264527506,482.83197021484375,308.2303771972656,273.6511535644531,273.6511535644531,0.0,6.0
356.5,31539.0,168.2410835508592,335.773882247861,375.66075121045054,482.83197021484375,308.2303771972656,273.6511535644531,273.6511535644531,0.0,5.0
357.0,31466.0,168.44675368433377,336.1275797671061,376.1754909613331,482.83197021484375,308.2303771972656,273.6511535644531,273.6511535644531,0.0,7.0
357.5,31927.0,168.30045718946124,335.47414203950467,376.5912903931794,482.83197021484375,308.2303771972656,273.6511535644531,273.6511535644531,0.0,5.0
358.0,31803.0,168.18852679979673,335.64773192868364,376.4850594645158,482.83197021484375,308.2303771972656,273.6511535644531,273.6511535644531,0.0,5.0
358.5,31948.0,168.3988710736386,335.2924096963723,375.9414848084739,482.83197021484375,308.2303771972656,273.6511535644531,273.6511535644531,0.0,4.0
359.0,32220.0,168.91326291805296,335.20478783279106,376.2884531845217,482.83197021484375,308.2303771972656,273.6511535644531,273.6511535644531,0.0,5.0
359.5,32721.0,169.43466824895205,335.00597009605667,376.19808611953357,482.83197021484375,308.2303771972656,273.6511535644531,273.6511535644531,0.0,3.0
360.0,32915.0,169.42938577995704,334.45806910955343,376.4850594645158,482.83197021484375,308.2303771972656,273.6511535644531,273.6511535644531,0.0,5.0
360.5,32684.0,169.51101727730503,335.19829943541475,376.9482723133242,482.83197021484375,308.2303771972656,273.6511535644531,273.6511535644531,0.0,5.0
361.0,32673.0,169.88318104974707,336.01666624621066,378.35961729550365,482.83197021484375,308.2303771972656,273.6511535644531,273.6511535644531,0.0,4.0
361.5,33541.0,170.6267899355404,334.8447401408599,377.1392315843049,482.83197021484375,308.2303771972656,273.6511535644531,273.6511535644531,0.0,6.0
362.0,34527.0,171.3271579173879,337.3108335758228,379.11739606617897,482.83197021484375,308.2303771972656,273.6511535644531,273.6511535644531,0.0,6.0
362.5,34439.0,170.63319483375764,345.1906719382816,386.927641814332,483.0958557128906,308.81085205078125,274.2162780761719,274.2162780761719,0.0,4.0
363.0,38761.0,169.50590638635438,337.3262515725688,377.2015376426772,483.0958557128906,308.81085205078125,274.2162780761719,274.2162780761719,0.0,4.0
363.5,38221.0,166.6835125173529,333.3781636520305,373.8769851167627,483.0958557128906,308.81085205078125,274.2162780761719,274.2162780761719,0.0,4.0
364.0,38164.0,172.1923415050556,365.2020673515541,411.5580153514204,490.3288269042969,324.7234191894531,275.8131700884551,289.8250427246094,0.0,13.0
364.5,33657.0,169.14467399034362,350.7392193175511,392.587569849072,490.3288269042969,324.7234191894531,277.4100621007383,289.8250427246094,0.0,6.0
365.0,33911.0,169.33564044641633,345.36140488899446,385.6591759572174,490.3288269042969,324.7234191894531,279.0069541130215,289.8250427246094,0.0,5.0
365.5,33886.0,169.19485144956414,343.5087332075324,383.46316641888825,490.3288269042969,324.7234191894531,280.6038461253047,289.8250427246094,0.0,5.0
366.0,34441.0,168.4422470037189,339.988235090569,378.7835793695392,490.3288269042969,324.7234191894531,282.2007381375879,289.8250427246094,0.0,5.0
366.5,33972.0,169.66965050569004,340.82862258604416,379.11080174534726,490.3288269042969,324.7234191894531,283.7976301498711,289.8250427246094,0.0,4.0
367.0,33601.0,169.92973214856218,341.81281427120314,379.7709836203919,490.3288269042969,324.7234191894531,285.3945221621543,289.8250427246094,0.0,7.0
367.5,33466.0,170.33801521554395,341.1220456029989,380.8214804865923,490.3288269042969,324.7234191894531,286.9914141744375,289.8250427246094,0.0,5.0
368.0,33969.0,169.72602841724247,341.24243575244816,381.9175303648682,490.3288269042969,324.7234191894531,288.58830618672073,289.8250427246094,0.0,4.0
368.5,33848.0,169.19622854540722,342.13688749640073,383.020887158912,490.414306640625,324.6518859863281,289.8453369140625,289.8453369140625,0.0,4.0
369.0,33645.0,169.20347375426093,342.132429149684,383.575285960918,490.414306640625,324.6518859863281,289.8453369140625,289.8453369140625,0.0,6.0
369.5,33845.0,169.65716262579951,342.2867209503608,383.020887158912,490.4486083984375,324.6231384277344,289.853515625,289.853515625,0.0,4.0
370.0,33898.0,169.91305355833813,341.92067792572,383.5896244686501,492.2707214355469,323.0970764160156,290.2955017089844,290.2955017089844,0.0,4.0
370.5,33675.0,170.3379957600238,342.67156242935425,383.3379709864391,492.30511474609375,323.06829833984375,290.3040466308594,290.3040466308594,0.0,5.0
371.0,33855.0,170.2400877564976,342.90129767321463,383.6378500617477,492.30511474609375,323.06829833984375,290.3040466308594,290.3040466308594,0.0,4.0
371.5,33947.0,170.07731806246733,343.20984834354624,384.17834400184506,492.30511474609375,323.06829833984375,290.3040466308594,290.3040466308594,0.0,5.0
372.0,33885.0,169.91872302461962,343.28792565702355,384.72067789501517,492.30511474609375,323.06829833984375,290.3040466308594,290.3040466308594,0.0,4.0
372.5,33878.0,170.15541247531803,343.08635930195976,383.6378500617477,492.30511474609375,323.06829833984375,290.3040466308594,290.3040466308594,0.0,4.0
373.0,33920.0,170.3100806703836,344.2058250277906,386.4013457533501,492.30511474609375,323.06829833984375,290.3040466308594,290.3040466308594,0.0,4.0
373.5,33931.0,170.58522757925058,344.16420494617125,386.4013457533501,492.30511474609375,323.06829833984375,290.3040466308594,290.3040466308594,0.0,5.0
374.0,34034.0,170.58092654802988,344.35178066688155,387.48677396783495,492.30511474609375,323.06829833984375,290.3040466308594,290.3040466308594,0.0,4.0
374.5,34034.0,170.78985111084012,344.81879299133334,387.48677396783495,492.30511474609375,323.06829833984375,290.3040466308594,290.3040466308594,0.0,4.0
375.0,33992.0,170.73280152141652,345.5947769909681,388.3258940632211,497.5476379394531,318.6774597167969,291.6811828613281,291.6811828613281,0.0,5.0
375.5,33951.0,170.87291045902865,345.90967025280645,388.3258940632211,497.55364990234375,318.6724853515625,291.6828308105469,291.6828308105469,0.0,4.0
376.0,34088.0,171.08102068961844,345.5991173207134,388.03221515745315,499.33868408203125,317.17742919921875,292.1868896484375,292.1868896484375,0.0,4.0
376.5,34179.0,171.23922710581473,347.1310991541956,389.12851347594665,499.33868408203125,317.17742919921875,292.1868896484375,292.1868896484375,0.0,5.0
377.0,34281.0,171.24876026919299,346.60207731633693,388.5794642026261,500.23333740234375,316.42816162109375,292.44610595703125,292.44610595703125,0.0,4.0
377.5,34317.0,171.59128335732368,347.3537101842772,388.5794642026261,500.23333740234375,316.42816162109375,292.44610595703125,292.44610595703125,0.0,5.0
378.0,34364.0,171.66639499938634,347.9614917349259,388.8701582790842,500.23333740234375,316.42816162109375,292.44610595703125,292.44610595703125,0.0,5.0
378.5,34370.0,171.7637943623486,348.1799821667318,389.7088656933532,500.23333740234375,316.42816162109375,292.44610595703125,292.44610595703125,0.0,5.0
379.0,34487.0,171.80843390788675,347.98376391369067,389.7088656933532,500.23333740234375,316.42816162109375,292.44610595703125,292.44610595703125,0.0,6.0
379.5,34320.0,172.03743920873578,348.4854372848439,389.7088656933532,500.23333740234375,316.42816162109375,292.44610595703125,292.44610595703125,0.0,4.0
380.0,34329.0,172.27859939781075,349.0550099799754,390.00641020372984,500.23333740234375,316.42816162109375,292.44610595703125,292.44610595703125,0.0,4.0
380.5,34322.0,172.19805500173123,348.66172717979816,389.16577444580093,500.23333740234375,316.42816162109375,292.44610595703125,292.44610595703125,0.0,5.0
381.0,34534.0,172.30888446637013,349.0535775386511,389.6793553679743,500.23333740234375,316.42816162109375,292.44610595703125,292.44610595703125,0.0,4.0
381.5,34471.0,172.17707456212122,349.41951858366235,391.0652119531984,500.23895263671875,316.4234619140625,292.44775390625,292.44775390625,0.0,5.0
382.0,34435.0,172.37983170766654,349.17760523836574,390.2537635949204,501.1233825683594,315.68267822265625,292.70843505859375,292.70843505859375,0.0,4.0
382.5,34459.0,172.63207156818808,349.42781792567433,391.348949148966,502.01800537109375,314.9334411621094,292.97650146484375,292.97650146484375,0.0,4.0
383.0,34309.0,172.8717025929645,349.91084576268605,391.8992217394671,502.01800537109375,314.9334411621094,292.97650146484375,292.97650146484375,0.0,5.0
383.5,34353.0,172.76389462611678,349.57545664638616,391.348949148966,502.01800537109375,314.9334411621094,292.97650146484375,292.97650146484375,0.0,5.0
384.0,34489.0,172.6538156002938,349.32220084042757,391.8992217394671,502.01800537109375,314.9334411621094,292.97650146484375,292.97650146484375,0.0,5.0
384.5,34296.0,173.08095153982538,350.7256762748854,393.0050890255748,502.01800537109375,314.9334411621094,292.97650146484375,292.97650146484375,0.0,5.0
385.0,34481.0,172.8359112411105,349.85711369071805,391.0652119531984,502.8580322265625,314.2298889160156,293.2322082519531,293.2322082519531,0.0,5.0
385.5,34362.0,173.43439668787636,350.73594055432176,391.61843674679056,503.7326965332031,313.4973449707031,293.5025634765625,293.5025634765625,0.0,5.0
386.0,34379.0,173.36326396131594,351.1442723000938,392.17343102255154,503.7326965332031,313.4973449707031,293.5025634765625,293.5025634765625,0.0,5.0
386.5,34473.0,173.69361513652137,351.2833614050059,394.32093527988087,504.6160583496094,312.75750732421875,293.7798767089844,293.7798767089844,0.0,4.0
387.0,34482.0,173.87819482228093,351.9493571293994,394.8493383557835,504.6160583496094,312.75750732421875,293.7798767089844,293.7798767089844,0.0,5.0
387.5,34540.0,173.86174094526478,352.21115822931944,395.170849127311,504.6160583496094,312.75750732421875,293.7798767089844,293.7798767089844,0.0,5.0
388.0,34542.0,174.05767826413484,352.12980547224396,397.75494968636156,504.62835693359375,312.7471923828125,293.78375244140625,293.78375244140625,0.0,5.0
388.5,34565.0,173.89070681788795,352.6417445437415,397.75494968636156,504.62835693359375,312.7471923828125,293.78375244140625,293.78375244140625,0.0,5.0
389.0,34590.0,173.87210251481423,351.91241787638967,397.75494968636156,505.5062561035156,312.0119323730469,294.0635681152344,294.0635681152344,0.0,4.0
389.5,34652.0,174.33496871527223,352.6953359487477,397.75494968636156,506.36529541015625,311.29248046875,294.34149169921875,294.34149169921875,0.0,4.0
390.0,34385.0,174.43755146048264,352.52262335051296,397.49842766984625,506.36529541015625,311.29248046875,294.34149169921875,294.34149169921875,0.0,4.0
390.5,34422.0,174.4952285662866,352.8634296635116,396.67619036186176,506.36529541015625,311.29248046875,294.34149169921875,294.34149169921875,0.0,4.0
391.0,34471.0,174.6169236813556,353.4041593124613,399.21172327475557,506.36529541015625,311.29248046875,294.34149169921875,294.34149169921875,0.0,4.0
391.5,34428.0,174.72317275005275,353.1447290310898,399.21172327475557,506.4537353515625,311.2183837890625,294.3703308105469,294.3703308105469,0.0,4.0
392.0,34396.0,174.96910315706054,353.5583402870035,400.03124877939223,506.51690673828125,311.1654968261719,294.3909606933594,294.3909606933594,0.0,4.0
392.5,34517.0,174.83588514234026,353.9423681355003,400.60454315946043,506.5533142089844,311.1349792480469,294.40283203125,294.40283203125,0.0,4.0
393.0,34459.0,175.08385372489934,354.0319194557711,400.60454315946043,506.59295654296875,311.10174560546875,294.415771484375,294.415771484375,0.0,4.0
393.5,34760.0,174.73546340647937,354.04293494117667,400.60454315946043,506.59295654296875,311.10174560546875,294.415771484375,294.415771484375,0.0,5.0
394.0,34709.0,175.21169131141448,353.76376286863467,400.12498047485116,507.20220947265625,310.59149169921875,294.6160583496094,294.6160583496094,0.0,5.0
394.5,34830.0,175.10138875477548,354.5221431167927,399.892485550804,507.48614501953125,310.3537292480469,294.7100524902344,294.7100524902344,0.0,5.0
395.0,34810.0,175.11325185288723,354.69874540535244,399.4396074502377,507.5805969238281,310.27459716796875,294.7414245605469,294.7414245605469,0.0,5.0
395.5,34766.0,175.26043573372928,355.03168855681804,399.9812495605263,507.6884765625,310.1842346191406,294.77734375,294.77734375,0.0,4.0
396.0,34660.0,175.4190075595519,355.44429941147746,400.7804885470349,507.6884765625,310.1842346191406,294.77734375,294.77734375,0.0,4.0
396.5,34714.0,175.75676867346598,356.11522011276594,400.7804885470349,508.6522216796875,309.3771057128906,295.1007385253906,295.1007385253906,0.0,4.0
397.0,34681.0,175.81040601163477,356.5613551690648,401.33028791757044,508.6522216796875,309.3771057128906,295.1007385253906,295.1007385253906,0.0,4.0
397.5,34724.0,176.04407870882667,356.9468447230189,402.16538886383546,508.6522216796875,309.3771057128906,295.1007385253906,295.1007385253906,0.0,5.0
398.0,34709.0,176.0912434481814,357.42859417283614,402.715780669196,508.6522216796875,309.3771057128906,295.1007385253906,295.1007385253906,0.0,5.0
398.5,35006.0,175.94901101385167,357.32478210447823,402.43508793344546,508.6522216796875,309.3771057128906,295.1007385253906,295.1007385253906,0.0,5.0
399.0,34983.0,176.21727355535094,357.865896670806,402.715780669196,508.6522216796875,309.3771057128906,295.1007385253906,295.1007385253906,0.0,5.0
399.5,35074.0,176.46428964572038,358.7606443527063,403.29145788126976,514.95556640625,304.0978698730469,296.69763053767383,297.3384094238281,0.0,5.0
400.0,34945.0,176.73285696695763,358.0731768508127,403.00124069287926,516.7042236328125,302.63330078125,297.9963684082031,297.9963684082031,0.0,6.0
400.5,35051.0,176.9116104257359,359.14690576157216,404.1014724051374,516.7042236328125,302.63330078125,297.9963684082031,297.9963684082031,0.0,6.0
401.0,35019.0,177.26100095340695,359.4367816304479,403.8217428519668,516.7042236328125,302.63330078125,297.9963684082031,297.9963684082031,0.0,6.0
401.5,35108.0,177.13408587905383,359.79820719556983,404.1014724051374,516.7042236328125,302.63330078125,297.9963684082031,297.9963684082031,0.0,6.0
402.0,35167.0,177.3880870878639,359.99805551429506,404.1014724051374,516.7042236328125,302.63330078125,297.9963684082031,297.9963684082031,0.0,6.0
402.5,35118.0,177.5997047183965,360.62445840513925,404.1014724051374,516.7042236328125,302.63330078125,297.9963684082031,297.9963684082031,0.0,5.0
403.0,35103.0,177.5700410699003,360.57135212153435,404.1014724051374,516.7042236328125,302.63330078125,297.9963684082031,297.9963684082031,0.0,5.0
403.5,35152.0,177.97017848474815,361.17177348400133,407.98284277650697,518.28515625,301.3092346191406,298.6050109863281,298.6050109863281,1.0,5.0
404.0,35200.0,177.91800955268164,361.3654659759286,408.5400837127246,518.3243408203125,301.27642822265625,298.6202697753906,298.6202697753906,1.0,6.0
404.5,35275.0,178.0237243674735,361.7450756392731,409.0990100208017,518.3243408203125,301.27642822265625,298.6202697753906,298.6202697753906,1.0,6.0
405.0,35315.0,178.03736023477086,361.6548077844089,406.0591089976926,518.3243408203125,301.27642822265625,298.6202697753906,298.6202697753906,1.0,6.0
405.5,35116.0,178.33450989902255,361.97410074538317,406.8967928111501,518.3243408203125,301.27642822265625,298.6202697753906,298.6202697753906,1.0,5.0
406.0,35229.0,178.6231534203508,362.47372309484666,409.3702480640233,518.9945678710938,300.715087890625,298.88232421875,298.88232421875,1.0,5.0
406.5,35309.0,178.52874648652593,362.19883984956044,410.7614879708174,518.9945678710938,300.715087890625,298.88232421875,298.88232421875,1.0,6.0
407.0,35578.0,179.08905312356893,362.8573411105544,411.3125332396279,519.7748413085938,300.06158447265625,299.19036865234375,299.19036865234375,1.0,6.0
407.5,35636.0,179.11413649440763,363.23546082396746,411.8652692325489,519.8006591796875,300.0399475097656,299.2005920410156,299.2005920410156,1.0,5.0
408.0,36190.0,179.57436285860297,363.05261325665873,412.6984371184364,519.8006591796875,300.0399475097656,299.2005920410156,299.2005920410156,1.0,5.0
408.5,36454.0,179.7885265767702,363.09096655813033,413.25173925828796,519.8006591796875,300.0399475097656,299.2005920410156,299.2005920410156,1.0,6.0
409.0,36633.0,179.86717014625575,363.0911731175849,414.0845324326906,519.8006591796875,300.0399475097656,299.2005920410156,299.2005920410156,1.0,6.0
409.5,36456.0,180.386514476889,363.8134814474486,414.3633671066978,520.632080078125,299.3435974121094,299.5324401855469,299.5324401855469,1.0,6.0
410.0,36609.0,180.20664700174257,364.532851653977,414.3633671066978,520.632080078125,299.3435974121094,299.5324401855469,299.5324401855469,1.0,6.0
410.5,36295.0,180.298543972577,364.80309757402756,414.6383966783588,520.632080078125,299.3435974121094,299.5324401855469,299.5324401855469,1.0,6.0
411.0,37639.0,181.8992943175086,364.8794321184747,412.6984371184364,521.2734375,298.8064270019531,299.79083251953125,299.79083251953125,1.0,6.0
411.5,35450.0,181.9992708905769,373.268536005351,421.40004746084213,521.2734375,298.8064270019531,299.79083251953125,299.79083251953125,1.0,4.0
412.0,34207.0,182.0007277923104,381.9997382122709,430.6390600026895,521.2734375,298.8064270019531,299.79083251953125,299.79083251953125,1.0,5.0
412.5,33501.0,182.71986862767056,387.12917740723185,435.4595273960601,522.1207885742188,300.1983947753906,301.2477111816406,301.2477111816406,1.0,3.0
413.0,36384.0,184.35693921896976,384.78935783757936,431.52056729662377,522.1207885742188,300.1983947753906,301.2477111816406,301.2477111816406,1.0,4.0
413.5,37130.0,184.32170534131623,369.56974968742344,416.41565772674784,522.7576904296875,299.5444030761719,301.440673828125,301.440673828125,1.0,3.0
414.0,33699.0,181.6650173693678,359.81981597826365,409.9573148511928,523.963623046875,298.30615234375,301.813232421875,301.813232421875,1.0,4.0
414.5,34681.0,181.61196126247063,355.7105564922132,405.48736108539805,525.7947387695312,296.42608642578125,302.39691162109375,302.39691162109375,1.0,5.0
415.0,34168.0,182.06418504970426,361.7551641991659,413.5625708402539,525.7947387695312,296.42608642578125,302.39691162109375,302.39691162109375,1.0,4.0
415.5,33781.0,181.52114412675607,367.97961900083544,418.80783182743846,525.7947387695312,296.42608642578125,302.39691162109375,302.39691162109375,1.0,6.0
416.0,33815.0,181.63269217442888,365.60648241074006,416.32919667013505,525.7947387695312,296.42608642578125,302.39691162109375,302.39691162109375,1.0,4.0
416.5,33579.0,181.7296030014441,363.8499690657168,414.9457795905388,525.7947387695312,296.42608642578125,302.39691162109375,302.39691162109375,1.0,4.0
417.0,34003.0,182.0300669663496,367.0156672348253,417.9724871328255,525.7947387695312,296.42608642578125,302.39691162109375,302.39691162109375,1.0,6.0
417.5,33745.0,181.81202255400225,367.91874088352756,418.5235955116509,525.7947387695312,296.42608642578125,302.39691162109375,302.39691162109375,1.0,4.0
418.0,33448.0,182.19943349799343,365.3080891521566,415.4912754800033,525.7947387695312,296.42608642578125,302.39691162109375,302.39691162109375,1.0,4.0
418.5,33760.0,182.48832402341512,367.0501327849328,417.4230468002456,525.7947387695312,296.42608642578125,302.39691162109375,302.39691162109375,1.0,3.0
419.0,33815.0,182.5991342863393,368.3886533597068,417.9724871328255,525.7947387695312,296.42608642578125,302.39691162109375,302.39691162109375,1.0,4.0
419.5,33457.0,183.14513837609655,367.53584858804584,416.0384597606332,525.7947387695312,296.42608642578125,302.39691162109375,302.39691162109375,1.0,3.0
420.0,33502.0,183.13749438148832,369.09470323726873,417.137866897744,525.7947387695312,296.42608642578125,302.39691162109375,302.39691162109375,1.0,3.0
420.5,33521.0,183.0079085531208,369.57949077295945,417.9724871328255,525.7947387695312,296.42608642578125,302.39691162109375,302.39691162109375,1.0,3.0
421.0,33763.0,183.48839689464253,369.4311843822404,417.4230468002456,525.7947387695312,296.42608642578125,302.39691162109375,302.39691162109375,1.0,4.0
421.5,33585.0,183.59099992068127,369.99378370629313,418.5235955116509,525.7947387695312,296.42608642578125,302.39691162109375,302.39691162109375,1.0,3.0
422.0,33763.0,183.7030375510836,371.1391922069075,419.63079010005924,525.7947387695312,296.42608642578125,302.39691162109375,302.39691162109375,1.0,4.0
422.5,33684.0,183.7791823369243,370.44790454419575,418.5235955116509,525.7947387695312,296.42608642578125,302.39691162109375,302.39691162109375,1.0,3.0
423.0,33688.0,183.89997379816288,370.89297615598747,418.35989291517893,525.7947387695312,296.42608642578125,302.39691162109375,302.39691162109375,1.0,3.0
423.5,33779.0,183.9342382627586,371.6521222844475,419.7153797515645,525.7947387695312,296.42608642578125,302.39691162109375,302.39691162109375,1.0,4.0
424.0,33500.0,184.0931925134391,371.2320702712063,421.01781434993933,525.7947387695312,296.42608642578125,302.39691162109375,302.39691162109375,1.0,3.0
424.5,33824.0,184.14172488984718,371.76571916747076,421.8494992292867,525.7947387695312,296.42608642578125,302.39691162109375,302.39691162109375,1.0,5.0
425.0,33747.0,184.26710343931182,372.31209983220185,422.6819134999746,525.7947387695312,296.42608642578125,302.39691162109375,302.39691162109375,1.0,4.0
425.5,33808.0,184.31939056107583,372.09803786461066,421.8269787483963,525.7947387695312,296.42608642578125,302.39691162109375,302.39691162109375,1.0,3.0
426.0,33755.0,184.25037284056194,372.43670566163524,422.4133047147071,525.7947387695312,296.42608642578125,302.39691162109375,302.39691162109375,1.0,3.0
426.5,33818.0,184.76056697482016,373.6988091593727,423.1323669964282,525.7947387695312,296.42608642578125,302.39691162109375,302.39691162109375,1.0,4.0
427.0,33891.0,184.46115237240858,373.2170948818591,423.1323669964282,525.7947387695312,296.42608642578125,302.39691162109375,302.39691162109375,1.0,4.0
427.5,33877.0,184.90069955051473,373.3258629220994,423.55755216971403,525.7947387695312,296.42608642578125,302.39691162109375,302.39691162109375,1.0,4.0
428.0,33979.0,185.04230660613487,374.5533339851061,424.4455206501772,525.7947387695312,296.42608642578125,302.39691162109375,302.39691162109375,1.0,4.0
428.5,33920.0,185.0931261653786,374.65017013337314,424.90116497839824,525.7947387695312,296.42608642578125,302.39691162109375,302.39691162109375,1.0,4.0
429.0,33804.0,185.52507600457733,375.3531670307312,424.87645263064417,525.7947387695312,296.42608642578125,302.39691162109375,302.39691162109375,1.0,4.0
429.5,34041.0,185.6038983186568,375.985372055882,425.3116504400038,525.7947387695312,296.42608642578125,302.39691162109375,302.39691162109375,1.0,4.0
430.0,33999.0,185.88082350290247,376.6437308598603,425.33398641538156,525.97119140625,296.24493408203125,302.45428466796875,302.45428466796875,1.0,5.0
430.5,34104.0,186.0189992857094,377.1141736820974,425.33398641538156,526.151611328125,296.0596923828125,302.51318359375,302.51318359375,1.0,4.0
431.0,34068.0,186.09730783336175,378.20761494184643,425.7511009968148,526.151611328125,296.0596923828125,302.51318359375,302.51318359375,1.0,5.0
431.5,34145.0,185.96466129434444,377.66069234952647,425.30106983171345,526.151611328125,296.0596923828125,302.51318359375,302.51318359375,1.0,4.0
432.0,34202.0,186.15812022301643,378.1309956531765,424.6339600173307,526.151611328125,296.0596923828125,302.51318359375,302.51318359375,1.0,5.0
432.5,34397.0,186.67363480374402,379.6219164678091,425.73465914816,526.151611328125,296.0596923828125,302.51318359375,302.51318359375,1.0,4.0
433.0,34143.0,186.81310134348004,380.71065127930973,426.0187789288167,526.151611328125,296.0596923828125,302.51318359375,302.51318359375,1.0,5.0
433.5,34114.0,186.97344462327965,380.43468413934505,425.3116504400038,526.151611328125,296.0596923828125,302.51318359375,302.51318359375,1.0,4.0
434.0,34270.0,187.01182504693384,380.88902563086896,426.5688690000713,526.151611328125,296.0596923828125,302.51318359375,302.51318359375,1.0,5.0
434.5,34316.0,187.23779067641752,381.91458468760743,426.5688690000713,526.151611328125,296.0596923828125,302.51318359375,302.51318359375,1.0,3.0
435.0,34178.0,187.30590798051824,382.12681140184554,426.5688690000713,526.3359985351562,295.870361328125,302.5735778808594,302.5735778808594,1.0,4.0
435.5,34412.0,187.45223638065588,382.24638640149254,427.1416626834709,526.5244140625,295.6768798828125,302.63555908203125,302.63555908203125,1.0,5.0
436.0,34310.0,187.4617684914095,383.0452323110217,427.6739412215806,526.5244140625,295.6768798828125,302.63555908203125,302.63555908203125,1.0,5.0
436.5,34403.0,187.53798840590807,382.79981713503736,427.61197363965385,526.5244140625,295.6768798828125,302.63555908203125,302.63555908203125,1.0,4.0
437.0,34713.0,187.72150007672496,382.7139910898666,427.18263073303905,526.5244140625,295.6768798828125,302.63555908203125,302.63555908203125,1.0,3.0
437.5,34650.0,187.91291714981355,384.0561806937953,428.51487722131657,526.5244140625,295.6768798828125,302.63555908203125,302.63555908203125,1.0,4.0
438.0,34271.0,188.0185660706121,381.61367896412327,426.27925119573905,526.5244140625,295.6768798828125,302.63555908203125,302.63555908203125,1.0,3.0
438.5,34726.0,187.9042929542833,386.21205311919584,431.6132528085763,526.5244140625,295.6768798828125,302.63555908203125,302.63555908203125,1.0,8.0
439.0,34492.0,188.30521825369465,383.5943169196954,429.34834342291344,526.5244140625,295.6768798828125,302.63555908203125,302.63555908203125,1.0,3.0
439.5,34440.0,188.2496558035422,385.21188974215164,432.0474510976775,526.5244140625,295.6768798828125,302.63555908203125,302.63555908203125,1.0,4.0
440.0,34822.0,188.79669597085646,387.48619329415277,435.1390582331124,526.5244140625,295.6768798828125,302.63555908203125,302.63555908203125,1.0,5.0
440.5,34929.0,189.11497834926465,385.37306385516524,432.90645640831,526.5244140625,295.6768798828125,302.63555908203125,302.63555908203125,1.0,5.0
441.0,35043.0,189.406413744581,386.7905116903367,435.14250539334813,526.5244140625,295.6768798828125,302.63555908203125,302.63555908203125,1.0,6.0
441.5,35047.0,189.3212050972974,387.61050035167705,436.0389890823985,526.5244140625,295.6768798828125,302.63555908203125,302.63555908203125,1.0,5.0
442.0,34706.0,188.93559331509513,387.96069384520916,436.4825311510187,526.5244140625,295.6768798828125,302.63555908203125,302.63555908203125,1.0,6.0
442.5,35081.0,189.53920598365355,387.4751604941922,435.5869603190619,526.5244140625,295.6768798828125,302.63555908203125,302.63555908203125,1.0,5.0
443.0,35006.0,190.07640345922286,389.9349289000372,437.3831272465823,526.5244140625,295.6768798828125,302.63555908203125,302.63555908203125,1.0,6.0
443.5,34759.0,190.46611240332243,388.6663093146567,436.9359220755373,526.5244140625,295.6768798828125,302.63555908203125,302.63555908203125,1.0,3.0
444.0,35289.0,190.69270325173935,391.60413646085595,440.07272126320214,526.5244140625,295.6768798828125,302.63555908203125,302.63555908203125,1.0,3.0
444.5,34895.0,190.17615419836986,388.3991503554917,436.033255612459,526.5244140625,295.6768798828125,302.63555908203125,302.63555908203125,1.0,5.0
445.0,35044.0,190.5801185107913,390.66046632149806,437.8241656190302,526.5244140625,295.6768798828125,302.63555908203125,302.63555908203125,1.0,3.0
445.5,35264.0,190.48038259700803,391.36632449244155,439.22203951987655,526.5244140625,295.6768798828125,302.63555908203125,302.63555908203125,1.0,5.0
446.0,34778.0,190.49670624263064,390.04102337599704,437.88811356327085,526.5244140625,295.6768798828125,302.63555908203125,302.63555908203125,1.0,4.0
446.5,34942.0,190.9224503003855,391.5323741340455,439.22203951987655,526.5244140625,295.6768798828125,302.63555908203125,302.63555908203125,1.0,4.0
447.0,35055.0,190.93507530494023,392.65531958010166,440.4781492877938,526.5244140625,295.6768798828125,302.63555908203125,302.63555908203125,1.0,3.0
447.5,34987.0,190.85767240850103,391.3711793152748,440.38619415235985,526.5244140625,295.6768798828125,302.63555908203125,302.63555908203125,1.0,4.0
448.0,34955.0,191.1758276196025,393.03651164122994,441.2629601496142,526.5244140625,295.6768798828125,302.63555908203125,302.63555908203125,1.0,4.0
448.5,35223.0,191.12636122514914,394.02931356395516,442.2273171119125,526.5244140625,295.6768798828125,302.63555908203125,302.63555908203125,1.0,4.0
449.0,34991.0,191.1115982549294,392.4933119705071,441.5903078646541,526.5244140625,295.6768798828125,302.63555908203125,302.63555908203125,1.0,5.0
449.5,35102.0,191.34593340705464,394.00748723811586,443.4196657794961,526.5244140625,295.6768798828125,302.63555908203125,302.63555908203125,1.0,5.0
450.0,35188.0,191.19774504897956,393.9329881534924,443.4974633523849,526.5244140625,295.6768798828125,302.63555908203125,302.63555908203125,1.0,3.0
450.5,35076.0,191.4224471907807,393.5597159259283,444.55933237308153,526.5244140625,295.6768798828125,302.63555908203125,302.63555908203125,1.0,4.0
451.0,35170.0,191.59745429056287,394.5701453392307,445.92039648349794,526.5244140625,295.6768798828125,302.63555908203125,302.63555908203125,1.0,4.0
451.5,35204.0,191.65118969569542,395.2852129855328,446.4101253331963,526.7169799804688,295.47918701171875,302.6990661621094,302.6990661621094,1.0,4.0
452.0,35079.0,191.70067880842146,395.2384090617908,445.92039648349794,526.7169799804688,295.47918701171875,302.6990661621094,302.6990661621094,1.0,4.0
452.5,35146.0,191.74385317559026,396.622931699165,445.43237421633376,526.7169799804688,295.47918701171875,302.6990661621094,302.6990661621094,1.0,3.0
453.0,35387.0,191.93273442123063,397.60746956457723,446.79301695527874,526.7169799804688,295.47918701171875,302.6990661621094,302.6990661621094,1.0,6.0
453.5,35303.0,191.82759788836515,396.8837356187614,444.17676661437395,526.91357421875,295.2773132324219,302.76422119140625,302.76422119140625,1.0,6.0
454.0,35278.0,192.06761116237516,398.08321963330775,444.6684157886638,526.91357421875,295.2773132324219,302.76422119140625,302.76422119140625,1.0,4.0
454.5,35486.0,192.18656494281652,399.3557302991524,447.39468034387716,526.91357421875,295.2773132324219,302.76422119140625,302.76422119140625,1.0,6.0
455.0,35183.0,192.54709419384997,400.19920028034284,447.0212522912082,526.91357421875,295.2773132324219,302.76422119140625,302.76422119140625,1.0,4.0
455.5,35269.0,192.78770161306596,401.0314198763294,446.90155515504756,526.91357421875,295.2773132324219,302.76422119140625,302.76422119140625,1.0,6.0
456.0,35402.0,192.9757779559054,401.35869239065454,446.90155515504756,526.91357421875,295.2773132324219,302.76422119140625,302.76422119140625,1.0,5.0
456.5,35449.0,193.04097688761823,401.52559068654875,446.90155515504756,526.91357421875,295.2773132324219,302.76422119140625,302.76422119140625,1.0,5.0
457.0,35391.0,193.27687253307073,402.0808371511,446.90155515504756,526.91357421875,295.2773132324219,302.76422119140625,302.76422119140625,1.0,4.0
457.5,35554.0,193.3674953366757,402.43987123234774,451.9834067750718,526.91357421875,295.2773132324219,302.76422119140625,302.76422119140625,1.0,6.0
458.0,35326.0,193.74648100293086,402.4984472019737,447.3533279187716,526.91357421875,295.2773132324219,302.76422119140625,302.76422119140625,1.0,5.0
458.5,35500.0,193.8093386992358,403.1014760346233,452.3549491273418,526.91357421875,295.2773132324219,302.76422119140625,302.76422119140625,1.0,5.0
459.0,35573.0,193.62258216001038,402.6266256841796,447.7789633290068,526.91357421875,295.2773132324219,302.76422119140625,302.76422119140625,1.0,7.0
459.5,35618.0,193.91002307345957,403.2953631193624,456.2159576341012,526.91357421875,295.2773132324219,302.76422119140625,302.76422119140625,1.0,8.0
460.0,35679.0,193.97049749360602,403.677717753895,456.2159576341012,526.91357421875,295.2773132324219,302.76422119140625,302.76422119140625,1.0,8.0
460.5,35701.0,194.19272338357936,403.8638384406309,456.2159576341012,526.91357421875,295.2773132324219,302.76422119140625,302.76422119140625,1.0,7.0
461.0,35652.0,194.3848222953177,404.33012494252404,456.7055944478894,526.91357421875,295.2773132324219,302.76422119140625,302.76422119140625,1.0,8.0
461.5,35629.0,194.37812532393488,404.34712804172983,457.19689412768327,526.91357421875,295.2773132324219,302.76422119140625,302.76422119140625,1.0,7.0
462.0,35794.0,194.5285461727317,404.52064165403874,456.32663739913323,526.91357421875,295.2773132324219,302.76422119140625,302.76422119140625,1.0,7.0
462.5,35877.0,194.7267048456856,405.0493780130765,455.83439975499874,526.91357421875,295.2773132324219,302.76422119140625,302.76422119140625,1.0,5.0
463.0,36156.0,194.83634952374592,405.4984586000568,456.58077051054175,526.91357421875,295.2773132324219,302.76422119140625,302.76422119140625,1.0,8.0
463.5,36228.0,195.13654431606022,406.04944275083045,457.44617169673637,526.91357421875,295.2773132324219,302.76422119140625,302.76422119140625,1.0,6.0
464.0,35873.0,195.193649832717,406.2432767797424,457.083143421413,526.91357421875,295.2773132324219,302.76422119140625,302.76422119140625,1.0,7.0
464.5,35803.0,195.23051168745664,406.432036122128,458.31212072123947,526.91357421875,295.2773132324219,302.76422119140625,302.76422119140625,1.0,7.0
465.0,35843.0,195.16167391447428,406.0735155101499,457.94759525517765,527.1143798828125,295.0711364746094,302.83099365234375,302.83099365234375,1.0,6.0
465.5,35863.0,195.4616172170998,406.69263570908885,458.8125979089938,528.1126098632812,296.4401550292969,304.3901672363281,304.3901672363281,1.0,6.0
466.0,35948.0,195.45754590005689,407.00890627283945,459.1786144846034,528.333251953125,296.7427673339844,304.7350158691406,304.7350158691406,1.0,5.0
466.5,35783.0,195.56076654168658,407.49110419737997,460.04564990878896,528.333251953125,296.7427673339844,304.7350158691406,304.7350158691406,1.0,4.0
467.0,35941.0,195.54156520251917,407.85904427878023,460.04564990878896,528.333251953125,296.7427673339844,304.7350158691406,304.7350158691406,1.0,6.0
467.5,35926.0,195.52695853027637,407.74716430616417,460.4172021113025,528.333251953125,296.7427673339844,304.7350158691406,304.7350158691406,1.0,5.0
468.0,36021.0,195.77021838581717,408.23155194080726,460.91322393700096,528.7389526367188,296.79736328125,305.11102294921875,305.11102294921875,1.0,5.0
468.5,36058.0,195.72207689879696,408.2760706178976,461.28624518838626,528.9328002929688,296.5517272949219,305.15130615234375,305.15130615234375,1.0,5.0
469.0,36123.0,195.82408598717893,408.87271858105845,460.792795082562,529.1305541992188,296.30126953125,305.19268798828125,305.19268798828125,1.0,4.0
469.5,36008.0,195.858982911291,409.21846234448094,461.7813335335243,529.3320922851562,296.0459899902344,305.2352294921875,305.2352294921875,1.0,4.0
470.0,36093.0,196.0856471688928,410.2806355895459,462.6499756835614,529.3320922851562,296.0459899902344,305.2352294921875,305.2352294921875,1.0,5.0
470.5,35984.0,196.1967735194016,410.25601753568924,463.1457653914154,529.7472534179688,296.06597900390625,305.602294921875,305.602294921875,1.0,7.0
471.0,36087.0,196.1630140161938,410.48093731505367,463.1457653914154,529.7472534179688,296.06597900390625,305.602294921875,305.602294921875,1.0,8.0
471.5,36011.0,196.2764248313579,410.996350319951,462.77640389285193,529.7472534179688,296.06597900390625,305.602294921875,305.602294921875,1.0,6.0
472.0,36224.0,196.2894543354072,410.7030556550664,462.1558178796411,529.7472534179688,296.06597900390625,305.602294921875,305.602294921875,1.0,7.0
472.5,36035.0,196.24899966157062,411.5909376854826,463.4058696218683,529.9716186523438,296.36566162109375,305.9482727050781,305.9482727050781,1.0,7.0
473.0,36075.0,196.53201580437897,411.53845500464905,463.89654018972806,529.9716186523438,296.36566162109375,305.9482727050781,305.9482727050781,1.0,5.0
473.5,36076.0,196.6604225842986,412.0885819384786,464.01400840922895,529.9761352539062,296.37164306640625,305.9552001953125,305.9552001953125,1.0,6.0
474.0,36096.0,196.76650247184213,412.3117752381079,464.88278092439606,529.9761352539062,296.37164306640625,305.9552001953125,305.9552001953125,1.0,6.0
474.5,36150.0,196.77866720507498,412.6991034635727,465.0526851873882,530.426025390625,296.9725036621094,306.6490783691406,306.6490783691406,1.0,7.0
475.0,36234.0,196.9671194440969,413.06996954350944,465.537323960174,530.426025390625,296.9725036621094,306.6490783691406,306.6490783691406,1.0,6.0
475.5,36371.0,197.11764780781357,413.51299813393496,465.537323960174,530.6439819335938,297.263671875,306.98541259765625,306.98541259765625,1.0,7.0
476.0,36299.0,197.05366333049173,413.7170530587143,465.537323960174,530.6439819335938,297.263671875,306.98541259765625,306.98541259765625,1.0,7.0
476.5,36338.0,197.3952371430133,414.1607779592536,466.12981024603005,530.6439819335938,297.263671875,306.98541259765625,306.98541259765625,1.0,6.0
477.0,36426.0,197.24380816610412,414.2375526189373,466.12981024603005,530.6439819335938,297.263671875,306.98541259765625,306.98541259765625,1.0,7.0
477.5,36448.0,197.32820131931314,414.45023826751503,467.00107066258425,530.6439819335938,297.263671875,306.98541259765625,306.98541259765625,1.0,6.0
478.0,36410.0,197.4107355354446,414.44589511412124,467.00107066258425,530.6439819335938,297.263671875,306.98541259765625,306.98541259765625,1.0,7.0
478.5,36435.0,197.47034955649977,414.6733654335663,466.5115218298472,530.6439819335938,297.263671875,306.98541259765625,306.98541259765625,1.0,6.0
479.0,36497.0,197.7147917545167,415.24282052542725,467.3842102596107,530.6439819335938,297.263671875,306.98541259765625,306.98541259765625,1.0,5.0
479.5,36422.0,197.70292218482788,414.65407269192474,467.3842102596107,531.0811767578125,297.84771728515625,307.6602478027344,307.6602478027344,1.0,6.0
480.0,36505.0,197.70970318490825,414.4917364308671,467.7713116470483,531.0811767578125,297.84771728515625,307.6602478027344,307.6602478027344,1.0,6.0
480.5,36394.0,197.85817204826938,415.01572259015455,468.2574078431648,531.3213500976562,298.16845703125,308.0309753417969,308.0309753417969,1.0,5.0
481.0,36521.0,197.9854722432974,415.06144123490924,468.7451333080697,531.3213500976562,298.16845703125,308.0309753417969,308.0309753417969,1.0,5.0
481.5,36545.0,197.75808164185628,414.6106606777534,469.1311117374332,531.3213500976562,298.16845703125,308.0309753417969,308.0309753417969,1.0,7.0
482.0,36487.0,198.0753999498733,414.95337084460783,469.1311117374332,531.3213500976562,298.16845703125,308.0309753417969,308.0309753417969,1.0,8.0
482.5,36374.0,198.172409856202,415.3935452648322,469.61792981103264,531.3213500976562,298.16845703125,308.0309753417969,308.0309753417969,1.0,10.0
483.0,36395.0,197.51346178128716,415.0261437250812,469.61792981103264,531.3213500976562,298.16845703125,308.0309753417969,308.0309753417969,1.0,6.0
483.5,36370.0,197.6231781329519,416.56193922669604,469.52103254273925,532.4124755859375,296.7362060546875,308.2370300292969,308.2370300292969,1.0,6.0
484.0,36338.0,197.60773985727002,416.41709857813925,469.72545172685716,532.6424560546875,296.4342346191406,308.2817687988281,308.2817687988281,1.0,8.0
484.5,36473.0,197.72505719300014,417.0105513656891,470.3966411444708,532.6424560546875,296.4342346191406,308.2817687988281,308.2817687988281,1.0,6.0
485.0,36582.0,198.06925444631406,418.1686262741384,470.88002718314567,533.1148071289062,296.4333801269531,308.6884460449219,308.6884460449219,1.0,7.0
485.5,36582.0,198.21130743656295,418.6320580162439,470.88002718314567,533.5447387695312,296.9860534667969,309.3392333984375,309.3392333984375,1.0,6.0
486.0,36742.0,198.32705877939657,419.30209848706204,470.4912326494512,533.5447387695312,296.9860534667969,309.3392333984375,309.3392333984375,1.0,6.0
486.5,36620.0,198.39670298291645,419.12545854361025,470.4912326494512,533.5447387695312,296.9860534667969,309.3392333984375,309.3392333984375,1.0,6.0
487.0,36719.0,198.4263691164701,419.0056085468551,470.4912326494512,533.5584716796875,297.0037841796875,309.360107421875,309.360107421875,1.0,6.0
487.5,36762.0,198.39951633732724,419.08543281253844,470.4912326494512,533.5584716796875,297.0037841796875,309.360107421875,309.360107421875,1.0,7.0
488.0,36817.0,198.54024584288055,419.2059159008306,470.4912326494512,533.5584716796875,297.0037841796875,309.360107421875,309.360107421875,1.0,6.0
488.5,36789.0,198.62413270740674,419.13816330928387,470.59643007570725,533.7752685546875,297.2825012207031,309.6883544921875,309.6883544921875,1.0,8.0
489.0,37049.0,198.49915462563015,419.13816330928387,471.08810216349127,534.2235107421875,297.85882568359375,310.3673400878906,310.3673400878906,1.0,5.0
489.5,37246.0,198.7841950229951,419.8121603381889,471.08810216349127,534.4483032226562,298.1477966308594,310.7078552246094,310.7078552246094,1.0,5.0
490.0,36765.0,198.999762949768,420.82989411748457,471.6693757283803,534.4483032226562,298.1477966308594,310.7078552246094,310.7078552246094,1.0,5.0
490.5,36814.0,199.2326725098666,421.24001468763345,471.75523314532506,534.4483032226562,298.1477966308594,310.7078552246094,310.7078552246094,1.0,7.0
491.0,36812.0,199.30918019600796,421.4310738221958,471.7054165472345,534.448974609375,298.1485900878906,310.70880126953125,310.70880126953125,1.0,6.0
491.5,36663.0,199.376722469222,421.8675147388202,470.83861353971383,534.448974609375,298.1485900878906,310.70880126953125,310.70880126953125,1.0,5.0
492.0,36665.0,199.55709961298587,422.90850074112416,471.9586846324581,534.6737670898438,298.43768310546875,311.04949951171875,311.04949951171875,1.0,5.0
492.5,36825.0,199.6651049452193,423.5688845605803,473.32124397706895,534.9003295898438,298.7290344238281,311.3929443359375,311.3929443359375,1.0,6.0
493.0,36738.0,199.6475557563431,423.8779303530014,472.451055666087,534.9003295898438,298.7290344238281,311.3929443359375,311.3929443359375,1.0,5.0
493.5,36837.0,199.67844444000943,423.9672157134057,473.8143096192853,534.9003295898438,298.7290344238281,311.3929443359375,311.3929443359375,1.0,7.0
494.0,36908.0,199.71919379199895,424.6003414349601,473.8143096192853,534.9003295898438,298.7290344238281,311.3929443359375,311.3929443359375,1.0,6.0
494.5,36794.0,199.87463650157935,424.5213775476455,472.9450285181143,534.9003295898438,298.7290344238281,311.3929443359375,311.3929443359375,1.0,5.0
495.0,36880.0,199.99237503191708,425.5173909149646,473.44059817468127,534.9003295898438,298.7290344238281,311.3929443359375,311.3929443359375,1.0,6.0
495.5,36918.0,200.0774937825244,426.1953190714566,475.1431363284121,534.9028930664062,298.7322998046875,311.39678955078125,311.39678955078125,1.0,7.0
496.0,36758.0,200.19407265873954,426.5140091354399,475.5649272181455,534.9028930664062,298.7322998046875,311.39678955078125,311.39678955078125,1.0,5.0
496.5,36781.0,200.6615259417561,426.81260524965757,475.5649272181455,535.1270751953125,299.0204772949219,311.736572265625,311.736572265625,1.0,7.0
497.0,36875.0,200.3491582267339,427.1878976928902,476.41368578159046,535.3516845703125,299.3092346191406,312.0770568847656,312.0770568847656,1.0,7.0
497.5,36820.0,200.5791823189417,427.22968061566024,476.122883297999,535.3516845703125,299.3092346191406,312.0770568847656,312.0770568847656,1.0,5.0
498.0,36642.0,200.6668414261349,427.67323974110246,477.31855191266135,535.3600463867188,299.3199462890625,312.0897216796875,312.0897216796875,1.0,5.0
498.5,36874.0,200.72606122262277,428.05788153886806,477.7447016974652,535.5969848632812,299.6246337890625,312.44903564453125,312.44903564453125,1.0,8.0
499.0,36812.0,200.70797052234283,428.50140005767815,478.17256299373764,535.5969848632812,299.6246337890625,312.44903564453125,312.44903564453125,1.0,7.0
499.5,37071.0,201.22561167317946,428.9737750892972,478.3576068173266,535.8060302734375,299.8934020996094,312.7660827636719,312.7660827636719,1.0,5.0
500.0,36748.0,201.30646583749643,429.33920152097176,477.94246515663366,535.8060302734375,299.8934020996094,312.7660827636719,312.7660827636719,1.0,7.0
500.5,36964.0,201.2925662060025,429.84764742871397,480.1770506802673,535.8060302734375,299.8934020996094,312.7660827636719,312.7660827636719,1.0,7.0
501.0,36895.0,201.2502644171494,430.2517867007194,481.08731016313453,536.0477294921875,300.2041931152344,313.13275146484375,313.13275146484375,1.0,6.0
501.5,36883.0,201.57579000466993,430.22703308142263,481.08731016313453,536.0477294921875,300.2041931152344,313.13275146484375,313.13275146484375,1.0,4.0
502.0,37192.0,201.8161606650965,430.71156241696883,481.58592172114004,536.0477294921875,300.2041931152344,313.13275146484375,313.13275146484375,1.0,6.0
502.5,37106.0,201.6917834471093,431.3252829463177,481.58592172114004,536.0477294921875,300.2041931152344,313.13275146484375,313.13275146484375,1.0,5.0
503.0,37019.0,202.13712949046473,431.36921532528936,481.99792530673824,536.0477294921875,300.2041931152344,313.13275146484375,313.13275146484375,1.0,5.0
503.5,37205.0,201.89187499813866,431.178153399517,482.8270912034659,536.0477294921875,300.2041931152344,313.13275146484375,313.13275146484375,1.0,5.0
504.0,37107.0,202.22085764603048,432.3712514581918,483.2442446630896,536.0477294921875,300.2041931152344,313.13275146484375,313.13275146484375,1.0,5.0
504.5,37175.0,202.12606781530172,432.24981197510476,482.9088940990837,536.0697631835938,300.2325439453125,313.1661682128906,313.1661682128906,1.0,6.0
505.0,37287.0,202.24295841784226,432.9012589413391,483.2442446630896,536.257080078125,300.4734191894531,313.4504089355469,313.4504089355469,1.0,7.0
505.5,37205.0,202.44899908148832,433.6302572429608,484.083670453776,536.257080078125,300.4734191894531,313.4504089355469,313.4504089355469,1.0,6.0
506.0,37503.0,202.52650010540793,433.8782086171922,484.50593391619054,536.257080078125,300.4734191894531,313.4504089355469,313.4504089355469,1.0,8.0
506.5,37523.0,202.50431750504984,434.1658669218482,485.0618517261484,536.7047729492188,301.0489501953125,314.12969970703125,314.12969970703125,1.0,6.0
507.0,37328.0,202.97398526734446,434.5506873245301,485.41219597368996,536.930419921875,301.3391418457031,314.4722900390625,314.4722900390625,1.0,7.0
507.5,37344.0,202.8799684082821,434.31641686905897,485.8981374732774,536.930419921875,301.3391418457031,314.4722900390625,314.4722900390625,1.0,6.0
508.0,37328.0,203.14536373651737,434.7990340154239,487.2258203338571,537.156494140625,301.62982177734375,314.81549072265625,314.81549072265625,1.0,5.0
508.5,37529.0,203.06225816684778,435.1921414207523,487.64741360946437,537.156494140625,301.62982177734375,314.81549072265625,314.81549072265625,1.0,6.0
509.0,37487.0,203.3100084436982,435.6231169176902,487.64741360946437,537.156494140625,301.62982177734375,314.81549072265625,314.81549072265625,1.0,7.0
509.5,37609.0,203.14473078109293,435.84974460662426,488.0706916011245,537.1702880859375,301.64752197265625,314.8363952636719,314.8363952636719,1.0,6.0
510.0,38289.0,203.34226025175582,435.6445797994429,488.5539888282563,537.399658203125,301.9423828125,315.1846618652344,315.1846618652344,1.0,6.0
510.5,38309.0,203.3417855578544,436.17198439200763,488.4956499294543,537.399658203125,301.9423828125,315.1846618652344,315.1846618652344,1.0,7.0
511.0,38224.0,203.59224690689805,437.0761944830023,488.9222842129411,537.399658203125,301.9423828125,315.1846618652344,315.1846618652344,1.0,7.0
511.5,38341.0,203.67315372880773,437.7225148424513,488.97648205205127,537.4091796875,301.95465087890625,315.1991271972656,315.1991271972656,1.0,7.0
512.0,38254.0,203.53826785223538,437.85619785190903,490.3060268852505,537.4091796875,301.95465087890625,315.1991271972656,315.1991271972656,1.0,7.0
512.5,38436.0,203.6507906381155,438.27074964443966,489.88263900652777,537.639892578125,302.2512512207031,315.5494689941406,315.5494689941406,1.0,7.0
513.0,38247.0,203.95637872342814,438.7300992609753,490.36822898715616,537.639892578125,302.2512512207031,315.5494689941406,315.5494689941406,1.0,8.0
513.5,38227.0,203.63117476026036,439.10670671252666,491.2117669600353,537.639892578125,302.2512512207031,315.5494689941406,315.5494689941406,1.0,9.0
514.0,38235.0,203.6127486767795,439.0971417350845,491.6960443200657,537.639892578125,302.2512512207031,315.5494689941406,315.5494689941406,1.0,9.0
514.5,38442.0,204.10302586122435,439.614319601243,491.6960443200657,538.3344116210938,303.14422607421875,316.6045837402344,316.6045837402344,1.0,8.0
515.0,38242.0,203.84221709771248,440.2017719138326,492.603288661373,538.3344116210938,303.14422607421875,316.6045837402344,316.6045837402344,1.0,6.0
515.5,38273.0,204.23147236307497,441.0399066857004,492.6753494949793,538.3344116210938,303.14422607421875,316.6045837402344,316.6045837402344,1.0,5.0
516.0,38264.0,204.1272432799797,441.563528815751,493.1703559623186,538.7600708007812,303.6915588378906,317.25152587890625,317.25152587890625,1.0,8.0
516.5,38123.0,204.30066622908276,442.0580278274828,493.66891739302366,538.7600708007812,303.6915588378906,317.25152587890625,317.25152587890625,1.0,8.0
517.0,38317.0,204.77252574055282,442.38919510729284,494.17102302745354,538.7600708007812,303.6915588378906,317.25152587890625,317.25152587890625,1.0,7.0
517.5,38213.0,204.30818946431245,442.7249693172221,494.5806304335017,538.9804077148438,303.974853515625,317.58648681640625,317.58648681640625,1.0,8.0
518.0,38186.0,204.73245221663592,443.0180583226828,494.5806304335017,538.9804077148438,303.974853515625,317.58648681640625,317.58648681640625,1.0,5.0
518.5,38185.0,204.99192190115292,443.1026968999399,494.67666207331837,538.9804077148438,303.974853515625,317.58648681640625,317.58648681640625,1.0,6.0
519.0,38011.0,205.13841563217656,443.94256382971906,495.81952361721295,538.9804077148438,303.974853515625,317.58648681640625,317.58648681640625,1.0,6.0
519.5,38418.0,205.2527773760628,443.8044051008189,496.3154238989556,538.9804077148438,303.974853515625,317.58648681640625,317.58648681640625,1.0,7.0
520.0,37920.0,205.33883698513404,443.85464952879175,496.3154238989556,539.189453125,304.2435607910156,317.90423583984375,317.90423583984375,1.0,7.0
520.5,38384.0,204.99141823661782,443.5538298786293,497.22630662506185,540.203857421875,303.5184326171875,318.4001770019531,318.4001770019531,1.0,7.0
521.0,38841.0,205.46203335306075,443.5538298786293,497.22630662506185,540.203857421875,303.5184326171875,318.4001770019531,318.4001770019531,1.0,7.0
521.5,38741.0,205.4434253044427,443.92792207744714,497.56205643115516,540.703369140625,303.4556884765625,318.7967224121094,318.7967224121094,1.0,5.0
522.0,38633.0,205.5504935678546,443.56690559997634,497.14484810767175,540.703369140625,303.4556884765625,318.7967224121094,318.7967224121094,1.0,7.0
522.5,38867.0,205.5375445293755,443.8193325926011,498.1375312100063,540.703369140625,303.4556884765625,318.7967224121094,318.7967224121094,1.0,8.0
523.0,38458.0,205.5796498987327,443.9221778579858,498.1375312100063,540.7066650390625,303.4598083496094,318.8016662597656,318.8016662597656,1.0,6.0
523.5,38186.0,205.5007151179829,444.19646548957985,498.63914808205743,540.7066650390625,303.4598083496094,318.8016662597656,318.8016662597656,1.0,8.0
524.0,38216.0,205.59228760827227,444.4212528604666,498.738408386601,540.7066650390625,303.4598083496094,318.8016662597656,318.8016662597656,1.0,7.0
524.5,38437.0,205.8358492112152,444.4198465415333,498.738408386601,540.9432983398438,303.7572937011719,319.1573791503906,319.1573791503906,1.0,7.0
525.0,38390.0,206.24170133019234,445.2157903744558,499.6528795073636,540.9432983398438,303.7572937011719,319.1573791503906,319.1573791503906,1.0,7.0
525.5,38502.0,205.97825207642416,445.4656552385017,498.738408386601,540.9432983398438,303.7572937011719,319.1573791503906,319.1573791503906,1.0,7.0
526.0,38305.0,206.07700806325582,445.81902156608174,499.24943665466463,541.3991088867188,304.330322265625,319.8427429199219,319.8427429199219,1.0,6.0
526.5,38512.0,206.22060465186695,445.84975033691825,500.56767774198124,541.3991088867188,304.330322265625,319.8427429199219,319.8427429199219,1.0,10.0
527.0,38665.0,206.3343364352944,446.0549293528769,500.87323745634484,541.3991088867188,304.330322265625,319.8427429199219,319.8427429199219,1.0,8.0
527.5,38443.0,206.29819669629396,446.30404430987824,500.68053686956915,541.4072265625,304.34051513671875,319.8549499511719,319.8549499511719,1.0,7.0
528.0,38616.0,206.5126144667815,446.53779184398337,501.37810083808006,541.9227905273438,304.27850341796875,320.26556396484375,320.26556396484375,1.0,10.0
528.5,38278.0,206.68547488705153,446.5765891542692,501.8864413390742,541.9227905273438,304.27850341796875,320.26556396484375,320.26556396484375,1.0,7.0
529.0,38636.0,206.74279992407818,446.78882036121405,501.8864413390742,541.9227905273438,304.27850341796875,320.26556396484375,320.26556396484375,1.0,7.0
529.5,38443.0,207.2202885850064,447.54273536135514,502.3982484045899,542.1236572265625,304.5295104980469,320.5667419433594,320.5667419433594,1.0,5.0
530.0,38810.0,206.87363288066075,447.53686991184406,502.8011535388518,542.126220703125,304.53277587890625,320.57061767578125,320.57061767578125,1.0,7.0
530.5,38841.0,207.01419596234047,448.2945460297281,502.8011535388518,542.4120483398438,304.1692199707031,320.6296691894531,320.6296691894531,1.0,5.0
531.0,38309.0,207.4871455848784,449.45411215240745,503.3140172894055,542.4172973632812,304.17578125,320.6375427246094,320.6375427246094,1.0,7.0
531.5,38724.0,207.11353848106032,448.864790287118,504.12002539077935,542.4246215820312,304.1849060058594,320.6485290527344,320.6485290527344,1.0,8.0
532.0,38780.0,207.14242914536734,449.33116946521136,503.71618993238644,542.4647827148438,304.23480224609375,320.70855712890625,320.70855712890625,1.0,6.0
532.5,38768.0,207.26342497588132,449.4970522656362,504.12002539077935,542.4647827148438,304.23480224609375,320.70855712890625,320.70855712890625,1.0,8.0
533.0,38746.0,207.4466394166159,450.19773429760335,504.12002539077935,542.4647827148438,304.23480224609375,320.70855712890625,320.70855712890625,1.0,5.0
533.5,38613.0,207.811046055216,450.8735964687013,505.0346522764552,542.6499633789062,304.4649658203125,320.9854736328125,320.9854736328125,1.0,7.0
534.0,38713.0,207.9464494330144,451.43039326608834,505.0346522764552,542.6499633789062,304.4649658203125,320.9854736328125,320.9854736328125,1.0,6.0
534.5,38854.0,208.0590383199829,451.40896075770513,505.0346522764552,542.6499633789062,304.4649658203125,320.9854736328125,320.9854736328125,1.0,9.0
535.0,39202.0,207.85983206196553,451.46162627212414,505.9496022332659,542.8758544921875,304.7457275390625,321.3233642578125,321.3233642578125,1.0,6.0
535.5,39632.0,207.55687607249587,451.4115083151638,506.06323715519983,543.1964721679688,305.14422607421875,321.8030090332031,321.8030090332031,1.0,6.0
536.0,39666.0,207.7059046877488,452.1296826668265,506.4632267006164,543.9969482421875,303.89984130859375,321.8548278808594,321.8548278808594,1.0,5.0
536.5,39664.0,207.79744358554254,452.7135950041316,506.4632267006164,544.3549194335938,303.5738525390625,321.99725341796875,321.99725341796875,1.0,6.0
537.0,39564.0,208.3416371029171,453.23713436741536,508.89782864539717,544.52880859375,303.7849426269531,322.2542419433594,322.2542419433594,1.0,7.0
537.5,39707.0,208.08509723203744,453.3833912736368,508.48795462626254,544.52880859375,303.7849426269531,322.2542419433594,322.2542419433594,1.0,5.0
538.0,39509.0,208.43643886204748,454.0744432243725,508.99312372565504,544.53662109375,303.7945251464844,322.2658996582031,322.2658996582031,1.0,7.0
538.5,39594.0,208.1973221045284,453.9398636835291,510.7220379032023,544.53662109375,303.7945251464844,322.2658996582031,322.2658996582031,1.0,8.0
539.0,39116.0,208.6602781923203,454.82359188817804,511.63463526231294,545.7789916992188,305.3031005859375,323.86279167048633,324.1032409667969,1.0,8.0
539.5,38980.0,208.78874059005906,455.3295509847785,511.63463526231294,545.7789916992188,305.3031005859375,324.1032409667969,324.1032409667969,1.0,6.0
540.0,39259.0,208.68488513444413,455.90744671730107,512.0439434267337,545.7789916992188,305.3031005859375,324.1032409667969,324.1032409667969,1.0,7.0
540.5,39496.0,208.63600436658123,456.1277229050919,511.73528312986195,545.7789916992188,305.3031005859375,324.1032409667969,324.1032409667969,1.0,7.0
541.0,39259.0,208.53670565067029,456.0274114568114,512.6499780552028,545.7789916992188,305.3031005859375,324.1032409667969,324.1032409667969,1.0,8.0
541.5,39011.0,208.9985812472917,456.6639892307487,512.6499780552028,546.2239990234375,305.05963134765625,324.3620910644531,324.3620910644531,1.0,7.0
542.0,39181.0,209.03955645835336,456.8785396579708,512.6499780552028,546.2239990234375,305.05963134765625,324.3620910644531,324.3620910644531,1.0,8.0
542.5,39199.0,209.2341309263874,457.55928577323533,514.8834819646091,546.2239990234375,305.05963134765625,324.3620910644531,324.3620910644531,1.0,7.0
543.0,38974.0,209.486270499492,457.6252287266719,514.4803203233337,546.2239990234375,305.05963134765625,324.3620910644531,324.3620910644531,1.0,7.0
543.5,38822.0,209.662214131954,458.2618247244405,514.9951456081892,546.2239990234375,305.05963134765625,324.3620910644531,324.3620910644531,1.0,8.0
544.0,38943.0,209.66358232698457,459.0352926100602,515.5133363939289,546.2239990234375,305.05963134765625,324.3620910644531,324.3620910644531,1.0,7.0
544.5,38927.0,209.89348513503347,459.4980954208528,515.1164916793093,546.8590698242188,305.8263244628906,325.2991638183594,325.2991638183594,1.0,6.0
545.0,38990.0,209.6673987328425,459.7447657574698,516.8287917676414,546.8590698242188,305.8263244628906,325.2991638183594,325.2991638183594,1.0,5.0
545.5,39073.0,209.1571147029191,459.3434444941123,517.117008035899,547.41259765625,306.4944763183594,326.1160583496094,326.1160583496094,1.0,6.0
546.0,39117.0,209.88728257057892,460.0217385345989,518.0318523025394,547.6015625,306.7226257324219,326.3950500488281,326.3950500488281,1.0,7.0
546.5,39370.0,209.56994498077017,459.9347778576874,518.4361098534707,547.6015625,306.7226257324219,326.3950500488281,326.3950500488281,1.0,7.0
547.0,39186.0,209.6658693494882,459.79125698516714,518.1447674154396,548.1718139648438,307.4109802246094,327.2370300292969,327.2370300292969,1.0,6.0
547.5,39011.0,210.17337265938139,460.5442432600803,518.5450800075149,548.363037109375,307.6417541503906,327.5194091796875,327.5194091796875,1.0,7.0
548.0,39067.0,209.8539363694883,460.1831157200383,518.9470107824112,548.363037109375,307.6417541503906,327.5194091796875,327.5194091796875,1.0,8.0
548.5,38993.0,210.0221343439896,460.4180708865236,519.3505559831433,548.363037109375,307.6417541503906,327.5194091796875,327.5194091796875,1.0,7.0
549.0,39287.0,209.67361559953747,460.2045195697482,518.2470453364881,548.363037109375,307.6417541503906,327.5194091796875,327.5194091796875,1.0,7.0
549.5,38962.0,210.15812203404374,460.4307222516998,519.7557118493264,548.5894165039062,307.9150695800781,327.85382080078125,327.85382080078125,1.0,7.0
550.0,39008.0,210.2900155361248,460.77000770449456,519.7557118493264,548.8856811523438,307.4627990722656,327.8770751953125,327.8770751953125,1.0,6.0
550.5,39007.0,210.70800376994092,461.59581875417445,519.7557118493264,548.8856811523438,307.4627990722656,327.8770751953125,327.8770751953125,1.0,7.0
551.0,39127.0,210.7961320717534,461.9988089342157,520.2653169297373,548.8856811523438,307.4627990722656,327.8770751953125,327.8770751953125,1.0,8.0
551.5,39444.0,210.6006202944896,462.5838302302259,520.7782637553146,548.8856811523438,307.4627990722656,327.8770751953125,327.8770751953125,1.0,6.0
552.0,39611.0,210.50168332431238,462.55432113397,519.461259383219,548.8856811523438,307.4627990722656,327.8770751953125,327.8770751953125,1.0,7.0
552.5,39292.0,210.80819824979253,462.89885504006287,520.2653169297373,548.8856811523438,307.4627990722656,327.8770751953125,327.8770751953125,1.0,8.0
553.0,39057.0,211.08714903015087,463.1595836563113,519.862481816105,549.3802490234375,308.0562744140625,328.6054992675781,328.6054992675781,1.0,7.0
553.5,39153.0,210.9394067817265,463.45549947434705,520.7782637553146,549.3802490234375,308.0562744140625,328.6054992675781,328.6054992675781,1.0,6.0
554.0,39181.0,211.02219897097356,464.0797345284536,520.8953829705155,549.3802490234375,308.0562744140625,328.6054992675781,328.6054992675781,1.0,7.0
554.5,39198.0,211.2582966843076,464.72981381538074,520.8953829705155,549.5908813476562,308.3090515136719,328.9158020019531,328.9158020019531,1.0,6.0
555.0,39203.0,211.40875221456196,464.96300921691636,520.6697609809888,549.9502563476562,308.7403259277344,329.4453125,329.4453125,1.0,7.0
555.5,39146.0,211.43726254364844,464.4103788077525,521.4834609074386,549.9502563476562,308.7403259277344,329.4453125,329.4453125,1.0,9.0
556.0,39223.0,211.62442068026814,464.9641921507623,522.3035515866228,549.9502563476562,308.7403259277344,329.4453125,329.4453125,1.0,8.0
556.5,39200.0,211.58248165557717,464.81238149746986,522.3035515866228,549.9502563476562,308.7403259277344,329.4453125,329.4453125,1.0,10.0
557.0,39339.0,211.64100735895173,465.5170243441306,522.3035515866228,550.05810546875,308.8697204589844,329.6042175292969,329.6042175292969,1.0,10.0
557.5,39420.0,211.86461251622708,466.5903448932314,522.3035515866228,550.05810546875,308.8697204589844,329.6042175292969,329.6042175292969,1.0,7.0
558.0,39440.0,211.85511098169334,466.79486929012586,523.4137942393188,550.05810546875,308.8697204589844,329.6042175292969,329.6042175292969,1.0,8.0
558.5,39538.0,212.07705239375738,466.85436701395435,522.498803826382,550.05810546875,308.8697204589844,329.6042175292969,329.6042175292969,1.0,10.0
559.0,39518.0,212.00194945587566,466.9345777527887,522.0957766540541,550.2267456054688,309.07208251953125,329.85272216796875,329.85272216796875,1.0,6.0
559.5,39495.0,211.93440449541595,466.79727931992517,521.5841255253077,550.2267456054688,309.07208251953125,329.85272216796875,329.85272216796875,1.0,7.0
560.0,39562.0,212.207574014425,467.9992521248009,521.5841255253077,550.2267456054688,309.07208251953125,329.85272216796875,329.85272216796875,1.0,6.0
560.5,39562.0,212.27718384699665,467.5998289098532,521.5841255253077,550.2267456054688,309.07208251953125,329.85272216796875,329.85272216796875,1.0,5.0
561.0,39550.0,212.02899404017134,467.14301847469795,521.5841255253077,550.2267456054688,309.07208251953125,329.85272216796875,329.85272216796875,1.0,8.0
561.5,39627.0,212.05356855354,467.3916986596653,521.1803910355799,550.2267456054688,309.07208251953125,329.85272216796875,329.85272216796875,1.0,7.0
562.0,39519.0,212.0548757482214,467.1725591097522,521.0758102234262,550.2267456054688,309.07208251953125,329.85272216796875,329.85272216796875,1.0,8.0
562.5,39448.0,212.4650211617084,468.18537993756917,526.8016704605254,550.2267456054688,309.07208251953125,329.85272216796875,329.85272216796875,1.0,9.0
563.0,39566.0,212.43655336765372,468.7176655002375,529.3099281139548,550.2267456054688,309.07208251953125,329.85272216796875,329.85272216796875,1.0,9.0
563.5,39533.0,212.44928255548123,468.8961505257806,529.3099281139548,550.2267456054688,309.07208251953125,329.85272216796875,329.85272216796875,1.0,6.0
564.0,39571.0,212.73257545751477,469.52795377244865,530.1141386531772,550.2267456054688,309.07208251953125,329.85272216796875,329.85272216796875,1.0,7.0
564.5,39485.0,212.86510823550793,469.8461450287415,530.1141386531772,552.8280029296875,312.1936340332031,331.44961418025196,333.68902587890625,1.0,7.0
565.0,39591.0,212.82689838028313,470.39929841812625,530.1141386531772,552.8280029296875,312.1936340332031,333.04650619253516,333.68902587890625,1.0,6.0
565.5,39548.0,213.05936597060008,470.83415335238305,530.6269876287862,552.921142578125,312.3053283691406,333.826416015625,333.826416015625,1.0,9.0
566.0,39587.0,213.0688046760044,471.3230314401874,530.7447597480356,552.921142578125,312.3053283691406,333.826416015625,333.826416015625,1.0,6.0
566.5,39558.0,212.95421051918746,471.2218161333365,531.0291894048763,553.1074829101562,312.52899169921875,334.10150146484375,334.10150146484375,1.0,8.0
567.0,39584.0,213.03276780091144,471.73244521770977,532.8602068085024,553.1074829101562,312.52899169921875,334.10150146484375,334.10150146484375,1.0,8.0
567.5,39398.0,213.17195259409482,472.00662053063064,532.977485453185,553.3873901367188,312.8648681640625,334.5146789550781,334.5146789550781,1.0,8.0
568.0,39571.0,213.3230572601105,472.83876736072637,533.4988284898103,553.3873901367188,312.8648681640625,334.5146789550781,334.5146789550781,1.0,10.0
568.5,39506.0,213.4247743266372,472.81365226867956,534.0234077266651,553.3873901367188,312.8648681640625,334.5146789550781,334.5146789550781,1.0,8.0
569.0,39425.0,213.66580260015746,472.64786038696536,533.8951207868452,553.3873901367188,312.8648681640625,334.5146789550781,334.5146789550781,1.0,7.0
569.5,39511.0,213.60939907891117,472.74676067769235,534.5512136362614,553.3873901367188,312.8648681640625,334.5146789550781,334.5146789550781,1.0,9.0
570.0,39618.0,213.68208118616076,472.78478190262916,535.082236670215,553.3873901367188,312.8648681640625,334.5146789550781,334.5146789550781,1.0,7.0
570.5,39714.0,213.53344438373324,473.0752582448221,535.4717546239017,553.9617919921875,313.5541687011719,335.3627624511719,335.3627624511719,1.0,8.0
571.0,39656.0,213.87903443710232,473.0903717667744,535.4717546239017,553.9617919921875,313.5541687011719,335.3627624511719,335.3627624511719,1.0,6.0
571.5,39836.0,213.7447267309888,472.70022212015925,535.7312759210536,553.9617919921875,313.5541687011719,335.3627624511719,335.3627624511719,1.0,7.0
572.0,40435.0,213.7307535825845,473.3990916563157,535.3363428724039,553.9617919921875,313.5541687011719,335.3627624511719,335.3627624511719,1.0,6.0
572.5,40392.0,213.6072867665916,473.45200373533635,535.7312759210536,553.9617919921875,313.5541687011719,335.3627624511719,335.3627624511719,1.0,8.0
573.0,40231.0,213.88072271139447,473.9910336678282,536.2555361019595,553.9617919921875,313.5541687011719,335.3627624511719,335.3627624511719,1.0,8.0
573.5,39956.0,214.05654507125172,474.3416490252569,536.6497926953853,554.2454833984375,313.89459228515625,335.7817077636719,335.7817077636719,1.0,9.0
574.0,39707.0,214.27803857887815,474.6815774654499,536.3133412474465,554.2454833984375,313.89459228515625,335.7817077636719,335.7817077636719,1.0,7.0
574.5,39762.0,214.0721865062282,474.57291325319017,536.8593856867923,554.2454833984375,313.89459228515625,335.7817077636719,335.7817077636719,1.0,7.0
575.0,39646.0,214.2804727473524,475.01210506605116,536.1063327363332,554.2454833984375,313.89459228515625,335.7817077636719,335.7817077636719,1.0,6.0
575.5,39597.0,214.34489006757053,475.26687225302106,536.7830101633248,554.3485717773438,314.0182800292969,335.9339599609375,335.9339599609375,1.0,8.0
576.0,39665.0,214.45307665265923,475.2550892532895,536.3133412474465,554.5296020507812,314.2355041503906,336.20135498046875,336.20135498046875,1.0,8.0
576.5,39963.0,214.72379594599278,475.94169810756944,537.3136886400717,554.711181640625,314.45343017578125,336.4696044921875,336.4696044921875,1.0,7.0
577.0,40530.0,214.18607628592267,475.6413561538067,537.0772756317288,554.711181640625,314.45343017578125,336.4696044921875,336.4696044921875,1.0,8.0
577.5,40593.0,214.4480064994621,476.3206902914627,537.6188240751992,554.711181640625,314.45343017578125,336.4696044921875,336.4696044921875,1.0,8.0
578.0,40199.0,215.0425629334651,477.3315409633224,537.7852731341758,554.711181640625,314.45343017578125,336.4696044921875,336.4696044921875,1.0,6.0
578.5,40808.0,214.46944621968015,477.4416194416332,537.960965126653,554.711181640625,314.45343017578125,336.4696044921875,336.4696044921875,1.0,7.0
579.0,40605.0,215.00081260450705,477.60234504827963,541.6982554891607,554.711181640625,314.45343017578125,336.4696044921875,336.4696044921875,1.0,5.0
579.5,40622.0,214.87016859381555,477.6103537376981,542.4619802345599,554.711181640625,314.45343017578125,336.4696044921875,336.4696044921875,1.0,4.0
580.0,40535.0,215.349674839235,478.7043973037412,542.8462028972847,554.711181640625,314.45343017578125,336.4696044921875,336.4696044921875,1.0,4.0
580.5,40857.0,214.83619172977504,478.2881976073106,542.4619802345599,554.711181640625,314.45343017578125,336.4696044921875,336.4696044921875,1.0,6.0
581.0,40756.0,214.69425116529268,478.39758526279013,541.923426325159,554.711181640625,314.45343017578125,336.4696044921875,336.4696044921875,1.0,7.0
581.5,40821.0,214.93908926922532,479.8770675912738,542.0793299877796,554.711181640625,314.45343017578125,336.4696044921875,336.4696044921875,1.0,6.0
582.0,40563.0,214.8736449846844,479.746078339727,543.7692525327265,554.711181640625,314.45343017578125,336.4696044921875,336.4696044921875,1.0,7.0
582.5,40636.0,215.0363409224994,480.2892357260149,544.1543898564083,554.711181640625,314.45343017578125,336.4696044921875,336.4696044921875,1.0,6.0
583.0,40524.0,215.251583843634,480.59047013036644,545.0770587724271,556.4216918945312,316.5060729980469,338.0664965044707,338.99761962890625,1.0,7.0
583.5,40498.0,215.03313864173998,480.76985136686136,545.6161654496685,556.4216918945312,316.5060729980469,338.99761962890625,338.99761962890625,1.0,6.0
584.0,40782.0,215.0091697173068,480.6025904765828,546.5400259816292,556.4216918945312,316.5060729980469,338.99761962890625,338.99761962890625,1.0,9.0
584.5,40303.0,215.6796786393676,481.2205313326951,546.5400259816292,556.4216918945312,316.5060729980469,338.99761962890625,338.99761962890625,1.0,5.0
585.0,40479.0,215.68522679370352,481.7727680141334,546.5400259816292,556.4216918945312,316.5060729980469,338.99761962890625,338.99761962890625,1.0,6.0
585.5,40787.0,215.60649753605333,482.254808166569,546.5400259816292,556.4216918945312,316.5060729980469,338.99761962890625,338.99761962890625,1.0,6.0
586.0,40507.0,215.36593556097233,482.12788751374256,546.9232121605372,556.4216918945312,316.5060729980469,338.99761962890625,338.99761962890625,1.0,7.0
586.5,40550.0,215.71030688504356,482.76738667452315,546.9232121605372,557.5,315.0,339.1390686035156,339.1390686035156,1.0,6.0
587.0,40509.0,216.00534002452477,483.23638105919525,546.9232121605372,558.0,317.0,340.6025085449219,340.6025085449219,1.0,8.0
587.5,40557.0,215.93475816401397,483.4842292480227,546.9232121605372,558.0,317.0,340.6025085449219,340.6025085449219,1.0,7.0
588.0,40268.0,216.31696210694716,483.79143209287315,547.4641540776894,558.0,317.5,340.86260986328125,340.86260986328125,1.0,5.0
588.5,40375.0,216.15454238497932,483.8816997177677,547.4641540776894,559.0,316.5,341.1983337402344,341.1983337402344,1.0,5.0
589.0,40463.0,216.10355498453472,484.3343886196977,548.3885483851756,559.0,317.0,341.457275390625,341.457275390625,1.0,6.0
589.5,40425.0,216.39455532070997,484.7244575832277,548.3885483851756,559.0,317.0,341.457275390625,341.457275390625,1.0,5.0
590.0,40487.0,216.2979016914978,484.1539011512765,548.0082116173078,559.0,317.0,341.457275390625,341.457275390625,1.0,7.0
590.5,40479.0,216.5986149838432,485.4120929604714,549.3132075601314,559.0,317.5,341.7167053222656,341.7167053222656,1.0,6.0
591.0,40334.0,216.55869607143813,485.87554990741376,549.3132075601314,559.0,317.5,341.7167053222656,341.7167053222656,1.0,8.0
591.5,40489.0,216.47776396259636,486.14833123589176,548.3885483851756,559.0,317.5,341.7167053222656,341.7167053222656,1.0,6.0
592.0,40612.0,216.70688490643903,486.7443373875506,549.3132075601314,560.0,316.0,341.79681396484375,341.79681396484375,1.0,10.0
592.5,40621.0,216.54520128162173,486.76996620580445,549.4815738493876,560.0,316.0,341.79681396484375,341.79681396484375,1.0,6.0
593.0,40862.0,216.53624216714107,486.4243517727507,549.4815738493876,560.5,315.5,341.9686584472656,341.9686584472656,1.0,8.0
593.5,40905.0,216.30258777975203,487.2013952243687,550.0327262990812,561.0,315.5,342.39788818359375,342.39788818359375,1.0,8.0
594.0,40618.0,216.93674719957707,488.20292909177454,550.0327262990812,560.5,316.5,342.4829406738281,342.4829406738281,1.0,9.0
594.5,41032.0,216.7211033591628,488.584230104113,549.8590728541269,560.5,316.5,342.4829406738281,342.4829406738281,1.0,11.0
595.0,40748.0,217.14162174063105,488.97934513202745,549.8590728541269,560.5,316.5,342.4829406738281,342.4829406738281,1.0,8.0
595.5,40787.0,217.04133995426523,489.27517790683925,549.8590728541269,560.5,316.5,342.4829406738281,342.4829406738281,1.0,10.0
596.0,40586.0,217.5399322493973,489.8323692695036,549.8590728541269,560.5,316.5,342.4829406738281,342.4829406738281,1.0,8.0
596.5,40377.0,217.47553471432414,490.1465086985158,549.8590728541269,560.5,316.5,342.4829406738281,342.4829406738281,1.0,9.0
597.0,40256.0,217.30700229132788,489.69582395286204,549.8590728541269,560.5,316.5,342.4829406738281,342.4829406738281,1.0,8.0
597.5,40281.0,217.4858839907816,490.16323811563024,549.8590728541269,560.5,316.5,342.4829406738281,342.4829406738281,1.0,7.0
598.0,40119.0,217.67178723104536,491.0047861227292,550.4080304646726,560.5,316.5,342.4829406738281,342.4829406738281,1.0,7.0
598.5,40313.0,217.54395536475752,491.41652393643,550.7848944914884,560.5,316.5,342.4829406738281,342.4829406738281,1.0,8.0
599.0,40241.0,217.64252554284823,491.7367181734551,551.7109750584992,561.5,316.0,343.0835266113281,343.0835266113281,1.0,8.0
599.5,40213.0,217.6287237515066,491.9752012475606,551.7109750584992,561.5,316.5,343.3403015136719,343.3403015136719,1.0,8.0
600.0,40272.0,217.83281486693818,492.3703890199585,552.0887609796091,561.5,316.5,343.3403015136719,343.3403015136719,1.0,8.0
600.5,40358.0,217.62465172670997,492.6337381335803,552.0887609796091,561.5,317.0,343.59759521484375,343.59759521484375,1.0,9.0
601.0,40339.0,217.98568529592313,493.24101583257374,552.468098626518,561.5,317.0,343.59759521484375,343.59759521484375,1.0,8.0
601.5,40258.0,218.04892992890737,493.91254286352097,552.468098626518,561.5,317.5,343.8554382324219,343.8554382324219,1.0,9.0
602.0,40368.0,218.145700701668,493.65590239736855,552.6373132534574,561.5,317.5,343.8554382324219,343.8554382324219,1.0,10.0
602.5,40284.0,218.06283786192645,494.5769908972091,553.0144663568938,561.5,317.5,343.8554382324219,343.8554382324219,1.0,5.0
603.0,40387.0,218.28822586449547,495.19854554179824,553.5639077830128,561.5,317.5,343.8554382324219,343.8554382324219,1.0,9.0
603.5,40325.0,218.38182854536043,495.1009997970111,553.5639077830128,562.5,316.0,343.94232177734375,343.94232177734375,1.0,8.0
604.0,40473.0,218.44794650337212,495.4391990704371,553.9404300103035,562.5,316.0,343.94232177734375,343.94232177734375,1.0,8.0
604.5,40512.0,218.49897555948348,496.0325593655229,554.4907573621043,562.5,316.0,343.94232177734375,343.94232177734375,1.0,7.0
605.0,40519.0,218.39450024803892,495.62637137031976,554.4907573621043,562.5,316.0,343.94232177734375,343.94232177734375,1.0,8.0
605.5,40546.0,218.3853746195348,495.4631671428525,555.4178607138953,562.5,316.0,343.94232177734375,343.94232177734375,1.0,7.0
606.0,40533.0,218.42741926186673,496.35672606186006,555.4178607138953,563.0,315.5,344.11669921875,344.11669921875,1.0,10.0
606.5,40516.0,218.55585293588365,496.4876634922564,555.4178607138953,563.0,315.5,344.11669921875,344.11669921875,1.0,8.0
607.0,40532.0,218.66783132952855,497.14394285647916,555.4178607138953,563.0,315.5,344.11669921875,344.11669921875,1.0,8.0
607.5,40596.0,218.66832324750257,497.44446915298005,555.4178607138953,563.0,315.5,344.11669921875,344.11669921875,1.0,8.0
608.0,40612.0,218.85682415301926,498.19253291915595,555.7931269816136,563.0,315.5,344.11669921875,344.11669921875,1.0,9.0
608.5,40598.0,219.16439147733166,498.4590755506869,555.7931269816136,562.5,316.5,344.19842529296875,344.19842529296875,1.0,10.0
609.0,40689.0,219.10243331762896,498.7237712205628,555.7931269816136,562.5,316.5,344.19842529296875,344.19842529296875,1.0,7.0
609.5,40669.0,219.24034478919478,498.85488868535805,556.7198577381625,563.5,315.5,344.5469055175781,344.5469055175781,1.0,7.0
610.0,40646.0,219.25606577892336,498.9526530642078,556.7198577381625,563.5,315.5,344.5469055175781,344.5469055175781,1.0,10.0
610.5,40741.0,219.3572081421411,499.1232312766057,556.7198577381625,563.0,316.5,344.6277770996094,344.6277770996094,1.0,9.0
611.0,40735.0,219.53321565411554,499.8466764160232,556.7198577381625,563.5,316.5,345.0573425292969,345.0573425292969,1.0,8.0
611.5,40829.0,219.7735736205174,500.5658790029383,556.7198577381625,563.5,316.5,345.0573425292969,345.0573425292969,1.0,8.0
612.0,40902.0,219.74636904584926,500.61696934082454,557.2728236689817,563.5,316.5,345.0573425292969,345.0573425292969,1.0,7.0
612.5,40833.0,219.78820372899668,500.40463625775794,556.9003501525206,563.5,316.5,345.0573425292969,345.0573425292969,1.0,10.0
613.0,40777.0,219.78108059625353,500.06899520367244,556.5294241996554,564.5,315.0,345.154052734375,345.154052734375,1.0,8.0
613.5,40800.0,219.68363954808214,500.08999190145767,556.5294241996554,564.5,315.0,345.154052734375,345.154052734375,1.0,8.0
614.0,40780.0,219.6565565956327,500.12943320712,556.4431687063828,564.5,315.0,345.154052734375,345.154052734375,1.0,7.0
614.5,40777.0,219.7154924807939,500.1337819679016,556.1025085359713,564.5,315.0,345.154052734375,345.154052734375,1.0,10.0
615.0,40860.0,219.6426829590484,500.29951024503396,556.4431687063828,564.5,315.0,345.154052734375,345.154052734375,1.0,9.0
615.5,40898.0,220.01074625959143,501.05114506548466,556.7045895266178,564.5,315.0,345.154052734375,345.154052734375,1.0,9.0
616.0,40940.0,220.07737702861658,502.3092175088023,557.253981591877,564.5,315.0,345.154052734375,345.154052734375,1.0,8.0
616.5,40952.0,220.11197763645836,502.2237549052899,556.3676841801652,564.5,315.0,345.154052734375,345.154052734375,1.0,9.0
617.0,40948.0,220.1821264078337,502.35525275202036,556.9245909456683,564.5,315.0,345.154052734375,345.154052734375,1.0,8.0
617.5,40928.0,220.12361500156496,502.1664066380721,556.5968020030299,564.5,315.0,345.154052734375,345.154052734375,1.0,9.0
618.0,40933.0,220.05055638023282,501.70768367915275,556.270617595429,564.5,315.0,345.154052734375,345.154052734375,1.0,9.0
618.5,40973.0,220.33896084802043,502.37495920717316,557.2162955262526,564.5,315.0,345.154052734375,345.154052734375,1.0,9.0
619.0,40992.0,220.32061346101756,502.4921392398039,557.2162955262526,564.5,315.0,345.154052734375,345.154052734375,1.0,9.0
619.5,41027.0,220.48565080037014,502.9469152125252,557.5419266745776,564.5,315.0,345.154052734375,345.154052734375,1.0,7.0
620.0,41091.0,220.4199651332781,503.0755410472666,557.5419266745776,564.5,315.0,345.154052734375,345.154052734375,1.0,9.0
620.5,40940.0,220.2694448967817,502.50676612355477,558.1621628165062,564.5,315.0,345.154052734375,345.154052734375,1.0,9.0
621.0,41081.0,220.50965967699906,502.80214796677234,558.4872424684381,564.5,315.0,345.154052734375,345.154052734375,1.0,6.0
621.5,41027.0,220.5808972318922,503.10615142177556,558.4872424684381,564.5,315.0,345.154052734375,345.154052734375,1.0,8.0
622.0,41096.0,220.49293499224817,502.9652074970644,559.4327484157501,564.5,315.0,345.154052734375,345.154052734375,1.0,8.0
622.5,41155.0,220.63403185824347,502.9875741465228,559.4327484157501,566.0,313.0,345.44183349609375,345.44183349609375,1.0,8.0
623.0,41047.0,220.75436832402227,503.6962378158689,559.4327484157501,566.0,313.0,345.44183349609375,345.44183349609375,1.0,9.0
623.5,41447.0,221.2319905177266,506.77460468536134,562.9209535982827,568.0,313.0,347.03872550837696,347.1744079589844,1.0,7.0
624.0,41452.0,220.42680770031726,501.8798658528319,555.9802154753351,568.0,313.0,347.1744079589844,347.1744079589844,1.0,7.0
624.5,41752.0,221.59934768418447,508.1554387891623,562.9209535982827,568.0,313.0,347.1744079589844,347.1744079589844,1.0,8.0
625.0,41417.0,221.12503189511287,506.0256910435425,558.8139225180417,568.0,313.0,347.1744079589844,347.1744079589844,1.0,6.0
625.5,41728.0,221.39323253122677,507.24249624613526,560.6719183265736,568.0,313.0,347.1744079589844,347.1744079589844,1.0,7.0
626.0,41483.0,221.46142171614267,507.8266436113044,560.6790525782108,568.0,313.0,347.1744079589844,347.1744079589844,1.0,7.0
626.5,41403.0,221.6254335897359,508.14436890918614,561.3243269269558,568.0,313.0,347.1744079589844,347.1744079589844,1.0,8.0
627.0,41444.0,221.75011532620366,508.05619767458245,562.5735507469224,568.0,313.0,347.1744079589844,347.1744079589844,1.0,9.0
627.5,41662.0,221.66583305590234,508.4331322697841,562.5735507469224,568.0,313.0,347.1744079589844,347.1744079589844,1.0,7.0
628.0,41720.0,222.00752500834923,509.0992535643666,563.2166545832962,568.0,313.0,347.1744079589844,347.1744079589844,1.0,7.0
628.5,41675.0,221.87776151138482,508.443015297527,562.8943062422998,568.0,313.0,347.1744079589844,347.1744079589844,1.0,9.0
629.0,41798.0,221.99729429420296,508.84339437397665,563.540593036562,568.0,313.0,347.1744079589844,347.1744079589844,1.0,8.0
629.5,41856.0,221.90524481166963,509.43718944082804,563.540593036562,568.0,313.0,347.1744079589844,347.1744079589844,1.0,9.0
630.0,41576.0,222.14390175513236,509.7195307197021,563.2166545832962,568.0,313.0,347.1744079589844,347.1744079589844,1.0,8.0
630.5,41553.0,222.56721848822698,510.4164965986111,563.521073252811,568.0,313.5,347.423828125,347.423828125,1.0,9.0
631.0,41723.0,222.4365167357562,510.9236733265762,563.8341954865809,568.0,313.5,347.423828125,347.423828125,1.0,7.0
631.5,41565.0,222.69787602929344,511.0545959038882,563.8341954865809,568.0,313.5,347.423828125,347.423828125,1.0,7.0
632.0,41543.0,222.4693251424545,511.13100081053483,564.468776815866,568.0,313.5,347.423828125,347.423828125,1.0,8.0
632.5,41685.0,222.7213124819357,511.42800075455636,564.468776815866,568.5,313.0,347.6080017089844,347.6080017089844,1.0,9.0
633.0,41608.0,222.678602634031,511.2588874531008,563.521073252811,568.5,313.0,347.6080017089844,347.6080017089844,1.0,9.0
633.5,41645.0,222.7091573975375,511.45928474885255,564.3341208893894,569.0,312.5,347.7934875488281,347.7934875488281,1.0,11.0
634.0,41694.0,223.02317334641646,511.9685537082457,564.7955382260026,567.5,316.5,348.5004577636719,348.5004577636719,1.0,10.0
634.5,41739.0,222.86097890894172,511.8456798684541,565.8144572207394,567.5,316.5,348.5004577636719,348.5004577636719,1.0,11.0
635.0,41725.0,223.22011429631087,512.2930801773155,566.1881312779349,567.5,316.5,348.5004577636719,348.5004577636719,1.0,10.0
635.5,41757.0,223.47501439870229,513.2736112421627,567.8661814195312,566.5,318.5,348.6582336425781,348.6582336425781,1.0,7.0
636.0,41706.0,223.17442012877825,512.7494510166497,567.4900880191653,567.5,319.0,349.7732238769531,349.7732238769531,1.0,9.0
636.5,41735.0,223.2838195805944,512.892776143695,568.2684224906395,567.5,319.0,349.7732238769531,349.7732238769531,1.0,10.0
637.0,41768.0,223.51894318166376,513.3154974953682,568.2684224906395,567.5,319.0,349.7732238769531,349.7732238769531,1.0,11.0
637.5,41906.0,223.71410217970154,513.7964089880531,568.6228978857605,567.5,319.5,350.0293884277344,350.0293884277344,1.0,12.0
638.0,41766.0,223.70603322710383,514.4171459039833,569.5305084014376,567.5,319.5,350.0293884277344,350.0293884277344,1.0,10.0
638.5,41877.0,223.79399476837793,514.4297807878531,569.5305084014376,567.5,319.5,350.0293884277344,350.0293884277344,1.0,7.0
639.0,41968.0,223.91105378650198,514.8804229941377,569.5305084014376,567.5,320.0,350.2860412597656,350.2860412597656,1.0,10.0
639.5,41859.0,224.18548722912215,515.5417537967363,570.4804992285012,567.5,320.0,350.2860412597656,350.2860412597656,1.0,8.0
640.0,42046.0,224.12469769645665,515.8720771636915,571.7429492350561,568.233154296875,318.7762451171875,350.2890625,350.2890625,1.0,8.0
640.5,41931.0,224.27642811326345,516.0436027943563,571.7429492350561,567.5,320.5,350.5432434082031,350.5432434082031,1.0,7.0
641.0,42060.0,224.3145030978157,515.7956475190522,572.3722564904766,568.0,320.5,350.9719543457031,350.9719543457031,1.0,9.0
641.5,42047.0,224.24767107899515,516.396262541401,573.6375162068813,569.5,318.5,351.2386169433594,351.2386169433594,1.0,10.0
642.0,42243.0,224.37977519379248,516.398780000244,573.6427459665118,570.0,318.0,351.4158020019531,351.4158020019531,1.0,8.0
642.5,42184.0,224.28655774053195,516.3084348827975,573.9555731936053,570.0,318.5,351.6693115234375,351.6693115234375,1.0,7.0
643.0,42119.0,224.5604995747506,516.7083316023953,574.5859378717861,570.0,318.5,351.6693115234375,351.6693115234375,1.0,11.0
643.5,42110.0,224.53337700077478,516.7512456018655,574.5859378717861,570.0,318.5,351.6693115234375,351.6693115234375,1.0,8.0
644.0,42081.0,224.52951452567999,516.8607162476173,574.2699713549368,570.0,318.5,351.6693115234375,351.6693115234375,1.0,8.0
644.5,42090.0,224.62750158071708,517.0849543243941,574.2699713549368,567.5,324.0,352.35821533203125,352.35821533203125,1.0,8.0
645.0,42123.0,224.81054069338757,517.2147522347575,574.2699713549368,567.5,324.0,352.35821533203125,352.35821533203125,1.0,9.0
645.5,42169.0,224.84654466402978,517.5020771658326,574.6172639244317,567.5,324.0,352.35821533203125,352.35821533203125,1.0,10.0
646.0,42256.0,224.96468547312102,518.304929422057,574.905209578066,567.5,324.0,352.35821533203125,352.35821533203125,1.0,11.0
646.5,42189.0,225.00580971908644,518.3728387771813,575.2190886957768,568.5,322.5,352.4323425292969,352.4323425292969,1.0,9.0
647.0,42314.0,225.13093563253474,518.9932079892542,576.4937120212154,569.0,322.5,352.8601989746094,352.8601989746094,1.0,10.0
647.5,42306.0,225.1029554085622,518.8653485836417,577.1351661439459,569.0,323.0,353.1190490722656,353.1190490722656,1.0,8.0
648.0,42220.0,225.02246653177914,518.6123792803086,577.1351661439459,569.0,323.0,353.1190490722656,353.1190490722656,1.0,8.0
648.5,42283.0,224.9072098711358,519.0022157716277,578.0864987179687,569.0,323.0,353.1190490722656,353.1190490722656,1.0,11.0
649.0,42281.0,225.1420433919301,519.2494583531118,577.444369614944,569.0,323.0,353.1190490722656,353.1190490722656,1.0,9.0
649.5,42356.0,225.51481795144466,519.5854116077078,578.395193617651,570.8939208984375,319.8748779296875,353.1381530761719,353.1381530761719,1.0,8.0
650.0,42269.0,225.39610679172216,519.910761572707,579.0379952990995,574.8008422851562,313.42718505859375,353.2964782714844,353.2964782714844,1.0,8.0
650.5,42274.0,225.55350993708788,520.2163011671203,578.7313711904686,576.7415771484375,310.2238464355469,353.4346618652344,353.4346618652344,1.0,8.0
651.0,42253.0,225.56463329185024,521.0326284042748,579.6835343530123,576.7415771484375,310.2238464355469,353.4346618652344,353.4346618652344,1.0,8.0
651.5,42228.0,225.6430082242571,521.0657346357249,578.7313711904686,576.7415771484375,310.2238464355469,353.4346618652344,353.4346618652344,1.0,7.0
652.0,42334.0,225.60210870784397,520.5981175500372,579.378977871997,573.0,318.0,354.0057373046875,354.0057373046875,1.0,10.0
652.5,42280.0,225.6595232363741,520.8199304915262,579.6835343530123,573.0,318.0,354.0057373046875,354.0057373046875,1.0,9.0
653.0,42357.0,225.607236027628,520.7880563304249,579.7283846768244,573.0,318.0,354.0057373046875,354.0057373046875,1.0,7.0
653.5,42311.0,225.72611096148106,521.165041029918,580.0293096042648,573.0,318.0,354.0057373046875,354.0057373046875,1.0,8.0
# px_per_mm = 35.486 +/- 0.500
# seed = (346, 285)
