t_s,M_px,Rg_px,R95seed_px,Rmaxseed_px,circ_cx_px,circ_cy_px,circ_R_px,edge,n_comp
0.0,20.0,2.6485845276298057,40.346333969859096,41.012193308819754,313.5,326.5,4.743516445159912,0.0,1.0
0.5,11.0,1.6363636363636365,51.03917711685352,51.088159097779204,327.0,322.5,2.5000998973846436,0.0,1.0
1.0,0.0,0.0,0.0,0.0,0.0,0.0,0.0,0.0,0.0
1.5,114.0,17.38750502145254,63.681445178761926,66.48308055437865,326.5,336.5,26.50481605529785,0.0,3.0
2.0,13.0,2.1784311166932766,48.83822932490898,49.040799340956916,332.0,338.5,3.3542017936706543,0.0,1.0
2.5,0.0,0.0,0.0,0.0,0.0,0.0,0.0,0.0,0.0
3.0,162.0,16.819605787615384,66.46989315288837,69.42621983083913,330.5,336.5,26.879459381103516,0.0,2.0
3.5,483.0,19.04050389207423,70.1961333715083,74.10802925459562,330.0398864746094,349.6224365234375,33.045841217041016,0.0,1.0
4.0,940.0,28.809508295368644,77.88677618268267,81.34494452638098,334.0,356.0,41.10970687866211,0.0,1.0
4.5,1189.0,30.350523602027184,77.484191355737,81.70679286326198,333.51824951171875,356.3990173339844,41.86791229248047,0.0,1.0
5.0,1474.0,29.52364420313767,78.72991714210123,82.87339742040264,334.5,356.5,42.47950744628906,0.0,1.0
5.5,1590.0,30.01690462899515,78.6155160208418,82.56512580987206,335.0,355.5,42.816566467285156,0.0,1.0
6.0,1765.0,30.14506363048688,78.70069388611958,83.38465086573187,335.0295715332031,355.4336853027344,43.52779006958008,0.0,1.0
6.5,1932.0,30.122738534431715,79.45186827710779,84.48076704197234,335.0,356.5,44.19568634033203,0.0,1.0
7.0,2005.0,30.458027182164617,79.5047158460404,84.69356528095862,336.3246765136719,353.8189392089844,45.265628814697266,0.0,1.0
7.5,2162.0,31.204766479158554,79.47703995251385,84.69356528095862,336.4221496582031,345.1903076171875,52.85970687866211,0.0,2.0
8.0,2360.0,31.611803418033894,80.2820027810027,85.492689745966,336.0,345.0,54.37840270996094,0.0,1.0
8.5,2649.0,32.77230295302428,80.23091673413684,86.1278120005379,332.0,344.5,57.019832611083984,0.0,2.0
9.0,2857.0,33.49159760786002,80.28573908689523,86.40023148117139,331.5,343.0,58.534278869628906,0.0,2.0
9.5,3238.0,33.95468699300456,80.52949770115296,87.64131445842195,331.0,343.5,59.25590133666992,0.0,2.0
10.0,3520.0,34.80235976281914,80.62412761912205,88.32326986700618,329.5,343.0,60.79689025878906,0.0,1.0
10.5,3852.0,35.36094568758893,80.61234343639407,89.56003573022959,329.9047546386719,342.8571472167969,61.22903060913086,0.0,2.0
11.0,4124.0,35.74152825194261,80.80377390889817,91.09335870413386,327.5,343.5,62.27770233154297,0.0,1.0
11.5,4394.0,36.24247944192674,80.9144566594815,91.76055797563569,328.0,343.5,62.85906982421875,0.0,1.0
12.0,4687.0,36.65230806394024,80.77747210701756,92.44457799135652,326.0,343.0,63.81232452392578,0.0,1.0
12.5,4856.0,37.09019947035841,81.27883994401444,94.64142856064674,329.633056640625,341.4621887207031,63.419307708740234,0.0,1.0
13.0,5009.0,37.35706749206398,81.19112691463022,94.37160589923221,327.3524475097656,342.45538330078125,64.0881118774414,0.0,1.0
13.5,5155.0,37.554733531891536,81.04504915173602,94.64142856064674,326.7889099121094,343.4074401855469,64.57902526855469,0.0,1.0
14.0,5348.0,37.945808909515335,81.2397666769526,94.59386872308374,323.7470703125,345.6223449707031,65.41004180908203,0.0,1.0
14.5,5552.0,38.33482944906825,81.28499102473361,95.0789145920377,324.6895751953125,344.157958984375,65.69747924804688,0.0,1.0
15.0,5748.0,39.148232182844794,82.1839367576186,95.80187889597991,325.0,348.5,70.91730499267578,0.0,2.0
15.5,5983.0,39.633122248056054,82.48939275634055,96.317184344228,322.55902099609375,350.8079833984375,71.68809509277344,0.0,2.0
16.0,6097.0,40.00160715149351,82.6861527329038,95.90099061010788,318.8038330078125,353.3397216796875,72.47825622558594,0.0,1.0
16.5,6248.0,40.366713675720696,83.19044411338157,98.0612053770501,321.9490966796875,351.3851318359375,72.38182830810547,0.0,1.0
17.0,6458.0,41.08871182342781,84.31933282436226,99.46356116689167,322.3010559082031,351.1639709472656,73.19454193115234,0.0,1.0
17.5,6628.0,41.463981896696666,84.52810183601665,99.82484660644363,318.6807556152344,353.7425231933594,74.60092163085938,0.0,1.0
18.0,6818.0,41.864605328428745,85.32877591996736,100.0199980003999,316.98468017578125,354.8047180175781,75.76872253417969,0.0,1.0
18.5,6936.0,42.11284348738312,85.24523261740794,100.43903623591775,321.095703125,351.826171875,76.41989135742188,0.0,1.0
19.0,7126.0,42.61699705729274,85.41662360865719,100.66280345788111,315.8888854980469,354.3055419921875,78.05131530761719,0.0,1.0
19.5,7332.0,43.234907967335126,86.37389647171372,102.39140588936164,315.0669860839844,355.6255798339844,78.50517272949219,0.0,1.0
20.0,7598.0,44.127618508573114,86.22267481850182,102.83968105745953,306.5,350.5,87.9006118774414,0.0,1.0
20.5,7859.0,44.92431655547678,86.31338250816034,103.36827366266692,306.5,351.0,88.30213928222656,0.0,1.0
21.0,8117.0,45.76840553396935,87.42653912651487,102.83968105745953,305.5,350.5,88.70466613769531,0.0,1.0
21.5,8280.0,46.04373031700084,87.66413177577246,104.04806581575652,306.0,351.5,89.00150299072266,0.0,1.0
22.0,8463.0,46.490665070001285,88.22981314568477,105.11898020814318,306.0,351.5,89.80683898925781,0.0,1.0
22.5,8625.0,46.88280353573921,87.86353054595519,104.39348638684312,305.5,351.5,89.74696350097656,0.0,1.0
23.0,8753.0,47.30240136716919,87.74963943447472,104.08650248711405,307.0,349.0,91.40031433105469,0.0,1.0
23.5,8912.0,47.56689540653309,88.53445616795999,104.7377677822093,305.5,351.0,90.50562286376953,0.0,1.0
24.0,9067.0,47.85251324261212,89.10331067669878,106.51291001564083,306.0,352.0,91.0220718383789,0.0,1.0
24.5,9309.0,48.45101668352767,89.80868550736564,107.70793842609746,306.0,352.5,92.0123291015625,0.0,1.0
25.0,9571.0,49.25947707338104,90.13878188659973,107.70793842609746,308.5,347.5,94.30015563964844,0.0,1.0
25.5,9696.0,49.30389103009512,89.83874235757594,107.70793842609746,309.0,347.5,93.63903045654297,0.0,1.0
26.0,9923.0,49.88295733732699,91.23924570461092,108.25894882179486,306.5,349.0,94.30413055419922,0.0,1.0
26.5,10234.0,51.14114472589773,94.17536832951598,116.29703349613007,321.5,340.5,98.2981185913086,0.0,2.0
27.0,10405.0,51.453452054339174,94.80717251318259,116.36150566231085,321.0,341.0,98.35150909423828,0.0,2.0
27.5,10534.0,51.80338823469032,95.52146352399957,116.36150566231085,321.0,341.0,99.03544616699219,0.0,2.0
28.0,10699.0,51.96525408026596,96.26006440887103,116.36150566231085,321.5,340.0,99.42469024658203,0.0,2.0
28.5,11057.0,52.8021484102486,96.83181286610807,116.76472069936193,318.0,343.5,100.28095245361328,0.0,2.0
29.0,11110.0,52.88876806809017,97.05229976539151,116.46887996370532,319.0,344.0,100.76715850830078,0.0,1.0
29.5,11257.0,53.13313679818824,97.84170836384602,116.61903789690601,318.5,344.5,100.82916259765625,0.0,1.0
30.0,11408.0,53.24252969576781,97.19542142412503,116.8289347721702,317.5,345.5,101.47177124023438,0.0,2.0
30.5,11494.0,53.47542683891631,98.08159868191383,117.88977903109328,318.5,344.0,102.3976058959961,0.0,1.0
31.0,11639.0,53.512652927462575,98.41239759298622,118.15244390193544,319.0,344.0,102.0687026977539,0.0,2.0
31.5,11900.0,53.9756959780009,98.60096342839954,118.98319209031165,320.5,343.5,102.02215576171875,0.0,1.0
32.0,11941.0,54.04341299488951,99.32270636667126,119.20151005754919,318.5,344.5,102.68651580810547,0.0,1.0
32.5,12005.0,54.021734401328,99.71760026618492,119.81652640600127,319.5,344.0,103.0595474243164,0.0,1.0
33.0,12227.0,54.658825836914694,100.2586650441059,120.10412149464314,323.0,343.0,102.3035659790039,0.0,1.0
33.5,12423.0,54.91448003225613,100.56838469419701,120.9297316626478,324.0,343.0,102.3035659790039,0.0,1.0
34.0,12498.0,54.92300493695774,101.00297000590973,121.75795661885921,324.5,343.0,102.62197875976562,0.0,1.0
34.5,12790.0,55.28912857985847,101.16026696789946,122.03687967167957,322.0,343.5,103.76545715332031,0.0,1.0
35.0,12891.0,55.36243626990209,101.40759313434435,121.92620719107111,322.0,343.0,103.3925552368164,0.0,1.0
35.5,13036.0,55.48838711059935,101.9803902718557,123.17873193047572,322.0,343.5,103.69315338134766,0.0,1.0
36.0,13119.0,55.76344631183362,101.9524397968014,123.47064428438041,322.0,343.5,103.0207290649414,0.0,1.0
36.5,13213.0,55.891252442039544,101.86265262597475,123.96773773849388,319.0,346.5,103.96764373779297,0.0,1.0
37.0,13411.0,56.11573371498377,101.69070563817618,125.15989773086265,322.0,343.0,103.3925552368164,0.0,2.0
37.5,13654.0,56.63487089505337,103.58257572921805,126.8897158953396,323.0,343.0,104.1394271850586,0.0,1.0
38.0,13745.0,56.78018143103635,104.02402857307992,127.27922061357856,321.5,345.5,104.76889038085938,0.0,2.0
38.5,13879.0,57.21190495995402,104.39444425706935,128.41339493993607,319.0,347.0,106.66780853271484,0.0,2.0
39.0,13865.0,57.069008233594424,104.93521795519337,128.56515857727553,321.5,346.0,107.30923461914062,0.0,3.0
39.5,13985.0,57.162872635051635,104.57628766346764,129.2594290564522,318.5,346.5,108.15045928955078,0.0,3.0
40.0,14223.0,57.542588449935536,104.80219243331393,129.1239714383042,320.1786193847656,344.9583435058594,108.15428924560547,0.0,3.0
40.5,14302.0,57.571843047651534,105.38477119076887,129.2594290564522,320.0,345.0,108.40673828125,0.0,2.0
41.0,14441.0,57.98600534613761,105.32331175955302,129.98846102635417,323.0,342.5,108.19552612304688,0.0,1.0
41.5,14548.0,58.221735542172574,105.98183517572988,130.24976007655445,322.0,343.5,108.95995330810547,0.0,1.0
42.0,14648.0,58.273896365684365,106.78927827788922,130.54118124178285,319.68829345703125,345.59967041015625,108.97342681884766,0.0,1.0
42.5,14727.0,58.48640382297573,107.5997186390911,131.38112497615478,315.0,348.5,110.40050506591797,0.0,1.0
43.0,14857.0,58.72464085552157,108.01296089985277,131.24023773218335,313.5,349.5,110.3200912475586,0.0,1.0
43.5,15022.0,58.89645233301243,108.46635422558741,131.24023773218335,313.0,350.5,110.02850341796875,0.0,1.0
44.0,14895.0,58.63764482360445,109.22453936730518,131.68523075880606,316.5,349.0,110.14659118652344,0.0,1.0
44.5,15174.0,59.091897132829,109.13019712065774,131.84839779079607,314.0,350.5,110.26908874511719,0.0,1.0
45.0,15347.0,59.34058467359186,109.21767205887593,131.84839779079607,314.5,349.5,110.55551147460938,0.0,1.0
45.5,15491.0,59.40477306523627,109.91360092773584,131.84839779079607,314.0,349.5,110.84346008300781,0.0,1.0
46.0,15606.0,59.44396135762984,110.1567059280392,131.84839779079607,313.5,350.5,111.71625518798828,0.0,1.0
46.5,15772.0,59.899552410372216,110.63860076745847,132.38202294873727,313.3226013183594,350.90411376953125,111.72045135498047,0.0,1.0
47.0,15733.0,60.13281257672636,111.41992378047581,133.3641631023867,311.0,352.0,112.80081176757812,0.0,1.0
47.5,15922.0,60.19365103432919,111.01801655587259,133.3641631023867,310.5,352.5,112.90049743652344,0.0,1.0
48.0,16146.0,60.53860377035896,111.30139235181495,133.18032887780387,310.5,353.0,113.30168914794922,0.0,1.0
48.5,16133.0,60.823901973492994,112.16773120510427,134.16407864998737,314.5,349.5,113.14823150634766,0.0,1.0
49.0,16096.0,60.524808641141604,112.16059914247963,133.98880550254935,314.0,349.5,113.46044158935547,0.0,1.0
49.5,16296.0,60.89305819258894,112.92918134831227,134.17153200288055,314.0,351.5,112.68217468261719,0.0,1.0
50.0,16662.0,61.47986559902363,113.22499722364563,134.39121995130486,314.0,351.5,113.31492614746094,0.0,1.0
50.5,16912.0,61.6790601999883,113.21660655575224,134.34656675925888,315.0,350.5,113.31492614746094,0.0,1.0
51.0,17097.0,61.6540999081908,113.11586929990689,134.5362404707371,315.0,349.5,113.31492614746094,0.0,1.0
51.5,17233.0,61.78240991002018,113.21660655575224,134.21251804507656,315.0,350.0,114.33731842041016,0.0,1.0
52.0,17152.0,61.45974957532984,112.6430201793415,134.9518432626987,316.0,350.0,113.70146179199219,0.0,1.0
52.5,17304.0,61.5908493547066,113.1591799192624,134.72935834479432,315.0,350.5,114.72258758544922,0.0,2.0
53.0,17465.0,61.82519314889732,113.22897154385885,135.63554106501732,314.0,351.5,114.08888244628906,0.0,1.0
53.5,17526.0,61.99646894521193,113.5869687803297,135.72398461583714,314.5,351.0,114.16336059570312,0.0,2.0
54.0,17935.0,62.57409074894996,114.02411981268642,135.83077707206124,314.0,351.5,114.08888244628906,0.0,1.0
54.5,18074.0,62.84044157663859,114.9886947972735,135.94484175576505,315.5,351.5,113.77399444580078,0.0,1.0
55.0,18068.0,62.897029393233524,115.03912377969506,136.93794214898952,314.0,352.5,114.08888244628906,0.0,1.0
55.5,18387.0,63.25751356022187,115.19287925112842,137.05838172107534,317.5652160644531,349.8315124511719,113.80498504638672,0.0,1.0
56.0,18418.0,63.199839859971924,115.94891115327104,137.18600511714013,314.0,352.0,114.4771728515625,0.0,1.0
56.5,18662.0,63.64973358671157,116.21101496846157,137.18600511714013,314.0,352.0,113.85087585449219,0.0,1.0
57.0,18724.0,63.61395043050905,116.5025750687576,137.32079230764728,313.5,352.0,114.3252944946289,0.0,1.0
57.5,18880.0,63.889408976299535,116.84476808826106,138.0507153186828,314.0,351.5,114.2421646118164,0.0,1.0
58.0,18892.0,63.81248300947578,117.03610552082957,137.71347065556077,313.0862121582031,352.1551818847656,114.02595520019531,0.0,1.0
58.5,18893.0,63.8967095934361,117.62057613619635,137.46272221951665,315.5,351.0,114.10640716552734,0.0,2.0
59.0,19098.0,64.08396706182005,117.65330420684991,137.93114224133723,318.55828857421875,348.9815979003906,113.73242950439453,0.0,1.0
59.5,19303.0,64.24751355266403,118.12493369175596,137.93114224133723,316.8757019042969,349.4851379394531,113.71650695800781,0.0,2.0
60.0,19622.0,64.55366348515551,118.1050379381718,138.0507153186828,316.5,350.5,113.9233169555664,0.0,1.0
60.5,19845.0,64.73022263815172,118.1499046728742,138.0507153186828,316.8219299316406,350.02740478515625,114.12041473388672,0.0,2.0
61.0,19708.0,64.79562018241013,118.2664363350913,137.93114224133723,319.4581604003906,348.4487609863281,113.9186782836914,0.0,2.0
61.5,20095.0,65.00096084563724,118.51160280748886,138.52075656738234,319.1785583496094,348.88177490234375,113.99168395996094,0.0,1.0
62.0,20090.0,65.10186704696235,118.33701855392992,137.6154061142865,320.0,348.5,114.40835571289062,0.0,1.0
62.5,20157.0,65.35054239761422,118.84864324004712,137.5245432641025,317.47698974609375,350.2154846191406,114.66184997558594,0.0,1.0
63.0,19876.0,65.47282760086269,119.85720658614903,137.5245432641025,316.9854736328125,350.9218444824219,114.92886352539062,0.0,1.0
63.5,20290.0,65.6631963796193,120.0356196955956,138.2931668593933,321.5,348.0,114.85326385498047,0.0,1.0
64.0,20956.0,66.12477409464418,120.10412149464314,138.2931668593933,320.0,347.5,116.190673828125,0.0,1.0
64.5,20752.0,66.06035042992207,120.61923561356207,138.43771162512041,320.0,348.5,115.85884857177734,0.0,1.0
65.0,20901.0,66.24214647313333,120.80149005703531,138.61096637712328,320.5,348.5,115.59638214111328,0.0,2.0
65.5,21210.0,66.48972733250616,120.83045973594572,138.92443989449805,320.5,348.0,116.0227279663086,0.0,1.0
66.0,21238.0,66.75434630144449,121.05143526792277,140.03570973148243,321.4397888183594,346.4162902832031,116.5526351928711,0.0,1.0
66.5,21241.0,66.91152646849638,121.2023102090055,140.29255147726127,321.0382385253906,346.85321044921875,117.24248504638672,0.0,1.0
67.0,21595.0,67.09948418672118,121.50267473597194,139.74262055650738,324.918701171875,344.2380065917969,117.47564697265625,0.0,1.0
67.5,21392.0,67.19251633031296,121.75795661885921,139.74262055650738,324.5921936035156,344.6385803222656,117.36080169677734,0.0,1.0
68.0,21700.0,67.3942501534286,121.75795661885921,140.4314779527724,327.0,342.5,118.20014190673828,0.0,1.0
68.5,21650.0,67.43450200868881,122.27550797691786,139.74262055650738,326.65765380859375,343.25225830078125,118.0051040649414,0.0,1.0
69.0,21884.0,67.49718138043798,122.42957159118053,140.4314779527724,322.9706726074219,346.0030517578125,118.71343994140625,0.0,1.0
69.5,22177.0,67.63935092469212,122.19001591490216,140.1606221447379,323.13397216796875,346.2400207519531,118.42646026611328,0.0,1.0
70.0,22286.0,67.74867660469711,122.37646832622684,140.1606221447379,321.40106201171875,347.5262145996094,118.54530334472656,0.0,1.0
70.5,21745.0,68.02068284772375,123.06096023500183,140.29255147726127,322.24322509765625,347.3025817871094,118.81794738769531,0.0,2.0
71.0,22388.0,67.99342283628191,122.8482754406669,140.29255147726127,320.5,348.5,119.53461456298828,0.0,1.0
71.5,22275.0,68.28037226809795,123.16898954752288,140.4314779527724,321.5,348.5,119.53461456298828,0.0,1.0
72.0,22717.0,68.3165654425407,123.16817766555437,140.29255147726127,321.5,349.0,119.10614776611328,0.0,1.0
72.5,22160.0,68.58888086075288,123.4908903522847,140.29255147726127,321.5,348.5,120.05216979980469,0.0,1.0
73.0,22723.0,68.78805167820657,123.3288287465668,140.65560778013793,321.5,348.5,120.05216979980469,0.0,2.0
73.5,22717.0,69.0641844620792,124.06449935416659,141.52384958020326,317.8720703125,350.712158203125,120.12734985351562,0.0,2.0
74.0,22574.0,69.3586248755365,124.19883250784979,141.0319112825179,318.7348327636719,350.3647155761719,120.2508544921875,0.0,2.0
74.5,23013.0,69.3965407603132,124.26584366939073,141.52384958020326,318.66851806640625,350.254150390625,120.62181091308594,0.0,2.0
75.0,23201.0,69.543523608247,124.45481107614924,141.52384958020326,317.6769714355469,351.0499267578125,120.81743621826172,0.0,3.0
75.5,23406.0,69.58486919927657,124.4025723206719,142.0211251891774,319.2322082519531,350.6929931640625,120.78313446044922,0.0,2.0
76.0,23396.0,69.58450072827341,124.77980605851253,142.0211251891774,318.5928649902344,351.083984375,120.80553436279297,0.0,3.0
76.5,23437.0,69.68374311286514,125.06398362438324,142.0211251891774,318.9582214355469,351.0595397949219,121.4637222290039,0.0,3.0
77.0,23449.0,69.7749756650924,125.49023852757966,142.52368224263643,319.4572448730469,351.7335510253906,120.9306411743164,0.0,3.0
77.5,23770.0,70.20138907551058,125.87692401707312,143.38758663147937,319.3829345703125,351.5601806640625,121.1169204711914,0.0,3.0
78.0,23951.0,70.35686499212528,125.93252155117074,143.38758663147937,320.62872314453125,350.8175048828125,121.08911895751953,0.0,2.0
78.5,24177.0,70.69103559276076,125.93649193144932,143.38758663147937,318.23199462890625,352.6929931640625,120.78302764892578,0.0,2.0
79.0,24107.0,70.69877084830236,126.39620247459969,143.75673897247393,319.4838562011719,351.5242004394531,121.62926483154297,0.0,3.0
79.5,24407.0,71.09841333557493,126.64083006512828,144.75496537252184,320.7760009765625,350.5475769042969,122.29713439941406,0.0,4.0
80.0,24730.0,71.32567117166683,126.60568707605516,144.75496537252184,321.1747131347656,350.6976623535156,122.2811050415039,0.0,2.0
80.5,24773.0,71.48083361799566,127.20062892926276,144.62710672622887,319.7056579589844,351.3765563964844,122.4792709350586,0.0,2.0
81.0,24774.0,71.631429413504,127.31064370271639,144.62710672622887,320.8099670410156,351.1993713378906,122.37721252441406,0.0,4.0
81.5,24994.0,71.53935988030024,127.47548783981962,145.12063946937388,321.1311340332031,350.8278503417969,122.7185287475586,0.0,4.0
82.0,25113.0,71.78192528248944,127.59388607665429,144.62710672622887,321.0,351.0,122.80075073242188,0.0,4.0
82.5,25154.0,71.83229335533943,127.88275880665071,144.62710672622887,319.8609619140625,352.8360595703125,122.85459899902344,0.0,3.0
83.0,25180.0,72.18403858570723,128.35108102388543,145.49914089093448,321.5,352.0,123.05394744873047,0.0,2.0
83.5,25239.0,72.17930775285016,127.88275880665071,145.41320435228707,318.8609619140625,352.8360595703125,122.85459899902344,0.0,4.0
84.0,25571.0,72.38734274323801,127.66362050325849,145.41320435228707,319.63427734375,352.0514221191406,123.03067779541016,0.0,4.0
84.5,25237.0,72.60532168714627,128.1343045021714,144.9413674559475,320.1632080078125,352.0916748046875,123.32716369628906,0.0,4.0
85.0,25375.0,72.70396211859098,128.16941833168934,145.82523787054146,321.1927185058594,351.012451171875,124.14210510253906,0.0,3.0
85.5,25606.0,72.88527421559648,128.2497563350512,145.41664278891878,320.051513671875,351.453125,124.45638275146484,0.0,2.0
86.0,25968.0,72.9311848582451,128.2497563350512,145.60219778561037,318.993408203125,352.402587890625,124.77243041992188,0.0,2.0
86.5,25853.0,73.27768970904494,128.332380040459,145.60219778561037,320.4490051269531,351.6648864746094,125.12218475341797,0.0,3.0
87.0,26036.0,73.34522301124906,128.3540025647576,146.03081866510234,318.17388916015625,353.1132507324219,125.0060043334961,0.0,2.0
87.5,26106.0,73.64582723471692,128.65749102624417,146.81961721786362,318.9375,352.6875,125.47808837890625,0.0,2.0
88.0,26042.0,73.70062783689484,128.6582682896151,146.81961721786362,320.2259521484375,352.16876220703125,125.65792083740234,0.0,2.0
88.5,25943.0,73.83923867643523,128.44142599915148,146.81961721786362,320.045654296875,351.768310546875,126.09032440185547,0.0,2.0
89.0,26160.0,74.06823427234742,128.68974317824623,146.81961721786362,319.943115234375,351.540283203125,126.33659362792969,0.0,2.0
89.5,26370.0,74.2678849625186,129.0271289303145,147.4347313220328,319.7631530761719,352.14056396484375,126.76821899414062,0.0,2.0
90.0,26391.0,74.32016023012791,129.0271289303145,148.22280526288793,319.6601867675781,351.9111633300781,127.01617431640625,0.0,2.0
90.5,26571.0,74.44496105165686,129.0329415159018,148.22280526288793,318.07244873046875,353.28985595703125,127.05121612548828,0.0,2.0
91.0,26628.0,74.65201475059584,129.33386994516428,148.05404418657398,318.02130126953125,353.038330078125,127.30744934082031,0.0,2.0
91.5,26865.0,74.71621513416014,129.46428055773663,148.8388390172404,318.4513244628906,353.1473388671875,127.61831665039062,0.0,2.0
92.0,26754.0,74.76733780193395,130.0,148.8388390172404,318.7232360839844,352.5018615722656,127.90276336669922,0.0,2.0
92.5,27199.0,75.10995741035401,129.6919426949878,148.8388390172404,319.8509521484375,351.1517333984375,128.20794677734375,0.0,2.0
93.0,26956.0,75.26163458281826,129.83547280007625,148.8388390172404,318.62652587890625,352.0760498046875,128.3392333984375,0.0,2.0
93.5,27127.0,75.33797966119519,130.0926591782958,149.4590244849738,319.9315185546875,351.5102844238281,128.55374145507812,0.0,1.0
94.0,27380.0,75.52283634005677,130.48429021810782,150.47923444781344,319.9315185546875,351.5102844238281,128.55374145507812,0.0,2.0
94.5,27905.0,75.57119717892031,130.36027001217113,150.2431362824938,320.2757263183594,351.6715087890625,128.8745574951172,0.0,2.0
95.0,27721.0,75.76373050307579,130.60245020672468,150.56227947264878,318.6947021484375,352.8805236816406,129.0594024658203,0.0,3.0
95.5,27669.0,75.73676378746701,130.745554202963,150.56227947264878,319.17431640625,352.5137634277344,129.00010681152344,0.0,2.0
96.0,28046.0,75.77789663431302,130.8166656049603,151.5585695366646,319.8345947265625,351.90228271484375,129.67938232421875,0.0,2.0
96.5,27871.0,75.95974822742919,131.03053073783556,151.02979838429235,317.03631591796875,354.36505126953125,129.82933044433594,0.0,2.0
97.0,27777.0,76.08796120712866,131.57811354110407,151.5585695366646,320.5,352.0,129.58502197265625,0.0,1.0
97.5,28092.0,76.16770648125765,131.6685223262825,151.5585695366646,319.37835693359375,352.2516784667969,129.7345733642578,0.0,1.0
98.0,28181.0,76.32430697304062,131.55227098001768,151.64761785138597,321.0,351.5,129.9626007080078,0.0,1.0
98.5,27940.0,76.40514891804075,132.00814366495518,152.6106156202772,319.1953125,353.5982360839844,130.26666259765625,0.0,1.0
99.0,28154.0,76.50546521244485,132.08368514939522,152.00328943809077,321.5,352.0,130.6532745361328,0.0,1.0
99.5,28279.0,76.5463540791456,132.1854757528224,152.6106156202772,320.6693115234375,352.69537353515625,130.79490661621094,0.0,1.0
100.0,28134.0,76.74916703577188,132.74034804836094,152.6106156202772,319.2342529296875,354.14801025390625,130.7579803466797,0.0,1.0
100.5,28353.0,76.81916875045522,132.49150883944154,152.6106156202772,322.4311218261719,350.8509216308594,130.79998779296875,0.0,3.0
101.0,28403.0,77.03004056078623,133.3604139165742,153.40469353966978,322.36260986328125,351.70233154296875,130.96139526367188,0.0,2.0
101.5,28481.0,77.20751388463415,133.3604139165742,153.40469353966978,322.27349853515625,352.1043395996094,131.78097534179688,0.0,2.0
102.0,28674.0,77.38904909133876,132.9661611087573,153.22206107476822,323.3215026855469,351.049072265625,132.09068298339844,0.0,3.0
102.5,28442.0,77.31920345831485,133.80881880275024,154.01298646542764,324.3215026855469,351.049072265625,132.09068298339844,0.0,2.0
103.0,28725.0,77.55076006033191,133.4053971921676,153.22206107476822,322.5504150390625,351.02423095703125,132.53155517578125,0.0,3.0
103.5,28724.0,77.75435324573306,133.64505228402584,153.22206107476822,321.8233947753906,351.4765625,132.5529327392578,0.0,2.0
104.0,28934.0,78.04861303096578,133.843191832831,154.01298646542764,315.91632080078125,355.1244812011719,132.95350646972656,0.0,2.0
104.5,29051.0,78.10740259816339,133.71050786159077,154.01298646542764,319.7372131347656,353.48468017578125,132.8838653564453,0.0,2.0
105.0,29084.0,78.35057820854026,134.27043600170072,154.01298646542764,319.3915710449219,354.2611999511719,133.0150909423828,0.0,3.0
105.5,29076.0,78.4693725889937,135.01851709621639,154.7384890710776,320.1351318359375,353.770263671875,133.3290557861328,0.0,2.0
106.0,29449.0,78.62084372790558,134.72490478841968,154.80633061990713,319.96136474609375,353.4226379394531,133.71298217773438,0.0,3.0
106.5,29413.0,78.73920578222041,135.09256086106296,155.24174696260025,320.08428955078125,353.34527587890625,133.70391845703125,0.0,1.0
107.0,29654.0,78.82130671318862,135.5949851580065,155.4155719353759,319.3300476074219,354.4474792480469,133.846435546875,0.0,1.0
107.5,30079.0,79.3460515659101,136.09518691571012,177.55280904564702,332.5,351.0,142.00802612304688,0.0,2.0
108.0,30191.0,79.75521401219588,136.40014662748717,187.66459442313567,342.0,347.0,148.66079711914062,0.0,3.0
108.5,30253.0,79.94201481158967,136.5628060519509,187.66459442313567,338.0,351.0,149.03701782226562,0.0,4.0
109.0,30174.0,79.86252529537687,136.617531806693,187.94946129212502,335.0613098144531,357.9209899902344,146.81976318359375,0.0,4.0
109.5,30388.0,80.09024241794533,136.94999082829432,188.35339126227592,335.74456787109375,356.68206787109375,147.21481323242188,0.0,3.0
110.0,30278.0,80.1905784773971,137.05838172107534,187.88294228055935,337.0,355.0,146.60501098632812,0.0,5.0
110.5,30256.0,80.30001740563027,137.3062270984095,187.41664813991312,336.467529296875,355.22625732421875,146.31155395507812,0.0,4.0
111.0,30315.0,80.4379230354427,137.44089638822936,187.41664813991312,335.71099853515625,356.7237854003906,146.6062774658203,0.0,4.0
111.5,30595.0,80.86330110799496,137.88002021738544,186.9545399288287,335.0,356.5,146.7013397216797,0.0,5.0
112.0,30628.0,80.98205776998147,138.10141201305655,187.0721785835617,336.0,356.0,146.40023803710938,0.0,5.0
112.5,30844.0,80.9927312406941,138.23476407305037,187.0,336.1349792480469,355.49298095703125,146.20416259765625,0.0,4.0
113.0,31065.0,81.06401063911423,138.19551367537227,186.59314028120113,335.6488037109375,354.96429443359375,146.70249938964844,0.0,4.0
113.5,31032.0,81.34933388174638,138.43771162512041,186.59314028120113,336.0,354.5,146.7013397216797,0.0,4.0
114.0,31470.0,81.61694900091112,138.45215780189199,186.59314028120113,337.58331298828125,349.4248352050781,148.58453369140625,0.0,4.0
114.5,31533.0,81.9107194500838,138.28448918732232,187.0,337.0,349.5,149.14852905273438,0.0,6.0
115.0,31566.0,82.06061843045822,138.75518008348374,187.0,337.0,349.5,149.14852905273438,0.0,7.0
115.5,31747.0,82.37922289851268,138.94711144789784,186.59314028120113,337.87744140625,347.3193054199219,149.69313049316406,0.0,8.0
116.0,31876.0,82.42116617702482,139.05754204644924,186.11824198610947,339.0,345.0,149.68310546875,0.0,8.0
116.5,31617.0,82.46508050325674,139.51702405083043,186.59314028120113,337.0,349.5,148.99087524414062,0.0,7.0
117.0,31737.0,82.71426010122671,139.51702405083043,186.59314028120113,337.0,349.5,148.99087524414062,0.0,6.0
117.5,31962.0,82.68741394662634,139.48763382548955,187.0721785835617,336.0,350.0,150.0834197998047,0.0,8.0
118.0,32242.0,82.78690584054681,139.35924798878617,186.6815470259447,335.5,350.5,150.00843811035156,0.0,7.0
118.5,32190.0,82.91746269809178,139.65976458721065,186.6815470259447,336.1268615722656,351.45849609375,148.918212890625,0.0,8.0
119.0,32386.0,83.04283459377365,140.00357138301865,186.6815470259447,335.03857421875,352.7956848144531,148.93502807617188,0.0,8.0
119.5,32499.0,83.25718846995566,140.46031467592394,186.6815470259447,335.5,352.0,149.0680389404297,0.0,7.0
120.0,32233.0,83.39989261294723,140.7757065833969,186.30083198955393,334.1031494140625,354.3205871582031,148.55978393554688,0.0,8.0
120.5,32527.0,83.81608201155436,140.97056316942533,185.930094390338,335.34429931640625,350.48931884765625,149.8675079345703,0.0,10.0
121.0,32694.0,83.83081451912396,140.98226838861686,185.5693940282179,335.21148681640625,350.83587646484375,149.62864685058594,0.0,10.0
121.5,32990.0,83.7889437528031,140.8900280360537,185.06485349736184,335.0,349.0,150.33306884765625,0.0,9.0
122.0,32848.0,84.1022507533979,141.41764378748616,185.06485349736184,335.5,348.0,150.6096954345703,0.0,9.0
122.5,32879.0,84.14022022906211,141.65097952361643,185.06485349736184,335.0,348.0,150.9868621826172,0.0,10.0
123.0,33120.0,84.25579768376593,141.59802258506295,184.20097719610501,334.5,348.0,150.6096954345703,0.0,10.0
123.5,33025.0,84.27228457468476,142.12670403551894,184.20097719610501,334.0,347.5,151.31517028808594,0.0,10.0
124.0,33075.0,84.48147791025114,142.12670403551894,183.69812192834198,334.0,346.5,151.31517028808594,0.0,10.0
124.5,33073.0,84.57732325770431,142.27859984314142,184.06792224611002,334.10357666015625,346.9607238769531,151.0393524169922,0.0,9.0
125.0,33274.0,84.70473361972475,142.61135999632006,184.56435192094924,334.32550048828125,348.2038269042969,150.71278381347656,0.0,10.0
125.5,33492.0,84.89006036545382,142.63590010933433,184.93782739072068,334.1632995605469,348.0538330078125,151.05209350585938,0.0,10.0
126.0,33502.0,84.73780462502478,142.70546588954338,184.93782739072068,331.49383544921875,351.71527099609375,150.81707763671875,0.0,9.0
126.5,33516.0,84.77889072497354,143.0314650697531,184.93782739072068,334.6086120605469,347.53619384765625,151.04437255859375,0.0,9.0
127.0,33627.0,84.96187409430384,142.9916075707124,184.06792224611002,329.47406005859375,352.3423156738281,151.23464965820312,0.0,8.0
127.5,33852.0,85.01732574942581,143.10835055998655,184.44782460088814,329.2642822265625,353.2856140136719,151.0173797607422,0.0,8.0
128.0,33952.0,85.34915335725739,143.34346853937276,183.96195258802837,329.00030517578125,353.13299560546875,150.72174072265625,0.0,8.0
128.5,34043.0,85.6749792090554,143.8339317768388,184.35834670553976,329.74273681640625,351.85528564453125,151.09408569335938,0.0,8.0
129.0,34255.0,85.88788083795659,143.8923208513922,184.76471524617463,329.47540283203125,352.34307861328125,151.2361602783203,0.0,9.0
129.5,34326.0,86.16704696931151,144.5060552364502,184.35834670553976,328.3397216796875,354.07421875,150.9189453125,0.0,9.0
130.0,34676.0,86.12919888821341,144.6478477428227,183.88311504866346,328.07745361328125,353.9413757324219,150.62930297851562,0.0,8.0
130.5,34439.0,86.36323074539771,144.9413674559475,183.83144453547658,327.690673828125,354.7102355957031,150.1919708251953,0.0,7.0
131.0,34428.0,86.54400663127832,145.03775362182816,184.29595763336752,328.18316650390625,355.1122741699219,150.12184143066406,0.0,8.0
131.5,34681.0,86.4159744285888,144.9206679531943,184.76471524617463,327.5572509765625,356.29736328125,150.53428649902344,0.0,7.0
132.0,34570.0,86.38018162568167,144.9263605197017,184.76471524617463,326.645263671875,358.1774597167969,150.24452209472656,0.0,8.0
132.5,34772.0,86.61819206308904,145.16697281773097,184.76471524617463,326.0866394042969,358.95635986328125,150.2843017578125,0.0,7.0
133.0,35039.0,86.79594727878391,145.67086187704115,184.35834670553976,327.564453125,355.642333984375,150.6453094482422,0.0,8.0
133.5,35102.0,87.06249547030416,145.7737973711325,184.35834670553976,325.9759826660156,358.4842529296875,150.35260009765625,0.0,8.0
134.0,35237.0,87.27411307517953,146.01369798755184,183.88311504866346,327.3084411621094,355.5087585449219,150.36085510253906,0.0,9.0
134.5,35260.0,87.49842152066412,145.91093173576817,183.48024416813925,327.5393981933594,352.942138671875,151.4197540283203,0.0,7.0
135.0,35414.0,87.44708986455777,145.96232390586277,183.0027322200409,326.4042663574219,356.0489501953125,149.97537231445312,0.0,7.0
135.5,35391.0,87.52755917010342,146.37281168304446,183.0027322200409,326.4042663574219,356.0489501953125,149.97537231445312,0.0,8.0
136.0,35477.0,87.71205689452246,146.4923206178399,182.52944967867515,326.0008239746094,355.33221435546875,150.14810180664062,0.0,7.0
136.5,35646.0,87.80300542977805,146.50938536489735,182.4828759089466,325.21673583984375,354.8473815917969,150.78402709960938,0.0,7.0
137.0,35664.0,88.02694771509431,146.81280598094978,182.4828759089466,325.3212585449219,354.825439453125,150.70892333984375,0.0,7.0
137.5,35891.0,88.05203817061089,147.08160996006123,183.35757415498276,325.26788330078125,355.28338623046875,151.09835815429688,0.0,5.0
138.0,36096.0,88.11893313453847,146.98639392814562,182.0164827701052,323.97216796875,356.0883483886719,150.3935546875,0.0,5.0
138.5,36060.0,88.40375356292982,147.12239802287073,182.4719156473127,324.1658630371094,355.70709228515625,150.75819396972656,0.0,5.0
139.0,36098.0,88.3906430889162,147.4720312466062,182.0164827701052,323.0303955078125,356.66009521484375,150.89845275878906,0.0,4.0
139.5,36133.0,88.72691103224705,147.73286702694156,182.4719156473127,323.3649597167969,356.4890441894531,151.0404510498047,0.0,5.0
140.0,36286.0,88.66833118630325,147.73286702694156,182.0164827701052,323.0303955078125,356.66009521484375,150.89845275878906,0.0,6.0
140.5,36690.0,88.87100671133321,147.87156589419075,181.5736765062601,322.3890075683594,356.70709228515625,150.90805053710938,0.0,4.0
141.0,36385.0,89.05589185875225,147.9878372825323,180.67650649710936,320.8645324707031,357.9228210449219,150.74151611328125,0.0,4.0
141.5,36790.0,89.20999125666626,148.28789532089033,181.12150617748296,321.1518859863281,357.9610595703125,150.9821014404297,0.0,4.0
142.0,36622.0,89.5471859877208,148.4082207965583,180.23595645708434,319.0803527832031,358.62054443359375,151.4435272216797,0.0,4.0
142.5,36760.0,89.51987686426227,148.40502012890542,180.70141117323905,319.46356201171875,358.91412353515625,151.3521270751953,0.0,4.0
143.0,36631.0,89.51091334594777,148.34587937990813,179.79988876526036,317.42926025390625,359.61639404296875,151.92288208007812,0.0,3.0
143.5,37050.0,89.68742452745515,148.60013458944107,179.79988876526036,317.1968688964844,359.86737060546875,152.00796508789062,0.0,2.0
144.0,36795.0,89.8301698962995,148.84287004114537,179.84715733088473,317.0553283691406,360.3941650390625,151.83892822265625,0.0,3.0
144.5,36985.0,89.52312420395018,148.94629904767692,179.9222054111165,316.91046142578125,360.54559326171875,151.88978576660156,0.0,4.0
145.0,36974.0,89.94508415443921,149.20120642943877,179.51323071016242,316.29638671875,360.8855895996094,151.85202026367188,0.0,6.0
145.5,37238.0,89.78471389677884,148.94680257918682,180.02499826412998,316.80731201171875,360.6804504394531,151.9490509033203,0.0,3.0
146.0,36914.0,89.96582328248279,149.38473763037385,180.02499826412998,316.7594909667969,360.88330078125,151.9051971435547,0.0,2.0
146.5,37278.0,90.1518689703278,149.40548852033515,179.2344832893492,315.62017822265625,361.150390625,151.98387145996094,0.0,2.0
147.0,37317.0,90.32921739608481,149.7230777134908,179.62739212046696,315.546875,361.768310546875,152.2089080810547,0.0,2.0
147.5,37185.0,90.47290663393113,149.99333259242778,179.62739212046696,315.4793701171875,361.67987060546875,152.30702209472656,0.0,1.0
148.0,37455.0,90.40475274433638,149.8966310495336,178.31432920547917,314.1112365722656,361.91680908203125,152.1329803466797,0.0,3.0
148.5,37444.0,90.57971056615301,150.04416004830517,177.92414113885727,312.9908447265625,362.57159423828125,152.49334716796875,0.0,2.0
149.0,37786.0,90.81472896609903,150.15159004047644,177.53872816937718,313.1695251464844,362.37396240234375,152.01275634765625,0.0,2.0
149.5,37899.0,91.00752432212718,150.4725888658795,184.76471524617463,320.0,364.5,157.96292114257812,0.0,4.0
150.0,37347.0,91.3467098677706,150.7597424455566,185.39956850003725,316.96746826171875,366.8061218261719,158.29190063476562,0.0,4.0
150.5,37835.0,91.14104803157582,150.8011936292283,184.50474248647376,321.5,363.5,157.39927673339844,0.0,5.0
151.0,37977.0,91.27214348496354,150.41808396628858,184.50474248647376,315.92352294921875,366.545166015625,158.04666137695312,0.0,5.0
151.5,38007.0,91.33189538806383,150.7786454271988,185.15128949051368,321.0,363.5,158.22857666015625,0.0,4.0
152.0,38123.0,91.33786035213751,150.8409758653132,185.80096878111266,318.5514221191406,365.4844055175781,158.5470428466797,0.0,3.0
152.5,37836.0,91.56172455757084,150.98675438593943,186.07794065928394,322.0,363.0,158.37307739257812,0.0,4.0
153.0,38543.0,91.70437216268677,150.74813431681335,186.03494295427404,321.0,362.0,159.50559997558594,0.0,3.0
153.5,38373.0,92.1329199738986,150.92978457197327,186.03494295427404,321.0148620605469,361.2942810058594,159.75582885742188,0.0,4.0
154.0,38502.0,92.10728485998851,151.16844908221194,186.00268815261785,323.5,359.5,159.5071563720703,0.0,3.0
154.5,38456.0,91.92225571751038,151.46616773164328,186.6815470259447,325.0,358.5,159.80389404296875,0.0,3.0
155.0,38493.0,91.93327616828836,151.4080575985959,188.80942773071476,325.5,359.5,160.90536499023438,0.0,2.0
155.5,38361.0,92.09433243024851,152.029602380589,187.39530410338463,326.5,358.0,159.50323486328125,0.0,2.0
156.0,38530.0,92.14396712233496,152.06166490309403,186.69761648183942,322.227783203125,361.0557556152344,159.11221313476562,0.0,2.0
156.5,38975.0,92.51715517067927,152.04571674191223,186.72439583514523,320.1255187988281,363.0005798339844,159.5471649169922,0.0,3.0
157.0,38871.0,92.35322723879267,152.3056138164316,186.72439583514523,324.5,359.5,159.7264404296875,0.0,4.0
157.5,38931.0,92.44621968581077,152.31710343000253,186.72439583514523,321.96234130859375,361.26715087890625,159.80911254882812,0.0,2.0
158.0,38922.0,92.9303748023348,152.46311029229332,187.39530410338463,322.4956970214844,361.4953918457031,159.72018432617188,0.0,3.0
158.5,39180.0,92.99916626980249,152.55179448138176,187.39530410338463,317.9251403808594,365.9299621582031,159.12384033203125,0.0,2.0
159.0,39229.0,92.58844151138643,152.64337522473747,200.94277792446286,326.6399230957031,367.848388671875,166.137939453125,0.0,5.0
159.5,39073.0,92.94661039753353,153.07514494521962,200.89798406156294,325.7771911621094,368.00146484375,166.34213256835938,0.0,5.0
160.0,39535.0,93.06867700018108,152.9614329303288,200.89798406156294,323.226318359375,369.87652587890625,166.4365234375,0.0,3.0
160.5,39406.0,93.5812550536162,153.05554547287727,201.55644370746373,327.1947937011719,367.93865966796875,165.95602416992188,0.0,4.0
161.0,39189.0,93.31756733654507,153.45683432157722,200.83824337013107,322.0859375,371.2314758300781,165.83399963378906,0.0,5.0
161.5,39291.0,93.5811760295867,153.73353570382747,201.5365971728212,329.0247497558594,366.1036682128906,166.11044311523438,0.0,4.0
162.0,39399.0,93.86982248251053,153.77158369926383,200.8233054204616,330.5,363.5,166.5008544921875,0.0,4.0
162.5,39624.0,93.8000839855074,154.19873529469479,201.52667317256046,328.177734375,366.26141357421875,166.3280792236328,0.0,4.0
163.0,39432.0,93.59636911222648,154.30489298787643,200.8233054204616,325.5169982910156,367.7112731933594,165.95506286621094,0.0,6.0
163.5,39465.0,93.84975634792549,154.35349040433132,200.14244927051334,329.6730041503906,363.12725830078125,166.30577087402344,0.0,5.0
164.0,39913.0,93.7944606103878,154.62923390295828,200.83824337013107,324.6947021484375,367.90948486328125,166.2194366455078,0.0,5.0
164.5,39918.0,93.79141169651432,154.80633061990713,200.1724256734678,328.9823303222656,363.5710144042969,166.04690551757812,0.0,4.0
165.0,40063.0,93.90631260183554,154.8709139896837,200.1724256734678,320.4775390625,371.0730285644531,165.91421508789062,0.0,5.0
165.5,40279.0,94.233072119778,155.24174696260025,200.1724256734678,326.2652893066406,365.54046630859375,166.24758911132812,0.0,4.0
166.0,40231.0,94.78197462756327,155.4155719353759,200.14244927051334,321.66278076171875,370.1511535644531,165.79458618164062,0.0,5.0
166.5,40305.0,94.68535560038555,155.46382215808282,198.72845795205075,325.4269104003906,365.3810729980469,165.76611328125,0.0,6.0
167.0,40376.0,94.45444921865543,155.65908255732813,198.70832896484234,326.4980773925781,364.79425048828125,165.55003356933594,0.0,4.0
167.5,40690.0,94.96102951925391,155.72411502397438,198.01010075246163,323.3733825683594,366.8923645019531,165.14356994628906,0.0,4.0
168.0,40860.0,95.02388246251063,155.82361823549087,197.99494943053472,319.8367004394531,369.56842041015625,165.44285583496094,0.0,3.0
168.5,40847.0,94.95779593117862,156.06408939919524,198.01010075246163,318.4472351074219,371.1545715332031,165.19793701171875,0.0,2.0
169.0,40829.0,95.3004634432001,157.00318468107582,199.40912717325654,314.4011535644531,377.0871887207031,165.117919921875,0.0,3.0
169.5,40975.0,94.96335773017046,156.16017418023074,197.3448757885545,322.4972229003906,366.62188720703125,165.053955078125,0.0,6.0
170.0,40711.0,95.45874739911008,157.4468160251575,198.07069445023916,318.2845764160156,371.0742492675781,165.26771545410156,0.0,5.0
170.5,40932.0,95.5600425018124,156.59581711182506,202.25231766286387,316.0,376.5,167.26112365722656,0.0,5.0
171.0,41291.0,95.54397700669296,157.0015923405379,203.66639388961548,318.4515686035156,375.5191650390625,167.65757751464844,0.0,8.0
171.5,41033.0,95.7137239950101,157.19478355895575,203.69094236121546,316.18572998046875,377.310302734375,167.9474639892578,0.0,7.0
172.0,41668.0,95.98840744602164,157.27889240995046,204.38444167793205,315.5,378.0,168.6543426513672,0.0,7.0
172.5,41730.0,96.23721728920421,157.2912902785753,203.69094236121546,315.74737548828125,376.74737548828125,168.6547088623047,0.0,7.0
173.0,41608.0,95.94230664674085,157.82759545819457,204.38444167793205,315.9958190917969,376.9958190917969,169.0060272216797,0.0,8.0
173.5,41628.0,96.02669892203518,157.64834283937145,204.38444167793205,316.0,376.5,169.35549926757812,0.0,8.0
174.0,41656.0,96.12990988238809,157.69908052997647,203.69094236121546,314.0,378.0,169.0355987548828,0.0,8.0
174.5,41670.0,96.2918002968593,158.02847844613325,204.38444167793205,311.5,378.0,171.53509521484375,0.0,8.0
175.0,41744.0,96.72534082383366,158.31882389257532,205.08047201037937,311.5,378.0,172.22451782226562,0.0,7.0
175.5,42164.0,96.61367287245032,158.24032355881985,204.41379601191306,312.0,377.0,171.89833068847656,0.0,7.0
176.0,42344.0,96.7369146428165,158.14550262337528,204.41379601191306,312.0,377.0,171.89833068847656,0.0,7.0
176.5,42237.0,97.18708527413104,158.41780202491813,213.03755537463343,316.5,378.5,176.2116241455078,0.0,8.0
177.0,42544.0,97.23413690702417,158.52081881800737,213.10326135467753,317.0,379.0,175.56776428222656,0.0,9.0
177.5,42768.0,97.35018859359695,158.4801248725504,203.08865059377396,314.0,374.5,170.82823181152344,0.0,10.0
178.0,42463.0,97.82633435866884,158.75767697972907,211.69081227110448,317.5,376.5,175.47802734375,0.0,9.0
178.5,42815.0,97.7156411496877,158.90248582070703,211.7663807123312,317.0,377.5,175.2321014404297,0.0,9.0
179.0,42845.0,98.00589154876697,159.42396306703708,211.7663807123312,317.5,377.5,174.86148071289062,0.0,9.0
179.5,42711.0,98.20688143174885,159.70597985047397,211.7663807123312,317.0,377.5,175.2321014404297,0.0,9.0
180.0,43035.0,98.3815108422995,159.81239000778382,211.19185590358356,319.0,374.0,175.50509643554688,0.0,9.0
180.5,43142.0,98.50663685008288,159.8311609167624,210.440015206234,317.0,376.0,174.897216796875,0.0,10.0
181.0,43604.0,98.34633405743934,159.80566322490526,210.440015206234,318.6979675292969,374.3248596191406,174.7719268798828,0.0,11.0
181.5,43762.0,98.52977377819523,159.84054554461454,209.69024774652732,317.0,374.5,175.1664581298828,0.0,10.0
182.0,43421.0,98.79130760958783,160.3652081967906,209.60916010518244,314.5,376.0,175.9383087158203,0.0,10.0
182.5,43926.0,98.65519217317623,160.58953888718904,208.94257584322062,316.0,376.0,174.15521240234375,0.0,11.0
183.0,43752.0,99.11049110959513,160.92435896878197,208.94257584322062,313.9179992675781,378.258544921875,174.2071533203125,0.0,10.0
183.5,43832.0,99.4728562213119,161.24515496597098,209.34660255184463,312.0,378.5,175.79615783691406,0.0,12.0
184.0,43988.0,99.63279994162208,161.4978324719665,208.86598574205422,314.0,376.0,175.56776428222656,0.0,13.0
184.5,44375.0,99.08706817783235,161.4465855941215,208.12496246245908,314.0,377.0,174.15521240234375,0.0,12.0
185.0,44220.0,99.29791362676654,161.6983301637593,208.12496246245908,313.0,377.0,174.897216796875,0.0,13.0
185.5,44351.0,99.46157775948906,161.68951710062623,208.06249061279644,315.0,375.5,174.38258361816406,0.0,12.0
186.0,44228.0,99.68887588022935,162.24348979405525,208.79894635749483,313.9559020996094,375.50384521484375,175.8742218017578,0.0,13.0
186.5,44093.0,99.92098815570371,162.48384535085327,211.45448682872635,315.3840026855469,377.5592956542969,176.1165313720703,0.0,15.0
187.0,44086.0,100.23523828003648,162.68988905276197,211.45448682872635,314.75286865234375,378.18524169921875,176.13018798828125,0.0,12.0
187.5,44479.0,100.11759195741892,162.74212730574712,215.07673049402624,315.0,380.0,178.3312530517578,0.0,11.0
188.0,44982.0,100.02678568438397,162.8063266528911,214.39449619801343,315.0,379.0,178.3312530517578,0.0,12.0
188.5,45095.0,100.13612747760244,162.8723422602687,214.39449619801343,315.0,379.0,178.3312530517578,0.0,11.0
189.0,45160.0,100.15750146917318,163.36768346279504,213.71476317746513,314.5,379.0,178.02328491210938,0.0,12.0
189.5,44767.0,100.6349921834377,163.6154026979123,214.45046047980406,317.0,377.5,177.93899536132812,0.0,11.0
190.0,45240.0,100.66584028746276,163.76812876747417,213.7755832643195,318.5,375.5,177.53460693359375,0.0,11.0
190.5,45177.0,101.01952700613748,163.86579875007476,213.7755832643195,315.5,376.5,179.03781127929688,0.0,12.0
191.0,45446.0,100.85895948429867,164.19957366889085,213.10326135467753,315.5,377.0,178.02328491210938,0.0,11.0
191.5,45374.0,101.35864893617702,164.5481690095101,213.10326135467753,317.0,375.0,178.28077697753906,0.0,10.0
192.0,45471.0,101.5102807689814,164.7573974060042,213.10326135467753,315.5,373.5,180.4010467529297,0.0,10.0
192.5,45471.0,101.78679519251396,165.08331229323767,213.17832910500073,317.0,374.5,178.6708984375,0.0,7.0
193.0,45922.0,101.54092308251242,165.06014054300644,213.3565091577944,317.4217834472656,375.1815490722656,178.0304718017578,0.0,9.0
193.5,46284.0,101.54944539649222,165.08088924924434,213.45959805077868,318.0,374.0,178.46578979492188,0.0,11.0
194.0,45971.0,101.95860265211617,165.46903033498444,212.8097742116184,317.5,370.0,180.8488006591797,0.0,7.0
194.5,46300.0,101.72148539084704,165.48761281768995,212.92721761202816,318.0,373.5,178.2197723388672,0.0,6.0
195.0,46317.0,102.15981956325457,165.8493292117879,213.0539837693724,318.5,373.5,177.939697265625,0.0,8.0
195.5,46622.0,102.12311691833665,165.65611971662037,212.92721761202816,318.0,369.5,180.88197326660156,0.0,7.0
196.0,46685.0,102.35578510332473,166.01204775557707,212.92721761202816,318.0,369.5,180.88197326660156,0.0,7.0
196.5,46442.0,102.59485426599554,166.00286141982332,211.64593074283286,318.0,368.5,180.2117919921875,0.0,6.0
197.0,47138.0,102.25169602850235,166.01204775557707,210.23796041628637,316.5,370.0,178.9253692626953,0.0,8.0
197.5,46905.0,102.67467942309557,166.11080638703288,210.23796041628637,317.5,368.0,179.50567626953125,0.0,6.0
198.0,47290.0,102.70848931520914,166.17821747795318,209.46837470128995,317.0,368.0,179.13414001464844,0.0,6.0
198.5,46859.0,103.09771255993518,166.53618184322914,208.96889720721597,317.5,367.0,178.83871459960938,0.0,6.0
199.0,47321.0,102.92161612190193,166.57130605239308,208.33866659840174,317.5,366.5,178.50640869140625,0.0,6.0
199.5,47793.0,103.06075866986993,166.58631380143112,207.56203891848818,317.0,366.5,178.13278198242188,0.0,7.0
200.0,47561.0,103.16627273598151,166.68833192518306,206.7873303662485,316.5,366.5,177.75978088378906,0.0,7.0
200.5,47796.0,103.23402748217605,166.82026255823962,205.38013535880242,316.0,366.0,177.05377197265625,0.0,7.0
201.0,47858.0,103.6236843316025,167.0029939851379,203.9730374338726,311.6601867675781,368.6598205566406,177.1739044189453,0.0,7.0
201.5,48046.0,103.52785841007275,167.6305461424021,203.7253052519495,309.9087829589844,370.71270751953125,177.2543487548828,0.0,6.0
202.0,47998.0,103.77818808812322,167.7700802793834,203.08865059377396,311.7259216308594,369.5025634765625,176.3794403076172,0.0,5.0
202.5,48225.0,103.77931144290434,168.00297616411441,203.7253052519495,310.3228759765625,370.31005859375,177.2753448486328,0.0,4.0
203.0,48416.0,104.15325784905959,167.91962362987834,204.45292856792244,310.01580810546875,370.7083435058594,177.92791748046875,0.0,4.0
203.5,48580.0,104.05206417816088,167.9202191317715,204.50183373260984,308.8970947265625,371.6728210449219,178.0337677001953,0.0,4.0
204.0,48301.0,104.40882304470225,168.2973558912914,204.56050449683585,309.64031982421875,370.8919677734375,178.20855712890625,0.0,5.0
204.5,48442.0,104.1531664123821,168.62932721279935,204.70710783946902,308.7781982421875,371.884765625,178.22366333007812,0.0,4.0
205.0,48054.0,104.73619930153333,168.9331227678983,204.62893246068603,307.8376770019531,372.2699890136719,178.4547119140625,0.0,5.0
205.5,48794.0,104.27296714458988,168.57639217873896,205.2997808084558,309.1063537597656,371.4834899902344,178.86766052246094,0.0,4.0
206.0,48628.0,104.51363352483395,168.5734261382855,205.2997808084558,310.6024475097656,370.7763366699219,178.4204864501953,0.0,5.0
206.5,48996.0,104.38631383661085,168.66905465541788,205.37283169883986,309.5126647949219,371.15423583984375,178.95083618164062,0.0,4.0
207.0,48684.0,104.63603902066022,168.939042207921,205.37283169883986,308.3912048339844,371.7820129394531,179.20870971679688,0.0,5.0
207.5,48712.0,104.81438287107487,168.87643395619406,206.11889772653063,308.3912048339844,372.7820129394531,179.20870971679688,0.0,5.0
208.0,48761.0,104.9886079212933,169.0562036720333,206.7849124090053,309.4837646484375,372.1721496582031,179.60874938964844,0.0,4.0
208.5,48804.0,105.06796227850548,169.19677889953664,206.7849124090053,308.5548095703125,373.0829772949219,179.532470703125,0.0,4.0
209.0,49132.0,105.14023116271315,169.36646657470303,206.71236053995418,308.53338623046875,373.04351806640625,179.49002075195312,0.0,4.0
209.5,49100.0,105.2959468948608,169.77926846349644,206.7849124090053,307.4295349121094,374.1862487792969,179.45262145996094,0.0,5.0
210.0,49247.0,105.59554342559724,169.92056967889437,206.7849124090053,306.47625732421875,374.639892578125,179.7523651123047,0.0,5.0
210.5,49501.0,105.57698002825306,170.07351351694948,207.45360927204905,307.41607666015625,374.6685485839844,179.77149963378906,0.0,5.0
211.0,49738.0,105.87016613985062,170.26640851024905,207.45360927204905,306.63934326171875,374.950927734375,180.084716796875,0.0,6.0
211.5,50011.0,105.56545594498289,170.29386365926402,207.45360927204905,307.597412109375,374.011474609375,180.13812255859375,0.0,5.0
212.0,49514.0,106.11082631948844,170.84788555905513,207.45360927204905,306.8209228515625,374.7728576660156,180.0940704345703,0.0,4.0
212.5,49910.0,106.02117895524727,170.88007490635061,208.1970220728433,306.81878662109375,375.29327392578125,180.45059204101562,0.0,4.0
213.0,49988.0,106.04336686680514,171.039615015743,207.45360927204905,306.7105407714844,374.43218994140625,180.4204559326172,0.0,5.0
213.5,50440.0,106.08009318733554,171.12933702280097,208.12496246245908,305.83819580078125,375.2391052246094,181.0919952392578,0.0,4.0
214.0,49992.0,106.5724589424152,171.49344010777787,208.79894635749483,305.9965515136719,376.0499267578125,181.07382202148438,0.0,4.0
214.5,50379.0,106.38050627096817,171.56427365019954,208.86598574205422,307.1659240722656,375.42449951171875,180.7926788330078,0.0,5.0
215.0,50516.0,106.6860941616875,171.71196813268432,209.53758612716717,307.1476135253906,375.4324645996094,181.47463989257812,0.0,6.0
215.5,50765.0,106.84477233280722,171.76320890563386,209.60916010518244,306.1843566894531,376.4148254394531,181.4626922607422,0.0,4.0
216.0,50907.0,106.64229288834392,171.8429515575195,209.60916010518244,305.194580078125,376.88916015625,181.7864227294922,0.0,6.0
216.5,51108.0,106.86865608177759,172.02107415066396,209.60916010518244,306.1878356933594,375.9251708984375,181.82107543945312,0.0,6.0
217.0,51003.0,107.12014234476192,172.18594600024707,209.60916010518244,306.724609375,375.4048767089844,181.84375,0.0,6.0
217.5,51398.0,107.15889821348169,172.24444838346932,209.60916010518244,304.18475341796875,377.37310791015625,182.12295532226562,0.0,6.0
218.0,51269.0,107.4839115746052,172.65804349026308,210.21179795625173,306.8951110839844,375.670166015625,182.1507568359375,0.0,6.0
218.5,51171.0,107.74984824624826,172.93062192682936,210.21179795625173,305.1180419921875,376.9191589355469,182.4600067138672,0.0,6.0
219.0,51538.0,107.71130895256654,172.80046296234278,209.69024774652732,308.6519775390625,373.1262512207031,182.35450744628906,0.0,6.0
219.5,51213.0,107.98964321775222,173.34935823359717,210.440015206234,308.27734375,374.00799560546875,182.68922424316406,0.0,5.0
220.0,51576.0,108.1828208512213,173.7728402253931,210.35446275275456,310.3741149902344,371.9253234863281,182.79476928710938,0.0,7.0
220.5,51769.0,108.23614663501819,173.95401691251627,211.0213259365034,310.2607421875,372.4877624511719,183.09339904785156,0.0,7.0
221.0,51738.0,108.08353763313882,174.20533830792525,211.69081227110448,308.2579040527344,374.8868408203125,183.28245544433594,0.0,8.0
221.5,52189.0,108.22077898388456,174.14074767268,211.7663807123312,308.4911804199219,374.23675537109375,183.6930694580078,0.0,7.0
222.0,51817.0,108.24264112747203,174.25555945220228,212.4335190124195,310.0362548828125,373.6865539550781,183.74676513671875,0.0,9.0
222.5,51982.0,108.59859125866258,174.46976811457787,212.4335190124195,308.0728759765625,375.0996398925781,183.99131774902344,0.0,6.0
223.0,51941.0,108.9284028825052,174.77127910500627,212.3628969476542,309.4015197753906,374.24224853515625,183.66575622558594,0.0,4.0
223.5,52301.0,108.65036605142288,175.0,213.10326135467753,311.1546325683594,373.0621643066406,184.13949584960938,0.0,5.0
224.0,52549.0,109.12473412785262,175.07141400011596,213.10326135467753,311.1546325683594,373.0621643066406,184.13949584960938,0.0,7.0
224.5,52590.0,109.35193955315353,175.365618043994,213.84573879317773,311.9954528808594,372.7760925292969,184.5640106201172,0.0,6.0
225.0,52531.0,109.48172935479306,175.32255977901696,213.84573879317773,308.46746826171875,375.7004699707031,184.69293212890625,0.0,6.0
225.5,52697.0,109.56992344081621,175.55910685578235,213.84573879317773,304.4180908203125,378.60064697265625,185.3115692138672,0.0,7.0
226.0,52504.0,109.47500110917312,175.69163324047602,213.84573879317773,309.8250427246094,374.872802734375,184.40684509277344,0.0,7.0
226.5,52645.0,110.03375345920496,175.8533479589125,213.84573879317773,309.0295715332031,375.6412048339844,184.36155700683594,0.0,6.0
227.0,52758.0,109.78012774417677,176.13914953808538,214.51573368869705,309.2644958496094,375.396728515625,185.05455017089844,0.0,6.0
227.5,53024.0,109.7335524832095,176.07100840286,214.59030733003763,311.72430419921875,373.5660705566406,184.89987182617188,0.0,6.0
228.0,52919.0,110.24552328743272,176.13914953808538,214.59030733003763,311.72430419921875,373.5660705566406,184.89987182617188,0.0,7.0
228.5,53260.0,110.02519100541768,176.18456232031227,214.59030733003763,314.5826110839844,371.27679443359375,184.8155517578125,0.0,6.0
229.0,53322.0,110.3520482507879,176.50212463310464,215.72436116489024,312.01885986328125,373.98114013671875,185.3979949951172,0.0,6.0
229.5,53589.0,110.25760304827298,176.760288875805,215.00232556881798,313.2398986816406,372.2362060546875,185.12013244628906,0.0,6.0
230.0,53435.0,110.60344848170247,176.91240770505613,215.00232556881798,312.60260009765625,372.8759460449219,185.07919311523438,0.0,7.0
230.5,53768.0,110.81778779876035,176.86223439316512,215.6965461012299,312.7934265136719,373.166015625,185.41578674316406,0.0,5.0
231.0,54061.0,110.80778856719374,176.7766952966369,215.6965461012299,312.88323974609375,372.5491638183594,185.8072052001953,0.0,5.0
231.5,53752.0,111.21605729928119,177.12806096790737,216.4162655624572,313.6631164550781,372.8133544921875,185.82127380371094,0.0,6.0
232.0,54059.0,111.46806952173111,177.2004514666935,216.4162655624572,313.20635986328125,372.79364013671875,186.14419555664062,0.0,7.0
232.5,54061.0,111.63419322453454,177.29072169744248,216.39316070523117,310.7742004394531,374.2257995605469,186.71751403808594,0.0,6.0
233.0,54137.0,111.37296531166896,177.53027910753704,217.11057090800531,309.7244567871094,375.28851318359375,187.40049743652344,0.0,7.0
233.5,54220.0,111.83810522895958,177.51901306620653,217.0921463342237,309.7195129394531,375.280517578125,187.39137268066406,0.0,7.0
234.0,54343.0,111.69132144538915,177.54379740544232,217.13820483738002,308.931640625,375.5950622558594,187.7559814453125,0.0,7.0
234.5,54843.0,111.83812560620845,177.53788326319312,217.17504460687928,310.9967041015625,374.578125,187.1219940185547,0.0,6.0
235.0,54639.0,111.7937487424658,177.68511473953018,217.86234185833953,314.0074157714844,372.6364440917969,187.2041473388672,0.0,7.0
235.5,54849.0,112.17452077114642,177.72169254201918,217.90364843205356,310.6233215332031,374.4840393066406,188.1795196533203,0.0,6.0
236.0,54780.0,112.19020796626657,178.00014044833,217.90364843205356,310.6233215332031,374.4840393066406,188.1795196533203,0.0,6.0
236.5,55059.0,112.46619663214499,178.08424972467387,217.95412361320444,316.71954345703125,370.40643310546875,187.31394958496094,0.0,6.0
237.0,55290.0,112.23284742672902,178.2806775845324,218.6343980255623,315.9862060546875,371.2149963378906,187.81631469726562,0.0,6.0
237.5,55223.0,112.68838071747827,178.35358140502814,218.6343980255623,313.5525207519531,372.6416320800781,188.33323669433594,0.0,6.0
238.0,55581.0,112.5322436054486,178.39282496782207,218.6343980255623,313.2574768066406,372.4503479003906,188.6717987060547,0.0,6.0
238.5,55341.0,112.88661332197987,178.70926109186397,218.6343980255623,316.2040710449219,370.535400390625,188.19235229492188,0.0,6.0
239.0,55740.0,113.04390854050948,178.832882865706,219.31712199461307,314.14361572265625,372.3238830566406,188.84193420410156,0.0,6.0
239.5,55848.0,113.06918861674798,178.8453242280095,219.31712199461307,315.6881103515625,371.6188049316406,188.35678100585938,0.0,5.0
240.0,55745.0,113.44977721248436,178.91003325344928,219.93862780330335,313.8422546386719,373.19390869140625,188.92218017578125,0.0,4.0
240.5,55893.0,113.57174335966617,179.13681921927719,220.68982758613956,314.64215087890625,373.01025390625,189.32635498046875,0.0,5.0
241.0,56118.0,113.66159401523153,179.17868176767013,220.7306050369998,314.9126892089844,372.7225341796875,189.4459228515625,0.0,6.0
241.5,56515.0,113.4159058558745,179.20100446147057,221.46105752479374,313.4917907714844,373.9783935546875,190.1959686279297,0.0,6.0
242.0,56114.0,113.89001469425389,179.6886195617296,221.41589825484527,314.7513427734375,373.3870544433594,189.71817016601562,0.0,5.0
242.5,56452.0,113.83029859535787,179.8299195611976,222.10357943986403,315.3885498046875,373.22930908203125,190.07740783691406,0.0,5.0
243.0,56518.0,113.9103310840629,179.8054504179448,222.10357943986403,314.1877746582031,373.9266357421875,190.36196899414062,0.0,5.0
243.5,56491.0,114.03734380084335,180.06943105369106,222.10357943986403,317.20001220703125,372.0,189.80010986328125,0.0,4.0
244.0,56436.0,114.40944369028021,180.35035337911813,222.14409737825582,317.49664306640625,371.7025146484375,189.93386840820312,0.0,3.0
244.5,56767.0,114.28740685950103,180.60177186284747,222.82953125651906,318.7657165527344,371.16143798828125,190.17079162597656,0.0,4.0
245.0,56943.0,114.28743831477159,180.61173823692485,222.82953125651906,316.98980712890625,372.1864013671875,190.55160522460938,0.0,4.0
245.5,56815.0,114.61997650414553,180.80431403676417,222.82953125651906,316.44989013671875,372.498046875,190.671630859375,0.0,4.0
246.0,56677.0,114.88911249838591,181.02486017119307,223.48601745970598,318.1761474609375,371.8288269042969,190.6034393310547,0.0,6.0
246.5,57199.0,114.67938224366442,180.89278591820525,223.51733713517615,318.344482421875,371.5906982421875,190.76968383789062,0.0,5.0
247.0,57378.0,114.65957895288373,181.04419349981927,224.1807306616695,318.8320617675781,371.4326171875,191.12814331054688,0.0,5.0
247.5,57440.0,114.80610647699484,181.24720675438502,224.1807306616695,318.256591796875,371.5711364746094,191.4047393798828,0.0,5.0
248.0,57484.0,114.96983850148747,181.39969679972268,224.89997776789573,318.85687255859375,371.44989013671875,191.8511505126953,0.0,5.0
248.5,57604.0,115.21161152445777,181.4585348243057,224.93110056192762,311.9056701660156,375.4486389160156,193.6123809814453,0.0,6.0
249.0,57599.0,115.09622847294081,181.79658962697843,225.6213642366343,320.0748291015625,370.73797607421875,192.35107421875,0.0,5.0
249.5,57392.0,115.05008285841114,181.66177363441105,225.6213642366343,320.1595153808594,370.63775634765625,192.37234497070312,0.0,4.0
250.0,57677.0,115.23591034143976,181.8048404196104,226.34486961272174,320.89898681640625,370.3630065917969,192.86729431152344,0.0,3.0
250.5,57763.0,115.41758416862284,182.00274723201295,225.656819085974,321.061279296875,369.66986083984375,192.6545867919922,0.0,3.0
251.0,58136.0,115.43882813782969,182.1071110899934,225.7011298155151,319.6605529785156,370.792724609375,192.8161163330078,0.0,4.0
251.5,57344.0,115.86224171767016,182.4828759089466,226.49061790723252,320.45428466796875,370.64794921875,193.3368682861328,0.0,4.0
252.0,57923.0,115.6940961268812,182.46287291917048,225.88713996153035,320.99462890625,369.8228454589844,193.1844024658203,0.0,5.0
252.5,58146.0,115.96520001220168,182.48561587149823,225.88713996153035,321.4669189453125,369.3504943847656,193.2666473388672,0.0,5.0
253.0,58419.0,115.93118039072577,182.7840255602223,226.55683613610074,321.7071228027344,369.5716247558594,193.55938720703125,0.0,5.0
253.5,58021.0,116.33430484965568,182.98907071188705,225.88713996153035,321.7001037597656,369.008056640625,193.39453125,0.0,5.0
254.0,58525.0,116.43134063918359,182.7840255602223,226.55683613610074,321.9548034667969,368.67840576171875,194.11158752441406,0.0,5.0
254.5,58454.0,116.30755480314932,183.14202139323461,226.49061790723252,321.88787841796875,368.6168518066406,194.02984619140625,0.0,4.0
255.0,58758.0,116.19700918506187,183.33153027088647,226.49061790723252,321.42962646484375,369.0897216796875,193.94329833984375,0.0,4.0
255.5,58587.0,116.67148873273162,183.6627343801676,227.16733920174352,321.8594055175781,368.8703918457031,194.46978759765625,0.0,4.0
256.0,58896.0,116.6194450932411,183.9816566905929,227.8464395157405,322.8594055175781,368.8703918457031,194.46978759765625,0.0,4.0
256.5,59456.0,116.79986381350847,183.92661580097646,227.90348834539589,322.0968017578125,369.3961181640625,194.69351196289062,0.0,4.0
257.0,58905.0,116.94051641130726,184.23083346714796,227.90348834539589,322.1119689941406,369.5894775390625,194.53271484375,0.0,3.0
257.5,59434.0,116.98005820351439,184.20097719610501,228.58040160958683,321.74432373046875,370.1591491699219,194.9413299560547,0.0,4.0
258.0,59380.0,117.2537739264953,184.25254408012933,228.64164100180878,321.9454650878906,370.1376647949219,194.99009704589844,0.0,4.0
258.5,59155.0,117.6364959293563,184.25254408012933,229.31637534201522,322.4454345703125,370.1388854980469,195.29995727539062,0.0,4.0
259.0,59679.0,117.39767777608513,184.20097719610501,228.64164100180878,322.2502136230469,369.573974609375,195.24368286132812,0.0,4.0
259.5,59746.0,117.55707302271598,184.36105879496353,228.64164100180878,322.19781494140625,369.64990234375,195.21649169921875,0.0,4.0
260.0,59657.0,117.7489812786794,184.61040057374882,229.38177782901587,321.82452392578125,370.3116149902344,195.7132568359375,0.0,4.0
260.5,59842.0,117.80592076732422,184.6212338816963,229.38177782901587,321.4189758300781,370.3409423828125,195.94158935546875,0.0,4.0
261.0,60002.0,117.83668094058197,184.54809671194118,229.38177782901587,321.0960388183594,370.5205383300781,196.0014190673828,0.0,4.0
261.5,60159.0,118.00383805383628,184.5697700058165,229.4558781116753,321.8222961425781,370.21600341796875,195.96121215820312,0.0,4.0
262.0,59995.0,118.32861227698636,184.87833837418594,230.1238796822268,321.39288330078125,370.8101501464844,196.374267578125,0.0,3.0
262.5,60578.0,118.2873154813876,184.91484501464453,230.20208513391012,317.78631591796875,372.8925476074219,197.1572723388672,0.0,3.0
263.0,60283.0,118.85550116566152,185.18099254513137,230.20208513391012,322.20355224609375,362.50244140625,202.6885986328125,0.0,3.0
263.5,60584.0,118.69476493063671,185.36437077966326,230.8679276123039,318.013427734375,373.1337585449219,197.4582977294922,0.0,3.0
264.0,60386.0,118.90335389551342,185.52493092453216,230.8679276123039,318.6965637207031,372.2068786621094,197.74658203125,0.0,4.0
264.5,60764.0,119.1694912680619,185.60711193270586,230.9502110845539,322.28912353515625,363.1913146972656,202.8892364501953,0.0,3.0
265.0,60594.0,119.62045438199733,185.930094390338,230.9502110845539,322.1046142578125,362.5138854980469,203.54505920410156,0.0,4.0
265.5,60765.0,119.45758145976356,185.9704277566732,231.3547060251855,322.4323425292969,363.4920654296875,202.78355407714844,0.0,5.0
266.0,61308.0,119.57778751448146,186.27130750601393,231.79516819813134,322.4979553222656,363.3885192871094,203.64166259765625,0.0,5.0
266.5,61376.0,119.82625652948097,186.59314028120113,232.14219780126146,320.8825988769531,363.85882568359375,204.20541381835938,0.0,4.0
267.0,61664.0,119.70069479192401,186.5593738876342,232.08619088605855,321.1445007324219,363.5745544433594,204.50946044921875,0.0,4.0
267.5,61839.0,119.70720575685561,186.93849255838134,232.55106965997814,320.7940673828125,364.91644287109375,204.21075439453125,0.0,3.0
268.0,61924.0,119.90592785476962,186.95333640187317,232.4521456128121,320.28863525390625,364.5727233886719,204.57281494140625,0.0,5.0
268.5,62106.0,119.86043289951466,187.0106948813356,232.72515979154468,318.97003173828125,365.9045104980469,204.29531860351562,0.0,3.0
269.0,62308.0,120.00380072778124,187.3018953454556,233.11156127485398,319.8173522949219,365.48004150390625,204.72607421875,0.0,2.0
269.5,62382.0,120.30970014813977,187.49119979258276,233.45235059857504,318.18450927734375,365.929443359375,205.35565185546875,0.0,2.0
270.0,62290.0,120.52993397088261,187.77553084522586,233.45235059857504,318.2655944824219,365.9056396484375,205.3253173828125,0.0,2.0
270.5,62498.0,120.54125768807157,188.09040379562165,234.1815535006974,319.8940734863281,366.6932678222656,204.50967407226562,0.0,2.0
271.0,62395.0,121.06530776134535,188.32153355365392,234.1815535006974,319.81890869140625,366.7204284667969,204.53323364257812,0.0,2.0
271.5,62463.0,121.25811410213639,188.2153022471871,234.23279018958897,319.73193359375,366.2422790527344,204.9674072265625,0.0,2.0
272.0,62645.0,121.31732300463582,188.30719581441315,234.91274976041638,319.87200927734375,364.60888671875,206.6909637451172,0.0,3.0
272.5,63165.0,121.47177060099716,188.08987213263063,234.29255216502295,319.3719177246094,365.43536376953125,205.89328002929688,0.0,3.0
273.0,63394.0,121.27537064365772,188.21981828059006,234.96808293893875,319.19329833984375,366.45166015625,205.83230590820312,0.0,3.0
273.5,63019.0,121.65126287046407,188.66451705159366,234.96808293893875,320.4418640136719,365.1395263671875,206.08233642578125,0.0,3.0
274.0,63076.0,121.93768940737044,188.79883474216678,235.03191272676142,320.3026428222656,363.7257385253906,207.4568634033203,0.0,3.0
274.5,63529.0,121.98253279632097,188.86132478175048,235.64592082189753,320.94488525390625,363.58966064453125,207.6080780029297,0.0,4.0
275.0,63832.0,121.82568567556474,189.25115587493778,236.3810483097154,322.2090148925781,363.27606201171875,207.8702392578125,0.0,3.0
275.5,63988.0,122.37483663468417,189.4887859478761,236.32604596192948,320.28765869140625,363.8274841308594,208.44801330566406,0.0,3.0
276.0,64191.0,122.1392254359791,189.74720024284943,236.32604596192948,320.04522705078125,363.4408874511719,208.90155029296875,0.0,3.0
276.5,64228.0,122.44375647060153,190.19200824430033,237.00843866833097,321.21044921875,363.6233215332031,208.65594482421875,0.0,2.0
277.0,64471.0,122.6296862959687,190.24457942343588,237.00843866833097,321.13311767578125,363.6714172363281,208.6663818359375,0.0,2.0
277.5,64219.0,123.0837820369352,190.62528688503002,237.6930794112441,322.1350402832031,363.9510192871094,208.446533203125,0.0,2.0
278.0,64632.0,122.6309524495286,190.68678506466654,237.65521244020718,321.892333984375,363.7539978027344,208.59774780273438,0.0,1.0
278.5,65178.0,123.00750163292084,190.874697116001,237.65521244020718,321.88739013671875,364.01544189453125,208.39767456054688,0.0,2.0
279.0,65153.0,123.16829412594893,190.96701285393436,237.65521244020718,322.0499267578125,363.9128112792969,208.3752899169922,0.0,3.0
279.5,65045.0,123.27059020449143,191.10729970359583,237.65521244020718,322.4656982421875,364.9974670410156,207.27053833007812,0.0,2.0
280.0,65587.0,123.4437720472997,191.43719583306392,238.37994882120435,322.2043762207031,365.092041015625,208.13870239257812,0.0,2.0
280.5,65589.0,123.50347767506035,191.60532351259366,238.37994882120435,321.9742431640625,365.2384338378906,208.16961669921875,0.0,2.0
281.0,65444.0,123.61466917668137,191.84629264074925,239.10667075596197,323.0578308105469,364.7503356933594,208.65159606933594,0.0,2.0
281.5,65638.0,123.79606601506727,191.8154060526257,238.42189496772312,322.0472106933594,365.02154541015625,208.44613647460938,0.0,2.0
282.0,65713.0,124.04316371664534,191.9713520294109,238.47222060441337,322.6666564941406,364.4582824707031,208.67062377929688,0.0,2.0
282.5,66079.0,123.9896803778378,192.20041623263984,239.15267090291925,322.242431640625,365.0906982421875,209.0534210205078,0.0,2.0
283.0,65766.0,124.46759815808797,192.4181644199267,239.10667075596197,321.9170837402344,364.9415588378906,209.21478271484375,0.0,2.0
283.5,66121.0,124.36104076916008,192.62658175859323,239.10667075596197,321.88385009765625,364.6868896484375,209.43414306640625,0.0,2.0
284.0,66204.0,124.32150607290681,192.7464652761156,239.7936613007108,323.4168701171875,364.08953857421875,209.56764221191406,0.0,2.0
284.5,66580.0,124.47056731733865,192.75126458646224,239.83536019528063,323.80291748046875,363.9440612792969,209.60772705078125,0.0,2.0
285.0,66151.0,124.76613531192771,193.03108542308712,240.5659992600783,323.8221740722656,364.6604309082031,209.81924438476562,0.0,2.0
285.5,66186.0,125.14353139598059,193.13207915827965,241.2488341940744,324.5215148925781,363.26177978515625,211.10740661621094,0.0,2.0
286.0,66697.0,125.26281096489997,193.13207915827965,241.29857024027308,323.6829528808594,364.42242431640625,210.8815460205078,0.0,2.0
286.5,66462.0,125.16444367379414,193.4140636044856,241.3565826738521,323.6622009277344,363.7514343261719,211.60873413085938,0.0,1.0
287.0,66849.0,125.41151352347646,193.49676999888138,242.09502266672067,325.0669250488281,363.61334228515625,211.66929626464844,0.0,2.0
287.5,67456.0,125.4445584901611,193.6620768245554,243.4460925954656,325.22332763671875,364.4928283691406,212.08053588867188,0.0,2.0
288.0,66908.0,125.67149255613884,193.82982226685345,242.83533515532702,325.0339050292969,363.8458251953125,212.30386352539062,0.0,2.0
288.5,67757.0,125.61085804298278,193.77770765223872,243.50770008359078,324.4793395996094,364.279541015625,212.89117431640625,0.0,1.0
289.0,67539.0,125.46996238479828,193.91235133430774,243.50770008359078,324.49530029296875,364.533447265625,212.67910766601562,0.0,1.0
289.5,67425.0,126.22030268173505,194.2498391247725,243.50770008359078,324.15472412109375,364.74444580078125,212.71719360351562,0.0,2.0
290.0,67681.0,125.9258910459923,194.53534383242547,244.24782496472716,324.7880859375,364.82342529296875,213.0690155029297,0.0,2.0
290.5,66958.0,126.35986132393447,194.80503073586164,244.24782496472716,324.0272521972656,365.29345703125,213.1533660888672,0.0,3.0
291.0,67896.0,126.14863630876275,194.61050844895897,244.92039523077696,323.6615295410156,366.1370544433594,213.31398010253906,0.0,2.0
291.5,68322.0,126.2361225588755,194.7314816537592,244.92039523077696,324.30841064453125,364.93121337890625,213.87693786621094,0.0,2.0
292.0,68494.0,126.67556826821493,194.81722193517024,244.92039523077696,322.9518737792969,366.5445556640625,213.42652893066406,0.0,2.0
292.5,68181.0,126.53482625514431,195.2434377898525,245.5951953927438,322.8686828613281,367.24456787109375,213.54302978515625,0.0,1.0
293.0,68872.0,126.99601096149881,195.25624189766637,246.272207120495,321.9218444824219,369.2298889160156,213.205810546875,0.0,2.0
293.5,68938.0,127.00992905207055,195.5632889885011,246.272207120495,322.80615234375,367.6507568359375,213.88412475585938,0.0,2.0
294.0,69083.0,127.15991595784973,195.879044286562,246.40211038057285,322.941162109375,367.7673645019531,214.04702758789062,0.0,2.0
294.5,69223.0,127.30747283664941,195.7873846669318,246.3331078032346,320.99444580078125,369.8487854003906,213.4566650390625,0.0,2.0
295.0,69412.0,127.26229847271256,196.16319736382766,247.07286374670934,322.1965637207031,369.0744934082031,214.0928955078125,0.0,1.0
295.5,69816.0,127.87609699981496,196.16319736382766,247.07286374670934,322.7676696777344,367.7013854980469,214.81956481933594,0.0,2.0
296.0,70107.0,127.89377506760589,196.21671692289624,247.07286374670934,321.14080810546875,369.46856689453125,214.44139099121094,0.0,2.0
296.5,70272.0,128.10118102762195,196.4001018329675,247.7458375028731,321.37530517578125,369.7060852050781,214.7349853515625,0.0,1.0
297.0,70042.0,128.1062795656998,196.468827043885,247.07286374670934,321.1275329589844,369.4881286621094,214.4344024658203,0.0,1.0
297.5,69872.0,128.58615120505002,197.0101520226813,247.14570601165622,321.79052734375,368.4000244140625,215.0431365966797,0.0,1.0
298.0,70346.0,128.7563452310552,197.18519214180358,247.14570601165622,320.8983459472656,369.42425537109375,214.78793334960938,0.0,2.0
298.5,70430.0,128.94564465976686,197.2794970962836,247.7458375028731,321.6123962402344,368.8094177246094,215.2862091064453,0.0,3.0
299.0,70804.0,128.79320497750774,197.3854097951518,247.81444671366518,321.91448974609375,368.5192565917969,215.489013671875,0.0,2.0
299.5,71158.0,128.99643207399365,197.3660303439376,247.7458375028731,321.7830810546875,368.2843322753906,215.59034729003906,0.0,1.0
300.0,71211.0,129.0984068586182,197.71317605463304,247.7458375028731,321.2735290527344,368.144775390625,216.0170440673828,0.0,2.0
300.5,70464.0,129.4452490146717,198.2353398860075,248.421013603922,322.4693298339844,367.5831604003906,216.33448791503906,0.0,1.0
301.0,71410.0,129.39079187987335,198.40362899906847,249.15858403835898,322.0753173828125,368.2745361328125,216.82122802734375,0.0,2.0
301.5,71417.0,129.75369522378702,198.53966858036205,249.15858403835898,321.7570495605469,368.4620361328125,216.87278747558594,0.0,3.0
302.0,71744.0,129.83149600085477,198.65799757371965,249.22680433693324,321.8203430175781,368.5201721191406,216.95066833496094,0.0,1.0
302.5,71616.0,129.7980985103492,199.07787421006887,249.897979183506,322.4298400878906,368.20758056640625,217.43785095214844,0.0,2.0
303.0,71979.0,130.17725265647897,198.95099895650057,249.22680433693324,321.7984313964844,367.9925842285156,217.37904357910156,0.0,3.0
303.5,71804.0,130.0362439248988,199.12307751739877,249.22680433693324,322.17279052734375,367.45623779296875,217.5707550048828,0.0,2.0
304.0,72359.0,130.43743001422627,199.38129288917344,249.897979183506,322.23870849609375,367.6437683105469,217.9990997314453,0.0,3.0
304.5,72432.0,130.53603573773873,199.52944644838766,249.897979183506,321.5435485839844,368.0549011230469,218.10716247558594,0.0,2.0
305.0,72424.0,130.67303446569107,199.7223072167954,250.57134712492567,321.8222351074219,367.9399719238281,218.64576721191406,0.0,2.0
305.5,72690.0,130.68822178297484,199.81241202688085,250.51147678300092,321.7622985839844,367.8844909667969,218.571533203125,0.0,2.0
306.0,72813.0,130.82906950785303,200.124960961895,251.19116226491727,321.7444152832031,368.4892272949219,218.7431640625,0.0,2.0
306.5,72395.0,131.30022723758802,200.25284012730862,251.24689052802225,322.10174560546875,367.822509765625,219.1869354248047,0.0,3.0
307.0,72620.0,131.46164951646102,200.5243127403757,251.24689052802225,322.2661437988281,367.5862121582031,219.2689971923828,0.0,4.0
307.5,73075.0,131.18333543618192,200.60907257649143,251.92459189209774,322.266357421875,367.8686218261719,219.67372131347656,0.0,3.0
308.0,73216.0,131.30956930418938,200.53179299053804,251.9841264841895,322.5979919433594,367.5379943847656,219.88339233398438,0.0,1.0
308.5,73057.0,131.2668413169792,200.8606482116395,252.05158202241066,322.0401916503906,368.18927001953125,219.88333129882812,0.0,1.0
309.0,73001.0,131.56629504134804,201.06217943710845,252.05158202241066,322.25640869140625,367.83734130859375,220.0265655517578,0.0,1.0
309.5,73324.0,131.72781052197675,201.05882207982347,252.7231687044146,322.44549560546875,367.85943603515625,220.51036071777344,0.0,1.0
310.0,73766.0,132.0685600316876,201.18213106500062,252.7231687044146,322.44549560546875,367.85943603515625,220.51036071777344,0.0,1.0
310.5,73774.0,132.6355089997341,201.3165417907745,252.7231687044146,322.22406005859375,367.90313720703125,220.61329650878906,0.0,1.0
311.0,74162.0,132.50726463054696,201.5341162185698,253.46400138875737,322.6999816894531,367.9382019042969,221.0774688720703,0.0,2.0
311.5,73918.0,132.38126150464515,201.69283576765935,253.53895164254348,323.04754638671875,367.6014709472656,221.3071746826172,0.0,2.0
312.0,74025.0,132.55627109739058,201.8122889823254,253.53895164254348,321.50433349609375,368.6584167480469,221.41836547851562,0.0,2.0
312.5,74357.0,132.53149876953688,201.91285244952132,253.53895164254348,321.50433349609375,368.6584167480469,221.41836547851562,0.0,3.0
313.0,74380.0,132.87002283149678,202.23810222789845,254.37177516383377,321.9938049316406,368.5615234375,222.16488647460938,0.0,1.0
313.5,74671.0,132.70652767161044,202.41047403728888,254.37177516383377,321.97210693359375,368.87408447265625,221.92999267578125,0.0,2.0
314.0,74516.0,132.72901173863525,202.89898924353872,254.57415422622933,322.6158752441406,368.6927185058594,221.87661743164062,0.0,1.0
314.5,74348.0,133.33985704072717,202.99568952441794,255.27436220662662,322.3160400390625,368.24859619140625,222.41184997558594,0.0,3.0
315.0,74867.0,133.42298651668133,203.1388683063509,255.97656142701817,322.5121154785156,368.24609375,222.89794921875,0.0,3.0
315.5,74625.0,133.40990338266454,203.52542804508096,256.6807355451515,322.23468017578125,369.1192321777344,222.89871215820312,0.0,2.0
316.0,74799.0,133.3124194721566,203.39370688396434,256.6807355451515,322.17462158203125,369.1571350097656,222.91009521484375,0.0,2.0
316.5,75074.0,133.4874573759712,203.5339037793059,256.6807355451515,321.5893249511719,369.20538330078125,223.26271057128906,0.0,2.0
317.0,75138.0,133.8944560026774,204.07106605298068,258.0949437706985,322.386962890625,369.8219909667969,223.6050567626953,0.0,3.0
317.5,75421.0,134.2899481653125,203.9730374338726,258.0949437706985,321.7814025878906,369.88494873046875,223.96401977539062,0.0,3.0
318.0,75537.0,134.14337083567767,204.16659863944446,258.80494585691366,322.2077941894531,369.8659362792969,224.3632354736328,0.0,2.0
318.5,75484.0,134.1711960494566,204.36132215546752,259.5168587972658,322.8177490234375,369.56365966796875,224.84925842285156,0.0,2.0
319.0,75662.0,134.22775103776715,204.29806653455333,258.81653733871025,322.228515625,369.5372314453125,224.5928497314453,0.0,1.0
319.5,75845.0,134.51277003314675,204.29880077964236,258.81653733871025,321.8177490234375,369.56365966796875,224.84925842285156,0.0,2.0
320.0,75679.0,134.51301583503786,204.70710783946902,259.53227159642404,321.8884582519531,370.3958740234375,224.86151123046875,0.0,1.0
320.5,76284.0,134.60410947456992,204.80478510034868,259.53227159642404,321.2790222167969,370.796875,225.03952026367188,0.0,1.0
321.0,76144.0,134.80726118099662,204.92157036105527,259.53227159642404,321.36212158203125,370.66943359375,225.07765197753906,0.0,1.0
321.5,75992.0,135.25326621285097,205.20075532700875,260.2191384199095,321.5399169921875,370.7318115234375,225.58648681640625,0.0,1.0
322.0,76093.0,135.03084526782413,205.0214617898744,260.23066690918654,321.5186767578125,370.4043273925781,225.7841033935547,0.0,1.0
322.5,76556.0,134.99710549853347,205.23157651784484,260.93102536877444,321.8016052246094,370.6638488769531,226.13607788085938,0.0,1.0
323.0,76363.0,135.22184511651045,205.65018842685265,260.93102536877444,322.462158203125,369.71929931640625,226.45565795898438,0.0,2.0
323.5,76373.0,135.6749106549438,205.6428943581567,260.93102536877444,322.04913330078125,369.988037109375,226.53286743164062,0.0,1.0
324.0,76787.0,135.58417456580756,205.96237452874297,261.6447973876033,322.3606262207031,370.0867004394531,226.85935974121094,0.0,1.0
324.5,76655.0,135.81282483512217,206.19481079494992,261.66390656718403,321.58758544921875,370.5602722167969,226.9875946044922,0.0,1.0
325.0,76783.0,135.6745606167129,206.20620747203515,260.969346858975,321.329345703125,370.2358093261719,226.9836883544922,0.0,1.0
325.5,77336.0,135.7854009683253,206.40009689920205,260.969346858975,321.329345703125,370.2358093261719,226.9836883544922,0.0,1.0
326.0,77047.0,136.0995477232266,206.69300907384363,261.66390656718403,321.3427429199219,370.48046875,227.21348571777344,0.0,1.0
326.5,77204.0,136.2914295517439,206.8732703693171,260.969346858975,321.0960998535156,370.1224365234375,227.3111572265625,0.0,1.0
327.0,76993.0,136.75671060280558,207.1067355507226,261.6447973876033,321.34576416015625,370.3605651855469,227.62811279296875,0.0,1.0
327.5,77152.0,136.69955302864392,207.09237060773577,262.3451924468981,321.23004150390625,370.5956115722656,228.19253540039062,0.0,1.0
328.0,77781.0,136.39551383052734,206.90335908341362,261.5205536855564,320.8438415527344,370.8356628417969,228.26075744628906,0.0,1.0
328.5,77778.0,136.76846216947055,207.17142660125697,263.04752422328556,320.8322448730469,371.2489318847656,228.6391143798828,0.0,2.0
329.0,78141.0,136.85162137483044,207.15453169071634,263.04752422328556,320.73614501953125,371.0746765136719,228.8328399658203,0.0,4.0
329.5,77817.0,136.9833306798854,207.4868668729295,263.04752422328556,320.8538818359375,370.8538818359375,229.213623046875,0.0,2.0
330.0,78403.0,137.21198117728983,207.4246851269154,263.75936002348806,320.89031982421875,370.89031982421875,229.61083984375,0.0,1.0
330.5,78812.0,137.42003450552474,207.6174366473105,263.75936002348806,320.2677307128906,371.2677307128906,229.745849609375,0.0,2.0
331.0,78904.0,137.78161104902503,207.93508602446101,265.1735280905694,321.03570556640625,371.4317321777344,230.5227508544922,0.0,2.0
331.5,79120.0,137.87584968582496,208.00276439876913,265.8759109058209,321.6852722167969,371.08831787109375,231.0123291015625,0.0,2.0
332.0,79353.0,138.03353800906777,208.10766396389127,265.88719412562915,321.5904541015625,370.9823913574219,231.23500061035156,0.0,2.0
332.5,79410.0,138.00398741781117,208.3122656014283,266.6027006614899,321.4889831542969,371.27593994140625,231.83128356933594,0.0,1.0
333.0,79674.0,137.93393558155887,208.60261261124447,267.30132809247317,322.1042175292969,371.29534912109375,232.07164001464844,0.0,1.0
333.5,79438.0,138.1574859803554,208.58571379651102,268.01679051880313,322.639404296875,371.1973571777344,232.5413055419922,0.0,2.0
334.0,79808.0,138.29184393680669,208.65521800328887,268.01679051880313,323.1827697753906,370.0921630859375,233.01654052734375,0.0,2.0
334.5,79568.0,138.60823358325095,208.6311337941677,268.01679051880313,323.0787353515625,369.9324645996094,233.2053680419922,0.0,2.0
335.0,79635.0,138.50311487616133,209.16022566444127,268.01679051880313,323.8319396972656,369.6947326660156,232.89207458496094,0.0,1.0
335.5,79597.0,138.87617577658312,209.3800372528384,268.03917624108607,323.48797607421875,369.7439880371094,233.18585205078125,0.0,2.0
336.0,80170.0,138.92159611445564,209.42301688209918,268.73406929527937,323.3461608886719,369.9916687011719,233.74171447753906,0.0,3.0
336.5,79968.0,139.3183808048965,209.78083801910984,268.71546289709494,323.93365478515625,369.33721923828125,233.7500762939453,0.0,2.0
337.0,80026.0,139.31644592809775,210.11484952388292,269.4308816746885,323.9259948730469,369.4732971191406,234.40866088867188,0.0,1.0
337.5,80059.0,139.44260256990282,210.2974084481309,269.4308816746885,323.9259948730469,369.4732971191406,234.40866088867188,0.0,1.0
338.0,80445.0,139.40153789892506,210.42813494733943,269.4160351575236,323.02313232421875,370.422119140625,234.19107055664062,0.0,1.0
338.5,80845.0,139.6439712088871,210.58252539087852,269.4160351575236,323.63763427734375,369.6111145019531,234.22366333007812,0.0,2.0
339.0,80644.0,139.7017624928493,210.8885961829136,269.4160351575236,323.86529541015625,369.2020263671875,234.30125427246094,0.0,2.0
339.5,80528.0,140.16143592048937,211.02606474082768,269.4160351575236,323.9510803222656,368.9132995605469,234.62042236328125,0.0,1.0
340.0,81449.0,139.9622121699347,211.00663493803117,269.4308816746885,323.9510803222656,368.9132995605469,234.62042236328125,0.0,2.0
340.5,80823.0,140.2559463570314,211.10092371167244,268.73406929527937,323.5648498535156,368.4828186035156,234.44920349121094,0.0,2.0
341.0,81243.0,140.33226234635418,211.28416883429767,268.7601160886786,324.1962890625,368.0686950683594,234.30206298828125,0.0,3.0
341.5,81083.0,140.34835781140612,211.37549524943122,269.4160351575236,325.08721923828125,367.5552673339844,234.7119598388672,0.0,2.0
342.0,81246.0,140.4693344184601,211.3764414498456,269.4160351575236,324.3369140625,367.797607421875,235.03033447265625,0.0,2.0
342.5,81871.0,140.4418776560386,211.6258490794649,270.12959852633696,324.58740234375,368.04071044921875,235.34979248046875,0.0,2.0
343.0,81892.0,140.65893891605475,211.90257183524943,270.83020511013905,325.5242614746094,367.34820556640625,235.988525390625,0.0,2.0
343.5,81662.0,140.90238408549317,212.13120936596863,270.83020511013905,325.629150390625,367.5085144042969,235.7989501953125,0.0,2.0
344.0,82268.0,140.87472128968454,212.055653024773,270.83020511013905,325.2574768066406,367.739013671875,235.8732452392578,0.0,3.0
344.5,81990.0,141.2669049674185,212.2851855405836,270.83020511013905,325.538330078125,367.01165771484375,236.23121643066406,0.0,2.0
345.0,82126.0,141.5669653917993,212.46176126540982,270.84497410880635,324.9160461425781,367.4256896972656,236.3829803466797,0.0,3.0
345.5,82441.0,141.37500937662017,212.70872102478543,270.84497410880635,325.523681640625,367.6399841308594,236.43638610839844,0.0,2.0
346.0,82623.0,141.5558303372754,213.00938946440834,270.84497410880635,325.089111328125,367.7989196777344,236.79380798339844,0.0,2.0
346.5,83051.0,141.78771163599436,213.3541656495134,271.53268679847736,325.7348327636719,367.4593505859375,237.27574157714844,0.0,2.0
347.0,83029.0,142.03062996818593,213.3541656495134,270.84497410880635,325.268310546875,367.3682556152344,237.38894653320312,0.0,2.0
347.5,83411.0,142.26251198633588,213.46311153840003,271.0608787708031,325.5739440917969,367.66717529296875,237.7801513671875,0.0,2.0
348.0,83451.0,142.27295445674199,213.60009363293827,271.0608787708031,325.32025146484375,367.6938171386719,237.90625,0.0,4.0
348.5,83452.0,142.37087658710544,213.60009363293827,271.0608787708031,325.32025146484375,367.6938171386719,237.90625,0.0,4.0
349.0,83982.0,142.27325791941342,213.60009363293827,271.7075633838705,326.0988464355469,367.1806335449219,238.45236206054688,0.0,2.0
349.5,83788.0,142.4012794344317,213.84573879317773,272.47018185482244,326.24688720703125,367.24688720703125,239.12599182128906,0.0,3.0
350.0,83784.0,142.6879336118494,214.01331733613262,273.00732590903124,325.9418640136719,367.9418640136719,239.10018920898438,0.0,2.0
350.5,83941.0,142.84717056891762,214.2008403344861,272.90474528670256,326.7763366699219,366.6009216308594,239.4730987548828,0.0,2.0
351.0,84031.0,143.01543446014227,214.40149253211834,273.5616932247642,327.1035461425781,366.75872802734375,239.7432861328125,0.0,2.0
351.5,84166.0,143.14137644828494,214.61127649776466,273.5616932247642,327.04541015625,366.3477783203125,240.10902404785156,0.0,2.0
352.0,84622.0,143.24724333764527,214.75788693257,273.4702908909851,326.9681701660156,365.9577941894531,240.25706481933594,0.0,3.0
352.5,84637.0,143.22995975117126,214.88834309938733,273.4702908909851,326.31103515625,366.32989501953125,240.35044860839844,0.0,2.0
353.0,84497.0,143.63314978016862,215.29514625276622,274.1331793125378,326.5356750488281,366.5495910644531,240.63905334472656,0.0,2.0
353.5,83872.0,144.3099227719307,215.66977071131163,273.4702908909851,325.47088623046875,367.17938232421875,240.4456787109375,0.0,2.0
354.0,84751.0,143.9163981404494,215.64438315871774,273.76632371422164,326.0309143066406,366.7550964355469,240.81715393066406,0.0,2.0
354.5,84900.0,144.05441502829223,215.82400237230334,273.87953556262653,326.40264892578125,366.469970703125,241.0633087158203,0.0,2.0
355.0,84777.0,144.4929218879438,216.12265036316762,273.87953556262653,325.9933166503906,366.69415283203125,241.11807250976562,0.0,2.0
355.5,85180.0,144.3574871368168,216.10414156142403,274.1331793125378,325.337646484375,366.93939208984375,241.29991149902344,0.0,2.0
356.0,85185.0,144.47260403353346,216.33492551861642,274.8817927764587,326.22760009765625,366.5799560546875,241.65631103515625,0.0,2.0
356.5,85268.0,144.63016463856442,216.39316070523117,274.8817927764587,326.405517578125,366.756591796875,241.8861846923828,0.0,2.0
357.0,85813.0,144.4653954772022,216.33538776631067,274.7671741675122,326.99188232421875,366.0103454589844,242.16357421875,0.0,2.0
357.5,85631.0,144.76723393980507,216.51789764358972,275.2889391167033,327.3533935546875,366.0000305175781,242.29159545898438,0.0,2.0
358.0,85636.0,144.98103445823568,216.8985938174796,276.05253123273474,327.7237854003906,366.04571533203125,242.85939025878906,0.0,2.0
358.5,85778.0,145.14178375297777,217.18862763891346,276.69839175535515,327.6390075683594,366.6432800292969,242.99513244628906,0.0,2.0
359.0,85918.0,145.16515009817942,217.34994824015948,276.69839175535515,327.94061279296875,366.2562255859375,243.13729858398438,0.0,2.0
359.5,85874.0,145.2698555267546,217.46505463907562,276.5863337187866,327.1304016113281,366.7902526855469,242.93768310546875,0.0,2.0
360.0,85773.0,145.75954500993208,217.67544643284768,276.5863337187866,327.85650634765625,365.8559875488281,243.2747344970703,0.0,2.0
360.5,85962.0,145.63825595772346,217.86234185833953,277.2381647609146,328.3769226074219,365.6797790527344,243.6966552734375,0.0,2.0
361.0,86765.0,145.53552890967703,217.9894491623954,277.34635386101615,327.6705627441406,366.2073669433594,243.91102600097656,0.0,3.0
361.5,86502.0,145.7836754785398,218.05045287731002,277.9964028544254,328.7615966796875,365.9346618652344,244.08074951171875,0.0,2.0
362.0,86646.0,145.84628975935843,218.24584759198228,278.3684608571883,326.65887451171875,366.54949951171875,244.76600646972656,0.0,2.0
362.5,86867.0,146.06435996751668,218.30208423735513,279.03404810166086,327.6822509765625,366.0921630859375,245.11721801757812,0.0,2.0
363.0,86893.0,146.1739169613301,218.58224993969165,278.7561658510893,328.13604736328125,365.7738037109375,245.38949584960938,0.0,2.0
363.5,86914.0,146.2623927027293,218.62525014279572,279.5174413162799,328.0660705566406,366.586181640625,245.58297729492188,0.0,2.0
364.0,87301.0,146.08397261201205,218.49713956937742,278.9587783167972,327.9867248535156,365.93096923828125,245.3474884033203,0.0,3.0
364.5,87180.0,146.54719704383018,218.66183937761065,279.7016267382083,327.2887878417969,366.3722839355469,245.87274169921875,0.0,2.0
365.0,87176.0,146.80026886416135,218.92921230388603,279.6354770053328,326.9242858886719,367.20599365234375,245.9752197265625,0.0,2.0
365.5,87240.0,147.09629146262003,219.0091322296858,279.6354770053328,326.7799072265625,366.8191223144531,246.374267578125,0.0,3.0
366.0,87592.0,146.92847727718814,219.22134932528812,279.8660393831306,327.2468566894531,366.6949768066406,246.45245361328125,0.0,2.0
366.5,87913.0,147.0486401143621,219.3659043670031,280.0589223717038,325.4228210449219,367.4312744140625,246.89720153808594,0.0,2.0
367.0,87951.0,147.07038605880808,219.52106945905857,280.28021692584724,326.0083312988281,367.06658935546875,247.199951171875,0.0,2.0
367.5,87839.0,147.3093063738389,219.82947936980608,281.04448046528154,325.86151123046875,367.67816162109375,247.6013946533203,0.0,2.0
368.0,87980.0,147.46331471715814,219.91134577370036,280.5298558086109,325.3095703125,367.5575866699219,247.67625427246094,0.0,2.0
368.5,88267.0,147.66128559580872,220.05681084665386,281.1689883326396,326.404052734375,367.2630920410156,247.86268615722656,0.0,2.0
369.0,88442.0,147.66199008360587,220.36628587890803,281.30055101261354,326.708984375,367.2314453125,247.9613037109375,0.0,2.0
369.5,88665.0,147.77428279232356,220.41097976280582,281.30055101261354,326.6352844238281,367.0308532714844,248.1682586669922,0.0,2.0
370.0,88912.0,147.939612476919,220.51179106507553,281.81021982887705,327.08648681640625,366.959228515625,248.2939453125,0.0,3.0
370.5,89085.0,148.18512646076857,220.79175709251467,281.6895454219059,326.5484619140625,366.85040283203125,248.45672607421875,0.0,3.0
371.0,88944.0,148.44462816270774,221.05621456848414,281.6895454219059,324.954833984375,367.5344543457031,248.83250427246094,0.0,2.0
371.5,89261.0,148.55799816527517,221.38202275704322,281.5759222660915,324.3653869628906,367.7520751953125,248.7875213623047,0.0,3.0
372.0,89449.0,148.55830416349127,221.40957508659432,281.4693589007514,323.9034729003906,367.6627502441406,248.92807006835938,0.0,2.0
372.5,89544.0,148.6488004413559,221.5741410377708,281.5759222660915,325.7088928222656,366.47509765625,249.02499389648438,0.0,2.0
373.0,89688.0,148.84137784024387,221.73181999884454,281.5759222660915,324.1197509765625,367.1248779296875,249.43826293945312,0.0,3.0
373.5,89689.0,148.9316747837307,221.9954954497951,282.2268591045154,325.0426025390625,366.92816162109375,249.64236450195312,0.0,3.0
374.0,90000.0,149.16883443304258,222.30193430970726,282.78083386255156,325.7619934082031,366.728271484375,249.76156616210938,0.0,2.0
374.5,90063.0,149.24373622270411,222.42144675753067,282.8798331447472,326.15008544921875,366.62042236328125,249.82675170898438,0.0,2.0
375.0,90136.0,149.42641211821908,222.76669409945464,283.6370920736567,328.9249572753906,365.2017517089844,250.1610107421875,0.0,2.0
375.5,90339.0,149.54184161947734,222.91253890259293,283.6370920736567,328.7413024902344,365.3105163574219,250.17904663085938,0.0,2.0
376.0,90545.0,149.72093256483873,223.1815404552984,284.1003343891027,328.3756103515625,365.3893737792969,250.5628204345703,0.0,2.0
376.5,90690.0,149.823169338204,223.33058455742113,284.76305940202286,329.3833312988281,365.4061279296875,250.54478454589844,0.0,2.0
377.0,90516.0,150.19548859857207,223.43399470883918,285.4277491765648,330.3833312988281,364.4061279296875,250.54478454589844,0.0,2.0
377.5,90881.0,150.17554457119448,223.78784596130328,286.0209782515961,330.1924743652344,364.99444580078125,250.99110412597656,0.0,1.0
378.0,91039.0,150.4064670479497,223.94642216387382,286.0209782515961,329.8759765625,364.5916748046875,250.92706298828125,0.0,4.0
378.5,91462.0,150.5501487266336,224.4504399639261,286.69321582486043,331.43603515625,364.3019104003906,251.35430908203125,0.0,3.0
379.0,91435.0,150.69019839894364,224.84883811129646,287.3673607075097,331.1003723144531,364.8268127441406,251.67657470703125,0.0,2.0
379.5,91545.0,150.76833786728682,224.86440358580546,288.0433995077825,330.2013244628906,364.767578125,251.6680145263672,0.0,3.0
380.0,91659.0,150.91597722424345,225.05621519078755,288.7213189218974,330.62371826171875,364.6560363769531,251.7549591064453,0.0,3.0
380.5,91862.0,150.96550823835483,225.1443981093023,287.98784696580515,328.5709228515625,365.7239990234375,251.8126678466797,0.0,3.0
381.0,91875.0,151.27016815159973,225.55575792685585,288.6693610343848,328.6795654296875,365.7893981933594,252.35580444335938,0.0,2.0
381.5,92178.0,151.31726406751363,225.85836269662454,289.35272592460575,329.46771240234375,365.7506408691406,252.6676788330078,0.0,2.0
382.0,92520.0,151.43761238981722,225.88713996153035,289.3112510774512,329.3912048339844,365.8023376464844,252.6803436279297,0.0,3.0
382.5,92550.0,151.48037385201664,226.35370551417972,289.3112510774512,328.2673645019531,366.5605773925781,252.8690643310547,0.0,2.0
383.0,92647.0,151.65817821890454,226.49525379307482,289.3112510774512,328.1544189453125,366.32958984375,253.0496063232422,0.0,5.0
383.5,92705.0,151.69948565327326,226.55683613610074,288.5862089566998,327.376953125,366.53204345703125,252.89120483398438,0.0,3.0
384.0,92876.0,152.02439707486278,226.947130407062,288.5862089566998,326.0538330078125,367.0901184082031,253.2942352294922,0.0,3.0
384.5,92920.0,152.11235960880148,227.01982292302142,288.62432329933665,327.3043518066406,366.2970886230469,253.11471557617188,0.0,3.0
385.0,93053.0,152.31699557975924,227.54516034265532,289.35272592460575,327.1392517089844,366.81329345703125,253.50927734375,0.0,3.0
385.5,93215.0,152.4049766925596,227.6409452079364,289.35272592460575,327.18463134765625,366.5198974609375,253.69676208496094,0.0,3.0
386.0,93489.0,152.52610631967107,227.6651048831995,289.40110573389313,327.1211853027344,366.06256103515625,254.15818786621094,0.0,4.0
386.5,93703.0,152.66501896546893,227.86092247918705,290.08274681545606,327.7396240234375,365.6585388183594,254.5005340576172,0.0,4.0
387.0,93827.0,152.9251950532207,228.2141538095128,290.03792855418067,326.51953125,366.2977600097656,254.97866821289062,0.0,4.0
387.5,94136.0,153.04346482805317,228.53172644497823,290.69055712217414,326.8461608886719,364.0113220214844,257.1257019042969,0.0,6.0
388.0,94019.0,153.21014788898552,228.60008748904713,290.69055712217414,327.49993896484375,365.5,255.58274841308594,0.0,5.0
388.5,94522.0,153.02885093089554,228.7116088002531,290.766229125736,325.8691101074219,365.8367614746094,256.49786376953125,0.0,4.0
389.0,94409.0,153.2615004995212,229.0087334579186,290.766229125736,325.2209167480469,365.07952880859375,257.3179016113281,0.0,4.0
389.5,94579.0,153.47015632178335,229.0231426956624,290.81437378506587,325.2097473144531,365.61236572265625,256.895263671875,0.0,5.0
390.0,94733.0,153.51729391187177,229.31419493786248,290.81437378506587,325.06573486328125,365.71343994140625,256.92108154296875,0.0,4.0
390.5,94844.0,153.71172345169887,229.5553309139237,290.8693864950383,323.79351806640625,365.55078125,257.995849609375,0.0,3.0
391.0,94676.0,154.06099328146104,229.7520402520944,290.81437378506587,324.15850830078125,366.1539611816406,257.35650634765625,0.0,3.0
391.5,94683.0,154.30796924641302,229.96086623597503,291.49614062625255,326.22393798828125,365.9030456542969,256.7149353027344,0.0,4.0
392.0,95206.0,154.19411122505522,229.99347816840373,291.49614062625255,325.3909606933594,366.02978515625,257.349609375,0.0,5.0
392.5,95261.0,154.1838934576484,230.21728866442677,292.17973920174546,326.8699035644531,364.5205383300781,258.01751708984375,0.0,2.0
393.0,95364.0,154.28535134097515,230.15766334098964,292.227650984639,326.6235046386719,364.4109191894531,258.2652893066406,0.0,3.0
393.5,95288.0,154.7146035468123,230.82460874005614,292.17973920174546,325.2962951660156,365.3421325683594,258.4878234863281,0.0,3.0
394.0,95497.0,154.67021351050468,230.7240776192148,292.227650984639,325.6680603027344,365.4697570800781,258.3172302246094,0.0,3.0
394.5,95816.0,154.81933492140485,230.93072554339753,292.9095423505352,326.433349609375,364.9966125488281,258.69854736328125,0.0,3.0
395.0,95865.0,154.91529672477722,231.14411088540686,292.9095423505352,325.00738525390625,365.72174072265625,259.138427734375,0.0,2.0
395.5,95609.0,155.23358129957103,231.14324561948132,292.9095423505352,325.2458801269531,365.5881042480469,259.1258544921875,0.0,3.0
396.0,96142.0,155.30732072779364,231.20964512561198,293.59325605333646,327.58056640625,364.64794921875,258.9164733886719,0.0,5.0
396.5,96404.0,155.38862820112053,231.67088723121307,293.64093720052045,326.149658203125,365.3783264160156,259.3453674316406,0.0,2.0
397.0,96254.0,155.67071351162826,231.6890155622229,294.3229518742974,327.2132873535156,365.28778076171875,259.3150939941406,0.0,2.0
397.5,96660.0,155.57885264578476,231.75892646554686,294.3229518742974,327.1207275390625,365.0863342285156,259.5254211425781,0.0,4.0
398.0,96923.0,155.6556237817517,231.93533581582605,294.37391188758556,327.1931457519531,365.00677490234375,259.4875793457031,0.0,4.0
398.5,96940.0,155.76225727099373,232.02014996373018,294.43165590676557,327.04986572265625,365.1076965332031,259.51220703125,0.0,2.0
399.0,97296.0,156.03504074379867,232.36178687555318,294.43165590676557,325.91650390625,366.3866271972656,259.36407470703125,0.0,3.0
399.5,96972.0,156.24704219397316,232.62974858522543,294.43165590676557,326.4107666015625,365.7698974609375,259.4368896484375,0.0,2.0
400.0,97507.0,156.43137303050872,233.0675867121754,294.4961799412685,323.67022705078125,358.6236572265625,266.5076904296875,0.0,2.0
400.5,97443.0,156.36125855107534,232.99978540673712,295.16944286290885,326.3962707519531,366.1150207519531,259.89178466796875,0.0,3.0
401.0,97480.0,156.69306869787582,233.23807579381202,295.16944286290885,326.471435546875,366.185546875,259.9869079589844,0.0,3.0
401.5,97640.0,156.63910712319026,233.23807579381202,294.4961799412685,325.85614013671875,365.6907653808594,259.9436950683594,0.0,2.0
402.0,97904.0,157.07114274235047,234.00758533594816,294.27877939124323,323.25299072265625,358.9541931152344,267.50689697265625,0.0,2.0
402.5,97896.0,157.30235781924256,234.3042893260485,294.27877939124323,323.23138427734375,359.09747314453125,267.62518310546875,0.0,4.0
403.0,97810.0,157.38598150225715,234.47814397081873,293.8996427354072,323.5771484375,359.1032409667969,267.7858581542969,0.0,2.0
403.5,98516.0,157.32103711965146,234.3608329051593,294.27877939124323,326.0664978027344,365.996826171875,260.9708251953125,0.0,4.0
404.0,98543.0,157.53538267290088,235.07424348645432,294.27877939124323,322.3905029296875,358.2500915527344,269.1760559082031,0.0,2.0
404.5,98680.0,157.5046985188528,234.8297255459794,294.3229518742974,325.202880859375,366.6715087890625,261.34405517578125,0.0,3.0
405.0,98307.0,157.81299588689487,235.30767093117007,294.7303852676205,325.54217529296875,367.05792236328125,261.43609619140625,0.0,2.0
405.5,98784.0,157.93454736714477,235.47611343828487,294.27877939124323,324.85638427734375,366.6874084472656,261.3526306152344,0.0,3.0
406.0,98876.0,158.2061734113603,236.1228493814184,294.3229518742974,321.41107177734375,360.82232666015625,267.9194030761719,0.0,3.0
406.5,99181.0,158.32338014822597,236.37258724310652,294.3229518742974,319.49163818359375,359.9832763671875,269.9374084472656,0.0,2.0
407.0,98848.0,158.4670611315194,236.20436045521467,295.10845463998487,321.3925476074219,359.2393798828125,269.1857604980469,0.0,2.0
407.5,99085.0,158.45175557946823,236.02754076590298,295.16944286290885,325.0406494140625,366.1700134277344,262.2601623535156,0.0,2.0
408.0,99593.0,158.45549597461044,236.78260071213003,295.39295861614573,322.36676025390625,359.0500183105469,270.3406066894531,0.0,3.0
408.5,99334.0,158.73530807783325,236.60304309116566,295.84455377782433,324.746337890625,367.0321350097656,262.54888916015625,0.0,4.0
409.0,99639.0,158.75573823751176,237.26398787521472,296.05742686174926,322.1960754394531,360.8421325683594,269.62078857421875,0.0,3.0
409.5,99468.0,158.8338889665173,237.42156599601478,296.5821977125397,321.65057373046875,360.80120849609375,269.80389404296875,0.0,4.0
410.0,99911.0,158.92287128432486,237.4499947147262,296.5821977125397,320.03826904296875,361.4070129394531,269.65142822265625,0.0,3.0
410.5,99306.0,159.15497245950093,237.8423847845459,296.5821977125397,320.0083923339844,363.0167236328125,268.38421630859375,0.0,3.0
411.0,99560.0,159.2960516580948,237.87601812709073,296.5821977125397,320.7936096191406,362.5872497558594,268.8564453125,0.0,3.0
411.5,99352.0,159.69213594173127,238.16433396444788,297.2574641619618,320.0505676269531,362.8159484863281,269.1233215332031,0.0,4.0
412.0,97907.0,160.98622068567792,238.79907872519107,297.99496640044106,320.1245422363281,363.00469970703125,269.3255310058594,0.0,4.0
412.5,99910.0,159.45332145979938,238.4693900487177,297.20026917888214,318.8453369140625,363.40985107421875,269.571044921875,0.0,4.0
413.0,100369.0,159.4994829931256,238.53553193556297,297.20026917888214,318.54608154296875,363.5921630859375,269.6072998046875,0.0,3.0
413.5,99703.0,159.9628163761061,239.06902768865731,297.8808486626826,320.7596130371094,362.8528137207031,269.46307373046875,0.0,4.0
414.0,99657.0,160.2182820831463,239.21371180478715,297.9345565724124,320.2085266113281,362.4174499511719,270.1424560546875,0.0,4.0
414.5,100132.0,160.36545933996558,239.293021099764,298.6134625230417,321.4683532714844,362.2574768066406,270.1137390136719,0.0,5.0
415.0,100174.0,160.32105678331865,239.75623034885922,298.6134625230417,320.87420654296875,361.04290771484375,271.4414978027344,0.0,5.0
415.5,100666.0,160.35671408278745,240.0994584211594,298.6134625230417,320.45855712890625,361.4169616699219,271.5918273925781,0.0,5.0
416.0,100919.0,160.7194095847951,240.160363090998,298.6134625230417,319.70452880859375,362.4089660644531,271.2510986328125,0.0,5.0
416.5,100498.0,160.8671498164078,240.16869071550522,298.563226134767,320.3486633300781,362.0122375488281,271.1810607910156,0.0,3.0
417.0,101143.0,160.75568450817448,240.18742681497713,298.5196810932237,318.54974365234375,362.599609375,271.7959899902344,0.0,4.0
417.5,100695.0,161.21327734903625,240.16869071550522,298.5196810932237,319.2715759277344,362.415771484375,271.50653076171875,0.0,2.0
418.0,101143.0,161.060710416578,240.23446878781155,299.2072860075436,319.5015563964844,362.47161865234375,271.6600341796875,0.0,2.0
418.5,101276.0,161.26857604903725,240.5379386271257,298.563226134767,316.3478698730469,364.6026306152344,271.7291259765625,0.0,2.0
419.0,101222.0,161.62974462304112,240.9834019180574,299.2941696725815,319.3482360839844,362.1967468261719,272.2384948730469,0.0,2.0
419.5,100712.0,162.17889421214142,241.36124372700496,299.24738929521175,319.24664306640625,362.9933776855469,272.4620361328125,0.0,4.0
420.0,100825.0,162.51602445778718,241.4560001325293,299.24738929521175,319.5020751953125,364.004150390625,271.6961975097656,0.0,2.0
420.5,101573.0,162.08674762099795,241.5367466867102,299.8966488642379,321.5793151855469,363.1971740722656,271.9032287597656,0.0,4.0
421.0,101766.0,162.14543182968896,241.50569351466643,300.01499962501873,322.67950439453125,363.40234375,271.6784973144531,0.0,4.0
421.5,101755.0,162.21619535219926,241.74780247191492,300.01499962501873,320.60418701171875,365.2084655761719,271.47149658203125,0.0,3.0
422.0,101897.0,162.52182049867017,241.96074061715052,300.1283058959951,321.76953125,364.58636474609375,271.47711181640625,0.0,3.0
422.5,101982.0,162.03320147145737,242.1652328473268,300.29319006597535,321.7802429199219,364.9785461425781,271.368408203125,0.0,2.0
423.0,102457.0,162.5886590464466,242.1652328473268,300.1283058959951,321.1277160644531,365.0024719238281,271.5247497558594,0.0,2.0
423.5,102737.0,162.62352882372417,242.33241632105268,300.892007205243,321.0290832519531,365.8031005859375,271.743408203125,0.0,2.0
424.0,101690.0,162.8977629927426,242.63872320581686,300.892007205243,320.35650634765625,366.213134765625,271.8162536621094,0.0,2.0
424.5,102612.0,162.62669894478893,242.7385424690525,300.3747659175118,318.8050842285156,365.6102294921875,272.83526611328125,0.0,2.0
425.0,102651.0,162.56688972376793,242.95266857941147,301.0398644698074,319.4129333496094,366.82568359375,271.4967041015625,0.0,2.0
425.5,102313.0,163.59846804350008,243.48552305061008,301.0398644698074,318.6623229980469,367.6346740722656,271.8950500488281,0.0,3.0
426.0,102710.0,162.9368791177253,243.45399965670285,301.21918929576844,316.856201171875,368.6960754394531,272.06982421875,0.0,3.0
426.5,102484.0,163.49693907645045,243.52617929085162,301.3187680845652,318.3490295410156,368.1981506347656,271.8326416015625,0.0,3.0
427.0,102984.0,163.41109322961012,243.74166652421167,302.0761493398643,321.6854248046875,366.3887634277344,272.12213134765625,0.0,4.0
427.5,102874.0,163.40276346598225,243.9610624669437,302.72925197278175,321.49627685546875,366.9925842285156,272.12274169921875,0.0,6.0
428.0,103525.0,163.70963030911307,244.1614216624251,302.72925197278175,321.7174987792969,366.90673828125,272.1456604003906,0.0,3.0
428.5,103245.0,163.76619764706447,244.38698819699874,302.97854709533476,323.3828125,366.6353454589844,272.2288513183594,0.0,3.0
429.0,103911.0,163.63114885811018,244.62931138888587,302.97854709533476,323.1976013183594,366.2409362792969,272.6582946777344,0.0,3.0
429.5,103650.0,163.87442770288985,245.0673376849718,303.1171390733292,322.5907897949219,366.84490966796875,272.5106506347656,0.0,2.0
430.0,102719.0,164.8878444483526,245.47464222624683,304.2367499169027,323.8996276855469,366.47406005859375,273.2113342285156,0.0,4.0
430.5,103559.0,164.4030325950402,245.3923389065392,303.606653418531,321.7314147949219,367.7054138183594,272.8807373046875,0.0,4.0
431.0,103944.0,164.2833838658076,245.55243839147678,303.78446306550967,321.6969909667969,367.6338195800781,272.958984375,0.0,4.0
431.5,103938.0,164.81409382267415,246.0003048767893,303.8634561772771,318.9945983886719,369.0017395019531,273.6510925292969,0.0,4.0
432.0,104192.0,164.74144777293105,246.13004692641653,304.38462510448846,319.8396301269531,368.68792724609375,273.9963073730469,0.0,5.0
432.5,104098.0,165.12062773789543,246.41834347304587,304.38462510448846,319.0538635253906,369.10791015625,274.1163330078125,0.0,4.0
433.0,104485.0,164.8295536842051,246.59480935331953,305.16389039334257,320.6473083496094,368.721435546875,274.31121826171875,0.0,5.0
433.5,104446.0,165.07590125656245,246.61863270894452,305.0131144721486,320.6302795410156,368.26385498046875,274.462890625,0.0,3.0
434.0,104256.0,165.31036914810124,246.75899173079793,305.0131144721486,318.9895324707031,369.4794006347656,274.4425354003906,0.0,3.0
434.5,104628.0,165.54507192654046,246.98582955303326,305.16389039334257,319.42083740234375,368.8395080566406,274.9298095703125,0.0,6.0
435.0,104790.0,165.53669096702467,247.24481794367298,305.9444394003591,319.2110595703125,369.4148864746094,275.3968811035156,0.0,5.0
435.5,104978.0,165.6119024772158,247.7528001765599,306.10455730027934,318.348388671875,370.19671630859375,275.4939270019531,0.0,3.0
436.0,105184.0,165.564934780638,247.82130657329623,305.9444394003591,317.67645263671875,370.4233093261719,275.4803466796875,0.0,3.0
436.5,105589.0,165.64190877135235,247.95160818191923,306.72626232522055,319.05938720703125,369.6185607910156,276.13226318359375,0.0,3.0
437.0,105224.0,166.08675286277665,248.35830970491648,306.72626232522055,318.12646484375,369.9165344238281,276.43524169921875,0.0,5.0
437.5,104043.0,167.3097389741111,249.0606351408922,307.5093494513622,318.77008056640625,370.03997802734375,276.7710266113281,0.0,2.0
438.0,104455.0,167.38755608749824,249.26592221737093,307.5093494513622,318.77008056640625,370.03997802734375,276.7710266113281,0.0,4.0
438.5,104239.0,167.53579431526296,249.6237168219398,307.5093494513622,317.7741394042969,370.220458984375,277.2060852050781,0.0,4.0
439.0,106029.0,166.68314956960776,249.2512787382973,307.8473647767673,320.1235046386719,369.26702880859375,277.1054992675781,0.0,4.0
439.5,106017.0,166.6902839374621,249.42533953069002,308.4623153644542,321.0470275878906,369.1106262207031,277.27716064453125,0.0,4.0
440.0,106297.0,166.7008966725584,249.63653572454024,309.5367506452182,321.104248046875,369.5959167480469,277.75225830078125,0.0,3.0
440.5,106587.0,167.2419156791906,249.7746984717105,309.38164134285665,322.0265808105469,368.4386901855469,277.9253845214844,0.0,4.0
441.0,106527.0,167.0421867244544,250.0079998720041,309.38164134285665,319.2934265136719,369.69195556640625,278.5023498535156,0.0,5.0
441.5,106982.0,167.03719638979413,249.99399992799826,309.38164134285665,319.9902648925781,368.9805603027344,278.6700744628906,0.0,5.0
442.0,107181.0,167.0691226469306,250.1919263285688,310.0096772683072,321.0669860839844,369.1338195800781,278.5009460449219,0.0,5.0
442.5,106797.0,167.59638580450894,250.585713877234,310.31919051196303,321.65093994140625,369.094970703125,278.6622009277344,0.0,5.0
443.0,106982.0,167.58264074168088,250.79872407968904,310.94211679989576,324.2422790527344,368.0693664550781,278.5916748046875,0.0,5.0
443.5,107023.0,167.59115933147683,251.05497404809196,310.787708894673,322.5243835449219,369.02508544921875,278.5534973144531,0.0,4.0
444.0,106615.0,168.08060462046603,251.4358765172544,310.787708894673,321.73980712890625,369.435791015625,278.67498779296875,0.0,3.0
444.5,107265.0,168.0444321793864,251.74352022897693,311.4161203277698,322.4539489746094,368.8568420410156,279.3122253417969,0.0,3.0
445.0,107463.0,168.0332923219248,251.9835312015663,311.5670072392133,321.4193420410156,369.338623046875,279.75396728515625,0.0,3.0
445.5,107587.0,168.6879293198605,252.1773185611619,311.5670072392133,321.4193420410156,369.338623046875,279.75396728515625,0.0,3.0
446.0,107132.0,168.64277752237925,252.52445413840783,312.1938500355188,324.5957336425781,367.4681396484375,280.0259094238281,0.0,5.0
446.5,107190.0,168.7436799591482,252.65985039178662,312.04647089816604,323.1302795410156,367.7608337402344,280.3918762207031,0.0,3.0
447.0,107610.0,168.50980487236615,252.63412279421004,312.3475628206502,324.5759582519531,367.0881042480469,280.6001892089844,0.0,1.0
447.5,108003.0,168.7559834344185,252.9693657168981,312.50759990758627,323.5842590332031,367.5512390136719,281.037353515625,0.0,4.0
448.0,108040.0,168.81534835132064,253.21374369697375,312.50759990758627,320.27215576171875,368.54400634765625,282.1177978515625,0.0,3.0
448.5,106701.0,170.0893930423771,253.73411280314676,312.50759990758627,323.0081787109375,366.9221496582031,281.8821716308594,0.0,5.0
449.0,108044.0,169.50007717511556,253.66483792497655,313.29219588109754,324.6410217285156,366.21014404296875,282.3745422363281,0.0,4.0
449.5,107813.0,169.76383847237764,254.03149411047443,313.91240816508036,326.390869140625,365.4920349121094,282.55023193359375,0.0,3.0
450.0,108335.0,169.57578082758465,254.08482827621484,314.0780157858872,326.3285217285156,365.48016357421875,282.8703308105469,0.0,4.0
450.5,108000.0,169.93493269281802,254.56236956785267,314.6966793596653,327.3284606933594,365.48016357421875,282.87030029296875,0.0,5.0
451.0,108082.0,170.73263030785756,254.57788591954932,314.6966793596653,327.3284606933594,365.48016357421875,282.87030029296875,0.0,5.0
451.5,109240.0,170.01065262999236,254.43476570590065,314.6966793596653,326.4904479980469,366.1088562011719,282.8128662109375,0.0,4.0
452.0,108383.0,170.27492559961738,254.86663179004034,314.6966793596653,325.4136962890625,366.3223876953125,283.23712158203125,0.0,4.0
452.5,108686.0,170.24186091427188,255.15681452785068,314.6966793596653,323.39788818359375,367.3484191894531,283.52459716796875,0.0,6.0
453.0,109143.0,170.21432030188498,255.48581173912575,316.10124960208555,324.9844970703125,367.13458251953125,284.1952209472656,0.0,4.0
453.5,108863.0,170.60551301527582,255.5249498581303,315.48217065311314,323.0380554199219,367.618896484375,284.3294372558594,0.0,5.0
454.0,107463.0,171.7976208647287,255.98808565958032,315.15869018638847,321.9502258300781,367.8415832519531,284.4566650390625,0.0,4.0
454.5,108540.0,171.17930300831216,256.03144338005706,315.3173005085512,318.0,370.0,285.24383544921875,0.0,5.0
455.0,109097.0,171.13101175721025,256.1971896504039,316.10124960208555,321.9142761230469,368.32818603515625,284.9554748535156,0.0,5.0
455.5,108896.0,171.52384704794702,256.46442246166913,315.65329081129505,319.69207763671875,368.9342346191406,285.4056091308594,0.0,7.0
456.0,109682.0,171.2016448474509,256.72524223063533,315.83065082414026,320.5673522949219,368.6343994140625,285.4078063964844,0.0,5.0
456.5,109887.0,171.22041170306258,257.14781741247583,316.62280397975127,322.34747314453125,368.0139465332031,285.7470703125,0.0,4.0
457.0,109668.0,171.58588317091238,257.38881094561975,316.0142401854701,322.3389892578125,367.384765625,285.71746826171875,0.0,5.0
457.5,110012.0,171.55944544734263,257.72077913897436,316.0142401854701,321.42462158203125,367.1227111816406,286.4435119628906,0.0,4.0
458.0,110453.0,171.92998437263114,257.9329370187106,316.80909077865806,322.8596496582031,366.6959533691406,286.8356628417969,0.0,5.0
458.5,110623.0,171.96884489648895,258.44341740504825,317.00157728314224,321.9732971191406,367.1090087890625,287.2630920410156,0.0,4.0
459.0,110862.0,171.98265206000934,258.49564793241683,317.60510071470827,323.724609375,366.5487365722656,287.3191833496094,0.0,6.0
459.5,110888.0,172.46852083312874,258.7682360723588,316.40006321111883,319.9225158691406,367.097900390625,287.8519592285156,0.0,6.0
460.0,110571.0,172.64524949620503,258.91697499455756,316.40006321111883,319.0,367.5,288.2573547363281,0.0,4.0
460.5,111216.0,172.44243194211893,259.1254522211789,315.8005699804863,315.88226318359375,368.24200439453125,288.5958251953125,0.0,4.0
461.0,110290.0,173.40192416336913,259.724854413281,315.8005699804863,315.04107666015625,368.8278503417969,288.5855712890625,0.0,7.0
461.5,111249.0,172.7102299536961,259.83263844251746,315.8005699804863,314.0,369.5,288.9105529785156,0.0,4.0
462.0,111543.0,173.21209319565537,259.95480374802816,315.65329081129505,316.5,368.5,288.7603759765625,0.0,4.0
462.5,110896.0,173.80112996650726,260.32911850958396,316.0063290505429,315.0,369.5,288.6109924316406,0.0,5.0
463.0,111175.0,173.75903829875693,260.4169733331528,316.0142401854701,315.0,369.5,288.9105529785156,0.0,5.0
463.5,111091.0,173.64816181206746,260.76809620810593,316.0142401854701,313.5,370.0,288.9399719238281,0.0,5.0
464.0,110201.0,174.67589139203736,261.283371074395,316.7222758190525,315.0,370.0,289.38739013671875,0.0,4.0
464.5,110684.0,174.74616953882932,261.3677485521153,316.7222758190525,314.5,370.0,289.2374572753906,0.0,4.0
465.0,111956.0,173.86945516211134,261.38094785428524,317.1907943178679,314.0,370.0,289.38739013671875,0.0,4.0
465.5,112087.0,173.66629114655413,261.7166405694231,317.1907943178679,313.5,370.5,289.714599609375,0.0,6.0
466.0,112041.0,174.26156895309316,262.0686932847951,317.1907943178679,314.5,370.0,289.89532470703125,0.0,3.0
466.5,112382.0,174.07551231120945,262.26894593146176,317.60510071470827,314.5,370.0,289.89532470703125,0.0,3.0
467.0,112405.0,174.35003668200775,262.48809496813374,317.4161306550126,314.0,370.0,290.3412780761719,0.0,4.0
467.5,112986.0,174.33455932253435,262.41808244454813,317.4161306550126,314.0,370.0,290.3412780761719,0.0,2.0
468.0,113060.0,174.49987676136672,262.8200905353277,318.0251562376788,314.5,370.0,290.4914855957031,0.0,2.0
468.5,113093.0,174.57381625163316,262.9923953273174,318.6361561405108,315.0,369.5,291.1190490722656,0.0,2.0
469.0,113191.0,174.73029504394407,263.28406710601627,318.8181299738144,316.0,369.5,291.1190490722656,0.0,3.0
469.5,113387.0,175.1474035955237,263.48624252510797,318.8181299738144,315.0,370.0,291.29547119140625,0.0,2.0
470.0,112964.0,175.61209868800594,263.96287616382773,319.24911902775864,316.0,370.0,291.29547119140625,0.0,3.0
470.5,113213.0,175.4384231194801,264.07309591519083,319.24911902775864,317.0,369.5,291.1190490722656,0.0,4.0
471.0,113049.0,175.98657027530118,264.3709515056448,319.4010018769509,315.0,370.5,291.772705078125,0.0,4.0
471.5,111977.0,176.61440686734932,265.06338863539065,320.4808886657674,315.0,370.5,291.772705078125,0.0,6.0
472.0,114118.0,175.75560239496488,264.4617174564213,320.6009981269553,315.5,370.0,292.1015319824219,0.0,6.0
472.5,113758.0,175.87154042574844,264.69822439817204,321.2039850313193,315.3606872558594,370.38909912109375,292.4320373535156,0.0,3.0
473.0,113951.0,175.82521028066003,265.01415042959115,322.001552791287,318.72430419921875,369.2078552246094,292.3185119628906,0.0,5.0
473.5,113181.0,176.7063568164903,265.32432983049256,322.41588050218616,319.574951171875,368.7845458984375,292.48980712890625,0.0,4.0
474.0,113052.0,177.33362293113814,265.8270114190806,323.21045775160184,320.06103515625,368.83123779296875,293.00274658203125,0.0,7.0
474.5,114571.0,176.01712224691695,265.9323222175146,324.4271875167061,324.1279602050781,367.6219482421875,292.8486633300781,0.0,4.0
475.0,114323.0,176.53340209427603,266.06145906000614,325.0384592629002,327.57220458984375,366.2138977050781,292.67279052734375,0.0,4.0
475.5,114728.0,176.45120566211486,266.1522120892479,325.4796460610095,328.2403564453125,365.6899719238281,293.0079650878906,0.0,5.0
476.0,114773.0,176.87800531068623,266.3174797117155,325.4796460610095,328.83831787109375,365.135009765625,293.141845703125,0.0,7.0
476.5,114866.0,177.12878284170083,266.66083326952986,326.0981447355995,328.5018310546875,365.6291198730469,293.4669189453125,0.0,8.0
477.0,115733.0,176.78552043086896,266.7376988728815,326.0981447355995,328.3131408691406,365.20458984375,293.9248962402344,0.0,7.0
477.5,115064.0,177.14775840521858,267.2881403619273,327.0550412392385,331.654296875,364.3614807128906,293.9356994628906,0.0,6.0
478.0,115591.0,177.10048598472542,267.3368660398929,326.44141894067303,330.71209716796875,364.4965515136719,293.7908020019531,0.0,5.0
478.5,115665.0,177.48018915325576,267.7480158656643,327.0550412392385,331.2662048339844,364.5205383300781,294.0111389160156,0.0,8.0
479.0,115775.0,177.5748120580154,267.80253917445884,327.23233336576016,330.41192626953125,364.7940368652344,294.54443359375,0.0,6.0
479.5,116058.0,177.68838509182208,268.02984908401527,327.84447532328494,331.2130126953125,364.3276062011719,295.0447082519531,0.0,6.0
480.0,114666.0,178.9385063977932,268.6037974415105,327.84447532328494,330.6920471191406,363.1073303222656,296.3535461425781,0.0,6.0
480.5,116027.0,178.25157891290974,268.48649872945197,328.0243893371345,332.11407470703125,364.01416015625,295.1376953125,0.0,5.0
481.0,114865.0,179.18815151968613,268.77871939571406,328.0243893371345,332.05621337890625,363.877197265625,295.28411865234375,0.0,6.0
481.5,116290.0,178.41128306504726,268.8215021161812,328.2102984368406,330.2864074707031,364.9433288574219,295.6383056640625,0.0,5.0
482.0,115008.0,179.3321329199408,269.0724809414742,328.2102984368406,329.3274841308594,362.6888122558594,298.05694580078125,0.0,4.0
482.5,116463.0,178.66207962060105,269.2147841316163,328.2102984368406,330.3022766113281,364.02557373046875,296.52581787109375,0.0,5.0
483.0,114896.0,180.01469746400716,269.7670290897266,328.40219244091537,327.6200866699219,363.99566650390625,298.1747131347656,0.0,4.0
483.5,116067.0,179.45320659959035,269.7141078981192,328.40219244091537,328.32000732421875,364.7306213378906,297.2905578613281,0.0,5.0
484.0,116080.0,179.64464402435956,269.80363229578654,328.60006086426705,329.5465393066406,363.9725646972656,297.4905090332031,0.0,7.0
484.5,117141.0,179.07593249507656,269.69983314789056,328.60006086426705,329.091064453125,362.88421630859375,298.65582275390625,0.0,5.0
485.0,117699.0,178.80216721955074,269.8249432359323,328.60006086426705,328.7633056640625,364.0937805175781,297.8002624511719,0.0,3.0
485.5,117781.0,179.04498488930798,270.2831848265815,329.20054677961883,330.4676818847656,363.78375244140625,297.69256591796875,0.0,6.0
486.0,116174.0,180.50251179564984,270.83574357901875,329.20054677961883,328.3046569824219,364.6351623535156,298.114501953125,0.0,4.0
486.5,117616.0,179.02876480851478,270.60118255469615,329.20054677961883,328.3550720214844,364.7537536621094,297.98736572265625,0.0,5.0
487.0,117841.0,179.54610664617175,270.7397274136177,329.802971484491,329.1472473144531,364.2651062011719,298.5116882324219,0.0,4.0
487.5,117966.0,179.8243241903131,271.1092950389165,330.4073243740217,331.6445007324219,362.2034606933594,299.46929931640625,0.0,5.0
488.0,116762.0,180.7866771192479,271.31162894354526,330.60096793566714,330.17633056640625,363.910888671875,299.1146545410156,0.0,4.0
488.5,116557.0,181.2332982281235,271.56619807033087,330.60096793566714,330.800537109375,363.58233642578125,299.0653991699219,0.0,3.0
489.0,117499.0,180.64472770185992,271.3005713226568,330.4073243740217,330.94970703125,363.69512939453125,298.6993408203125,0.0,5.0
489.5,118379.0,180.20654798556242,271.2065633424088,331.0135948869774,331.2218322753906,362.9581298828125,299.5794372558594,0.0,4.0
490.0,118456.0,180.38390355316935,271.4940146669904,331.20386471175124,331.75311279296875,363.4671936035156,299.1880798339844,0.0,4.0
490.5,118494.0,180.70574964445763,271.773803005367,331.621772505968,330.91729736328125,363.9416809082031,299.4413146972656,0.0,5.0
491.0,119101.0,180.57267969313068,271.91175038971744,332.2318467576521,329.3981628417969,365.335693359375,299.6235656738281,0.0,3.0
491.5,118668.0,180.8467161758023,272.1488563268271,332.2318467576521,328.6975402832031,365.4341125488281,299.9218444824219,0.0,4.0
492.0,118371.0,181.41486826335827,272.36464524408643,332.6695056659086,328.1849365234375,365.85845947265625,300.1093444824219,0.0,4.0
492.5,117081.0,182.0735449980382,272.888255518628,332.6695056659086,328.31146240234375,365.4580993652344,300.71038818359375,0.0,5.0
493.0,117995.0,182.2427580964723,273.02930245671433,333.2101439032131,327.4709777832031,366.8700256347656,300.5181884765625,0.0,5.0
493.5,117252.0,182.46754791458542,273.3386178350948,332.6048706799105,325.80450439453125,367.28955078125,300.5303039550781,0.0,4.0
494.0,118113.0,182.8260139401383,273.4827233972763,333.2101439032131,325.2769470214844,367.373046875,301.2978210449219,0.0,6.0
494.5,118727.0,182.2821751250232,273.5892907145443,333.2101439032131,324.5852355957031,367.7397766113281,301.3730163574219,0.0,5.0
495.0,119300.0,182.09772215822122,273.72431386341987,333.4021595610922,321.9784851074219,369.1651611328125,301.9097595214844,0.0,4.0
495.5,119756.0,182.0273326820015,273.8868379276412,333.2101439032131,322.2585144042969,368.6557312011719,301.9042053222656,0.0,4.0
496.0,119650.0,182.2299220040672,274.0656855573131,333.2101439032131,319.5559387207031,370.0807189941406,302.2481994628906,0.0,5.0
496.5,118332.0,183.4821136844645,274.612454196819,333.81731530883775,321.1811828613281,369.3359069824219,302.5081787109375,0.0,5.0
497.0,120232.0,182.55185591556005,274.85050479650727,333.90567530367014,319.1723937988281,370.07525634765625,303.0394592285156,0.0,6.0
497.5,118529.0,183.71138307245087,275.1817581163403,333.2101439032131,317.26300048828125,370.2230529785156,303.4380187988281,0.0,7.0
498.0,118920.0,183.78409469912205,275.3924472457442,333.90567530367014,318.4345703125,369.5218200683594,303.7779541015625,0.0,4.0
498.5,119252.0,183.91482256793876,275.54491466909707,333.90567530367014,315.93048095703125,370.86102294921875,304.1679382324219,0.0,3.0
499.0,119490.0,184.16939009180368,275.83183280214024,334.0059879702758,316.11639404296875,370.95245361328125,304.3174133300781,0.0,3.0
499.5,119613.0,184.14771105039466,276.00724628168734,334.20053859920694,316.16766357421875,371.40423583984375,304.1642150878906,0.0,4.0
500.0,121270.0,183.16747045236247,276.11990146857397,334.07334524023315,312.4872741699219,372.9757385253906,304.7273864746094,0.0,4.0
500.5,120466.0,183.39526501356096,276.4706132665821,334.07334524023315,313.5,372.5,305.17626953125,0.0,4.0
501.0,121231.0,183.6184530071503,276.6224864323217,333.45764348714516,313.0,372.5,305.329833984375,0.0,4.0
501.5,120013.0,184.84957184289343,276.94295441339125,333.63453058698826,312.5,373.0,305.95965576171875,0.0,2.0
502.0,120033.0,184.9846992887846,277.308492477241,333.81731530883775,310.2441711425781,373.7325439453125,305.96881103515625,0.0,3.0
502.5,121696.0,183.9956169126633,277.1371501621535,333.81731530883775,309.0,374.0,306.1111755371094,0.0,4.0
503.0,122005.0,183.94074270750872,277.2183255125822,333.81731530883775,308.5,374.0,306.5946960449219,0.0,4.0
503.5,120522.0,185.24946227794973,277.58422145359776,334.0059879702758,309.0,374.0,306.43280029296875,0.0,4.0
504.0,121325.0,184.79432834158428,277.58422145359776,334.0059879702758,311.3446044921875,373.0338134765625,306.2863464355469,0.0,4.0
504.5,122135.0,184.45321960940873,277.50657648759324,334.61171527607934,311.3973083496094,373.19195556640625,306.4530334472656,0.0,4.0
505.0,120677.0,185.5999164667494,277.9946042641835,334.61171527607934,308.5447692871094,374.1517028808594,306.7527160644531,0.0,5.0
505.5,120724.0,185.89344291799193,278.2981315057441,334.61171527607934,307.0,374.5,307.5326232910156,0.0,5.0
506.0,122413.0,185.01367844202423,278.1726082848561,334.61171527607934,307.0,374.0,308.006591796875,0.0,3.0
506.5,120498.0,186.17098322656025,278.7744607630893,334.61171527607934,309.0,373.0,308.6390380859375,0.0,3.0
507.0,121140.0,186.19174228927122,278.9604809734132,334.61171527607934,307.0,373.5,308.7997741699219,0.0,4.0
507.5,123108.0,184.87617019646035,278.4546641735419,334.61171527607934,307.5,373.0,309.1137390136719,0.0,4.0
508.0,120554.0,186.2234706368594,279.12183719659055,334.61171527607934,308.0,372.5,309.42901611328125,0.0,4.0
508.5,121572.0,186.51649930879853,279.3027031734566,334.8029271078734,306.5,373.0,309.74554443359375,0.0,5.0
509.0,120243.0,187.0093305216891,279.859786308819,335.40721518774757,305.5,373.5,310.2201843261719,0.0,4.0
509.5,122074.0,186.6034773517538,279.58898404622454,335.40721518774757,308.3497619628906,373.04931640625,309.4322814941406,0.0,5.0
510.0,121957.0,186.91292985880824,280.0803456153252,336.0133925902359,309.0,373.5,310.0633850097656,0.0,5.0
510.5,121931.0,187.01093534486864,280.40149785619906,336.0133925902359,308.5,373.5,310.2201843261719,0.0,5.0
511.0,121597.0,187.1435029080551,280.5298558086109,335.8466912149054,308.5,373.5,310.5359191894531,0.0,4.0
511.5,122334.0,187.38506985948152,280.80313386509636,336.0133925902359,307.5,373.5,310.85455322265625,0.0,3.0
512.0,122232.0,187.67481254586164,281.1518272979123,336.2038072360276,309.0,373.0,310.8521423339844,0.0,3.0
512.5,123345.0,186.87384369208263,281.0,336.0729087564185,307.7493591308594,373.2480773925781,310.69586181640625,0.0,3.0
513.0,123984.0,186.76410869287693,280.9270367906941,336.0729087564185,309.0,372.5,311.3266906738281,0.0,4.0
513.5,124182.0,186.99314407239416,281.298773548695,336.6570955735227,306.5,373.0,311.9764404296875,0.0,4.0
514.0,123062.0,187.4352376173962,281.6408173327742,336.6570955735227,307.5,372.0,311.9764404296875,0.0,4.0
514.5,123510.0,188.0409276136382,281.83443720203735,336.304921165302,306.5,373.0,311.9764404296875,0.0,4.0
515.0,124916.0,187.1079738680639,281.8035663103708,336.304921165302,306.5,373.0,311.9764404296875,0.0,5.0
515.5,123357.0,188.42381123481528,282.15492185615295,336.0729087564185,306.0,373.0,312.4740905761719,0.0,6.0
516.0,123405.0,188.56750461602138,282.1205416129779,336.304921165302,305.5,373.0,312.6248779296875,0.0,3.0
516.5,123604.0,188.72790469892357,282.44999557443793,336.304921165302,306.0,373.0,312.7763671875,0.0,4.0
517.0,124371.0,188.35817703515468,282.3419911592591,336.304921165302,304.0,373.5,312.9142150878906,0.0,3.0
517.5,124734.0,188.22143286961202,282.65482479908786,335.87199942835366,303.5,373.5,312.75958251953125,0.0,4.0
518.0,123893.0,189.22332906851992,283.01590061337544,336.5427164566186,302.740234375,373.9230041503906,312.9287109375,0.0,5.0
518.5,123969.0,189.36462135847125,283.1112855067516,336.5427164566186,302.5,374.0,313.2352294921875,0.0,6.0
519.0,125745.0,188.3969399645353,283.0989226401259,336.5427164566186,304.5,373.0,313.5782165527344,0.0,4.0
519.5,125594.0,188.73651743476702,283.37104640846684,336.5427164566186,303.5,373.0,313.2783203125,0.0,5.0
520.0,126072.0,188.50348903249406,283.30001764369206,337.12015662075146,304.2975158691406,372.7830505371094,312.95404052734375,0.0,4.0
520.5,124804.0,189.73174903740406,283.6370920736567,337.12015662075146,304.9792785644531,372.0733642578125,313.1450500488281,0.0,5.0
521.0,124171.0,189.87775873862404,284.06161302946543,337.9363845459675,305.5763244628906,372.24102783203125,313.488037109375,0.0,6.0
521.5,124955.0,189.891817286278,283.8820176320721,337.3603414748094,304.8504638671875,372.08294677734375,313.4622497558594,0.0,4.0
522.0,125020.0,190.21670040112232,283.95246080990387,337.3603414748094,304.6825866699219,371.6640930175781,313.9117431640625,0.0,4.0
522.5,124627.0,190.57685161013495,284.2534080710379,337.37960815674677,303.5940856933594,372.513427734375,314.3741760253906,0.0,4.0
523.0,124076.0,190.78247581361444,284.4639694757665,337.9363845459675,303.52423095703125,372.20062255859375,314.6935729980469,0.0,4.0
523.5,124764.0,190.94342721101373,284.541736833105,338.178946713127,304.4695129394531,371.90130615234375,314.7034912109375,0.0,4.0
524.0,125095.0,190.6879440190172,284.60850303530987,338.53360246805636,305.6220703125,371.21966552734375,314.7377014160156,0.0,5.0
524.5,125300.0,190.69591170052266,284.52943608702424,340.06617003165724,307.1814270019531,370.9245300292969,315.265380859375,0.0,5.0
525.0,127099.0,189.60573532587128,284.29737951659,340.06617003165724,306.702392578125,371.0527648925781,315.5528259277344,0.0,4.0
525.5,125304.0,191.0968419277933,284.85083815920217,340.06617003165724,306.30633544921875,371.32525634765625,315.68499755859375,0.0,5.0
526.0,126017.0,190.74581881367928,285.0080700534077,340.70808619696714,307.388671875,370.983642578125,315.7070617675781,0.0,6.0
526.5,125839.0,191.03389872128963,285.2367437761131,340.70808619696714,306.5184631347656,371.77325439453125,315.8726806640625,0.0,5.0
527.0,125767.0,191.42250621647227,285.49570923166976,341.35172476494097,307.3794250488281,371.96966552734375,315.7230529785156,0.0,4.0
527.5,126120.0,191.50234506569194,285.4645336990219,341.23452345857385,306.6673278808594,372.1744689941406,316.0115966796875,0.0,5.0
528.0,125383.0,192.0462090783007,285.7726368986366,341.35172476494097,306.47784423828125,372.387451171875,316.1498718261719,0.0,7.0
528.5,125660.0,192.08244806242067,285.89010126041853,341.35172476494097,305.9666748046875,372.5343017578125,316.4502868652344,0.0,4.0
529.0,126267.0,191.9391294254071,285.9239409072721,341.35172476494097,305.0,373.5,317.06671142578125,0.0,6.0
529.5,126504.0,191.92933709153814,286.0087411251621,341.9970760108922,306.0,373.5,317.06671142578125,0.0,4.0
530.0,126830.0,192.01103015669014,286.1391268092769,342.7608495729931,306.5,373.0,317.3945617675781,0.0,6.0
530.5,126744.0,192.10558566590092,286.1835075611451,342.7608495729931,305.5,374.0,317.3945617675781,0.0,6.0
531.0,127270.0,191.97864412393278,286.20831572110944,342.7608495729931,306.5,373.5,317.8719177246094,0.0,5.0
531.5,127055.0,192.20099096581103,286.36113554067174,342.24260401066374,307.0,373.5,318.02093505859375,0.0,4.0
532.0,127189.0,192.28322634525713,286.4349838968697,343.4064647032726,307.0,373.5,318.3210754394531,0.0,4.0
532.5,127398.0,192.39923422891292,286.6780424072423,343.29287787543745,308.0,373.0,318.7978210449219,0.0,3.0
533.0,127996.0,191.4918637500872,286.60251220113196,343.94330928221297,308.5,373.0,318.9487609863281,0.0,5.0
533.5,127529.0,192.78443482571535,286.8327038536575,343.8386249390839,308.5,373.0,318.9487609863281,0.0,5.0
534.0,127553.0,192.87744623031728,287.0139369438355,344.59541494337964,308.0,373.0,318.7978210449219,0.0,7.0
534.5,129041.0,192.17138722393534,286.8815086407627,344.70277051396033,308.25408935546875,372.7627868652344,318.6482849121094,0.0,10.0
535.0,128519.0,192.5265694111444,287.1114766079545,344.59541494337964,308.1507263183594,372.4526672363281,318.97515869140625,0.0,6.0
535.5,127951.0,193.18252435487756,287.3316898308891,345.2491853719571,311.5,371.0,319.25274658203125,0.0,5.0
536.0,128147.0,193.40708223613507,287.6890682664185,345.15069172754096,307.5,372.5,319.78204345703125,0.0,6.0
536.5,127760.0,193.93552174729322,288.00894083120323,345.90461112855957,310.5,372.0,320.2051086425781,0.0,5.0
537.0,128066.0,193.8145909424594,288.00824640873543,345.80919594481577,310.0,372.0,320.3576965332031,0.0,4.0
537.5,127755.0,194.37746706659772,288.334874755032,345.80919594481577,309.0,372.0,321.3099060058594,0.0,4.0
538.0,127928.0,193.69943252710993,288.44046175145,346.5616828213991,309.5,372.0,321.4627685546875,0.0,4.0
538.5,128347.0,194.17107732789077,288.5012998237616,346.5616828213991,309.5,371.5,321.9387512207031,0.0,4.0
539.0,128679.0,194.24408871718006,288.7663415289254,345.90461112855957,308.5,371.5,321.9387512207031,0.0,6.0
539.5,129070.0,194.24339868330793,288.7923129170858,346.0057802985378,308.5,372.0,322.414794921875,0.0,5.0
540.0,129260.0,194.25483185073955,288.9792380085462,346.10114128676315,310.0,371.5,322.73876953125,0.0,5.0
540.5,128547.0,194.88629748818164,289.3867654184847,346.0057802985378,310.5,371.0,322.7217102050781,0.0,6.0
541.0,129386.0,194.65343289101634,289.5582842883277,346.6597755725345,308.0404357910156,372.12127685546875,322.7422180175781,0.0,5.0
541.5,129653.0,194.92634301206405,289.8844597421531,347.38451318387814,305.0,373.5,323.66387939453125,0.0,5.0
542.0,129775.0,194.98880467840402,290.0301708174461,347.731218040601,305.0,373.5,323.9866027832031,0.0,4.0
542.5,129506.0,195.18138774180193,290.187870042563,348.08045047086455,305.5,373.5,324.14898681640625,0.0,5.0
543.0,130793.0,194.45120816516186,290.1930391997713,347.731218040601,305.0,373.0,324.45965576171875,0.0,7.0
543.5,129936.0,195.25150099844515,290.59593939199954,347.6377424849034,307.5,372.0,324.3336486816406,0.0,6.0
544.0,130226.0,195.21043285976847,290.766229125736,347.85198001448833,306.5,372.0,324.9481506347656,0.0,8.0
544.5,130209.0,195.54749712777635,291.10994486619654,347.6377424849034,307.0,371.5,324.97125244140625,0.0,5.0
545.0,129816.0,195.56691307465974,291.5334456512112,347.6377424849034,307.0,371.5,324.97125244140625,0.0,5.0
545.5,130537.0,195.81703101793883,291.6058984314275,347.6377424849034,306.5,371.5,325.13775634765625,0.0,7.0
546.0,130522.0,195.8717908892682,291.7955619833272,348.5699355939924,306.0,372.5,325.3049621582031,0.0,5.0
546.5,130656.0,196.08074759234265,292.01712277057476,349.2978671563856,307.0,372.5,325.6413879394531,0.0,6.0
547.0,130669.0,196.18795482287948,292.0616373302047,349.86425939212484,306.5,373.0,325.9437255859375,0.0,7.0
547.5,130465.0,196.47024224435557,292.26357966739545,349.502503567571,305.5,372.5,326.4147033691406,0.0,6.0
548.0,130466.0,196.77721214141124,292.5149568825499,349.86425939212484,305.5,372.0,327.22210693359375,0.0,7.0
548.5,132172.0,195.7876131831832,292.41238003887594,350.2284968417048,306.0,371.0,328.3322448730469,0.0,6.0
549.0,130873.0,196.99845532293912,292.77158330975374,350.7962371519968,305.5,372.0,328.1635437011719,0.0,7.0
549.5,131218.0,196.93932642528486,292.9218325359607,350.7962371519968,305.5,373.0,327.22210693359375,0.0,7.0
550.0,131758.0,196.77218642428642,293.21255088087213,351.15950791627444,306.0,372.5,327.8617248535156,0.0,6.0
550.5,131671.0,197.09643296435374,293.429719012918,351.15950791627444,306.0,371.5,328.8028564453125,0.0,7.0
551.0,132527.0,196.55664002565717,293.43449011703484,351.728588545202,305.5,372.5,328.6343994140625,0.0,7.0
551.5,131699.0,197.42544123061802,293.7481914837945,351.8934497827432,307.0,372.0,328.6716613769531,0.0,9.0
552.0,131741.0,197.61172308846244,294.0493155917898,352.66131060835124,305.5,372.5,329.5763244628906,0.0,9.0
552.5,131884.0,197.57282122411064,294.2668856667362,352.264105466339,307.5,371.5,329.312255859375,0.0,10.0
553.0,133337.0,196.7776576246005,294.25329225006135,352.4556709715422,306.5,372.0,329.4424133300781,0.0,9.0
553.5,131975.0,197.78486406493965,294.4708811156599,352.82290175100593,306.5,372.0,329.7822265625,0.0,8.0
554.0,132356.0,197.86312811122104,294.55602176197283,353.3864739912947,306.0,372.5,330.082275390625,0.0,8.0
554.5,132385.0,197.8706144164856,294.75583113568723,353.7527385053012,306.0,372.5,330.42291259765625,0.0,11.0
555.0,133592.0,197.24530878721598,294.7303852676205,354.31765409022455,305.5,373.0,330.722412109375,0.0,7.0
555.5,132215.0,198.36564539276992,295.2371927789587,354.31765409022455,305.5,372.5,331.192626953125,0.0,7.0
556.0,132522.0,198.50624944809036,295.51311307622206,355.2492083031291,306.5,372.5,331.79595947265625,0.0,7.0
556.5,132708.0,198.4350299593792,295.7431317883815,355.2492083031291,306.0,372.5,331.9643249511719,0.0,4.0
557.0,132960.0,198.54013383558046,295.67076283905146,355.2492083031291,306.0,372.5,331.9643249511719,0.0,6.0
557.5,133271.0,198.38301751572072,296.08951341507156,357.1134273588715,305.0,374.0,332.7732849121094,0.0,7.0
558.0,134329.0,197.76441040144755,295.90876972472444,357.4758733117523,305.0,374.0,333.11419677734375,0.0,9.0
558.5,133217.0,198.86223126317185,296.44561052577586,357.4758733117523,305.5,374.0,332.9433898925781,0.0,9.0
559.0,132573.0,198.88512580122296,296.9208648781692,357.8407467016578,305.5,374.0,333.28564453125,0.0,9.0
559.5,132199.0,199.42994808268477,297.2853847582068,357.8407467016578,306.0,374.0,333.11419677734375,0.0,8.0
560.0,133364.0,199.05119388200876,297.1683024819437,357.4758733117523,305.0,374.0,333.11419677734375,0.0,9.0
560.5,133703.0,199.1160209515455,297.3550066839299,358.2652648527345,302.5,375.5,333.41351318359375,0.0,9.0
561.0,132943.0,199.8447882928811,297.8657415682441,358.49825662058663,301.0,376.0,333.71405029296875,0.0,10.0
561.5,133590.0,199.51474035566065,297.95393939215336,358.62096982747676,303.0,375.5,333.58404541015625,0.0,10.0
562.0,133736.0,199.76104463409405,298.1358750637031,358.74503480884584,300.0,376.5,333.8477478027344,0.0,8.0
562.5,133443.0,200.31751761367101,298.1358750637031,359.3438464757676,299.5,377.0,334.1516418457031,0.0,8.0
563.0,133859.0,200.11143176480084,298.34376145647826,359.3438464757676,306.9526062011719,374.8578186035156,333.7740173339844,0.0,10.0
563.5,134130.0,200.33356991229704,298.80428377116687,359.0055709874152,310.23748779296875,373.3387145996094,333.91265869140625,0.0,8.0
564.0,134638.0,200.1657275743357,298.7189314389029,359.43566879206634,306.15325927734375,374.45977783203125,334.407958984375,0.0,9.0
564.5,134540.0,200.5148168035803,299.20561492057595,359.43566879206634,310.4359436035156,372.9141845703125,334.520751953125,0.0,10.0
565.0,134974.0,200.511563175027,299.0819285747636,360.62445840513925,308.55419921875,373.66259765625,335.6746826171875,0.0,9.0
565.5,134763.0,200.76487241083368,299.48272070313027,361.564655352262,300.7429504394531,376.91455078125,336.03778076171875,0.0,9.0
566.0,135200.0,200.85141142935373,299.8134419926357,361.9060651605607,301.0,377.0,336.2038879394531,0.0,9.0
566.5,136153.0,200.22245787784763,299.60807732769825,362.5961941333637,308.8524475097656,374.5573425292969,336.6169738769531,0.0,10.0
567.0,134680.0,201.58583741120702,300.061077078837,362.008287197959,307.8032531738281,374.40972900390625,336.4615173339844,0.0,9.0
567.5,135362.0,201.23455246611258,300.341472327749,362.9448993993441,315.5,372.0,337.3193054199219,0.0,8.0
568.0,135630.0,201.36889581359068,300.5661324900063,362.9448993993441,315.0,372.0,337.4685974121094,0.0,8.0
568.5,135781.0,201.46700426185384,300.6742423288034,363.29602254910526,316.0,371.5,337.9457092285156,0.0,9.0
569.0,135833.0,201.639047831559,300.83616799868554,363.29602254910526,316.0,371.5,337.9457092285156,0.0,9.0
569.5,135658.0,201.8670082551895,301.2806001056158,363.29602254910526,315.5,372.0,337.61859130859375,0.0,8.0
570.0,135980.0,201.9535179521522,301.47014777044427,363.29602254910526,316.0,371.5,337.9457092285156,0.0,10.0
570.5,135927.0,202.2233253363172,301.66372005927394,363.29602254910526,316.0,371.0,338.42291259765625,0.0,7.0
571.0,136312.0,202.22686616614973,301.7962889102515,363.0716182793692,315.5,371.0,338.2740173339844,0.0,7.0
571.5,137032.0,201.9251196820178,301.9023020780067,363.8818489564985,315.0,371.0,339.3774719238281,0.0,8.0
572.0,136609.0,202.45109936098427,302.2052282532113,364.3638291598111,316.5,370.5,339.6535949707031,0.0,10.0
572.5,136192.0,202.9999623503177,302.63608502087675,364.72455360175576,315.5,371.0,339.8268737792969,0.0,9.0
573.0,136219.0,203.13988949713402,302.7639344439823,365.08766070630213,316.0,371.0,339.97802734375,0.0,8.0
573.5,137104.0,202.67690685413146,302.8299853052864,365.65694304908254,317.0,370.5,340.7584228515625,0.0,11.0
574.0,137089.0,203.10138668531985,303.2025725387666,366.23080154459973,317.0,371.0,340.9311828613281,0.0,11.0
574.5,136434.0,203.19688536526849,303.7103883636515,366.58968888936306,317.0,371.0,341.234619140625,0.0,11.0
575.0,137236.0,203.27009505027362,303.4621063650139,366.58968888936306,315.5,371.5,341.25732421875,0.0,13.0
575.5,137015.0,203.58013325781337,303.980755968913,366.4560000873229,315.0,371.5,341.4078369140625,0.0,11.0
576.0,137179.0,203.23726088814104,304.142236371858,366.4560000873229,315.0,371.5,341.4078369140625,0.0,12.0
576.5,137662.0,203.81223743808036,304.2527731949092,366.8092147152249,315.0,371.5,341.7108459472656,0.0,13.0
577.0,137160.0,203.7100170220833,304.724547747424,366.95095040073136,315.5,371.0,342.0355529785156,0.0,12.0
577.5,137750.0,203.99690620987536,304.7950130825634,367.39216104865386,315.0,371.5,342.36138916015625,0.0,15.0
578.0,138474.0,203.81912305673177,304.89842570025485,367.52278840909986,315.0,371.5,342.36138916015625,0.0,12.0
578.5,138404.0,204.14862766652334,305.15676294696954,367.74447650508637,317.5,370.5,342.8681335449219,0.0,14.0
579.0,138408.0,204.42907174619657,305.47553093097656,368.099171419877,315.5,371.5,342.8156433105469,0.0,16.0
579.5,138790.0,203.75065183164475,305.60104711862493,368.4562389212591,316.0,371.5,342.9683837890625,0.0,14.0
580.0,138661.0,204.41114687538416,305.5552323230614,368.81567211820055,316.5,371.0,343.59759521484375,0.0,14.0
580.5,138181.0,204.52201574976988,306.2041802457961,369.17746410093883,317.0,371.0,343.75146484375,0.0,12.0
581.0,138781.0,204.74632568343551,306.10455730027934,369.5416079415145,317.0,371.0,344.0611267089844,0.0,14.0
581.5,140541.0,204.25956339546462,306.2972412543084,369.5416079415145,317.5,370.5,344.38140869140625,0.0,12.0
582.0,140434.0,204.2247916097257,306.41964688968625,369.9080966943005,316.5,371.0,344.5494384765625,0.0,13.0
582.5,140328.0,204.74118787824514,306.7767918210242,369.5416079415145,317.0,370.5,344.536376953125,0.0,13.0
583.0,139593.0,205.47811502642503,307.14817271147814,369.5416079415145,317.5,370.0,344.85693359375,0.0,9.0
583.5,140169.0,204.8670360986964,307.405269961333,370.4726710568541,317.5,370.5,345.3325500488281,0.0,13.0
584.0,140335.0,205.2431902260499,307.4166553718259,370.4726710568541,317.5,370.5,345.3325500488281,0.0,13.0
584.5,139834.0,205.79457115370212,307.6897788357618,371.40409259996045,318.0,371.0,345.654541015625,0.0,13.0
585.0,140216.0,206.19748295573268,307.97564838798536,372.335869880945,317.7373352050781,371.5845031738281,346.1305847167969,0.0,11.0
585.5,139593.0,205.9724452623179,308.0795351853154,372.6996109469394,317.5,372.0,346.11749267578125,0.0,12.0
586.0,140069.0,206.2512071837873,308.191823332558,372.335869880945,317.5,371.5,346.283935546875,0.0,11.0
586.5,141114.0,205.77311807062603,308.1509370422229,372.6996109469394,318.5,371.5,346.283935546875,0.0,15.0
587.0,140339.0,206.4099351226694,308.3261260418909,373.26800023575555,318.0,372.0,346.60650634765625,0.0,11.0
587.5,140082.0,206.44992434402522,308.58548248418947,373.26800023575555,318.0,371.5,347.08258056640625,0.0,14.0
588.0,140420.0,206.56716108163485,308.75556675143525,373.84087523972016,317.5,372.5,346.9302062988281,0.0,12.0
588.5,140747.0,206.94771210960954,309.0543640928266,373.48360071092816,317.5,372.0,347.10418701171875,0.0,13.0
589.0,140954.0,206.99903366499834,309.09060160412514,373.84087523972016,317.5,372.0,347.40655517578125,0.0,12.0
589.5,142170.0,206.34955640198743,309.2005821469293,373.84087523972016,317.0,372.0,347.5587158203125,0.0,13.0
590.0,140846.0,206.99773726006617,309.58843647655834,374.5624113549036,318.5,372.0,347.7115478515625,0.0,14.0
590.5,142098.0,206.5696460441436,309.4769781421552,374.20048102588004,316.0684814453125,372.4606018066406,347.71478271484375,0.0,15.0
591.0,140665.0,207.25596860840258,309.9193443462347,374.5624113549036,318.0,372.0,347.8650207519531,0.0,10.0
591.5,141698.0,207.29492138140523,309.9822575567834,374.5624113549036,318.5,371.5,348.1875305175781,0.0,12.0
592.0,141677.0,207.71491017674953,310.31919051196303,374.9266594948937,317.5,372.0,348.3594665527344,0.0,11.0
592.5,141912.0,207.83159514258853,310.49798711102784,375.2932186970609,317.2899475097656,372.2166748046875,348.50244140625,0.0,13.0
593.0,140848.0,208.3025157811694,310.86910427153015,374.9266594948937,318.5,371.5,348.4947204589844,0.0,13.0
593.5,142324.0,207.96101103254912,310.98713799769916,375.2932186970609,318.5,371.5,348.83599853515625,0.0,15.0
594.0,141711.0,208.38825792892723,311.131804863176,375.7086637276282,316.5,372.5,349.1397399902344,0.0,13.0
594.5,142101.0,208.44636943871967,311.23785116852355,375.7938264527506,319.0,371.0,349.1247253417969,0.0,12.0
595.0,142561.0,208.45844365818937,311.51564968713853,376.4306044943742,319.0,371.5,349.2926025390625,0.0,13.0
595.5,142564.0,208.48740078252854,311.7130090323469,376.7890656587582,318.5,372.0,349.921875,0.0,14.0
596.0,142879.0,208.73268309962424,311.8012187275733,377.2015376426772,319.5,372.0,349.921875,0.0,12.0
596.5,142890.0,208.70729463666441,312.0186693040658,378.08464660707926,319.5,372.5,350.3977355957031,0.0,16.0
597.0,142995.0,208.9123771223212,312.0363760146012,378.65287533570904,319.5,372.5,351.0449523925781,0.0,13.0
597.5,143760.0,208.97960800602056,312.40518561637225,379.38107491017524,320.0,372.5,351.5029296875,0.0,11.0
598.0,143609.0,209.2339370782591,312.54119728445403,379.74860105074777,321.0,372.5,351.5029296875,0.0,13.0
598.5,144222.0,208.72303241786796,312.6730720501875,379.74860105074777,321.0,372.5,351.5029296875,0.0,13.0
599.0,144190.0,209.14347251584775,312.92970456637704,379.38107491017524,320.0,372.5,351.5470275878906,0.0,14.0
599.5,143219.0,209.38288757775996,313.2091952673165,380.1184026063458,319.5,373.0,351.87542724609375,0.0,15.0
600.0,143366.0,209.72108686702288,313.2491021535417,380.6546991697331,319.0,372.5,352.5014953613281,1.0,11.0
600.5,144035.0,209.89422580318868,313.45573848095665,380.73744234051895,319.5,373.0,352.8304443359375,1.0,14.0
601.0,144392.0,209.99308587027895,313.55063386955544,381.67263459671824,319.0,373.5,353.45623779296875,1.0,15.0
601.5,144361.0,210.08205984591464,313.7467131301936,382.0274859221519,319.5,373.5,353.6051025390625,1.0,10.0
602.0,143709.0,210.4306262076103,314.2279427383398,381.67263459671824,319.0,373.5,353.45623779296875,1.0,14.0
602.5,144649.0,210.42935948201574,314.00636936215164,381.67263459671824,318.5,373.5,353.6051025390625,1.0,11.0
603.0,144679.0,210.65604792490979,314.23271625849037,382.25645841502796,318.0,374.0,353.9337158203125,1.0,12.0
603.5,144309.0,210.91789796000464,314.66617230732993,382.1740441212616,317.5,373.5,354.2633972167969,1.0,14.0
604.0,144853.0,210.6637593006787,314.5714545131885,382.1740441212616,320.5,372.5,354.2069396972656,1.0,10.0
604.5,144804.0,211.02086378639123,314.81391325577687,382.57678967757573,317.0,373.5,354.4112243652344,1.0,11.0
605.0,145385.0,211.1535990093103,314.99079350601585,382.45653347798884,317.0,373.5,354.4112243652344,1.0,15.0
605.5,144972.0,211.52992296915792,315.15869018638847,383.8658619882732,317.0,373.0,354.8887939453125,1.0,12.0
606.0,144802.0,211.30174014636214,315.48217065311314,383.8658619882732,318.5,372.5,355.159912109375,1.0,15.0
606.5,144657.0,211.93920124105387,315.7343820359112,384.6296920415791,315.5,373.0,355.4044494628906,1.0,17.0
607.0,144639.0,211.83396884292637,316.0569568922665,385.2752262993301,315.5,373.5,356.1748962402344,1.0,15.0
607.5,145709.0,211.678553225802,315.9797461825619,385.2752262993301,316.0,373.0,355.8441467285156,1.0,14.0
608.0,146094.0,211.85148713009775,316.29100524675056,385.2752262993301,316.5,373.0,356.6529235839844,1.0,15.0
608.5,146179.0,211.40829368497688,316.0569568922665,385.3946029720707,316.5,373.0,356.6529235839844,1.0,13.0
609.0,145981.0,212.03326026275988,316.3194587754601,386.0388581477259,318.0,372.5,356.98504638671875,1.0,12.0
609.5,145673.0,212.1752230290256,316.7222758190525,386.16058835670947,317.5,373.0,357.3182373046875,1.0,13.0
610.0,146391.0,212.02963715677615,316.6275414426231,386.16058835670947,317.5,373.0,357.3182373046875,1.0,12.0
610.5,146317.0,212.6147790599052,317.0141952657641,386.80356771881,324.0,371.0,357.694091796875,1.0,12.0
611.0,145743.0,212.6330528540266,317.3168763239674,386.927641814332,319.0,373.0,358.13134765625,1.0,14.0
611.5,147330.0,212.31541671424205,317.1925282813894,386.927641814332,319.5,373.0,358.2754821777344,1.0,13.0
612.0,146691.0,213.01025919791294,317.5468469375818,387.56934863324784,321.0,372.5,358.89874267578125,1.0,12.0
612.5,146918.0,213.10253576779755,317.81913095344026,387.56934863324784,321.5,372.0,358.5656433105469,1.0,12.0
613.0,146836.0,213.14829667521386,318.0251562376788,388.2125706362431,322.5,372.0,358.85833740234375,1.0,11.0
613.5,147163.0,213.14081908330905,318.1980515339464,388.33619455312174,322.0,372.0,359.00567626953125,1.0,13.0
614.0,146902.0,213.69385407529228,318.64211899579215,388.9781484865185,321.5,372.0,359.81427001953125,1.0,10.0
614.5,147313.0,213.58299402950425,318.750686273771,388.9781484865185,320.5,372.0,359.81427001953125,1.0,13.0
615.0,147280.0,213.6904142878917,318.9435686763412,389.62161131025573,323.0,371.5,359.779541015625,1.0,10.0
615.5,147401.0,213.98063688704445,319.02507738420815,389.62161131025573,322.5,371.5,359.9285583496094,1.0,9.0
616.0,148156.0,213.7840636858082,319.3912177813667,389.7447882910046,321.5,372.0,360.77044677734375,1.0,13.0
616.5,147500.0,214.5788820904733,319.4531264455099,389.8730562631893,322.5,371.5,360.2923278808594,1.0,10.0
617.0,146868.0,214.5446658126703,320.0,390.38698748805655,323.0,372.0,360.6245422363281,1.0,10.0
617.5,148006.0,214.24265087174066,319.8640336142843,389.8730562631893,323.5,372.0,360.4792785644531,1.0,11.0
618.0,147848.0,214.6910908352771,320.2634072126341,389.8730562631893,323.0,372.5,360.81341552734375,1.0,11.0
618.5,147747.0,214.5911513709225,320.4061484981169,390.00641020372984,319.5,373.0,360.77044677734375,1.0,12.0
619.0,148417.0,214.70732469257626,320.4886893480018,389.8730562631893,318.5,373.5,360.9578552246094,1.0,10.0
619.5,147952.0,215.0578380390476,320.7902740318303,389.8730562631893,318.5,373.5,360.9578552246094,1.0,11.0
620.0,147989.0,215.17549090588867,321.0732003538279,390.51248379533274,320.5,373.0,361.06414794921875,1.0,10.0
620.5,149508.0,214.8595045352419,321.12404145352997,390.77870975783725,318.0,373.5,361.1029052734375,1.0,10.0
621.0,149178.0,215.24348575970416,321.40939625343873,390.91942903877265,324.0,372.0,361.2922058105469,1.0,10.0
621.5,149173.0,215.6343257937204,321.33782846095164,391.5520399640385,319.5,373.5,361.2486267089844,1.0,11.0
622.0,148270.0,215.89939098379423,321.86487848163864,392.186180276664,322.5,372.0,361.82220458984375,1.0,9.0
622.5,148837.0,216.22894197822563,322.0748360235776,392.186180276664,322.5,372.0,361.82220458984375,1.0,9.0
623.0,149097.0,216.01726061122693,322.06583175044256,392.82184256988563,322.0,372.0,361.96417236328125,1.0,9.0
623.5,149280.0,216.09351366204191,322.34329525859755,393.3293785111913,322.5,371.5,361.9151306152344,1.0,11.0
624.0,149787.0,216.0388707423546,322.4717041850339,393.3293785111913,324.0,371.0,362.25,1.0,7.0
624.5,149494.0,216.16053385220204,322.61587065735,393.3293785111913,324.5,371.0,362.39385986328125,1.0,9.0
625.0,149539.0,216.3517328382567,322.9145397565595,393.3293785111913,321.5,372.0,362.39385986328125,1.0,11.0
625.5,150285.0,216.53126035702152,323.154761685481,393.97081110153323,324.5,371.0,362.39385986328125,1.0,11.0
626.0,150507.0,216.46804233235278,323.11205486330664,393.7321424522006,323.5,371.0,362.39385986328125,1.0,10.0
626.5,150529.0,216.81776089185848,323.2893440866865,393.7321424522006,320.5,371.5,362.8726501464844,1.0,11.0
627.0,149989.0,217.39496843140356,323.57286658623104,394.27148007432646,320.5,371.5,362.8726501464844,1.0,12.0
627.5,149917.0,217.2163774028117,323.7854227725516,393.41199778349414,319.0,371.5,362.7289733886719,1.0,11.0
628.0,150784.0,217.14270997153247,323.7465057425888,394.06852196033117,322.0,370.5,362.6448974609375,1.0,13.0
628.5,150784.0,217.25577215605864,324.01388859121454,393.97461847179954,321.5,370.0,362.97564697265625,1.0,12.0
629.0,150581.0,217.421950115442,324.237567225021,393.97461847179954,318.0,371.0,362.9229431152344,1.0,12.0
629.5,151007.0,217.39808429240392,324.13731658048874,393.8857702430998,319.0,370.5,363.40240478515625,1.0,11.0
630.0,151493.0,217.22429158566672,324.20055521235616,394.63527465243146,319.0,370.5,363.40240478515625,1.0,9.0
630.5,151025.0,217.7794368453615,324.86304806795124,394.63527465243146,319.0,370.5,363.40240478515625,1.0,12.0
631.0,150982.0,217.8993889705748,325.12459150301135,395.2973564293088,319.0,370.5,363.6871032714844,1.0,12.0
631.5,151620.0,217.8794365198233,325.1541941866843,394.54910974427503,319.5,370.0,364.0237731933594,1.0,13.0
632.0,151058.0,218.22640163935304,325.26389285498544,395.2973564293088,319.5,370.0,364.0237731933594,1.0,12.0
632.5,151449.0,218.19780604808545,325.55491088294156,395.38588745679834,320.5,370.0,364.3093566894531,1.0,9.0
633.0,151863.0,218.2987120202043,325.61480310329875,396.0467144163678,321.0,369.5,364.93194580078125,1.0,11.0
633.5,151651.0,218.34900009632915,325.96012026013244,396.13760235554514,321.0,369.5,364.93194580078125,1.0,13.0
634.0,151009.0,218.53857215193995,326.2122008054407,396.2335170073324,321.5,369.5,365.07611083984375,1.0,12.0
634.5,151552.0,218.46923801719012,326.53399516653644,396.2335170073324,323.0,369.0,365.6994323730469,1.0,12.0
635.0,152242.0,218.58221475699642,326.4506088216103,396.9886648255842,323.0,369.0,365.99053955078125,1.0,11.0
635.5,152255.0,218.66846230864542,326.54892434690794,396.8904130865345,323.5,368.5,366.3230285644531,1.0,10.0
636.0,151957.0,218.85722972827082,326.88836014761984,396.9886648255842,322.5,369.0,365.84466552734375,1.0,14.0
636.5,152046.0,219.09197147134984,327.00152904841286,396.9886648255842,323.0,369.0,366.2841491699219,1.0,12.0
637.0,151989.0,219.37374266866252,327.24547361184347,397.6443134259561,323.0,368.5,366.4687194824219,1.0,11.0
637.5,152424.0,219.57090537648304,327.46396744668266,397.6443134259561,323.0,368.5,366.4687194824219,1.0,13.0
638.0,152815.0,219.47942540314403,327.7148150450327,398.5021957279533,323.0,368.0,366.94696044921875,1.0,12.0
638.5,152618.0,219.45519461142416,327.9176725948146,399.2605665477121,323.0,368.5,366.4687194824219,1.0,15.0
639.0,152495.0,219.88338319281246,328.1684018728994,399.2605665477121,323.5,368.0,366.8014831542969,1.0,11.0
639.5,152710.0,219.89997882135432,328.05487345869443,398.5021957279533,324.5,367.5,367.27996826171875,1.0,10.0
640.0,153654.0,220.18244556039986,328.29864452964165,399.15535822534065,324.0,367.5,367.1352844238281,1.0,12.0
640.5,153007.0,220.0935013088763,328.5178838358728,399.2605665477121,324.0,367.5,367.1352844238281,1.0,15.0
641.0,153725.0,219.91952626606263,328.5391909650963,399.2605665477121,324.0,367.5,367.1352844238281,1.0,15.0
641.5,153409.0,220.35528629377052,328.6578768052169,399.2605665477121,324.5,367.0,367.47015380859375,1.0,11.0
642.0,153200.0,220.79833820769693,329.0556183750825,399.2605665477121,324.5,367.5,367.27996826171875,1.0,15.0
642.5,153957.0,220.54662005806793,329.171687669345,399.9124904275934,324.5,367.0,367.7585144042969,1.0,11.0
643.0,154147.0,220.68590352907972,329.2795165205391,400.019999500025,324.5,367.0,367.7585144042969,1.0,12.0
643.5,153668.0,220.86740572122068,329.454018028744,400.7804885470349,325.0,367.0,367.614013671875,1.0,11.0
644.0,154149.0,221.3727731482133,329.59672328468315,401.5420276882608,325.0,367.0,367.90362548828125,1.0,13.0
644.5,154708.0,221.29209933411235,329.7760603605505,402.3046109604015,327.0,366.5,368.0928039550781,1.0,11.0
645.0,154200.0,221.3334178724442,330.0064393269834,402.19025348707794,328.0,366.5,368.0928039550781,1.0,11.0
645.5,154094.0,221.4360765040184,330.121719975342,402.19025348707794,327.5,366.5,368.23712158203125,1.0,12.0
646.0,155010.0,221.67504932803155,330.23234239499817,402.0808376433774,328.5,366.5,368.23712158203125,1.0,11.0
646.5,154808.0,221.7523603302323,330.3407331831786,402.8399185780873,329.0,366.0,368.5716552734375,1.0,12.0
647.0,155304.0,221.73563788404334,330.57442417056257,402.8399185780873,328.5,366.5,368.23712158203125,1.0,11.0
647.5,155160.0,222.03652618715057,330.65087327875,403.4910160090309,329.5,366.0,368.71575927734375,1.0,11.0
648.0,154834.0,222.25813823388398,330.82321563034236,403.4910160090309,330.5,366.0,368.71575927734375,1.0,14.0
648.5,155298.0,222.05168108480513,331.0060422409235,403.6000495540108,330.5,366.0,368.71575927734375,1.0,11.0
649.0,155061.0,222.57392860288127,331.34423187977785,403.4910160090309,330.5,366.0,368.71575927734375,1.0,11.0
649.5,155420.0,222.62829002718485,331.42872536942235,403.4910160090309,325.50244140625,367.50775146484375,368.752685546875,1.0,13.0
650.0,156091.0,222.69474883111087,331.2959402105616,404.2499226963439,329.5,365.5,369.1944885253906,1.0,14.0
650.5,156000.0,222.59019647157442,331.6519259705874,404.90122252223443,330.0,365.5,369.3390197753906,1.0,14.0
651.0,156050.0,222.89377439061278,331.7303121513016,405.0098764227855,329.0,365.5,369.6299743652344,1.0,9.0
651.5,156371.0,222.98418734172722,331.8870289722092,405.77087130546965,329.0,365.5,369.6299743652344,1.0,13.0
652.0,156573.0,223.21595460170306,331.9710826811512,405.88668369386056,329.5,365.5,369.7763671875,1.0,10.0
652.5,156904.0,223.18706289107178,332.13250367887815,405.88668369386056,325.9496765136719,366.52313232421875,369.8585205078125,1.0,13.0
653.0,156333.0,223.58208122988756,332.41540277189324,406.53290149752945,327.2324523925781,366.0973205566406,369.8780517578125,1.0,11.0
653.5,156701.0,223.59468085588426,332.4349560440358,407.0700185471782,328.91815185546875,365.3831481933594,369.7655944824219,1.0,15.0
654.0,156328.0,223.59981884600597,332.67243648275814,407.82962128810607,329.9901123046875,365.4990234375,369.6337890625,1.0,15.0
654.5,157008.0,223.85677150970784,333.0015014981164,408.5902593063129,331.20843505859375,364.7777404785156,369.9702453613281,1.0,17.0
655.0,156812.0,224.03613113231353,333.02402315748935,407.9423978946047,330.5868835449219,364.1855773925781,370.1423034667969,1.0,13.0
655.5,157297.0,223.93090854095797,333.0015014981164,408.0600446012817,329.2721862792969,365.0793762207031,370.54022216796875,1.0,14.0
656.0,157281.0,223.8616272883207,333.17412864746865,408.70527278223364,330.5626525878906,364.64984130859375,370.57086181640625,1.0,11.0
656.5,157568.0,224.1586187731661,333.51011978649166,408.70527278223364,330.3064270019531,364.2390441894531,371.03863525390625,1.0,13.0
657.0,157665.0,224.13228617182187,333.54160160315837,409.4691685585131,331.8474426269531,364.04107666015625,370.7797546386719,1.0,11.0
657.5,157195.0,224.52592557482004,334.07334524023315,410.11461812522606,333.04913330078125,363.4550476074219,370.9957580566406,1.0,17.0
658.0,157780.0,224.531095408984,333.965567087387,410.11461812522606,332.797607421875,363.04510498046875,371.4604797363281,1.0,9.0
658.5,157587.0,224.47284220037722,334.28131865241886,410.2340795204611,332.564697265625,363.5846862792969,371.29815673828125,1.0,12.0
659.0,157618.0,224.80950912369315,334.34974202602837,410.35837995586246,332.3307800292969,363.0417175292969,371.8857116699219,1.0,11.0
659.5,158130.0,224.6177721334822,334.51606837340415,410.48751503547584,333.5806884765625,361.80645751953125,371.86407470703125,1.0,13.0
660.0,157959.0,225.04542362815582,334.970147923662,410.62148019800424,333.3290100097656,362.2237548828125,371.8138122558594,1.0,14.0
660.5,157890.0,224.93731820255903,334.6096979990661,410.48751503547584,333.7362365722656,362.0600280761719,371.5772399902344,1.0,14.0
661.0,157656.0,225.20632931102793,334.7338494677541,410.76027071760484,333.82763671875,361.8399963378906,371.7632141113281,1.0,15.0
661.5,158596.0,225.18916273506113,335.19695702676063,411.3939717594316,334.38140869140625,361.30743408203125,372.3988342285156,1.0,13.0
662.0,158529.0,225.49815349342794,335.3845553915673,411.3939717594316,334.5605773925781,360.6085510253906,372.7442932128906,1.0,13.0
662.5,158559.0,225.58779059415662,335.5964838909967,411.7669243637716,335.3358154296875,360.6840515136719,372.7336730957031,1.0,16.0
663.0,158436.0,225.84843718866887,335.93600581063055,412.53484701295235,336.8231506347656,360.48309326171875,372.5200500488281,1.0,17.0
663.5,158326.0,225.7335572107081,335.9315406448165,412.53484701295235,336.6280822753906,360.1585693359375,372.8854675292969,1.0,17.0
664.0,158510.0,225.9807359732001,335.9598190260258,412.53484701295235,336.6739196777344,360.23480224609375,372.7995300292969,1.0,15.0
664.5,158323.0,225.83355006183373,336.1547262794322,413.30376238306854,337.8560791015625,359.5413513183594,373.1478576660156,1.0,16.0
665.0,159023.0,225.7359705209117,336.40005945302687,414.584128977461,339.28985595703125,359.6626892089844,373.4224548339844,1.0,15.0
665.5,158199.0,226.232441276451,336.610457343279,414.584128977461,339.02838134765625,359.61187744140625,373.6453857421875,1.0,16.0
666.0,159270.0,226.29705968852224,336.7194678066595,415.22644424458326,338.8553161621094,360.0292053222656,374.1756286621094,1.0,14.0
666.5,159612.0,226.27118097914428,336.8827689271151,415.3516582367284,338.86810302734375,360.0341491699219,374.1848449707031,1.0,15.0
667.0,159568.0,226.41465377418342,337.1051764390194,415.99278839902985,339.0044250488281,360.1487121582031,374.7026672363281,1.0,16.0
667.5,159724.0,226.5197893013045,337.295123000615,416.63533215511137,339.1800842285156,360.010986328125,375.3697814941406,1.0,15.0
668.0,159479.0,226.30925450068636,337.4151745253909,416.51530584121394,338.5118408203125,360.66864013671875,375.3714294433594,1.0,14.0
668.5,159088.0,226.95429343477764,337.7082319985773,417.1618390984487,338.9615478515625,360.5760498046875,375.81494140625,1.0,16.0
669.0,159619.0,226.7227829805776,337.83250285812244,417.8097653238852,339.10125732421875,360.6877746582031,376.3386535644531,1.0,14.0
669.5,159553.0,226.87115972340828,338.0532502432124,417.8097653238852,338.54083251953125,360.7137145996094,376.7196044921875,1.0,10.0
670.0,159895.0,227.34967845953645,338.49667649771686,418.5713798147217,338.9989013671875,360.6226806640625,377.1697692871094,1.0,14.0
670.5,160718.0,227.02803820769643,338.2499076126999,418.5713798147217,338.7850341796875,360.1943359375,377.6225891113281,1.0,11.0
671.0,160154.0,227.42453886669,338.514401466171,418.5713798147217,339.0299377441406,360.3752136230469,377.3211364746094,1.0,11.0
671.5,161225.0,227.30066111974648,338.7535977668724,419.33399575994315,339.4781494140625,360.3976135253906,377.69903564453125,1.0,14.0
672.0,160534.0,227.63551580416794,338.8933460515552,419.2195129046357,338.30316162109375,360.718017578125,378.3001403808594,1.0,11.0
672.5,160932.0,227.46809196506683,339.0648905445682,418.5713798147217,337.8908386230469,360.56195068359375,378.00335693359375,1.0,13.0
673.0,161666.0,227.55996667114889,339.42598604113977,419.2195129046357,337.6841125488281,361.1283874511719,378.4544372558594,1.0,13.0
673.5,160806.0,227.56714103329548,339.4377704381173,419.10977082382607,340.14605712890625,359.6047668457031,377.7755432128906,1.0,13.0
674.0,160787.0,227.88659379275063,339.60712595586097,419.10977082382607,337.7765808105469,360.4905700683594,378.8253173828125,1.0,13.0
674.5,161606.0,228.01895854190693,339.83819679370947,419.2195129046357,337.7823791503906,360.4927062988281,378.82940673828125,1.0,11.0
675.0,161521.0,227.94010645447432,340.0132350365203,419.2195129046357,337.78460693359375,360.49359130859375,378.8310546875,1.0,13.0
675.5,160837.0,228.19569711613957,340.3354227203142,419.76183723630714,338.1915588378906,360.64813232421875,379.12408447265625,1.0,12.0
676.0,161700.0,228.3655844562425,340.56629309643597,419.86902719776793,338.19879150390625,360.65087890625,379.1292724609375,1.0,11.0
676.5,161018.0,228.4167812080617,340.87241014784405,420.41527089295886,338.2919616699219,361.0135192871094,379.5008239746094,1.0,14.0
677.0,161297.0,228.567846336859,341.1231449198368,420.5199162941037,338.2959289550781,361.0150146484375,379.503662109375,1.0,15.0
677.5,162039.0,228.53847592520603,341.28199483258595,420.5199162941037,338.0383605957031,360.8371276855469,379.80963134765625,1.0,15.0
678.0,161584.0,228.8467846858836,341.5314041181381,420.12974186553373,338.7074890136719,360.2868957519531,379.74755859375,1.0,13.0
678.5,162097.0,229.33000709168448,341.5394559925062,419.980951949014,338.335205078125,359.8837890625,379.59814453125,1.0,11.0
679.0,162406.0,229.01038072174217,341.76014981270123,420.6292904684599,338.73486328125,360.0364990234375,379.88525390625,1.0,13.0
679.5,162535.0,228.97738368912178,342.0526275297414,420.6292904684599,337.4716796875,360.8664245605469,380.2035827636719,1.0,13.0
680.0,161710.0,229.39288489261696,342.24260401066374,420.5199162941037,339.0866394042969,359.58062744140625,379.95318603515625,1.0,15.0
680.5,163094.0,229.07944695327413,342.161803826869,421.070065428546,338.5142822265625,360.60772705078125,380.3378601074219,1.0,11.0
681.0,162140.0,229.47635932115662,342.5394137868952,421.070065428546,339.50531005859375,359.7401123046875,380.2550048828125,1.0,13.0
681.5,162609.0,229.37874619712628,342.50605828009986,421.7262145041496,339.6087341308594,360.1059875488281,380.63330078125,1.0,15.0
682.0,162517.0,229.88202816325523,342.9825068425502,421.7262145041496,339.0965576171875,359.7462463378906,381.2491760253906,1.0,14.0
682.5,162580.0,230.08778688042088,343.1443573773276,422.3837118071671,339.5978698730469,359.4142761230469,381.84674072265625,1.0,12.0
683.0,163455.0,229.77562779262215,342.9825068425502,422.3837118071671,340.6205139160156,358.40948486328125,381.8505554199219,1.0,13.0
683.5,163366.0,229.94129965261146,343.14574163174456,423.1370936233315,340.0355224609375,359.43255615234375,382.22772216796875,1.0,14.0
684.0,163720.0,230.06081483995789,343.19870337030693,423.7947616476636,340.819091796875,359.139892578125,382.60302734375,1.0,14.0
684.5,163077.0,230.10353345990504,343.5258360007293,423.7947616476636,340.8600769042969,358.8905944824219,382.7528381347656,1.0,12.0
685.0,164193.0,229.95441373593673,343.4981804715815,424.5479949310796,340.95367431640625,359.2546691894531,383.1258239746094,1.0,11.0
685.5,163258.0,230.4731764901442,343.91030807308175,425.30224546785547,340.4429626464844,359.78961181640625,383.8033447265625,1.0,13.0
686.0,164186.0,230.3224252482426,344.01308114663317,425.30224546785547,340.4429626464844,359.78961181640625,383.8033447265625,1.0,12.0
686.5,163273.0,230.66660875193332,344.3649227134587,426.0575078554537,340.5816955566406,359.9078063964844,384.334228515625,1.0,13.0
687.0,163795.0,230.95320302669177,344.4215440313206,426.81377672235465,340.6703796386719,360.27374267578125,384.7069396972656,1.0,16.0
687.5,163889.0,230.5793523282021,344.4470931731731,426.81377672235465,341.01483154296875,359.9308776855469,384.7073974609375,1.0,14.0
688.0,163443.0,230.92777231756085,344.64619539463945,426.7130183155888,341.0412292480469,359.79486083984375,384.7938232421875,1.0,10.0
688.5,163037.0,230.49248528044527,345.0023188284036,427.36986323324203,341.1403503417969,360.1642150878906,385.1740417480469,1.0,13.0
689.0,163018.0,230.8368609149218,345.2189884692506,427.36986323324203,335.0025329589844,363.9132080078125,386.8627014160156,1.0,11.0
689.5,163518.0,230.58585775141017,345.09484203272456,427.4681274668323,341.1403503417969,360.1642150878906,385.1740417480469,1.0,16.0
690.0,164649.0,231.23282152775408,345.1683646792146,427.5710467279093,341.4763488769531,359.8382568359375,385.1594543457031,1.0,14.0
690.5,164691.0,231.6406541905546,345.47214068810433,428.32931256219206,342.2378234863281,359.65167236328125,385.4597473144531,1.0,9.0
691.0,164537.0,231.66795976902193,345.76003238031336,428.32931256219206,335.6032409667969,363.7694091796875,387.2853698730469,1.0,15.0
691.5,164967.0,231.83466345136924,345.86268951709724,428.981351576033,342.4505920410156,359.263916015625,386.2888488769531,1.0,17.0
692.0,164733.0,232.02383907151466,346.01300553591915,429.08856894585296,342.4905090332031,359.00860595703125,386.4423828125,1.0,13.0
692.5,163778.0,231.3402034749693,346.3951500753867,429.739455949765,343.0235595703125,359.08636474609375,386.71539306640625,1.0,13.0
693.0,164988.0,231.9958502301213,346.4130482530934,429.739455949765,342.9673767089844,358.7872314453125,386.9675598144531,1.0,14.0
693.5,165008.0,232.2735536919547,346.6321536754172,430.49854819731974,343.0788269042969,359.14361572265625,387.3397216796875,1.0,11.0
694.0,165502.0,232.22180451341683,346.6713140714126,430.49854819731974,342.7001037597656,359.8334655761719,387.1177978515625,1.0,16.0
694.5,165989.0,232.2656568337121,346.8227211238707,430.49854819731974,343.0474853515625,359.2738037109375,387.2765808105469,1.0,14.0
695.0,165862.0,232.48186314191682,346.87894141904894,430.3916820757576,341.3262023925781,360.411376953125,387.6806945800781,1.0,16.0
695.5,165217.0,232.7299946376033,347.08759700497427,430.3916820757576,340.1444091796875,361.1924133300781,387.9642639160156,1.0,17.0
696.0,165940.0,232.66139580214767,347.10949281170633,431.0452412450461,337.2311096191406,363.323486328125,389.2403869628906,1.0,14.0
696.5,166456.0,232.55351617875428,347.2236311076929,431.0452412450461,339.42083740234375,361.75799560546875,388.7834777832031,1.0,14.0
697.0,165671.0,232.66160632973333,347.3557254458317,431.0452412450461,338.38531494140625,362.56011962890625,388.9538879394531,1.0,11.0
697.5,165935.0,232.85157350321757,347.522661131616,430.9454721887677,338.25830078125,362.2959899902344,389.2247314453125,1.0,12.0
698.0,166272.0,233.13484405767895,347.7409235118453,430.9454721887677,337.0962219238281,363.05853271484375,389.51214599609375,1.0,14.0
698.5,166748.0,232.91648818055072,347.71396290629457,430.85032203771186,337.48040771484375,362.8043518066406,389.4146423339844,1.0,16.0
699.0,166240.0,233.289894566026,348.0236342435075,430.75979385267607,337.0907897949219,362.83746337890625,389.66766357421875,1.0,14.0
699.5,167027.0,233.13971601062656,348.0199706608229,430.75979385267607,336.69866943359375,363.32177734375,389.61376953125,1.0,17.0
700.0,166427.0,233.44380582162478,348.45946679635495,430.88977708922266,336.2999267578125,363.3596496582031,389.8666076660156,1.0,10.0
700.5,166681.0,233.4415918797393,348.644518098306,431.5194086017453,336.3039855957031,363.3647155761719,389.872802734375,1.0,15.0
701.0,166581.0,233.715422243923,348.7606629194296,431.5194086017453,336.2999267578125,363.3596496582031,389.8666076660156,1.0,17.0
701.5,166979.0,233.69785368086946,348.7764326900543,431.2597824977423,336.1250305175781,363.6853332519531,390.4697265625,1.0,15.0
702.0,167631.0,233.67574161221984,348.78145015872764,431.5101389307093,335.71905517578125,363.72686767578125,390.7250061035156,1.0,14.0
702.5,167090.0,233.93531663631654,349.0444097819073,431.5101389307093,335.71905517578125,363.72686767578125,390.7250061035156,1.0,17.0
703.0,167866.0,233.9124327404784,349.15469350991117,431.6676962664684,334.97662353515625,364.2102355957031,390.9047546386719,1.0,13.0
703.5,167844.0,234.0894569428681,349.2978671563856,432.2961947554015,335.2014465332031,364.4928283691406,391.2497253417969,1.0,12.0
704.0,167826.0,234.24065517953792,349.5164516866356,432.2961947554015,335.1696472167969,364.2948303222656,391.4183654785156,1.0,16.0
704.5,167569.0,234.4508070199279,349.8179526546768,432.5979657834743,335.07379150390625,364.7906494140625,391.8448791503906,1.0,13.0
705.0,167613.0,234.6355211229661,350.0,432.92609068985433,333.05499267578125,366.0242004394531,391.6916809082031,1.0,13.0
705.5,168439.0,234.4143848829058,350.03571246374275,433.07389669662615,333.27203369140625,365.7263488769531,391.7040710449219,1.0,15.0
706.0,167824.0,234.81173225993965,350.4868043165106,433.7026631230203,332.47821044921875,366.8266296386719,392.23114013671875,1.0,10.0
706.5,167708.0,235.0595326480778,350.6018396978791,434.3328216932264,332.2882385253906,367.1480712890625,392.8236389160156,1.0,11.0
707.0,168234.0,235.17068374845692,350.85324567402824,434.96436635660166,331.5202331542969,367.7371826171875,393.6707458496094,1.0,12.0
707.5,168421.0,235.32495863128034,350.85182057387135,434.3328216932264,330.9630432128906,367.7079162597656,393.44482421875,1.0,15.0
708.0,168208.0,235.33391999555872,351.0697936308392,434.96436635660166,331.55999755859375,367.48541259765625,393.8081359863281,1.0,12.0
708.5,168884.0,235.42488631390717,351.2164574731657,434.96436635660166,331.9515380859375,366.9875793457031,393.8465576171875,1.0,14.0
709.0,167224.0,234.95017613801411,351.7115295238415,434.82410236784256,331.4706726074219,367.27105712890625,393.9365234375,1.0,12.0
709.5,168105.0,234.8001838832324,351.64755082326394,435.4595273960601,331.28582763671875,368.0406494140625,394.22796630859375,1.0,13.0
710.0,167824.0,234.64563261790084,351.8820825219721,435.59729108432253,330.580810546875,368.80133056640625,394.3314514160156,1.0,14.0
710.5,168098.0,235.03017321823714,351.98011307458836,435.59729108432253,330.2054443359375,368.6154479980469,394.73583984375,1.0,12.0
711.0,168220.0,235.12824597919985,352.1022578740443,436.23158986941786,330.33477783203125,368.71612548828125,395.23516845703125,1.0,13.0
711.5,168137.0,235.1004737485904,352.3217279662153,437.0045766350737,330.17425537109375,369.52166748046875,395.57110595703125,1.0,13.0
712.0,168218.0,235.1137024376247,352.50758856497794,437.0045766350737,328.3046569824219,371.0394287109375,395.9779052734375,1.0,13.0
712.5,168101.0,235.3837201668693,352.8172331391991,437.0045766350737,329.07708740234375,370.06048583984375,396.0398864746094,1.0,16.0
713.0,168265.0,235.4522054922717,353.0,437.77848279695064,329.70892333984375,369.867431640625,396.4439697265625,1.0,12.0
713.5,168723.0,235.68516894059277,353.00141642775316,437.77848279695064,329.70892333984375,369.867431640625,396.4439697265625,1.0,14.0
714.0,168429.0,235.779334629187,353.41194094144583,438.55330348772884,329.94757080078125,370.1737976074219,396.81573486328125,1.0,15.0
714.5,169706.0,236.35497088185187,353.18727315044555,439.1856099646253,328.9991149902344,371.2506103515625,397.4806213378906,1.0,12.0
715.0,169372.0,236.72060074619884,353.46428390998716,439.1856099646253,328.56988525390625,371.3260498046875,397.75531005859375,1.0,13.0
715.5,170095.0,236.77471646407707,353.5533905932738,439.1856099646253,328.56988525390625,371.3260498046875,397.75531005859375,1.0,12.0
716.0,170508.0,236.80040110006712,353.8163365363448,439.9602254749854,327.9754333496094,372.21978759765625,398.3775329589844,1.0,11.0
716.5,170600.0,237.04004766839176,353.9001977893685,439.9602254749854,328.3753967285156,371.7127685546875,398.405517578125,1.0,11.0
717.0,170621.0,236.94188734314167,354.18921496849674,440.59278251010875,328.9876403808594,371.4660949707031,398.7587585449219,1.0,14.0
717.5,170611.0,237.05984331360082,354.2668485732303,441.22669910149364,329.9405212402344,370.97802734375,399.0191650390625,1.0,15.0
718.0,170510.0,237.2086697153604,354.42234691412835,441.22669910149364,328.76202392578125,371.8089599609375,399.36016845703125,1.0,16.0
718.5,170675.0,237.25474520633605,354.5645216318181,441.86196939768416,328.64117431640625,372.3077087402344,399.7804870605469,1.0,15.0
719.0,170520.0,237.55899974640167,354.80980820715763,441.86196939768416,327.79449462890625,372.9037170410156,400.02838134765625,1.0,13.0
719.5,170494.0,237.59783805368735,354.8606768631044,442.0,326.9731750488281,373.5489196777344,400.33380126953125,1.0,14.0
720.0,171413.0,237.35919212426523,355.0352095215346,442.0,327.3849792480469,373.0294189453125,400.359619140625,1.0,16.0
720.5,171479.0,237.72908019661227,355.1243444181127,442.6341604530766,326.7265319824219,373.90679931640625,400.9390563964844,1.0,16.0
721.0,171085.0,237.83472960108836,355.31676008879737,442.77420882431716,327.1778564453125,373.42633056640625,401.0177917480469,1.0,14.0
721.5,171671.0,237.6728449828431,355.70985367221135,443.4072620063862,326.96441650390625,374.2181396484375,401.3153076171875,1.0,15.0
722.0,171795.0,238.07454786002626,355.64729719203547,443.4072620063862,326.09210205078125,374.8363037109375,401.57794189453125,1.0,13.0
722.5,171488.0,238.03691172223083,355.9578626747835,443.90652169122274,328.0982971191406,373.5325927734375,401.45306396484375,1.0,16.0
723.0,171301.0,238.41507897544466,356.4393356519451,444.181269303423,326.4414367675781,374.84246826171875,402.0698547363281,1.0,17.0
723.5,171913.0,236.60675301748773,355.5376210587757,443.5493208201316,326.2388610839844,374.5773620605469,401.7494201660156,1.0,17.0
724.0,171506.0,237.24186200692606,356.4267105591274,444.81456810675616,324.9476013183594,376.76348876953125,402.6163330078125,1.0,14.0
724.5,172018.0,237.73375775912612,355.9845502265513,444.95617761752675,326.4693603515625,375.0762023925781,402.6605529785156,1.0,20.0
725.0,171939.0,238.52324031660282,356.9719876965138,444.95617761752675,324.3364562988281,376.82769775390625,403.1681213378906,1.0,14.0
725.5,172917.0,238.309881236814,356.8545922356694,445.58837507277946,324.9464111328125,376.5728759765625,403.5054626464844,1.0,17.0
726.0,172039.0,238.59036859720274,356.9481755101152,444.95617761752675,322.98944091796875,377.5642395019531,403.73358154296875,1.0,14.0
726.5,173089.0,238.77384008401785,357.244174189696,445.58837507277946,323.31005859375,377.5148010253906,404.1570129394531,1.0,18.0
727.0,172938.0,238.97375063115368,357.4143253984093,445.7319822494231,322.9417419433594,378.0889587402344,404.2074890136719,1.0,18.0
727.5,172697.0,239.32835815414361,357.72754995946286,445.7319822494231,322.0592346191406,378.7213439941406,404.48828125,1.0,20.0
728.0,173181.0,239.1167061200149,357.71776584340904,445.25273721786374,321.4264221191406,378.6415710449219,404.5426940917969,1.0,16.0
728.5,173095.0,239.37925930732592,358.05027579936313,446.5086785270808,321.8157958984375,379.1656188964844,405.1703186035156,1.0,18.0
729.0,173496.0,239.30971358334477,358.09775201751825,446.5086785270808,320.9155578613281,379.81353759765625,405.46075439453125,1.0,15.0
729.5,173271.0,239.59001295045516,358.1368453429547,446.5086785270808,320.9155578613281,379.81353759765625,405.46075439453125,1.0,19.0
730.0,173723.0,239.5983641446707,358.2080401107714,446.99552570467637,321.96807861328125,379.3705749511719,405.4158020019531,1.0,20.0
730.5,173421.0,239.6793040090972,358.4243295313531,447.6293109259044,321.26031494140625,380.2810363769531,406.0193786621094,1.0,19.0
731.0,173687.0,239.54697667926874,358.57774610257115,447.6293109259044,320.3478088378906,380.9332580566406,406.3119812011719,1.0,20.0
731.5,173584.0,239.75616713131393,358.6753406633916,447.6293109259044,320.3478088378906,380.9332580566406,406.3119812011719,1.0,17.0
732.0,173660.0,240.02852876334205,358.9233901545008,447.6293109259044,321.26031494140625,380.2810363769531,406.0193786621094,1.0,19.0
732.5,173969.0,240.0268204528353,359.07102361510596,448.26443088873333,322.36114501953125,379.8995666503906,406.04949951171875,1.0,20.0
733.0,173872.0,240.15216124395997,359.1423812194922,448.9008799278522,322.97625732421875,379.6412048339844,406.3811340332031,1.0,18.0
733.5,173918.0,240.2611573815879,359.2476861318787,449.036746825914,321.6928405761719,380.8675842285156,406.7203369140625,1.0,16.0
734.0,173649.0,240.20383220345866,359.1049984458661,449.036746825914,321.6928405761719,380.8675842285156,406.7203369140625,1.0,18.0
734.5,174315.0,240.42373603429678,359.3897605664357,449.17702523615344,319.9005432128906,382.24383544921875,407.38604736328125,1.0,18.0
735.0,174798.0,240.53269725034843,359.4565342291054,449.17702523615344,320.8225402832031,381.5819396972656,407.0853576660156,1.0,18.0
735.5,174511.0,240.57374025368065,359.65956115530145,450.4442251822083,321.2088928222656,382.10986328125,407.71484375,1.0,18.0
736.0,174151.0,240.54199149035264,359.723504931218,450.308782947879,322.5022888183594,380.87432861328125,407.364990234375,1.0,17.0
736.5,174293.0,240.8124008104579,360.0138886209808,449.67210275933286,321.3890686035156,381.26531982421875,407.3373718261719,1.0,19.0
737.0,174810.0,240.92140647589008,360.2161156801681,450.58406540844294,321.6698913574219,381.6468811035156,407.79339599609375,1.0,22.0
737.5,175549.0,240.76612741906038,360.28294435879127,449.95221968560173,320.13800048828125,382.57080078125,407.7749938964844,1.0,18.0
738.0,174452.0,240.37975203114996,360.43584727382483,450.58406540844294,319.3966369628906,383.5038146972656,408.3949890136719,1.0,20.0
738.5,175687.0,240.9704611979086,360.46913876225244,450.58406540844294,319.3966369628906,383.5038146972656,408.3949890136719,1.0,18.0
739.0,174206.0,240.71174862575688,360.75615032872275,449.95221968560173,319.2069396972656,383.2406311035156,408.0826416015625,1.0,23.0
739.5,174816.0,240.62235373266316,360.7672379803909,450.7282995331001,319.5,383.5,408.4734802246094,1.0,22.0
740.0,174964.0,240.57981243343428,360.9722981061012,450.7282995331001,320.791259765625,382.375732421875,408.1673889160156,1.0,21.0
740.5,175669.0,240.98962701640727,360.9058048854299,450.7282995331001,322.1366271972656,381.17694091796875,407.87322998046875,1.0,19.0
741.0,175217.0,240.89125178805637,361.3820692840197,451.9911503558449,322.5252685546875,381.70208740234375,408.5023498535156,1.0,25.0
741.5,175489.0,240.70907156872104,361.4484748895754,452.6245684891619,320.8535461425781,383.3106994628906,409.41546630859375,1.0,22.0
742.0,175816.0,241.184462500795,361.69738732813653,451.3590588434002,319.5,383.5,409.0972595214844,1.0,21.0
742.5,175765.0,241.2065288073469,361.7969043538101,451.5052602129902,320.0,382.5,409.4878845214844,1.0,19.0
743.0,175850.0,241.37846132102325,362.1762692333038,452.1349356110408,320.0,383.0,409.800048828125,1.0,22.0
743.5,176069.0,241.16899126299998,362.15079728972484,452.1349356110408,320.0,383.0,409.800048828125,1.0,23.0
744.0,175750.0,241.35034529591866,362.3147802671042,452.1349356110408,320.0,382.5,410.1125793457031,1.0,21.0
744.5,176297.0,241.65668501251272,362.6637561157718,452.40910689330735,318.42791748046875,385.0604553222656,409.8677978515625,1.0,21.0
745.0,177013.0,241.79422946692398,362.5068275162424,452.40910689330735,318.85400390625,384.5445556640625,409.87457275390625,1.0,19.0
745.5,176990.0,241.28529510247077,362.6927073984256,452.48756889001936,319.0,384.0,410.2743835449219,1.0,19.0
746.0,176894.0,241.80386572868474,363.03443362854716,453.0618059382185,318.07464599609375,385.49774169921875,410.50048828125,1.0,17.0
746.5,177078.0,241.84907326076646,362.98918716644727,453.25930768159634,319.5,384.5,410.3493347167969,1.0,20.0
747.0,176561.0,241.67519660196808,363.02203789852757,453.25930768159634,319.5689392089844,384.4144592285156,410.349365234375,1.0,20.0
747.5,176724.0,242.25749596198068,363.3414372184929,453.25930768159634,319.5,383.5,410.97760009765625,1.0,21.0
748.0,176596.0,241.94812318038962,363.3249234500711,453.25930768159634,319.5,383.5,410.97760009765625,1.0,20.0
748.5,177279.0,242.44274656159232,363.7169228947149,453.3982796614914,320.0,382.5,411.3664245605469,1.0,20.0
749.0,177007.0,242.31543685234195,363.91757308489514,453.54161881794266,320.5,382.0,411.4417724609375,1.0,21.0
749.5,176911.0,242.27972181439202,364.0,453.54161881794266,320.5,382.0,411.4417724609375,1.0,19.0
750.0,177148.0,241.9896289437535,364.0054944640259,454.31817044886066,321.0,382.0,411.83135986328125,1.0,18.0
750.5,177208.0,242.44514788779236,364.1112467364885,453.68932101163676,321.0,381.0,411.83135986328125,1.0,23.0
751.0,177147.0,242.29860849284475,364.53778952761365,453.68932101163676,321.0,381.0,411.83135986328125,1.0,20.0
751.5,177304.0,242.50896938895818,364.66422912043345,454.31817044886066,321.0,381.0,412.4585876464844,1.0,19.0
752.0,177750.0,243.1110961587847,364.9665053118374,453.8413819827363,321.5,380.0,412.2212219238281,1.0,20.0
752.5,177357.0,242.7194544642017,364.97123174299645,453.8413819827363,321.5,379.5,412.5343322753906,1.0,18.0
753.0,177634.0,243.35947832840998,365.08766070630213,455.095594353538,321.5,381.0,412.8478088378906,1.0,21.0
753.5,177770.0,243.10974970805282,365.2298590987201,455.095594353538,321.5,381.5,412.5343322753906,1.0,21.0
754.0,177960.0,243.05273389769596,365.2972762006911,455.095594353538,321.5,381.5,412.5343322753906,1.0,22.0
754.5,178089.0,243.13956997404404,365.3080891521566,455.095594353538,321.5,382.5,411.908447265625,1.0,20.0
755.0,178208.0,243.3481055225735,365.5680511204446,455.2471856036015,322.0,382.5,411.6750183105469,1.0,19.0
755.5,178523.0,243.4895007643571,365.6122262613109,455.2471856036015,322.0,381.5,412.298828125,1.0,20.0
756.0,178290.0,243.42329553854992,365.7261953919032,456.2543150480881,315.5,390.0,412.66973876953125,1.0,22.0
756.5,178483.0,243.49517473691265,365.8756619399547,457.00437634666037,316.0,389.5,413.37432861328125,1.0,23.0
757.0,178489.0,243.69474677148756,366.06693377031473,457.00437634666037,316.0,389.5,413.37432861328125,1.0,20.0
757.5,178705.0,243.37855056330486,366.3836786757838,456.9168414492948,315.5,389.5,413.6382141113281,1.0,21.0
758.0,178476.0,243.52396540741233,366.525578916397,457.58059399410723,315.5,390.0,413.96173095703125,1.0,19.0
758.5,178116.0,244.180564533394,366.67424234598207,457.58059399410723,315.5,390.0,413.96173095703125,1.0,23.0
759.0,178903.0,243.7503446476374,366.7638204601083,457.4997267758747,315.0,390.5,413.90496826171875,1.0,22.0
759.5,178514.0,243.77595066386357,367.1511950137164,457.61992963593707,321.5,383.0,414.1054382324219,1.0,22.0
760.0,178493.0,244.17390255008678,367.23589148665184,458.24556735444804,315.5,390.5,414.2856140136719,1.0,20.0
760.5,178401.0,244.19310385728954,367.535032343857,458.3284848228397,316.0,389.5,414.6665344238281,1.0,20.0
761.0,178472.0,244.09719908905782,367.66288907095316,458.3284848228397,316.0,389.5,414.6665344238281,1.0,24.0
761.5,178332.0,244.31332424693196,367.9198282234868,458.4157501657202,316.5,388.5,415.04766845703125,1.0,20.0
762.0,178144.0,244.56330633773717,368.0230971012553,458.3284848228397,316.0,389.0,414.9904479980469,1.0,22.0
762.5,178878.0,244.25653085849484,367.78934187928826,458.3284848228397,316.0,389.0,414.9904479980469,1.0,21.0
763.0,178721.0,244.21762183841454,368.12633700945656,458.9117562233506,315.5,390.5,414.9344177246094,1.0,21.0
763.5,178749.0,244.78682857287782,368.2404106015525,458.9117562233506,315.5,390.5,414.9344177246094,1.0,19.0
764.0,179276.0,244.76292378582514,368.4901626909462,459.57915531494683,315.5,391.0,415.25933837890625,1.0,18.0
764.5,179209.0,244.6572014910476,368.5430775363987,459.65748117484173,316.0,390.5,415.3147277832031,1.0,23.0
765.0,179334.0,244.6642016665512,368.5824195481928,460.40417026782023,316.5,390.5,415.6952819824219,1.0,24.0
765.5,179518.0,244.69573155250455,368.7936414773729,461.06940909151626,316.5,391.0,416.0196228027344,1.0,22.0
766.0,179700.0,245.00265367583575,369.07641484443394,461.8159806676248,317.0,391.0,416.400146484375,1.0,25.0
766.5,179525.0,245.0226439547228,369.2435510604168,461.8159806676248,317.0,391.0,416.400146484375,1.0,20.0
767.0,179760.0,245.28245750806207,369.43199644860215,461.8159806676248,317.0,391.0,416.400146484375,1.0,22.0
767.5,179450.0,245.44698685111348,369.67282832255876,461.8159806676248,317.0,390.0,417.04925537109375,1.0,21.0
768.0,179869.0,246.1062119612432,369.8532141174145,461.7358552246078,316.5,391.0,416.6693115234375,1.0,23.0
768.5,180496.0,245.83890820354236,369.9854726873172,461.8159806676248,317.0,388.5,418.0255126953125,1.0,22.0
769.0,180358.0,245.86444122140105,370.3002835525112,462.4035034469354,316.5,391.5,416.99468994140625,1.0,22.0
769.5,180342.0,245.93070095738284,369.9846618384998,461.6600480873345,316.0,391.5,416.6153259277344,1.0,21.0
770.0,180823.0,246.02423136007292,370.62110031675206,461.8159806676248,317.0,390.5,416.7245178222656,1.0,20.0
770.5,180938.0,245.94069445391688,370.59202635500833,461.8159806676248,317.0,390.5,416.7245178222656,1.0,22.0
771.0,180284.0,246.19266786764643,371.22769293251815,463.07234855905614,316.5,392.0,417.3204040527344,1.0,21.0
771.5,180546.0,245.74123607548515,371.238131122949,463.07234855905614,316.5,391.5,417.646484375,1.0,19.0
772.0,181035.0,246.44060919383642,371.51715976519847,462.4035034469354,316.5,391.0,417.3204040527344,1.0,20.0
772.5,181289.0,246.4314364310596,371.57637169228076,463.0010799123475,316.0,392.0,417.5943908691406,1.0,22.0
773.0,180429.0,246.24443677555485,371.860188780676,463.8156961552724,317.0,391.5,418.0255126953125,1.0,16.0
773.5,181732.0,246.56891128880375,371.9099353338117,463.8156961552724,317.0,392.0,417.6997375488281,1.0,20.0
774.0,181398.0,246.73266433490582,372.2284244922733,463.8156961552724,317.0,392.0,417.6997375488281,1.0,23.0
774.5,180594.0,246.63193169931955,372.65506835918524,463.7423853822292,316.5,392.5,417.646484375,1.0,19.0
775.0,181407.0,246.36430286032817,372.84728776886794,464.41360875839973,316.5,393.5,417.646484375,1.0,18.0
775.5,181806.0,246.48438815204656,373.07673467967544,465.15481293866026,317.0,393.0,418.35162353515625,1.0,21.0
776.0,181532.0,246.36716035160208,373.05488865072306,465.15481293866026,317.0,393.5,418.0255126953125,1.0,19.0
776.5,181918.0,246.42157098368622,373.3108624189765,464.41360875839973,316.5,393.0,417.9728698730469,1.0,19.0
777.0,181840.0,246.46096063494,373.2626421167808,464.3468531173653,316.0,394.0,417.5943908691406,1.0,20.0
777.5,181227.0,246.90959342098793,373.53580818979054,464.2843956025229,316.67779541015625,392.6436767578125,417.8749694824219,1.0,22.0
778.0,182042.0,246.6593792154834,373.61477486844655,464.56000688823826,317.5,392.0,418.079345703125,1.0,18.0
778.5,182007.0,246.77431301626422,373.8836717483126,464.56000688823826,317.5,392.0,418.079345703125,1.0,19.0
779.0,181927.0,246.68790690374158,373.87578150586285,463.8933066988572,320.8389587402344,387.59637451171875,417.7864685058594,1.0,20.0
779.5,182019.0,246.94860823837345,374.1443571671234,464.56000688823826,320.59051513671875,388.3922119140625,418.10614013671875,1.0,18.0
780.0,182201.0,246.91375432591545,374.09223461601016,464.56000688823826,322.3312683105469,386.3601379394531,418.14501953125,1.0,18.0
780.5,182230.0,247.0149177650813,374.256596468252,464.56000688823826,320.59051513671875,388.3922119140625,418.10614013671875,1.0,19.0
781.0,182474.0,247.19125067035296,374.55306700119274,465.3052761360008,318.0,387.5,421.3980712890625,1.0,20.0
781.5,182559.0,247.2348932278677,374.54238745434407,465.97210216921786,318.0,388.0,421.726318359375,1.0,20.0
782.0,182828.0,247.0879696916506,374.73323845103465,465.97210216921786,318.0,387.5,422.0549011230469,1.0,21.0
782.5,182716.0,247.31270652757053,375.2132726863483,466.79867180616526,319.0,387.0,422.4808654785156,1.0,20.0
783.0,182662.0,247.4267918834692,375.4102422673649,467.54678910243837,319.5,386.5,423.18621826171875,1.0,21.0
783.5,182467.0,247.84720910028418,375.6447790133652,467.54678910243837,319.5,386.0,423.5142517089844,1.0,20.0
784.0,182935.0,247.71115001854855,375.8257574994029,467.54678910243837,319.5,386.0,423.5142517089844,1.0,17.0
784.5,183362.0,247.9604397778633,376.06468857882066,468.29584666106103,320.0,386.0,423.8916015625,1.0,20.0
785.0,183164.0,247.88166771063436,376.0119678946403,468.95842033169635,320.0,386.5,424.21966552734375,1.0,17.0
785.5,183328.0,247.92167797339405,376.18864946397804,468.29584666106103,320.0,386.0,423.8916015625,1.0,19.0
786.0,182944.0,248.16557475955088,376.3509000919222,468.21042278018547,319.5,387.0,423.5142517089844,1.0,17.0
786.5,183907.0,247.95886657806716,376.4704503676218,468.87524993328446,319.5,388.0,423.5142517089844,1.0,19.0
787.0,183419.0,248.21996190794513,376.77712244774096,468.87524993328446,319.5,387.5,423.8426208496094,1.0,21.0
787.5,183729.0,248.09290846715373,376.88380167603975,468.95842033169635,320.0,387.0,423.8916015625,1.0,20.0
788.0,183973.0,248.15801146814695,377.11536696347974,469.6221885728995,320.0,387.5,424.21966552734375,1.0,21.0
788.5,183810.0,248.81825634719175,377.49304629357084,470.3700670748512,320.5,387.5,424.5969543457031,1.0,18.0
789.0,184231.0,248.5317167026757,377.5374153498402,470.45722441046644,321.0,387.0,424.6470031738281,1.0,15.0
789.5,184420.0,248.44318860278628,377.70901498331625,470.5486159792631,321.5,387.0,424.3716735839844,1.0,20.0
790.0,183808.0,248.81727953744291,378.05680789587507,471.9597440460362,322.0,387.5,425.07684326171875,1.0,22.0
790.5,184350.0,248.57534846614823,378.16398559355173,472.05508153180597,322.5,387.0,425.1297912597656,1.0,18.0
791.0,184678.0,248.67871468741276,378.30807551518114,472.05508153180597,322.5,387.0,425.1297912597656,1.0,20.0
791.5,184467.0,248.74061172036357,378.4521105767545,471.9597440460362,322.0,387.5,425.07684326171875,1.0,22.0
792.0,184679.0,248.92786853339484,378.55646870711377,471.9597440460362,322.0,387.5,425.07684326171875,1.0,21.0
792.5,183823.0,249.2137429586206,378.7611384500791,472.7123861292403,322.5,387.0,425.7820129394531,1.0,20.0
793.0,184329.0,249.3307756621143,378.9419480606495,473.4659438650261,323.0,387.5,425.8348693847656,1.0,21.0
793.5,183943.0,249.34080639259287,379.18768438905295,474.12340165826026,323.0,388.0,426.1608581542969,1.0,26.0
794.0,184783.0,248.85591077784247,379.22288960451743,474.78205526325445,323.0,388.5,426.4871826171875,1.0,26.0
794.5,184422.0,249.10657799523258,379.3481250777444,474.78205526325445,323.0,387.5,427.140869140625,1.0,21.0
795.0,184241.0,249.37657274555977,379.5853000314949,474.87682613494627,323.5,387.5,426.8659973144531,1.0,21.0
795.5,185076.0,249.03346678683675,379.39030035044385,474.87682613494627,323.5,387.5,426.8659973144531,1.0,19.0
796.0,184490.0,249.53257712998317,379.7959978725421,475.631159618459,324.0,387.5,427.24505615234375,1.0,19.0
796.5,184968.0,249.26283349861993,379.85391929003447,476.1932380872286,323.5,389.0,427.1923828125,1.0,18.0
797.0,185395.0,249.36088259323554,380.11287795458753,476.94548954780987,324.0,389.0,427.5711364746094,1.0,18.0
797.5,185381.0,249.54115622825876,380.2972521594128,477.6986497782886,324.5,388.5,428.2762756347656,1.0,24.0
798.0,184934.0,249.88954211223995,380.61660499773257,478.4527144870222,325.0,388.0,428.9814453125,1.0,23.0
798.5,185879.0,249.52896065624697,380.741382042982,478.5530273647843,325.5,387.0,429.3603820800781,1.0,20.0
799.0,184918.0,250.36680030648319,381.0301825315155,479.10959080360726,325.0,388.0,429.63482666015625,1.0,21.0
799.5,186017.0,249.801106609729,380.938315216519,479.10959080360726,325.0,387.5,429.9620056152344,1.0,22.0
800.0,186077.0,250.09667093142065,381.1207157843824,479.86352226440385,325.5,387.5,430.340087890625,1.0,22.0
800.5,186169.0,249.99126401699704,381.1679419888299,479.96354028196765,326.0,386.5,430.7183837890625,1.0,20.0
801.0,185696.0,250.41276714055024,381.4154558969787,479.86352226440385,325.5,387.0,430.66729736328125,1.0,18.0
801.5,185710.0,250.3350290666848,381.53853015937267,479.96354028196765,326.0,387.0,430.39178466796875,1.0,26.0
802.0,186007.0,250.61366749933472,381.8123884837157,479.96354028196765,326.0,387.0,430.39178466796875,1.0,20.0
802.5,185845.0,250.49123544590563,381.9803659875727,480.7202928939031,326.5,387.0,430.7706298828125,1.0,22.0
803.0,185597.0,250.5634497783496,382.1900050892771,480.6183517095451,326.5,387.0,430.66729736328125,1.0,24.0
803.5,186550.0,250.41696500526336,382.25645841502796,480.6183517095451,326.0,388.0,430.39178466796875,1.0,25.0
804.0,186742.0,250.5341670537162,382.39377609997786,481.3740749147174,326.5,388.5,430.44464111328125,1.0,20.0
804.5,186803.0,250.8646959044442,382.7817916252632,481.3740749147174,326.5,388.5,430.44464111328125,1.0,24.0
805.0,187023.0,250.8611998599489,383.1551904025413,482.0290447680513,326.5,389.0,430.7706298828125,1.0,23.0
805.5,186157.0,251.09935634571767,383.41309314830534,482.1306876771069,327.0,389.0,430.4986267089844,1.0,23.0
806.0,185940.0,251.39708060569464,383.42346040667155,482.1306876771069,327.0,389.0,430.4986267089844,1.0,24.0
806.5,185935.0,251.3300455397964,383.9192623456135,482.78463107269687,327.0,389.5,430.8240051269531,1.0,22.0
807.0,186788.0,250.87806072170272,383.83590243748694,482.78463107269687,327.0,389.5,430.8240051269531,1.0,19.0
807.5,186893.0,251.10645507651356,383.83590243748694,482.6851976184892,327.0,389.0,431.0453186035156,1.0,16.0
808.0,186943.0,251.121891332255,384.1731380510615,483.43975839808627,327.0,390.0,431.14971923828125,1.0,20.0
808.5,187094.0,251.25271951749826,384.252521136817,483.3425286481627,326.5,390.5,431.0969543457031,1.0,17.0
809.0,186192.0,251.74796942208064,384.59296653199124,484.09606484663766,327.0,390.5,431.47576904296875,1.0,23.0
809.5,186850.0,251.9530786338814,384.8324310657822,485.5069515465252,327.5,391.0,432.180908203125,1.0,23.0
810.0,187035.0,251.6859162416599,385.06752654566964,485.5069515465252,327.5,391.5,431.85479736328125,1.0,23.0
810.5,186892.0,252.1219234665755,385.15581262652654,485.5069515465252,327.5,391.5,431.85479736328125,1.0,17.0
811.0,188264.0,251.79974123421738,385.2190286046898,486.26124665656835,328.0,391.5,432.2341003417969,1.0,18.0
811.5,187517.0,251.79521155014967,385.6508783638219,486.91785754888883,328.0,392.5,432.2341003417969,1.0,25.0
812.0,188027.0,251.7748676276392,385.5035667798678,486.3620050949704,328.5,391.5,431.963623046875,1.0,20.0
812.5,187407.0,252.0938812023336,385.73799371692536,487.1190819501942,329.0,391.0,432.6685485839844,1.0,18.0
813.0,188063.0,251.8824708591209,386.0634662850138,487.8770336877931,329.5,391.5,432.724609375,1.0,19.0
813.5,187781.0,252.2371934373461,386.4466327968197,488.5294259305165,329.5,391.5,433.37347412109375,1.0,21.0
814.0,188535.0,252.16129540682988,386.62772792442087,488.5294259305165,329.5,392.0,433.04888916015625,1.0,23.0
814.5,188456.0,252.25217983448962,386.8300660351039,487.8770336877931,329.5,391.5,432.724609375,1.0,20.0
815.0,187980.0,252.7205215136126,387.0880390806292,488.5294259305165,329.5,392.0,433.04888916015625,1.0,16.0
815.5,188173.0,252.71148114689362,387.3349971092242,490.0459162160215,330.5,392.0,433.81024169921875,1.0,23.0
816.0,188154.0,252.61975740947648,387.5590277622236,490.69746280167374,330.5,392.5,434.13427734375,1.0,22.0
816.5,188782.0,252.48866399502063,387.74340742289996,490.8054604423223,331.0,392.0,434.1912841796875,1.0,18.0
817.0,188268.0,252.8127082668838,388.0664891406591,490.8054604423223,331.0,392.0,434.1912841796875,1.0,20.0
817.5,188312.0,253.07681609818107,388.4381545304466,490.8054604423223,331.0,392.0,434.1912841796875,1.0,22.0
818.0,188382.0,253.1774772191248,388.5249026702986,490.69746280167374,330.5,392.5,434.13427734375,1.0,25.0
818.5,189047.0,253.04580377967156,388.80419236378185,491.4560000651126,331.0,392.5,434.5150451660156,1.0,22.0
819.0,188890.0,253.34781353646065,388.85730030436616,491.4560000651126,331.0,392.0,434.8391418457031,1.0,21.0
819.5,189428.0,252.9548537316334,389.2653332396552,491.4560000651126,331.0,392.5,434.5150451660156,1.0,24.0
820.0,189300.0,253.2880879205289,389.6223812728625,491.4560000651126,331.0,392.5,434.5150451660156,1.0,24.0
820.5,189666.0,253.31253933059205,389.95512562344913,491.4560000651126,331.0,392.5,434.5150451660156,1.0,22.0
821.0,189870.0,253.26999884256568,390.25318704604285,491.5658653730952,331.5,392.0,434.57257080078125,1.0,22.0
821.5,189416.0,254.03441348110957,390.7172890978847,492.2154000028849,331.5,392.5,434.89605712890625,1.0,23.0
822.0,190049.0,253.44332839607713,391.0046035529602,491.5658653730952,331.5,392.0,434.57257080078125,1.0,20.0
822.5,189991.0,253.8890393726392,391.4217673319376,492.1077117867591,331.0,393.0,434.8391418457031,1.0,26.0
823.0,189559.0,254.10007030292385,391.52266856466946,492.1077117867591,331.0,393.0,434.8391418457031,1.0,23.0
823.5,189908.0,253.87728742377192,391.6490776192381,492.2154000028849,331.5,392.5,434.89605712890625,1.0,25.0
824.0,190108.0,254.2103198159218,392.3786436594122,492.5616712656396,330.0,394.0,435.38037109375,1.0,21.0
824.5,190064.0,254.23747203420655,392.5633706804546,493.3153149862672,330.5,394.0,435.7594909667969,1.0,22.0
825.0,189761.0,254.55157671795774,393.0814165029937,493.3153149862672,330.5,393.5,436.08551025390625,1.0,22.0
825.5,190039.0,254.5425258843319,393.1380164730456,494.06983312078466,331.0,393.5,436.4645690917969,1.0,23.0
826.0,190802.0,254.04137016363083,393.0659613847378,494.17102302745354,331.5,393.0,436.5184326171875,1.0,22.0
826.5,190455.0,254.5912119318331,393.860635243718,494.7261868953371,331.0,394.0,436.7906494140625,1.0,23.0
827.0,190410.0,254.70230050391996,393.93527387122873,494.82522166922735,331.5,393.5,436.8438720703125,1.0,20.0
827.5,191316.0,254.53135469357682,394.0977036218303,494.9282776322242,332.0,393.0,436.89825439453125,1.0,21.0
828.0,190585.0,254.90785472194028,394.4882760516025,496.2358310319802,332.0,394.5,437.2234191894531,1.0,19.0
828.5,190802.0,254.78739361734142,394.6969723690007,496.89133620943727,332.0,395.0,437.5489501953125,1.0,22.0
829.0,191129.0,255.04512407795923,395.01670848352535,496.89133620943727,332.0,394.5,437.8747863769531,1.0,17.0
829.5,190755.0,255.25822687311666,395.6071283483148,497.64646085348585,332.5,394.5,438.2540283203125,1.0,22.0
830.0,191016.0,255.23488116419787,395.6011248716319,497.64646085348585,332.5,395.0,437.928466796875,1.0,20.0
830.5,191272.0,255.12021781112426,396.02020150492325,498.40244782705474,333.0,395.0,438.3081970214844,1.0,18.0
831.0,191176.0,255.2121162708043,396.50472884948044,498.40244782705474,333.0,395.5,437.9832458496094,1.0,19.0
831.5,191567.0,255.47885394887817,396.2269550831384,499.05711096025874,333.0,396.0,438.3081970214844,1.0,22.0
832.0,191372.0,255.65079354274116,396.91938728159903,499.05711096025874,333.0,396.0,438.3081970214844,1.0,21.0
832.5,191600.0,255.62756979610387,397.1662120573703,498.95891614440563,332.5,396.0,438.57989501953125,1.0,18.0
833.0,191635.0,255.78107571898335,397.3256850155337,499.71291758368625,333.0,395.5,439.2850341796875,1.0,21.0
833.5,191029.0,256.0100926575846,397.70818447271864,499.8129650179155,333.5,389.0,443.2677917480469,1.0,23.0
834.0,191942.0,255.64660113069286,397.7247163553265,500.27592386602015,332.5,391.0,443.1764221191406,1.0,24.0
834.5,191288.0,255.96430416227741,398.23780567712953,500.27592386602015,332.5,397.0,439.232666015625,1.0,24.0
835.0,191823.0,255.8733357475286,398.4320519091294,500.9361236724698,332.5,391.5,443.50714111328125,1.0,24.0
835.5,191439.0,256.20479737762304,398.66289017145607,500.9361236724698,332.5,391.5,443.50714111328125,1.0,23.0
836.0,192505.0,255.80776922110508,398.8894583712994,500.9361236724698,332.5,388.5,445.4981384277344,1.0,23.0
836.5,192332.0,256.4682949579425,399.1453369388148,500.9361236724698,332.5,388.5,445.4981384277344,1.0,23.0
837.0,192303.0,256.565356426724,399.6056806387164,500.9361236724698,332.5,389.0,445.1654968261719,1.0,20.0
837.5,192983.0,256.31693344638967,399.74229198304647,501.5974481593781,332.5,392.5,443.50714111328125,1.0,21.0
838.0,192656.0,256.6083351966047,400.1474728088583,501.5974481593781,332.5,393.0,443.1764221191406,1.0,18.0
838.5,192836.0,256.73663406141566,400.5820764837089,501.6871535130235,333.0,392.0,443.5516662597656,1.0,22.0
839.0,193141.0,256.7176181045066,400.65571255131255,502.3474892940145,333.0,392.5,443.8821105957031,1.0,22.0
839.5,192781.0,256.9344233198373,401.0486254807514,503.0089462425097,333.0,393.0,444.212890625,1.0,25.0
840.0,193772.0,256.65383436537996,401.01720660570635,503.0983999179485,333.5,392.5,444.25732421875,1.0,19.0
840.5,193500.0,256.8717066811078,401.1807572653504,503.75887088963503,333.5,393.0,444.58782958984375,1.0,23.0
841.0,192947.0,257.21232668113254,401.6006723065467,503.75887088963503,333.5,399.0,440.6430969238281,1.0,19.0
841.5,193033.0,257.1147196982285,402.0870552504768,504.42045953747754,333.5,393.5,444.9186096191406,1.0,24.0
842.0,193567.0,257.11077419939636,402.27353877678803,505.0831614694752,333.5,400.0,441.2973327636719,1.0,23.0
842.5,193506.0,257.3116275949054,402.5170803829323,505.0831614694752,333.5,394.5,444.9186096191406,1.0,22.0
843.0,193683.0,257.2507157147705,402.6026577158442,505.74697230927643,333.5,395.0,445.249755859375,1.0,22.0
843.5,193612.0,257.2436052063909,402.90569616226577,506.49481734762105,334.052001953125,400.44000244140625,442.00262451171875,1.0,22.0
844.0,193274.0,257.4964921250694,403.3856715353187,506.4118876961717,335.4266662597656,399.280517578125,441.6347351074219,1.0,25.0
844.5,193738.0,257.5686127006855,403.6121900684175,507.07790328508696,335.6376647949219,399.54168701171875,441.9648742675781,1.0,27.0
845.0,193194.0,257.6349569491322,403.83783874223576,507.0009861923347,334.74127197265625,400.50396728515625,441.9121398925781,1.0,23.0
845.5,194348.0,257.6671609875676,403.9519154030901,507.67016851495225,334.9517517089844,400.76654052734375,442.24298095703125,1.0,30.0
846.0,194225.0,257.83501289303024,404.40079129497263,507.24353125495844,334.5,393.0,447.32464599609375,1.0,25.0
846.5,194032.0,257.8009310887276,404.7920453465365,507.24353125495844,334.5,393.0,447.32464599609375,1.0,28.0
847.0,194389.0,258.04120622424574,405.0308630215727,508.3404371088336,333.0,395.5,447.87200927734375,1.0,30.0
847.5,194362.0,258.13429648056365,405.389257370316,508.3404371088336,333.0,395.5,447.87200927734375,1.0,25.0
848.0,194545.0,258.1597747125773,405.66414679857075,509.0117876827608,333.0,396.5,447.87200927734375,1.0,27.0
848.5,194418.0,258.23375873267133,405.7656343200593,509.0117876827608,333.0,396.0,448.2065124511719,1.0,28.0
849.0,194100.0,258.55140709576193,406.07394646779295,509.0117876827608,333.0,396.0,448.2065124511719,1.0,27.0
849.5,194553.0,258.4144732189941,406.3670754339356,509.4948478640388,336.0,393.0,448.4474182128906,1.0,29.0
850.0,194932.0,258.3882147164181,406.406016117735,509.6842159612165,333.0,396.5,448.5413513183594,1.0,25.0
850.5,193803.0,258.6425692722433,407.02850021995744,509.6842159612165,333.0,396.5,448.5413513183594,1.0,24.0
851.0,194628.0,258.49245689314154,407.095627552301,510.35771768437087,333.0,398.0,448.2065124511719,1.0,25.0
851.5,194534.0,258.64422119603273,407.34064368107886,510.35771768437087,333.0,397.5,448.5413513183594,1.0,26.0
852.0,194472.0,258.6912645127382,407.71564842405803,510.35771768437087,333.0,397.5,448.5413513183594,1.0,26.0
852.5,195022.0,258.93252802547,407.6708230826121,510.35771768437087,335.739501953125,401.3918151855469,443.9014892578125,1.0,25.0
853.0,195079.0,258.98561089345776,408.0159310615212,510.35771768437087,337.1150207519531,399.83203125,443.9263000488281,1.0,23.0
853.5,194954.0,259.0975457054721,408.3476459809348,510.29501271323437,338.0152587890625,398.7621765136719,443.9160461425781,1.0,25.0
854.0,194756.0,259.41401233392673,408.8624463054517,510.88159097779203,339.5,397.5,444.2325744628906,1.0,23.0
854.5,195144.0,259.2735705573858,408.90530688447205,511.9814449762804,337.5815734863281,401.03826904296875,444.414794921875,1.0,25.0
855.0,195494.0,259.25763269596837,409.1664697297188,511.9814449762804,339.0514831542969,399.3518981933594,444.4402160644531,1.0,27.0
855.5,195767.0,259.26837495068554,409.20654931220247,512.6499780552028,338.5075988769531,400.4827575683594,444.7580871582031,1.0,23.0
856.0,195237.0,259.50632108904466,409.8353327208607,512.6499780552028,339.23590087890625,399.64862060546875,444.77276611328125,1.0,22.0
856.5,195545.0,259.49976179181914,410.1204700956032,512.7260477096906,339.2601318359375,399.6796569824219,444.8113098144531,1.0,25.0
857.0,195866.0,259.46612201907755,410.31755993373815,512.7260477096906,339.2539367675781,399.68682861328125,444.81121826171875,1.0,21.0
857.5,195856.0,259.7558652900589,410.5995616169116,513.3936111795705,340.8162841796875,398.4021911621094,445.1763916015625,1.0,20.0
858.0,195851.0,259.62368675792146,410.8454697328425,513.3195885605769,340.1845397949219,399.0722961425781,445.12481689453125,1.0,25.0
858.5,196267.0,259.81262946867724,410.90643703549046,514.662025022247,339.3231201171875,400.5823669433594,446.0921630859375,1.0,28.0
859.0,196325.0,259.90823476665224,411.1712537853644,514.662025022247,339.3231201171875,400.5823669433594,446.0921630859375,1.0,26.0
859.5,195990.0,260.0848529261942,411.39178406252887,514.5959580097768,340.588134765625,399.5849304199219,445.763916015625,1.0,24.0
860.0,196109.0,260.1882367018423,411.6916321714591,515.3348426023608,340.2846984863281,399.99871826171875,446.44598388671875,1.0,22.0
860.5,196078.0,260.20325173376096,412.0594617285229,516.0087208565375,335.0,399.5,451.3660888671875,1.0,25.0
861.0,196733.0,260.3189400989769,412.4039282063157,514.2343823588617,340.0,387.5,453.7624206542969,1.0,30.0
861.5,196746.0,260.23693909154565,412.31056256176606,515.2106365361647,334.0,394.5,454.67388916015625,1.0,25.0
862.0,196942.0,260.2357243592296,412.8013444744703,515.1543458032747,333.5,395.0,454.6463928222656,1.0,27.0
862.5,196722.0,260.51158578273396,413.0008474537232,514.8844530571884,340.0,388.0,454.09368896484375,1.0,23.0
863.0,196737.0,260.31694014263746,413.061254519225,515.0533952902359,332.5,396.5,454.2538757324219,1.0,24.0
863.5,197282.0,260.55493631899117,413.56601649479745,515.5356437725718,340.0,388.5,454.42529296875,1.0,29.0
864.0,197330.0,260.4758405848583,413.6607305440225,516.2944896084017,340.5,389.0,454.46820068359375,1.0,25.0
864.5,197187.0,260.53071235313934,413.91653746254764,516.2944896084017,341.0,389.0,454.09368896484375,1.0,33.0
865.0,197020.0,260.9016371330155,414.27050341525745,516.945838555646,341.0,389.5,454.42529296875,1.0,31.0
865.5,197483.0,260.67079293587744,414.61379619822804,516.945838555646,341.0,390.0,454.09368896484375,1.0,26.0
866.0,197132.0,260.84718164852075,414.9154130593961,517.1663175420457,342.0,389.0,454.1817626953125,1.0,33.0
866.5,197474.0,261.0124703010547,415.2352947422342,518.0463299744531,343.0,388.5,454.6034851074219,1.0,28.0
867.0,198044.0,260.87782719358995,415.27099585692235,518.0463299744531,343.0,388.5,454.6034851074219,1.0,26.0
867.5,197850.0,261.19108665510157,415.86854893918104,518.3560552361668,341.5,390.5,454.79949951171875,1.0,33.0
868.0,197781.0,261.52095798241265,416.17304093369626,518.3560552361668,341.5,390.5,454.79949951171875,1.0,32.0
868.5,197801.0,261.2275936814836,416.32919667013505,519.3380402011776,343.0,389.5,455.262939453125,1.0,30.0
869.0,198429.0,261.3409564673678,416.41565772674784,519.3380402011776,343.0,389.5,455.262939453125,1.0,30.0
869.5,198098.0,261.36169627143914,416.92325432865937,519.8740232017753,342.5,390.5,455.5486755371094,1.0,28.0
870.0,198575.0,261.39273842448904,417.2167302363872,520.6342286096833,343.0,390.0,456.25439453125,1.0,28.0
870.5,198377.0,261.6715712807408,417.6984558266885,521.3952435532951,343.0,390.0,457.00445556640625,1.0,28.0
871.0,198656.0,261.83454528085457,417.8468619003857,521.3952435532951,343.0,390.0,457.00445556640625,1.0,33.0
871.5,198426.0,261.7369152174542,418.0439570185554,522.044059443262,343.0,390.5,457.33502197265625,1.0,33.0
872.0,198685.0,261.86303261810184,418.46481332577605,523.1605872005268,345.0,388.5,458.17828369140625,1.0,27.0
872.5,198518.0,261.78656854909116,418.6167698504206,523.5666146728609,344.0,390.5,458.08551025390625,1.0,33.0
873.0,198621.0,261.9570078858571,418.70753516028344,522.9196879062788,344.5,389.5,457.71014404296875,1.0,28.0
873.5,198739.0,261.9904660310706,419.14472440774836,524.3290951301482,345.0,390.5,458.08551025390625,1.0,34.0
874.0,198981.0,262.5269915670211,419.505661463585,524.5693471791885,345.5,389.5,458.5549011230469,1.0,29.0
874.5,198826.0,262.4534328911287,419.58789301129605,524.5693471791885,345.5,389.5,458.5549011230469,1.0,34.0
875.0,199189.0,262.38052324655723,419.9447582714419,524.6951495868816,346.5,388.5,458.5549011230469,1.0,32.0
875.5,198923.0,262.65897219155653,420.3449773696275,525.4636048291071,347.0,388.5,458.9317321777344,1.0,30.0
876.0,198769.0,262.74869002533353,420.746004138654,526.7447199545526,346.5,390.0,459.6371765136719,1.0,32.0
876.5,199421.0,262.6197504096512,420.83963691648626,526.10360196448,347.0,389.5,458.9317321777344,1.0,21.0
877.0,199538.0,262.7769365729914,421.0608625359864,526.7447199545526,346.5,391.0,458.9807434082031,1.0,29.0
877.5,199478.0,262.7925688112034,421.34362460868454,526.8719009398774,347.0,390.0,459.35833740234375,1.0,33.0
878.0,199597.0,262.9412987193404,421.6484317148615,526.8719009398774,347.0,390.0,459.35833740234375,1.0,29.0
878.5,199280.0,263.10416067667404,422.0426518730068,528.9205989560248,347.5,391.5,460.06365966796875,1.0,31.0
879.0,200438.0,263.039432958787,422.2913686070318,529.0491470553562,348.0,390.5,460.44146728515625,1.0,30.0
879.5,199809.0,263.3100521882,422.79474925148895,529.0491470553562,348.0,390.5,460.44146728515625,1.0,32.0
880.0,200163.0,263.25606958611553,422.87823306479135,529.5620832348177,347.5,391.5,460.7196350097656,1.0,31.0
880.5,200138.0,263.3254020417078,423.1788038161742,529.8188369622205,348.5,390.5,460.8194580078125,1.0,27.0
881.0,200089.0,263.2885738771916,423.422720196474,529.8188369622205,348.5,391.0,460.49249267578125,1.0,30.0
881.5,200379.0,263.5692710732705,423.7951155910984,530.4573498406822,348.5,391.5,460.8194580078125,1.0,31.0
882.0,200840.0,263.4823033865506,423.95872440604404,530.5892950295926,349.0,390.5,461.1977233886719,1.0,31.0
882.5,200313.0,263.6771109731246,424.2091465299476,530.5892950295926,349.0,391.0,460.8710021972656,1.0,29.0
883.0,200678.0,263.770375896758,424.52932760861546,531.3605179160379,349.5,391.0,461.249755859375,1.0,27.0
883.5,200608.0,263.88603182948947,424.97176376790026,531.3605179160379,349.5,391.0,461.249755859375,1.0,29.0
884.0,200911.0,263.8711105215156,425.20642045911575,532.1325022961856,350.0,391.0,461.62872314453125,1.0,30.0
884.5,200995.0,263.9468718798255,425.30142252255604,532.1325022961856,350.0,390.5,461.95489501953125,1.0,29.0
885.0,200710.0,264.27714925603937,425.73765396034514,532.1325022961856,350.0,390.5,461.95489501953125,1.0,27.0
885.5,201223.0,264.17506325188145,426.21356149235794,532.7682422967796,350.0,390.5,462.6081848144531,1.0,32.0
886.0,200973.0,264.2303271612648,426.0427208622035,533.4050993382046,350.0,391.0,462.935302734375,1.0,32.0
886.5,201293.0,264.3881119138501,426.8856988887215,533.4050993382046,350.0,391.0,462.935302734375,1.0,32.0
887.0,201591.0,264.4349891302301,427.07552025333564,533.5400641001573,350.5,390.5,462.9866027832031,1.0,26.0
887.5,201724.0,264.4878432295645,427.1255670123621,532.90524486066,350.5,390.0,462.6600646972656,1.0,27.0
888.0,201776.0,264.68642984487474,427.9684567815717,534.3126425605144,351.0,391.5,462.7130126953125,1.0,31.0
888.5,201662.0,264.8285980018337,428.1642208263719,535.0859744003761,352.0,391.5,462.7130126953125,1.0,27.0
889.0,201597.0,264.96394619337224,428.3036305155286,535.0859744003761,352.0,391.5,462.7130126953125,1.0,27.0
889.5,202127.0,264.83816368348295,428.57648085724077,535.0859744003761,351.5,392.0,462.76702880859375,1.0,26.0
890.0,202368.0,264.8701679138421,429.12119500206467,535.0859744003761,351.5,390.5,463.74407958984375,1.0,28.0
890.5,202102.0,265.0900099622881,429.53463189829057,535.0859744003761,351.5,390.5,463.74407958984375,1.0,28.0
891.0,202346.0,265.24253547614137,429.96714990061867,536.780215730796,353.0,390.0,464.556884765625,1.0,32.0
891.5,202121.0,265.568740537177,430.4880950734875,536.9292318360027,353.5,390.0,464.2879943847656,1.0,33.0
892.0,202423.0,265.44371608229255,430.7999535724908,536.0037313302959,352.5,390.5,463.8518981933594,1.0,32.0
892.5,202433.0,265.6771556792815,431.2365939945264,536.0037313302959,352.5,390.5,463.8518981933594,1.0,31.0
893.0,202922.0,265.82794550903765,431.7224223800102,538.4876971667969,354.5,390.0,465.0498352050781,1.0,34.0
893.5,203272.0,265.7999459002564,432.0231475279999,538.6436670007362,355.0,389.5,465.1078796386719,1.0,35.0
894.0,203114.0,265.940158019628,432.3251091481965,538.6436670007362,355.0,390.0,464.78497314453125,1.0,33.0
894.5,203295.0,265.96612576737635,432.7609039643022,539.8935080180164,355.0,391.5,465.1078796386719,1.0,32.0
895.0,203645.0,266.22116221617273,433.1927976994585,540.049071844402,355.5,391.0,465.1669921875,1.0,34.0
895.5,203619.0,266.25275292714105,433.4029302917854,540.8308423157836,356.0,391.5,465.2271728515625,1.0,35.0
896.0,203217.0,266.4024456214025,433.8029506584758,540.8308423157836,356.0,391.5,465.2271728515625,1.0,30.0
896.5,203731.0,266.4929515109923,434.0449284949981,540.9916820062948,356.5,391.0,465.2884521484375,1.0,31.0
897.0,203993.0,266.5645696552148,434.26374474505695,541.6133307074338,356.5,392.0,465.2884521484375,1.0,31.0
897.5,203977.0,266.5424193479824,434.8270920311284,541.7757838811181,357.0,391.5,465.35076904296875,1.0,32.0
898.0,204078.0,266.64727725479696,434.96850449539767,541.7757838811181,357.0,391.0,465.6716613769531,1.0,29.0
898.5,204199.0,266.646868005887,435.1460674301,542.3965339122292,357.0,391.5,465.99285888671875,1.0,30.0
899.0,204192.0,266.7104637204803,435.4524084154076,541.7757838811181,357.0,391.0,465.6716613769531,1.0,29.0
899.5,204244.0,267.09219874044334,435.6248385939443,541.7757838811181,357.0,390.5,465.99285888671875,1.0,28.0
900.0,204458.0,266.85844742406414,436.1755953739646,542.3965339122292,357.0,390.5,466.6361999511719,1.0,33.0
900.5,204494.0,266.96349308753355,436.4916952245483,542.5605956941583,357.5,390.0,466.697265625,1.0,33.0
901.0,204492.0,267.05583511150076,436.51260003793897,541.9418788025151,357.5,389.5,466.3760070800781,1.0,30.0
901.5,204682.0,267.06867411526,436.9461637318009,542.2849804300319,359.0,388.0,466.438720703125,1.0,30.0
902.0,204765.0,267.2761905476815,437.3236787552213,542.4619802345599,359.0,388.0,466.5673522949219,1.0,33.0
902.5,204640.0,267.28335285768867,437.8551701184337,542.4619802345599,359.0,388.0,466.5673522949219,1.0,35.0
903.0,204489.0,267.52422865890117,438.4016423326902,542.8996223981004,358.5,389.0,466.8226013183594,1.0,33.0
903.5,204962.0,267.8115304778385,438.72725011794216,543.6883298361296,359.0,389.0,467.2066955566406,1.0,35.0
904.0,204461.0,267.6068703266553,438.8188692387783,543.5154091651864,358.5,389.0,467.4637145996094,1.0,35.0
904.5,204666.0,267.8621618950831,439.1821945388952,544.3032243152708,359.0,389.5,467.5268249511719,1.0,40.0
905.0,204991.0,267.9010848577111,439.3944696933344,544.4777314087327,359.5,388.5,467.910888671875,1.0,37.0
905.5,205462.0,267.8390482638337,439.5315688041202,544.4777314087327,359.5,388.5,467.910888671875,1.0,37.0
906.0,205411.0,267.9317381616402,439.84088031923545,544.4777314087327,359.5,388.5,467.910888671875,1.0,37.0
906.5,205187.0,268.0475029223952,440.1931394285922,544.4777314087327,359.5,388.5,467.910888671875,1.0,35.0
907.0,205448.0,268.0255903428984,440.6007262817437,544.6558546458489,360.0,388.0,467.97552490234375,1.0,34.0
907.5,205446.0,268.3924372510633,440.96258344234025,544.6558546458489,360.0,388.0,467.97552490234375,1.0,30.0
908.0,205993.0,268.21336978430355,441.00680265987666,544.919260074371,359.0,389.5,468.1680603027344,1.0,34.0
908.5,206078.0,268.1992857376278,441.2131004401388,545.7068810268017,359.5,390.0,468.2310791015625,1.0,37.0
909.0,205645.0,268.4269872886704,441.8545009368537,545.4475226820633,360.5,389.0,467.7225036621094,1.0,34.0
909.5,206381.0,268.35286006174357,441.65371050179124,545.4475226820633,360.5,389.0,467.7225036621094,1.0,40.0
910.0,206530.0,268.4407570381389,442.105191102751,546.239874048023,361.5,388.5,468.0412292480469,1.0,41.0
910.5,206130.0,268.6767866661897,442.45903765207464,546.9405817819702,359.5,392.0,468.2310791015625,1.0,36.0
911.0,206201.0,268.787650019932,442.74145954495833,546.3231644365815,359.5,391.5,467.910888671875,1.0,39.0
911.5,206352.0,268.8924722633015,443.0174375797015,546.9405817819702,359.5,392.0,468.2310791015625,1.0,31.0
912.0,206789.0,268.7691483188741,443.2268042436062,546.9405817819702,359.5,392.0,468.2310791015625,1.0,35.0
912.5,206825.0,268.91145623975103,443.42417615642023,546.8500708603776,361.0,390.0,468.10797119140625,1.0,33.0
913.0,206704.0,269.18067609918444,443.685981293022,547.032905774415,361.5,389.5,468.1758117675781,1.0,33.0
913.5,207050.0,269.36528472478614,443.8480595865477,547.2193344537453,362.0,389.0,468.24468994140625,1.0,39.0
914.0,207093.0,269.1675503177068,443.88624661222013,547.2193344537453,362.0,389.0,468.24468994140625,1.0,39.0
914.5,207013.0,269.3622038229839,444.2017559592299,548.014598345701,362.5,389.0,468.63134765625,1.0,35.0
915.0,207487.0,269.2162639073018,444.63715543175203,549.228549877007,362.5,390.0,469.2657470703125,1.0,34.0
915.5,207176.0,269.4961387686368,445.118804363364,549.228549877007,362.5,390.0,469.2657470703125,1.0,36.0
916.0,207435.0,269.66272911619535,445.69496295111975,550.2672078181654,362.0,391.5,469.8343811035156,1.0,35.0
916.5,207584.0,269.6977167009273,445.9436062994499,550.2672078181654,362.0,391.5,469.8343811035156,1.0,31.0
917.0,208053.0,269.55057274499245,445.88944818160724,549.6553465581864,362.0,391.0,469.51580810546875,1.0,35.0
917.5,207923.0,269.8550876883436,446.202868659537,549.6553465581864,362.5,390.5,469.4492492675781,1.0,31.0
918.0,208320.0,269.75425243867454,446.310654140192,550.4470910087545,363.0,390.5,469.8343811035156,1.0,32.0
918.5,208338.0,269.8128869097392,446.64303420069143,550.4470910087545,363.5,390.0,469.76837158203125,1.0,34.0
919.0,208448.0,269.9261069823686,446.962414445686,550.600581183856,363.5,390.0,469.76837158203125,1.0,33.0
919.5,208803.0,270.0791382916036,447.09059484627943,551.2023222012041,364.5,389.5,469.86444091796875,1.0,37.0
920.0,208449.0,270.35724925378094,447.6576816896454,551.2023222012041,364.5,389.5,469.86444091796875,1.0,33.0
920.5,208568.0,270.40612293650906,447.95987534386165,551.4000362713082,365.0,389.0,469.93731689453125,1.0,31.0
921.0,208685.0,270.30985158937955,448.1573384426501,552.4608583420187,363.0,392.5,470.60528564453125,1.0,34.0
921.5,208902.0,270.7125662975391,448.5632619820754,551.4000362713082,365.0,389.0,469.93731689453125,1.0,31.0
922.0,209051.0,270.62471221030677,448.93540737509034,552.6029315883151,363.0,392.5,470.60528564453125,1.0,30.0
922.5,209214.0,270.607621510629,449.06463899695063,552.0326077325506,363.5,391.5,470.3558044433594,1.0,33.0
923.0,209037.0,270.92043203919314,449.4997219131509,552.641836997526,363.5,392.0,470.67327880859375,1.0,30.0
923.5,209611.0,270.8680568677771,449.80162294025916,553.0009041583928,366.0,389.0,470.7144470214844,1.0,30.0
924.0,209486.0,270.9013482149485,449.87220407577973,552.641836997526,363.5,392.0,470.67327880859375,1.0,28.0
924.5,209345.0,271.069888746515,450.24993059410906,553.2522028876161,363.5,392.5,470.9910583496094,1.0,35.0
925.0,209487.0,271.22917455025004,450.60071016366584,553.4347296655677,364.0,392.0,471.0595397949219,1.0,33.0
925.5,209529.0,271.3106773903029,450.9587564260667,554.0442220617412,364.0,392.5,471.3770751953125,1.0,33.0
926.0,209948.0,271.2900886829482,451.1363430272494,554.2282923128339,364.5,392.5,471.1290588378906,1.0,33.0
926.5,210166.0,271.266208510095,451.4000443065995,554.8369129753355,364.5,393.0,471.4460144042969,1.0,35.0
927.0,210177.0,271.3657236619005,451.64255778214704,555.0225220655465,365.0,392.5,471.5159912109375,1.0,38.0
927.5,210512.0,271.436961601414,451.81677697530563,555.0225220655465,365.0,392.5,471.5159912109375,1.0,36.0
928.0,210352.0,271.7006332910897,452.3052066912341,555.8174160639445,365.5,392.5,471.9031677246094,1.0,33.0
928.5,210427.0,271.7470570635214,452.54789799930955,556.0080934662732,366.0,392.0,471.97467041015625,1.0,37.0
929.0,210739.0,271.7676404753526,452.76925690687085,555.4043572029301,366.0,391.5,471.65911865234375,1.0,36.0
929.5,210733.0,271.7672681044073,452.8408108804126,555.4043572029301,366.2197570800781,391.2296447753906,471.6592712402344,1.0,40.0
930.0,210718.0,272.04411655202625,453.13165857108135,556.0080934662732,366.1891174316406,391.26812744140625,472.2906188964844,1.0,38.0
930.5,210450.0,272.09465797006897,453.5363270954015,556.0080934662732,366.0,391.5,472.29052734375,1.0,38.0
931.0,210638.0,272.1253932763407,453.48555655042094,556.0080934662732,366.0,391.5,472.29052734375,1.0,32.0
931.5,210693.0,272.2416961157604,454.0418482915424,556.6129714622181,366.1891174316406,392.26812744140625,472.2906188964844,1.0,32.0
932.0,210846.0,272.366920175808,454.39905368720474,556.6129714622181,366.0,392.0,472.606689453125,1.0,35.0
932.5,210957.0,272.33339635121547,454.4962045628618,557.4091854284427,368.744384765625,389.7443542480469,472.6914978027344,1.0,34.0
933.0,211320.0,272.3559996235609,454.5118260287624,557.4091854284427,368.9710693359375,388.9710693359375,473.0101623535156,1.0,34.0
933.5,211660.0,272.28197232380126,454.6882448407083,557.4091854284427,368.52178955078125,389.52178955078125,473.00482177734375,1.0,32.0
934.0,211412.0,272.55770823212373,455.1544792495014,557.4091854284427,366.6860656738281,391.7719421386719,472.9941101074219,1.0,33.0
934.5,211137.0,272.7205672929918,455.3091257291197,557.4091854284427,368.9710693359375,388.9710693359375,473.0101623535156,1.0,33.0
935.0,211249.0,272.9255165346607,455.72798904609755,558.2060551445138,369.2447509765625,389.2447509765625,473.3948974609375,1.0,40.0
935.5,212011.0,272.7710968021213,456.00164473354636,558.2060551445138,369.841552734375,388.841552734375,473.60858154296875,1.0,35.0
936.0,212026.0,272.81643830912725,456.0109647804535,559.0035778060817,371.7756042480469,386.7448425292969,473.81768798828125,1.0,35.0
936.5,211859.0,273.03037627995184,456.326966109858,558.4012893967921,371.70703125,386.67724609375,473.7220153808594,1.0,35.0
937.0,211509.0,273.2257936761497,456.76602316381565,559.0035778060817,375.904052734375,382.80792236328125,474.0400390625,1.0,36.0
937.5,212277.0,272.99627961215276,456.85884034349164,559.2003218883194,374.25616455078125,384.2492980957031,474.22979736328125,1.0,38.0
938.0,211961.0,273.2720521600412,457.2657870429407,559.4005720411806,374.51611328125,384.5023498535156,474.5903625488281,1.0,38.0
938.5,212149.0,273.39086816357235,457.56420314530726,559.6043245008029,374.7763671875,384.7557067871094,474.9513854980469,1.0,38.0
939.0,212702.0,273.4249249666292,457.62976301809744,559.6043245008029,359.5,398.5,476.9932861328125,1.0,38.0
939.5,212765.0,273.3905375122267,457.9451932021128,559.8115754430235,359.5,398.5,476.9932861328125,1.0,41.0
940.0,213029.0,273.48661198473917,458.1918811998176,560.290103428572,360.0,398.5,477.3702392578125,1.0,40.0
940.5,212795.0,273.53133117518655,458.528734103983,560.290103428572,360.0,398.5,477.3702392578125,1.0,37.0
941.0,213103.0,273.7715106131256,458.83319403991084,560.929585598763,362.2405700683594,396.4311828613281,477.71087646484375,1.0,38.0
941.5,213389.0,273.80994144629284,459.18188116789383,560.929585598763,361.6438903808594,397.11517333984375,477.7052307128906,1.0,40.0
942.0,213300.0,274.01833626391124,459.31470692761405,560.929585598763,363.6269836425781,394.8416442871094,477.7305908203125,1.0,38.0
942.5,213622.0,273.9459498357775,459.6659656740976,561.6983176047441,363.88616943359375,395.1123962402344,478.1034851074219,1.0,41.0
943.0,213504.0,274.1047941871482,459.8313277712266,562.4677768548169,364.1456604003906,395.383544921875,478.47686767578125,1.0,37.0
943.5,213665.0,274.0919464946719,459.81344042806893,562.3379766652791,367.7320861816406,391.21014404296875,478.53070068359375,1.0,37.0
944.0,214047.0,274.1231651770709,460.09781568705586,563.1065618513071,368.5179443359375,390.87054443359375,478.9178771972656,1.0,36.0
944.5,213625.0,274.29005216006607,460.3531253288067,562.9786852093071,367.438232421875,392.0596008300781,478.84918212890625,1.0,36.0
945.0,214168.0,274.2151220917817,460.4179079920021,562.9786852093071,367.438232421875,392.0596008300781,478.84918212890625,1.0,41.0
945.5,214237.0,274.27150188603144,460.635647773608,562.9786852093071,367.9682312011719,391.4530334472656,478.86761474609375,1.0,42.0
946.0,214245.0,274.355990854352,460.74396360668686,562.9786852093071,386.4169616699219,373.9699401855469,477.76800537109375,1.0,37.0
946.5,213856.0,274.6988952546797,461.1117001334926,563.6204396577541,367.67425537109375,392.302490234375,479.1860656738281,1.0,40.0
947.0,214372.0,274.61863350473806,461.1865132459968,563.7463968842728,369.2803955078125,390.5104064941406,479.27520751953125,1.0,36.0
947.5,214050.0,274.7553570938475,461.41916951659516,565.2839994197607,388.0101013183594,374.1758728027344,478.5921325683594,1.0,37.0
948.0,214434.0,274.62805901887356,461.64163590386863,565.2839994197607,387.732421875,374.49957275390625,478.55670166015625,1.0,37.0
948.5,214757.0,274.76373680362735,461.8062364238924,565.4166605256694,368.2397155761719,392.88427734375,479.9930419921875,1.0,40.0
949.0,213951.0,275.21477434173227,462.2034184209373,565.5528268871087,371.008544921875,390.2269592285156,479.79315185546875,1.0,37.0
949.5,214995.0,274.848912906013,462.23641131429144,566.325877918359,369.0542907714844,392.57012939453125,480.41705322265625,1.0,36.0
950.0,214922.0,275.00288954051837,462.47270189709576,565.6924959728562,371.0329284667969,390.251708984375,479.82769775390625,1.0,36.0
950.5,214435.0,275.41921921476154,462.87147244132467,565.6924959728562,370.5390319824219,390.8252868652344,479.8100891113281,1.0,35.0
951.0,214733.0,275.3745751418946,463.069757159246,566.1881312779349,374.1314697265625,387.1314697265625,480.2651672363281,1.0,37.0
951.5,215148.0,275.22774159001636,463.1306511126207,566.0538843608442,374.11376953125,387.1137390136719,480.240234375,1.0,36.0
952.0,215199.0,275.42483280882,463.24939287601876,566.692156289462,374.8210144042969,386.8210144042969,480.6081237792969,1.0,37.0
952.5,215103.0,275.53575218628487,463.4585202578338,566.692156289462,374.8210144042969,386.8210144042969,480.6081237792969,1.0,33.0
953.0,214898.0,275.8415118671825,463.88037250998235,567.8741057664101,372.521484375,389.6884460449219,481.2560729980469,1.0,34.0
953.5,215432.0,275.6863851115773,463.89476176974904,567.8741057664101,374.44989013671875,387.44989013671875,481.340576171875,1.0,34.0
954.0,215856.0,275.44807886489326,463.8132706144132,568.6492767954603,371.79595947265625,391.1002502441406,481.5907897949219,1.0,35.0
954.5,215591.0,275.81402591012744,464.20415765672317,568.6492767954603,372.2897644042969,390.5262145996094,481.6077575683594,1.0,36.0
955.0,215205.0,275.83093817247584,464.32100964742057,569.4251487245712,374.97314453125,387.97314453125,482.076416015625,1.0,33.0
955.5,215538.0,275.88722061420236,464.5918638952228,569.4251487245712,372.5516357421875,390.79180908203125,481.9786682128906,1.0,36.0
956.0,216379.0,275.72530680794557,464.86557196677836,569.4251487245712,374.510986328125,388.5110168457031,482.0555114746094,1.0,36.0
956.5,215509.0,276.1112273478393,465.1668517425439,569.4251487245712,374.510986328125,388.5110168457031,482.0555114746094,1.0,34.0
957.0,215562.0,275.7380028194916,465.00838702019263,569.4251487245712,374.2724304199219,389.2724609375,481.719970703125,1.0,38.0
957.5,215907.0,276.22563718539124,465.8735879949535,569.4251487245712,372.0581970214844,391.36614990234375,481.9622497558594,1.0,33.0
958.0,216698.0,276.0438855053345,465.8128379485151,569.4251487245712,374.510986328125,388.5110168457031,482.0555114746094,1.0,36.0
958.5,216617.0,276.2239201933112,465.7595946408404,569.5726468151363,376.9726257324219,385.6898193359375,482.2061767578125,1.0,35.0
959.0,215909.0,276.32122481969697,466.0577217280291,569.5726468151363,374.8128967285156,388.2112121582031,482.1014709472656,1.0,33.0
959.5,216170.0,276.49807122963654,466.6277959697462,570.3507692639679,377.62744140625,385.4913330078125,482.59466552734375,1.0,37.0
960.0,216503.0,276.4411665782723,466.46972034634786,570.9789838514199,382.2355651855469,380.63348388671875,483.2217712402344,1.0,37.0
960.5,216531.0,276.43855285503656,466.7258295818352,570.9789838514199,378.6573486328125,384.8099670410156,482.97772216796875,1.0,35.0
961.0,216917.0,276.49719570275846,467.20980297934676,570.9789838514199,382.55438232421875,380.2613525390625,483.24652099609375,1.0,40.0
961.5,216182.0,276.9149274600538,467.46331406854335,570.9789838514199,379.2265319824219,384.515869140625,483.24176025390625,1.0,34.0
962.0,216965.0,276.6899724015494,467.35639501219447,571.1295824942007,382.5685119628906,380.274658203125,483.2658386230469,1.0,38.0
962.5,217017.0,276.7099581164975,467.52475869309103,572.0646816575902,375.3538818359375,389.3538513183594,483.24102783203125,1.0,36.0
963.0,217090.0,276.6706208621026,467.5395704497226,571.44116057561,368.0,393.5,485.3826599121094,1.0,39.0
963.5,217272.0,276.7385248651872,467.61629569552,571.1295824942007,384.4233703613281,378.54852294921875,483.6860046386719,1.0,37.0
964.0,217199.0,277.00103615351406,468.0172005385029,571.2836423353989,394.0,366.5,484.9178771972656,1.0,38.0
964.5,217075.0,276.962710434393,468.12925565488854,571.6082574630985,396.79095458984375,364.20068359375,485.1764221191406,1.0,33.0
965.0,216733.0,277.29988750743667,468.5537320762512,571.9090836837618,382.7496032714844,377.321044921875,485.8913879394531,1.0,41.0
965.5,216531.0,277.34987844763594,468.7509999622213,572.2385866052725,382.9797668457031,377.53662109375,486.2054748535156,1.0,36.0
966.0,216650.0,277.50036441111615,469.1301525151367,572.2385866052725,397.0,364.0,485.8982238769531,1.0,39.0
966.5,217098.0,277.6523520109539,469.3080012102926,572.2385866052725,385.973876953125,374.0912780761719,486.46270751953125,1.0,39.0
967.0,217059.0,277.5973988964161,469.6221885728995,572.2385866052725,385.973876953125,374.0912780761719,486.46270751953125,1.0,38.0
967.5,217848.0,277.4553679259522,469.7318383929282,572.2385866052725,396.5,364.0,486.2441101074219,1.0,33.0
968.0,217837.0,277.541971785875,470.1133905648898,572.2385866052725,385.7166748046875,374.38726806640625,486.43896484375,1.0,39.0
968.5,217946.0,277.65798864047923,470.3190406485893,572.728556997117,385.9713439941406,374.6220397949219,486.783935546875,1.0,42.0
969.0,217910.0,277.68398605485754,470.53926509434746,571.44116057561,382.5126647949219,377.09918212890625,485.56805419921875,1.0,44.0
969.5,217391.0,277.9341113505497,470.9171901713428,571.9090836837618,380.65869140625,379.7450256347656,485.7480773925781,1.0,39.0
970.0,218078.0,277.75363297192337,471.03444672200675,572.8699677937394,396.0,365.5,486.2595520019531,1.0,40.0
970.5,218332.0,277.8381784931756,471.0594442318294,572.8699677937394,383.5299072265625,377.4342956542969,486.57598876953125,1.0,39.0
971.0,217373.0,278.02705251603766,471.200806448342,574.4214480675316,398.0,364.5,486.9510498046875,1.0,39.0
971.5,217804.0,278.2573840390354,471.69481659225386,574.4214480675316,397.5,365.0,486.9366760253906,1.0,36.0
972.0,218887.0,277.94064345616596,471.63131787220806,574.569403988761,382.0115051269531,380.3109436035156,487.159912109375,1.0,38.0
972.5,217656.0,278.27720043279464,471.79338698205595,575.1982267010218,398.0,359.5,491.25994873046875,1.0,46.0
973.0,218255.0,278.35913644060406,472.1281605665987,574.569403988761,397.0,360.0,490.97869873046875,1.0,36.0
973.5,218124.0,278.23421047131046,472.12752514306123,575.1982267010218,397.0,360.5,491.3434143066406,1.0,41.0
974.0,219007.0,278.2781844692772,472.1408688092993,575.3477209479498,396.5,360.5,491.6854553222656,1.0,35.0
974.5,219348.0,278.1452950436921,472.31192022593194,575.9756939316103,397.5,366.0,487.6303405761719,1.0,42.0
975.0,218833.0,278.3524207454179,472.60829446350385,576.1267221714334,400.5,358.0,491.279296875,1.0,39.0
975.5,218446.0,278.6587025282859,472.80016920470746,576.1267221714334,399.0,359.0,491.6636047363281,1.0,39.0
976.0,218991.0,278.5697359019312,473.0919572345317,576.4590184913408,398.0,360.0,492.34954833984375,1.0,43.0
# px_per_mm = 35.981 +/- 0.205
# seed = (289, 354)
