t_s,M_px,Rg_px,R95seed_px,Rmaxseed_px,circ_cx_px,circ_cy_px,circ_R_px,circ_R_raw_px,edge,n_comp
0.0,0.0,0.0,0.0,0.0,0.0,0.0,0.0,0.0,0.0,0.0
0.5,0.0,0.0,0.0,0.0,0.0,0.0,0.0,0.0,0.0,0.0
1.0,0.0,0.0,0.0,0.0,0.0,0.0,0.0,0.0,0.0,0.0
1.5,0.0,0.0,0.0,0.0,0.0,0.0,0.0,0.0,0.0,0.0
2.0,0.0,0.0,0.0,0.0,0.0,0.0,0.0,0.0,0.0,0.0
2.5,0.0,0.0,0.0,0.0,0.0,0.0,0.0,0.0,0.0,0.0
3.0,0.0,0.0,0.0,0.0,0.0,0.0,0.0,0.0,0.0,0.0
3.5,0.0,0.0,0.0,0.0,0.0,0.0,0.0,0.0,0.0,0.0
4.0,0.0,0.0,0.0,0.0,0.0,0.0,0.0,0.0,0.0,0.0
4.5,0.0,0.0,0.0,0.0,0.0,0.0,0.0,0.0,0.0,0.0
5.0,0.0,0.0,0.0,0.0,0.0,0.0,0.0,0.0,0.0,0.0
5.5,0.0,0.0,0.0,0.0,0.0,0.0,0.0,0.0,0.0,0.0
6.0,0.0,0.0,0.0,0.0,0.0,0.0,0.0,0.0,0.0,0.0
6.5,0.0,0.0,0.0,0.0,0.0,0.0,0.0,0.0,0.0,0.0
7.0,0.0,0.0,0.0,0.0,0.0,0.0,0.0,0.0,0.0,0.0
7.5,0.0,0.0,0.0,0.0,0.0,0.0,0.0,0.0,0.0,0.0
8.0,0.0,0.0,0.0,0.0,0.0,0.0,0.0,0.0,0.0,0.0
8.5,0.0,0.0,0.0,0.0,0.0,0.0,0.0,0.0,0.0,0.0
9.0,0.0,0.0,0.0,0.0,0.0,0.0,0.0,0.0,0.0,0.0
9.5,0.0,0.0,0.0,0.0,0.0,0.0,0.0,0.0,0.0,0.0
10.0,0.0,0.0,0.0,0.0,0.0,0.0,0.0,0.0,0.0,0.0
10.5,0.0,0.0,0.0,0.0,0.0,0.0,0.0,0.0,0.0,0.0
11.0,0.0,0.0,0.0,0.0,0.0,0.0,0.0,0.0,0.0,0.0
11.5,0.0,0.0,0.0,0.0,0.0,0.0,0.0,0.0,0.0,0.0
12.0,0.0,0.0,0.0,0.0,0.0,0.0,0.0,0.0,0.0,0.0
12.5,0.0,0.0,0.0,0.0,0.0,0.0,0.0,0.0,0.0,0.0
13.0,0.0,0.0,0.0,0.0,0.0,0.0,0.0,0.0,0.0,0.0
13.5,0.0,0.0,0.0,0.0,0.0,0.0,0.0,0.0,0.0,0.0
14.0,0.0,0.0,0.0,0.0,0.0,0.0,0.0,0.0,0.0,0.0
14.5,0.0,0.0,0.0,0.0,0.0,0.0,0.0,0.0,0.0,0.0
15.0,0.0,0.0,0.0,0.0,0.0,0.0,0.0,0.0,0.0,0.0
15.5,0.0,0.0,0.0,0.0,0.0,0.0,0.0,0.0,0.0,0.0
16.0,0.0,0.0,0.0,0.0,0.0,0.0,0.0,0.0,0.0,0.0
16.5,0.0,0.0,0.0,0.0,0.0,0.0,0.0,0.0,0.0,0.0
17.0,0.0,0.0,0.0,0.0,0.0,0.0,0.0,0.0,0.0,0.0
17.5,0.0,0.0,0.0,0.0,0.0,0.0,0.0,0.0,0.0,0.0
18.0,0.0,0.0,0.0,0.0,0.0,0.0,0.0,0.0,0.0,0.0
18.5,0.0,0.0,0.0,0.0,0.0,0.0,0.0,0.0,0.0,0.0
19.0,0.0,0.0,0.0,0.0,0.0,0.0,0.0,0.0,0.0,0.0
19.5,0.0,0.0,0.0,0.0,0.0,0.0,0.0,0.0,0.0,0.0
20.0,0.0,0.0,0.0,0.0,0.0,0.0,0.0,0.0,0.0,0.0
20.5,0.0,0.0,0.0,0.0,0.0,0.0,0.0,0.0,0.0,0.0
21.0,0.0,0.0,0.0,0.0,0.0,0.0,0.0,0.0,0.0,0.0
21.5,0.0,0.0,0.0,0.0,0.0,0.0,0.0,0.0,0.0,0.0
22.0,0.0,0.0,0.0,0.0,0.0,0.0,0.0,0.0,0.0,0.0
22.5,0.0,0.0,0.0,0.0,0.0,0.0,0.0,0.0,0.0,0.0
23.0,0.0,0.0,0.0,0.0,0.0,0.0,0.0,0.0,0.0,0.0
23.5,0.0,0.0,0.0,0.0,0.0,0.0,0.0,0.0,0.0,0.0
24.0,0.0,0.0,0.0,0.0,0.0,0.0,0.0,0.0,0.0,0.0
24.5,0.0,0.0,0.0,0.0,0.0,0.0,0.0,0.0,0.0,0.0
25.0,0.0,0.0,0.0,0.0,0.0,0.0,0.0,0.0,0.0,0.0
25.5,0.0,0.0,0.0,0.0,0.0,0.0,0.0,0.0,0.0,0.0
26.0,0.0,0.0,0.0,0.0,0.0,0.0,0.0,0.0,0.0,0.0
26.5,0.0,0.0,0.0,0.0,0.0,0.0,0.0,0.0,0.0,0.0
27.0,0.0,0.0,0.0,0.0,0.0,0.0,0.0,0.0,0.0,0.0
27.5,0.0,0.0,0.0,0.0,0.0,0.0,0.0,0.0,0.0,0.0
28.0,0.0,0.0,0.0,0.0,0.0,0.0,0.0,0.0,0.0,0.0
28.5,0.0,0.0,0.0,0.0,0.0,0.0,0.0,0.0,0.0,0.0
29.0,0.0,0.0,0.0,0.0,0.0,0.0,0.0,0.0,0.0,0.0
29.5,0.0,0.0,0.0,0.0,0.0,0.0,0.0,0.0,0.0,0.0
30.0,0.0,0.0,0.0,0.0,0.0,0.0,0.0,0.0,0.0,0.0
30.5,0.0,0.0,0.0,0.0,0.0,0.0,0.0,0.0,0.0,0.0
31.0,14251.0,62.80573444842349,202.0853779624499,221.92341021172146,612.56591796875,340.3238220214844,95.86934661865234,95.86934661865234,0.0,2.0
31.5,14437.0,63.03601433797692,202.60947655830546,222.27910383119686,612.01904296875,340.5483703613281,96.26141357421875,96.26141357421875,0.0,2.0
32.0,14724.0,63.3944602602639,203.04777759835113,223.14345161801185,612.5,339.5,97.03874969482422,97.03874969482422,0.0,2.0
32.5,15075.0,64.2322639310624,203.98259677427797,224.0089283934906,615.5940551757812,338.6880798339844,97.53703308105469,97.53703308105469,0.0,2.0
33.0,15403.0,64.7582408482293,204.59007785436532,224.51057881534223,616.0,339.5,98.44424438476562,98.44424438476562,0.0,2.0
33.5,15570.0,65.02671981369267,205.39948851251506,225.5681715136247,612.5,341.5,99.51140594482422,99.51140594482422,0.0,2.0
34.0,15754.0,65.35574627517381,205.74061292444122,226.38462845343543,613.13037109375,340.9377136230469,99.74488067626953,99.74488067626953,0.0,2.0
34.5,15953.0,65.59608935570593,206.42189806316577,227.37853900489378,614.0,341.0,100.17993927001953,100.17993927001953,0.0,2.0
35.0,16298.0,66.07297038595495,207.28000385951367,228.77936969928035,615.25634765625,339.1404113769531,101.31741333007812,101.31741333007812,0.0,2.0
35.5,16618.0,66.65856709150478,208.48261318392957,229.98478210525147,614.5,340.5,102.21800231933594,102.21800231933594,0.0,2.0
36.0,16848.0,67.03770230031061,208.95968472981758,230.3410514867031,615.0,340.0,102.45984649658203,102.45984649658203,0.0,2.0
36.5,17116.0,67.24236424761513,210.06189559985313,231.00865784641059,614.5,341.5,103.98326873779297,103.98326873779297,0.0,2.0
37.0,17335.0,67.64979541553555,210.37728013085254,231.19256043393784,617.5,340.0,104.4857406616211,104.4857406616211,0.0,2.0
37.5,17652.0,68.21455143541316,211.15266988274672,232.3316594870359,617.5,340.5,104.94055938720703,104.94055938720703,0.0,2.0
38.0,17802.0,68.40137663393452,211.96509130592037,233.20591759215716,615.5,341.5,105.3590087890625,105.3590087890625,0.0,2.0
38.5,18007.0,68.7467502265443,212.43140066743766,234.1815535006974,615.5,341.5,105.7852554321289,105.7852554321289,0.0,2.0
39.0,18246.0,69.17198613646102,212.93426215618754,235.17015116719213,614.9052734375,342.0872802734375,106.06257629394531,106.06257629394531,0.0,2.0
39.5,18966.0,69.63191222279407,214.01927481138108,236.53540961133072,616.3894653320312,341.3857421875,106.50926208496094,106.50926208496094,0.0,1.0
40.0,19194.0,70.00293314455402,214.478437144623,237.53947040439405,616.755126953125,341.8866882324219,107.2209701538086,107.2209701538086,0.0,1.0
40.5,19561.0,70.61595522194146,215.1278689523977,239.26763257908496,618.374755859375,340.45037841796875,107.90187072753906,107.90187072753906,0.0,1.0
41.0,19777.0,70.87209089090953,215.7614423385235,239.77072381756702,619.3052368164062,340.2803039550781,108.6302719116211,108.6302719116211,0.0,1.0
41.5,20043.0,71.22831931002189,216.08377997702095,240.63457773146402,620.0833740234375,339.94683837890625,109.58203125,109.58203125,0.0,1.0
42.0,20408.0,71.77876332654375,216.6025161414053,241.6464359348178,619.306640625,340.0189514160156,110.17483520507812,110.17483520507812,0.0,1.0
42.5,20504.0,71.8427159417703,216.57827627591877,242.5077318355025,620.7139892578125,339.3715515136719,110.25233459472656,110.25233459472656,0.0,1.0
43.0,20785.0,72.17865345690744,217.4916089382825,243.37008854828483,621.5204467773438,339.2258605957031,110.50469207763672,110.50469207763672,0.0,1.0
43.5,20969.0,72.44047175407967,217.8476531862019,243.70679104202247,621.538330078125,339.3996276855469,111.14433288574219,111.14433288574219,0.0,1.0
44.0,21244.0,72.79941208287252,217.5890622251036,243.87701818744628,622.9259033203125,338.9171142578125,111.39929962158203,111.39929962158203,0.0,1.0
44.5,21414.0,73.11413511451241,218.20128304744287,245.246814454337,623.3502197265625,339.08331298828125,111.75347137451172,111.75347137451172,0.0,1.0
45.0,21648.0,73.22364807827115,219.6370865786164,247.4772716836841,624.44677734375,339.2544250488281,112.4485855102539,112.4485855102539,0.0,1.0
45.5,22068.0,73.76653444192488,219.5185634470067,247.83260479605988,624.44677734375,339.2544250488281,112.4485855102539,112.4485855102539,0.0,1.0
46.0,22134.0,73.99665372872369,220.85742007005334,249.70782927253202,625.1355590820312,339.90460205078125,113.35698699951172,113.35698699951172,0.0,1.0
46.5,22521.0,74.49697742715412,221.14248800264502,250.06399181009647,625.0663452148438,340.24310302734375,113.61469268798828,113.61469268798828,0.0,1.0
47.0,22766.0,74.70739082620031,221.70701356219678,250.30581295687082,623.8200073242188,341.2727966308594,114.02884674072266,114.02884674072266,0.0,1.0
47.5,23028.0,75.0305444514036,223.0425968284982,251.17722826721374,622.4038696289062,342.78619384765625,114.89735412597656,114.89735412597656,0.0,1.0
48.0,23257.0,75.30252544427852,223.57459603630744,251.56311335328954,623.4517822265625,342.577392578125,115.09483337402344,115.09483337402344,0.0,1.0
48.5,23518.0,75.75673404233557,224.19098998365962,251.95634542515495,623.8433837890625,342.58062744140625,115.8511734008789,115.8511734008789,0.0,1.0
49.0,23697.0,76.04109221792162,224.95555116511352,254.8489748851268,623.8867797851562,343.69598388671875,116.87752532958984,116.87752532958984,0.0,1.0
49.5,23996.0,76.47885669998706,225.22211259110415,255.70490804832042,624.830810546875,343.8146057128906,117.4471435546875,117.4471435546875,0.0,1.0
50.0,24374.0,76.93623932635418,225.97687893185213,256.2576828116574,624.5928344726562,344.52197265625,118.2522964477539,118.2522964477539,0.0,1.0
50.5,24704.0,77.47114340594895,226.59589580907416,257.26251184344756,622.7333984375,346.0592956542969,119.23304748535156,119.23304748535156,0.0,1.0
51.0,24916.0,77.8282606393125,226.77136062362126,257.76927667974707,623.8148193359375,345.7569885253906,119.32362365722656,119.32362365722656,0.0,1.0
51.5,25140.0,78.1167179318854,227.5290090986674,257.87787807409927,623.9954223632812,345.7206726074219,119.51434326171875,119.51434326171875,0.0,1.0
52.0,25594.0,78.91023385806305,228.4448510914431,259.1389588618431,620.749267578125,347.8714904785156,121.11830507606268,121.23114013671875,0.0,1.0
52.5,25851.0,79.26403907942621,229.242229302412,259.64976410541954,620.2387084960938,348.1491394042969,122.05013275146484,122.05013275146484,0.0,1.0
53.0,26086.0,79.64518399160737,229.45315421179353,260.357446599862,621.42236328125,347.2039489746094,122.70902252197266,122.70902252197266,0.0,1.0
53.5,26165.0,79.81013886140036,230.6013876801265,261.22212769977966,621.0365600585938,348.30780029296875,123.63250732421875,123.63250732421875,0.0,1.0
54.0,26452.0,80.21110810979184,230.85276693165278,261.5893728728291,621.3884887695312,347.62066650390625,124.21062469482422,124.21062469482422,0.0,1.0
54.5,26705.0,80.54250577152368,231.3114783144148,262.4576156258378,621.3169555664062,348.1535949707031,124.68082427978516,124.68082427978516,0.0,1.0
55.0,26915.0,80.88681864252929,232.1129034277002,263.32679316772914,621.8822631835938,348.1216125488281,125.07257843017578,125.07257843017578,0.0,2.0
55.5,27184.0,81.20079189209035,232.43117257641927,263.21854038042227,620.98583984375,348.4730529785156,125.67311096191406,125.67311096191406,0.0,1.0
56.0,27417.0,81.42426024082725,232.8660558192043,263.60955976595386,620.7236328125,348.6863098144531,125.7948989868164,125.7948989868164,0.0,1.0
56.5,27665.0,81.7087729690705,233.68739784456895,264.0075756488817,620.636962890625,348.96246337890625,126.51605987548828,126.51605987548828,0.0,1.0
57.0,27840.0,82.01423581613528,234.18614366669738,264.41255643406953,621.4802856445312,348.8661804199219,126.65023040771484,126.65023040771484,0.0,1.0
57.5,28137.0,82.23580533344015,234.88890961029168,264.8867682614592,624.0,347.5,127.57850646972656,127.57850646972656,0.0,1.0
58.0,28422.0,82.60013613179049,235.23573282575194,265.2941763401526,624.0,347.5,128.54678344726562,128.54678344726562,0.0,1.0
58.5,28704.0,83.09230776213128,236.3530195948511,266.1766330841233,624.0,347.5,128.54678344726562,128.54678344726562,0.0,2.0
59.0,28852.0,83.22623856422622,236.8978681403405,266.1766330841233,624.5,347.5,128.6721649169922,128.6721649169922,0.0,2.0
59.5,29091.0,83.4752409925163,237.494210434754,267.643419496912,624.4746704101562,347.87847900390625,129.0320281982422,129.0320281982422,0.0,1.0
60.0,29279.0,83.62561465047546,237.8776996159021,268.47718711279737,625.4029541015625,347.76519775390625,129.1593475341797,129.1593475341797,0.0,1.0
60.5,29599.0,84.02865196633347,238.8166660718805,269.3120866207085,626.32958984375,347.6490173339844,129.2900848388672,129.2900848388672,0.0,1.0
61.0,29742.0,84.21662776579781,239.71816784860823,269.8629281690985,626.0276489257812,347.99249267578125,129.5416259765625,129.5416259765625,0.0,1.0
61.5,29971.0,84.47662862987191,240.36014644695155,269.58486604407153,626.0276489257812,347.99249267578125,129.5416259765625,129.5416259765625,0.0,1.0
62.0,30097.0,84.62356296583553,241.01452238402564,270.4163456597992,627.0,348.0,129.8076629638672,129.8076629638672,0.0,1.0
62.5,30164.0,84.62361097967847,241.29857024027308,270.9723233099646,627.0464477539062,347.9870300292969,129.80770874023438,129.80770874023438,0.0,1.0
63.0,30421.0,84.82867129665436,241.83051916579925,271.2489631316588,627.0464477539062,347.9870300292969,129.80770874023438,129.80770874023438,0.0,1.0
63.5,30628.0,84.97498604839062,242.53504896370688,271.8032376554775,628.937744140625,347.5917663574219,129.95204162597656,129.95204162597656,0.0,1.0
64.0,30877.0,85.24803840965308,242.6689102446392,271.9503631179778,628.7503662109375,347.2888488769531,130.29347229003906,130.29347229003906,0.0,1.0
64.5,31282.0,85.74432261565057,243.28563459275077,272.360055808483,628.2572021484375,347.6541442871094,130.7806396484375,130.7806396484375,0.0,1.0
65.0,31560.0,86.05244183469519,243.906436959379,273.30020124398004,629.5969848632812,347.5462951660156,131.45773315429688,131.45773315429688,0.0,1.0
65.5,31802.0,86.27135386472669,244.29684811679624,273.76632371422164,630.7101440429688,346.9913635253906,131.64964294433594,131.64964294433594,0.0,1.0
66.0,32116.0,86.62423967433232,246.22144504490262,275.5358415887124,633.134521484375,346.3721923828125,132.57957458496094,132.57957458496094,0.0,1.0
66.5,32188.0,86.70504199931918,244.03483357914297,274.1860682091634,634.30615234375,345.61224365234375,132.67648315429688,132.67648315429688,0.0,1.0
67.0,32342.0,86.76026631566286,244.1823089414956,274.23530042647684,634.30615234375,345.61224365234375,132.67648315429688,132.67648315429688,0.0,1.0
67.5,32503.0,86.9053337720286,245.45875417267155,275.5358415887124,633.2687377929688,346.03741455078125,132.8062286376953,132.8062286376953,0.0,1.0
68.0,32669.0,87.1662994084183,244.62420158275427,274.781731561616,635.1470947265625,344.8727722167969,133.0733642578125,133.0733642578125,0.0,1.0
68.5,32778.0,87.31206405688921,245.36829459310593,275.74807342935327,635.3261108398438,345.0879821777344,133.3325958251953,133.3325958251953,0.0,1.0
69.0,32984.0,87.50544488031468,246.10770000144245,277.1082820848197,635.638427734375,345.67181396484375,133.9835968017578,133.9835968017578,0.0,1.0
69.5,33151.0,87.71009609742292,245.33038878938052,276.72549575346324,631.7955322265625,347.0956726074219,134.2372283935547,134.2372283935547,0.0,2.0
70.0,33332.0,87.94559624888493,245.59183616473754,277.2183255125822,631.7955322265625,347.0956726074219,134.2372283935547,134.2372283935547,0.0,2.0
70.5,33552.0,88.23387160045375,246.46865923216868,277.8488797889961,631.035400390625,347.3773193359375,134.30215454101562,134.30215454101562,0.0,2.0
71.0,33509.0,88.25121929496265,246.29372708010834,277.8488797889961,629.041748046875,348.1161193847656,134.49562072753906,134.49562072753906,0.0,2.0
71.5,33219.0,88.81868987930982,246.53336484512852,278.1726082848561,629.1578979492188,348.087158203125,134.49705505371094,134.49705505371094,0.0,2.0
72.0,33303.0,88.87336371597367,246.46500765828807,278.36127604248406,628.1963500976562,348.707763671875,134.8574981689453,134.8574981689453,0.0,1.0
72.5,33398.0,88.97656273464817,246.45811001386008,278.03776721877193,628.1963500976562,348.707763671875,134.8574981689453,134.8574981689453,0.0,2.0
73.0,33497.0,89.02638065872937,246.87000625733958,278.5139134765084,627.92236328125,348.89520263671875,134.9720916748047,134.9720916748047,0.0,1.0
73.5,33621.0,89.20878488728485,247.09512338368802,278.03776721877193,628.5,349.0,135.21568298339844,135.21568298339844,0.0,3.0
74.0,33859.0,89.37607410814655,247.00809703327542,277.5103601669675,629.0,349.0,135.34042358398438,135.34042358398438,0.0,2.0
74.5,33999.0,89.6044072212299,247.63077353188558,277.72108310317384,628.0,349.5,135.57757568359375,135.57757568359375,0.0,1.0
75.0,34155.0,89.8091977877025,248.0181444975347,276.87542325024083,628.0,349.5,135.57757568359375,135.57757568359375,0.0,1.0
75.5,34428.0,90.07010982843775,248.51066366430467,277.6508598942204,628.5,349.5,135.7001495361328,135.7001495361328,0.0,2.0
76.0,35178.0,90.1381440481546,249.13289619625485,279.03404810166086,629.0,350.0,136.30857849121094,136.30857849121094,0.0,1.0
76.5,34803.0,90.59970881217622,249.2079452870698,278.7436097922247,628.0125122070312,350.2543640136719,136.31240844726562,136.31240844726562,0.0,1.0
77.0,35051.0,90.72330251581768,249.4303509496903,278.7436097922247,626.9214477539062,350.3706970214844,136.4842987060547,136.4842987060547,0.0,3.0
77.5,35151.0,91.01247392676488,249.80992767291133,279.3027031734566,626.4859008789062,350.97906494140625,136.76950073242188,136.76950073242188,0.0,2.0
78.0,35260.0,91.19408692292411,249.897979183506,279.3027031734566,626.632568359375,349.6778259277344,137.76547241210938,137.76547241210938,0.0,2.0
78.5,35947.0,91.03596865384263,249.76108529413318,279.5800422061632,626.8453369140625,349.0110778808594,138.30116271972656,138.30116271972656,0.0,2.0
79.0,36130.0,91.24350470762295,250.20211828848767,279.8660393831306,627.2442016601562,349.19635009765625,138.53955078125,138.53955078125,0.0,2.0
79.5,35807.0,91.6403785181887,250.39868206335765,279.84638643370045,627.2036743164062,349.132080078125,138.6125030517578,138.6125030517578,0.0,3.0
80.0,36423.0,91.4690190987031,250.34775812856802,280.1303268123607,627.2340698242188,349.14385986328125,138.6285858154297,138.6285858154297,0.0,4.0
80.5,36610.0,91.60917885349654,250.4451037160395,280.26416110519733,627.5052490234375,349.2486877441406,138.77210998535156,138.77210998535156,0.0,2.0
81.0,36368.0,92.14637820181086,250.71358159537485,280.1303268123607,626.8436279296875,349.18975830078125,139.0504913330078,139.0504913330078,0.0,2.0
81.5,36463.0,92.26837311246717,251.42991063993574,281.0160137785746,626.4022216796875,349.9334411621094,139.44180297851562,139.44180297851562,0.0,3.0
82.0,37149.0,92.15112497271188,250.92827660508888,281.0160137785746,627.1298828125,349.7376708984375,139.66635131835938,139.66635131835938,0.0,1.0
82.5,37346.0,92.3671387377894,251.34040662018512,281.3254343282882,627.2676391601562,350.10528564453125,140.2213134765625,140.2213134765625,0.0,1.0
83.0,37517.0,92.53759935274178,251.82930726982514,281.55461281960913,629.2809448242188,349.46826171875,140.6099853515625,140.6099853515625,0.0,2.0
83.5,37699.0,92.79627365592076,251.79634626880915,281.3254343282882,626.7802734375,350.02081298828125,141.41116333007812,141.41116333007812,0.0,2.0
84.0,37984.0,93.02725408582269,252.72198161619153,281.8598942737331,627.0199584960938,350.67987060546875,142.09735107421875,142.09735107421875,0.0,1.0
84.5,38232.0,93.35459371542143,252.67241636410867,281.8598942737331,628.7849731445312,349.5931701660156,142.12136840820312,142.12136840820312,0.0,1.0
85.0,38441.0,93.50174882471543,253.5527558517162,282.90811229089917,630.3377075195312,349.1343994140625,142.98350524902344,142.98350524902344,0.0,1.0
85.5,38621.0,93.67429479722117,253.78928267363852,283.0194339616981,631.2713623046875,347.74432373046875,144.58746706336737,144.62939453125,0.0,2.0
86.0,38839.0,93.95366190081786,253.64561892461356,283.17662332897464,629.3274536132812,348.5160827636719,144.88902282714844,144.88902282714844,0.0,1.0
86.5,39043.0,94.06465352906821,254.02539243085783,283.73579259585847,629.282958984375,348.5337219238281,144.89529418945312,144.89529418945312,0.0,1.0
87.0,39263.0,94.24397831882784,254.5680655535034,284.39760899135564,629.282958984375,348.5337219238281,144.89529418945312,144.89529418945312,0.0,1.0
87.5,39258.0,94.2474140659597,254.56236956785267,284.56457966514387,629.2257690429688,348.5564270019531,144.9033966064453,144.9033966064453,0.0,1.0
88.0,39371.0,94.31769816193852,254.90194174193567,285.3944638566067,627.1080932617188,349.3971862792969,145.22169494628906,145.22169494628906,0.0,1.0
88.5,39529.0,94.51328175365472,254.9215565620138,285.6711395993652,626.9989624023438,349.4404602050781,145.23899841308594,145.23899841308594,0.0,2.0
89.0,39680.0,94.61317455129956,255.00009803883876,285.6711395993652,626.8859252929688,349.3713684082031,145.35562133789062,145.35562133789062,0.0,1.0
89.5,39916.0,94.90623989096603,255.31695980636627,286.2254356272342,626.934326171875,348.7563781738281,145.86322021484375,145.86322021484375,0.0,1.0
90.0,40087.0,95.04823664598803,256.086118313342,287.05748553207945,627.1576538085938,348.8204040527344,145.95437622070312,145.95437622070312,0.0,1.0
90.5,40341.0,95.34258388941565,256.28109567426156,287.8906042232014,627.4069213867188,348.89190673828125,146.05653381347656,146.05653381347656,0.0,2.0
91.0,40475.0,95.41776300697369,256.62813563598206,287.8906042232014,627.5439453125,348.9311828613281,146.11282348632812,146.11282348632812,0.0,2.0
91.5,40717.0,95.61966734155456,256.8520974896694,288.17529387509956,627.8591918945312,349.0216369628906,146.2428741455078,146.2428741455078,0.0,2.0
92.0,40912.0,95.77611176715294,257.2947724695979,289.0121104729004,627.8591918945312,349.0216369628906,146.2428741455078,146.2428741455078,0.0,2.0
92.5,41001.0,95.83400400154473,257.59658382827985,289.0121104729004,628.3120727539062,349.1515197753906,146.4307098388672,146.4307098388672,0.0,1.0
93.0,41142.0,95.86300572365298,258.04205082423954,289.3060663034911,626.7047729492188,349.8506774902344,147.32911682128906,147.32911682128906,0.0,2.0
93.5,41325.0,96.10425932185294,258.1565416552519,290.1465147128257,626.9032592773438,349.5,147.5774383544922,147.5774383544922,0.0,2.0
94.0,41501.0,96.23019510014385,258.3215051055564,289.60662975836726,626.9032592773438,349.5,147.5774383544922,147.5774383544922,0.0,2.0
94.5,41943.0,96.61240915745466,258.940147524481,289.9137802864845,626.7156372070312,349.7930908203125,147.76290893554688,147.76290893554688,0.0,4.0
95.0,42298.0,96.8690011101811,259.17243287349083,289.9137802864845,625.390380859375,350.8843078613281,148.1977996826172,148.1977996826172,0.0,1.0
95.5,42388.0,97.02215370832512,259.4937378820537,290.7593506664919,627.3394165039062,350.0212707519531,148.23500061035156,148.23500061035156,0.0,2.0
96.0,42552.0,97.18570542994317,259.683942117251,290.7593506664919,625.6593627929688,348.4202880859375,149.8389624246955,150.8754119873047,0.0,1.0
96.5,42676.0,97.2708449946095,259.7445849594395,290.7593506664919,625.6593627929688,348.4202880859375,150.8754119873047,150.8754119873047,0.0,1.0
97.0,42926.0,97.46590636807358,259.78789425087814,290.7593506664919,625.6859130859375,348.240966796875,151.00436401367188,151.00436401367188,0.0,2.0
97.5,43001.0,97.54745359666283,260.43233286210835,291.29366625452053,625.764404296875,348.2663879394531,151.05189514160156,151.05189514160156,0.0,2.0
98.0,43129.0,97.61549591459168,260.95900040694073,292.07190895394234,626.0922241210938,348.37237548828125,151.2505340576172,151.2505340576172,0.0,2.0
98.5,43406.0,97.87192194341927,261.2934173804561,292.4534150937547,626.3366088867188,348.5872802734375,151.52862548828125,151.52862548828125,0.0,2.0
99.0,43615.0,97.96790192679086,261.8415551435639,292.9846412356798,626.74267578125,348.72088623046875,151.7779998779297,151.7779998779297,0.0,1.0
99.5,43803.0,98.19629834935895,261.9637379485947,293.3018922543801,626.705078125,348.8562316894531,151.89573669433594,151.89573669433594,0.0,1.0
100.0,44085.0,98.37051800110342,263.0589287593181,294.15132160165456,627.508056640625,349.1250305175781,152.39523315429688,152.39523315429688,0.0,1.0
100.5,44344.0,98.63678345875296,263.2299375071156,294.6794869005985,627.508056640625,349.1250305175781,152.39523315429688,152.39523315429688,0.0,1.0
101.0,44512.0,98.84499297257334,262.4137953690697,294.15132160165456,627.12060546875,349.3252868652344,152.4683074951172,152.4683074951172,0.0,1.0
101.5,44714.0,98.76244267338569,262.7454089670626,293.62561196189955,626.368408203125,349.7922058105469,152.68821716308594,152.68821716308594,0.0,1.0
102.0,45180.0,99.2796102211454,264.31988196123274,295.2100946783494,627.3241577148438,350.1329345703125,153.2996826171875,153.2996826171875,0.0,1.0
102.5,44995.0,99.00224082589754,265.1886121235224,296.05742686174926,627.08251953125,350.96905517578125,154.0244598388672,154.0244598388672,0.0,1.0
103.0,45087.0,99.23699309195936,262.17055496376,293.10237119477557,628.2830200195312,346.9461669921875,155.62842165321112,157.24879455566406,0.0,2.0
103.5,45412.0,99.48733084515331,265.69183268789243,296.37813684548325,628.2830200195312,346.9461669921875,157.23238346755505,157.24879455566406,0.0,3.0
104.0,45421.0,99.44260573542198,263.964012698701,294.6794869005985,628.2830200195312,346.9461669921875,157.24879455566406,157.24879455566406,0.0,1.0
104.5,45406.0,99.49635707199015,265.443025881931,296.27858511880333,628.2830200195312,346.9461669921875,157.24879455566406,157.24879455566406,0.0,2.0
105.0,45437.0,99.61729295937488,263.45587863168464,293.9557789872484,628.2830200195312,346.9461669921875,157.24879455566406,157.24879455566406,0.0,1.0
105.5,45873.0,99.93227343040708,265.92216903903363,296.37813684548325,626.6890258789062,347.5969543457031,157.3303680419922,157.3303680419922,0.0,1.0
106.0,45926.0,99.92532478111556,265.23668670832933,295.8530040408581,626.6890258789062,347.5969543457031,157.3303680419922,157.3303680419922,0.0,1.0
106.5,46089.0,100.07221471200961,264.6431559666715,295.0016949103852,626.6890258789062,347.5969543457031,157.3303680419922,157.3303680419922,0.0,1.0
107.0,46222.0,100.08690880645436,266.45252860468923,296.37813684548325,625.9044189453125,348.6985168457031,158.11685180664062,158.11685180664062,0.0,2.0
107.5,46431.0,100.30108998391634,265.8505219086765,296.5889411289639,625.9044189453125,348.6985168457031,158.11685180664062,158.11685180664062,0.0,1.0
108.0,46727.0,100.55653416644721,265.6633207652121,296.5889411289639,625.9044189453125,348.6985168457031,158.11685180664062,158.11685180664062,0.0,1.0
108.5,47001.0,100.72848402054031,266.7901797293146,298.28342226815084,628.7803344726562,347.8895263671875,158.304931640625,158.304931640625,0.0,2.0
109.0,47186.0,100.89984073642279,266.83515510516975,298.28342226815084,627.6559448242188,348.610595703125,158.60647583007812,158.60647583007812,0.0,1.0
109.5,47412.0,101.16540319090376,267.20029940102984,298.8143236192,626.5289916992188,349.3267517089844,158.91319274902344,158.91319274902344,0.0,1.0
110.0,47654.0,101.40039968085553,267.9298415393918,299.6614756687953,627.616943359375,349.26324462890625,159.20936584472656,159.20936584472656,0.0,2.0
110.5,47733.0,101.46605655983902,267.99402970787463,299.88331063932185,626.3342895507812,349.89093017578125,159.38417053222656,159.38417053222656,0.0,1.0
111.0,47980.0,101.6424944959423,268.04029543372894,300.1932710771512,626.3342895507812,349.89093017578125,159.38417053222656,159.38417053222656,0.0,1.0
111.5,48222.0,101.8392905877038,268.36542251191753,300.1932710771512,629.1460571289062,349.1943664550781,159.65643310546875,159.65643310546875,0.0,1.0
112.0,48383.0,101.94736240421727,268.59765439647765,300.72745135753735,630.4651489257812,348.8910217285156,159.82408142089844,159.82408142089844,0.0,1.0
112.5,48354.0,101.9319925097016,269.01068748351247,301.2640038238887,631.5,349.0,160.2881317138672,160.2881317138672,0.0,1.0
113.0,48494.0,102.05122153948365,269.63836875590823,302.1075967267291,632.0,349.5,160.9325408935547,160.9325408935547,0.0,1.0
113.5,48738.0,102.21366439478501,269.70493133987236,301.80291582421796,631.5,350.0,161.22433471679688,161.22433471679688,0.0,1.0
114.0,49092.0,102.52163976230017,269.98703672583986,302.1075967267291,631.5,350.0,161.22433471679688,161.22433471679688,0.0,2.0
114.5,49329.0,102.6690119609463,270.7120241141867,302.95214143491376,632.2819213867188,350.27581787109375,161.75791931152344,161.75791931152344,0.0,2.0
115.0,49418.0,102.86639643043608,270.79512551004314,303.48805577814755,631.5332641601562,350.5633850097656,161.76373291015625,161.76373291015625,0.0,2.0
115.5,49657.0,103.07440423969992,270.8730327301828,303.48805577814755,631.6727905273438,351.0080871582031,162.22915649414062,162.22915649414062,0.0,3.0
116.0,49877.0,103.17360228090205,271.5650934219789,304.33205549202336,631.3453979492188,351.3319396972656,162.4187774658203,162.4187774658203,0.0,3.0
116.5,49852.0,103.15263538280081,271.66569525621065,304.6440545948665,631.2337646484375,351.3750915527344,162.42056274414062,162.42056274414062,0.0,2.0
117.0,50470.0,103.71214659382323,271.5242161323495,305.17699782257506,630.321533203125,352.02203369140625,162.71524047851562,162.71524047851562,0.0,3.0
117.5,50349.0,103.59711704131757,271.8076525541652,304.9622927510875,630.321533203125,352.02203369140625,162.71524047851562,162.71524047851562,0.0,2.0
118.0,50652.0,103.78723424453943,272.34720486907884,305.49140740780257,630.9404907226562,352.18756103515625,163.0821990966797,163.0821990966797,0.0,2.0
118.5,50828.0,103.99795625237786,272.2318863595577,305.81203377238114,628.7615966796875,353.24627685546875,163.3470458984375,163.3470458984375,0.0,3.0
119.0,51026.0,104.21021741179729,272.5233934912744,305.81203377238114,628.6891479492188,353.274658203125,163.3500213623047,163.3500213623047,0.0,3.0
119.5,51131.0,104.29899485371155,273.15563319541985,306.33968074671617,629.9730834960938,352.8674621582031,163.58033752441406,163.58033752441406,0.0,4.0
120.0,51376.0,104.51375604057843,273.3546231442852,306.86967917994116,629.2749633789062,354.9535217285156,165.12815856933594,165.12815856933594,0.0,2.0
120.5,51553.0,104.66546961383274,273.643563777398,307.7174028227848,629.3524780273438,355.1416931152344,165.3313446044922,165.3313446044922,0.0,2.0
121.0,51779.0,104.83352662578939,274.1353679423527,308.24827655641485,629.3524780273438,355.1416931152344,165.3313446044922,165.3313446044922,0.0,2.0
121.5,52136.0,105.20055002840489,274.0072991728505,308.56603831270866,629.3524780273438,355.1416931152344,165.3313446044922,165.3313446044922,0.0,2.0
122.0,52460.0,105.4880969039153,274.52732103756256,309.0954545120326,629.430908203125,355.3322448730469,165.53709411621094,165.53709411621094,0.0,2.0
122.5,52693.0,105.72136897724424,274.7882820202441,309.3169895107606,629.5103759765625,355.525146484375,165.74539184570312,165.74539184570312,0.0,3.0
123.0,52896.0,105.85017706948874,274.96590694938993,309.62719518801964,629.5103759765625,355.525146484375,165.74539184570312,165.74539184570312,0.0,3.0
123.5,53099.0,106.0521935682731,274.85450696686786,310.16124838541646,629.5,355.5,165.7725372314453,165.7725372314453,0.0,2.0
124.0,53215.0,106.14654735407959,275.1817581163403,310.6976021793538,630.2969360351562,354.5931396484375,166.6810760498047,166.6810760498047,0.0,2.0
124.5,53388.0,106.29633424222531,275.4915606475264,310.6976021793538,631.0377807617188,354.443115234375,167.347412109375,167.347412109375,0.0,4.0
125.0,53451.0,106.47174661854625,275.71180567672604,310.9372927134987,630.3192749023438,354.7740173339844,167.3542938232422,167.3542938232422,0.0,4.0
125.5,53819.0,106.81852640845052,275.67680349549454,310.9372927134987,630.107177734375,355.134765625,167.5973663330078,167.5973663330078,0.0,4.0
126.0,54047.0,106.91017810252953,276.2906078439985,311.4819416916493,630.5010986328125,354.9617919921875,168.0111541748047,168.0111541748047,0.0,2.0
126.5,54082.0,107.01336119037451,276.4090266251169,311.4819416916493,630.9143676757812,354.7863464355469,168.44154357910156,168.44154357910156,0.0,1.0
127.0,54200.0,107.13649847725421,276.4097501760463,311.4819416916493,630.9143676757812,354.7863464355469,168.44154357910156,168.44154357910156,0.0,2.0
127.5,54390.0,107.22767506240052,276.89321039067613,312.41798923877604,631.3461303710938,354.88433837890625,168.71255493164062,168.71255493164062,0.0,2.0
128.0,54545.0,107.41491120086303,277.2183255125822,313.0814590485997,631.902587890625,355.0105895996094,169.06288146972656,169.06288146972656,0.0,2.0
128.5,55221.0,107.90661636314383,277.4779270500629,314.5790838565082,632.8890991210938,355.23443603515625,169.68692016601562,169.68692016601562,0.0,2.0
129.0,55438.0,108.01574705925455,277.7956983041361,315.32998588779975,633.3176879882812,355.32232666015625,169.96510314941406,169.96510314941406,0.0,2.0
129.5,55667.0,108.20838405457431,278.22383072455216,315.5265440497835,633.746826171875,355.41082763671875,170.2439727783203,170.2439727783203,0.0,2.0
130.0,55748.0,108.26182376761814,278.19597409020855,316.0822677721735,633.746826171875,355.41082763671875,170.2439727783203,170.2439727783203,0.0,1.0
130.5,55983.0,108.52172330722495,278.21754078418564,316.6528067142308,634.4381103515625,355.5533752441406,170.69459533691406,170.69459533691406,0.0,2.0
131.0,56062.0,108.5627487950244,278.15283568570715,317.23808094237364,634.7364501953125,355.6148986816406,170.88961791992188,170.88961791992188,0.0,2.0
131.5,56266.0,108.82417810512392,278.22428000600695,317.90721916936707,630.3257446289062,359.11663818359375,172.1376953125,172.1376953125,0.0,3.0
132.0,56409.0,108.88235733880822,278.3533725307197,318.57809089766357,630.8809814453125,359.2481384277344,172.4851531982422,172.4851531982422,0.0,3.0
132.5,56607.0,108.98806551292493,279.1091183873739,320.0624938976762,631.86474609375,359.48114013671875,173.1036834716797,173.1036834716797,0.0,2.0
133.0,56922.0,109.28023221403967,279.4011453090341,320.887830869293,632.2600708007812,358.75213623046875,173.8689727783203,173.8689727783203,0.0,4.0
133.5,57081.0,109.38760840046417,279.7320146139873,321.06852851065923,632.2600708007812,358.75213623046875,173.8689727783203,173.8689727783203,0.0,2.0
134.0,57340.0,109.59564882907661,280.52994492540205,322.38641410580567,633.009765625,358.9111633300781,174.35328674316406,174.35328674316406,0.0,3.0
134.5,57455.0,109.64602989012027,280.8668723601127,323.13774152828387,634.0833129882812,358.2678527832031,175.5933380126953,175.5933380126953,0.0,4.0
135.0,57736.0,109.98507405271754,280.9844299950917,324.5489177304401,634.674072265625,356.96405029296875,176.8705291748047,176.8705291748047,0.0,3.0
135.5,58060.0,110.2081423947273,281.47015825458226,325.3013987058771,635.1494140625,357.57464599609375,177.33998107910156,177.33998107910156,0.0,5.0
136.0,58418.0,110.37468788100335,282.24280327406046,326.0552100488505,635.1494140625,357.57464599609375,177.33998107910156,177.33998107910156,0.0,4.0
136.5,58710.0,110.63199593299096,283.0017667789373,327.566787083184,636.40869140625,358.3816223144531,177.8079376220703,177.8079376220703,0.0,5.0
137.0,58912.0,110.83469535240728,283.2990469328506,327.9054741842533,636.40869140625,358.3816223144531,177.8079376220703,177.8079376220703,0.0,4.0
137.5,59152.0,111.05682204815547,283.80688855819955,328.4341638745884,636.743408203125,358.5961608886719,177.9342803955078,177.9342803955078,0.0,5.0
138.0,59454.0,111.27772355577773,284.3964662215352,329.1959902550455,637.1685180664062,358.8685302734375,178.09576416015625,178.09576416015625,0.0,3.0
138.5,59772.0,111.55923171749392,284.60850303530987,329.3144394040444,636.9190673828125,358.9266052246094,178.2122802734375,178.2122802734375,0.0,3.0
139.0,60164.0,111.84293768196002,285.17538463198395,329.56941605676946,635.8107299804688,359.18487548828125,178.7336883544922,178.7336883544922,0.0,3.0
139.5,60422.0,112.03302244475069,285.5240795449659,329.70592957967864,635.7106323242188,359.2082214355469,178.7810821533203,178.7810821533203,0.0,4.0
140.0,60794.0,112.30049243462064,286.08565151017274,330.0802932621092,636.076904296875,359.44256591796875,178.91786193847656,178.91786193847656,0.0,4.0
140.5,61154.0,112.61525588820695,286.57704023337175,330.84739684634064,636.076904296875,359.44256591796875,178.91786193847656,178.91786193847656,0.0,4.0
141.0,61365.0,112.75150446889623,286.88534223836547,330.3407331831786,636.076904296875,359.44256591796875,178.91786193847656,178.91786193847656,0.0,3.0
141.5,61643.0,113.06779491722327,286.811610643165,329.70592957967864,636.076904296875,359.44256591796875,178.91786193847656,178.91786193847656,0.0,2.0
142.0,61883.0,113.16008214242127,287.6421387766403,330.3407331831786,636.173095703125,359.50408935546875,178.95391845703125,178.95391845703125,0.0,2.0
142.5,62100.0,113.40971824471082,287.80097288026127,330.47995400629065,636.7516479492188,359.87432861328125,179.17237854003906,179.17237854003906,0.0,2.0
143.0,62271.0,113.56714479761168,287.98784696580515,329.84845004941286,636.7516479492188,359.87432861328125,179.17237854003906,179.17237854003906,0.0,2.0
143.5,62400.0,113.66330497293717,288.4250335875858,330.6055050963308,637.1210327148438,360.1106872558594,179.3130645751953,179.3130645751953,0.0,3.0
144.0,62567.0,113.83480668454345,288.4250335875858,330.4935702854142,637.5498657226562,360.3850402832031,179.47755432128906,179.47755432128906,0.0,2.0
144.5,62920.0,114.17327303105507,288.6468430452687,331.14498335321343,637.38427734375,360.87811279296875,179.9958038330078,179.9958038330078,0.0,2.0
145.0,63104.0,114.24561518646831,289.06227676297846,331.36837507523256,637.7333984375,361.1116638183594,180.1405029296875,180.1405029296875,0.0,2.0
145.5,63536.0,114.5759179176643,289.6027451440506,332.01505989939676,637.7963256835938,361.9859924316406,180.97586059570312,180.97586059570312,0.0,2.0
146.0,63807.0,114.8635705346783,289.6204412675321,331.48906467634794,637.6009521484375,362.01934814453125,181.05393981933594,181.05393981933594,0.0,3.0
146.5,63927.0,115.03162521182851,289.92499027228627,331.6157414840255,637.7140502929688,361.7797546386719,181.2824249267578,181.2824249267578,0.0,1.0
147.0,64286.0,115.35808131694674,290.3385954019565,331.6157414840255,637.6041870117188,362.3243713378906,181.7276611328125,181.7276611328125,0.0,3.0
147.5,64553.0,115.54696424845444,290.4083332137699,331.748398639692,637.6041870117188,362.3243713378906,181.7276611328125,181.7276611328125,0.0,3.0
148.0,64790.0,115.67694466764284,291.4433049296974,333.02402315748935,638.6851196289062,363.00714111328125,182.80795288085938,182.80795288085938,0.0,3.0
148.5,65040.0,115.8758562658394,291.78073959739015,333.54160160315837,638.2300415039062,363.2538146972656,182.83546447753906,182.83546447753906,0.0,2.0
149.0,65337.0,116.1328338298674,292.0633492925807,334.1870733586205,638.7085571289062,361.1263427734375,184.40335083007812,184.40335083007812,0.0,1.0
149.5,65610.0,116.3670209177941,292.7456233660889,334.1870733586205,639.0375366210938,361.36810302734375,184.54446411132812,184.54446411132812,0.0,1.0
150.0,66088.0,116.79149414116166,292.85422993255423,334.8342873721268,640.3246459960938,356.4708557128906,186.14842592567206,188.3460693359375,0.0,1.0
150.5,66234.0,116.93675441202343,293.318939040765,334.8342873721268,640.8864135742188,357.13568115234375,187.752387740016,188.85227966308594,0.0,1.0
151.0,66407.0,117.0830621398966,293.6153946917634,335.5964838909967,641.2142333984375,357.3575439453125,188.98773193359375,188.98773193359375,0.0,1.0
151.5,66693.0,117.29213446050122,293.99659859026565,335.4832335601885,641.4723510742188,357.5323181152344,189.09500122070312,189.09500122070312,0.0,1.0
152.0,66862.0,117.35819938155315,294.33586256388645,335.7156534926544,641.543212890625,357.58026123046875,189.12448120117188,189.12448120117188,0.0,2.0
152.5,67151.0,117.69595340626823,294.55135375563907,336.48179742743883,641.543212890625,357.58026123046875,189.12448120117188,189.12448120117188,0.0,4.0
153.0,67537.0,117.96975162421873,295.22499887852854,337.37960815674677,642.7044067382812,358.3662414550781,189.61288452148438,189.61288452148438,0.0,2.0
153.5,67605.0,117.96078636127953,295.7661235974196,337.6536687198882,642.7044067382812,358.3662414550781,189.61288452148438,189.61288452148438,0.0,2.0
154.0,67711.0,118.11974765597104,295.85384905267995,337.76915193664445,642.7044067382812,358.3662414550781,189.61288452148438,189.61288452148438,0.0,3.0
154.5,68069.0,118.28884403248196,297.0151511286924,339.0634158973805,643.3076782226562,358.8132019042969,189.90782165527344,189.90782165527344,0.0,3.0
155.0,68433.0,118.55879337442997,297.6061155274242,339.42598604113977,643.5534057617188,359.0465087890625,190.07855224609375,190.07855224609375,0.0,3.0
155.5,68711.0,118.78101845502623,297.7289035051401,339.7131142596647,643.98388671875,359.455322265625,190.37884521484375,190.37884521484375,0.0,2.0
156.0,68846.0,118.7525073939722,298.40157505933894,340.58772731852804,644.1726684570312,359.6345520019531,190.5109100341797,190.5109100341797,0.0,1.0
156.5,69269.0,119.18756653522257,298.90533577967796,341.8830209296741,644.6058349609375,360.0458984375,190.81504821777344,190.81504821777344,0.0,1.0
157.0,69608.0,119.39657949210478,299.2417918663181,341.8830209296741,641.2478637695312,360.52154541015625,192.05099487304688,192.05099487304688,0.0,3.0
157.5,69738.0,119.38773589916195,299.63436049813174,342.64413025761877,641.2478637695312,360.52154541015625,192.05099487304688,192.05099487304688,0.0,2.0
158.0,69858.0,119.43761045669285,300.0974008498151,342.64413025761877,641.6294555664062,360.8796691894531,192.30845642089844,192.30845642089844,0.0,2.0
158.5,70047.0,119.56814081912765,300.51771989603975,343.4064647032726,641.8281860351562,361.0662536621094,192.44302368164062,192.44302368164062,0.0,2.0
159.0,70318.0,119.83830205018066,300.96378515940904,344.17001612575143,642.0322265625,361.2577209472656,192.58140563964844,192.58140563964844,0.0,2.0
159.5,70421.0,119.80177477503753,301.42494919963076,344.17001612575143,642.4779663085938,361.6759948730469,192.88475036621094,192.88475036621094,0.0,2.0
160.0,70598.0,119.99408727831099,301.5612706856901,344.81589290518497,642.4779663085938,361.6759948730469,192.88475036621094,192.88475036621094,0.0,2.0
160.5,70832.0,120.09077103532245,302.23409800901453,345.46345682285994,642.6895141601562,361.87457275390625,193.02931213378906,193.02931213378906,0.0,3.0
161.0,70956.0,120.27764403313263,302.5524747874325,346.22536013411843,642.6895141601562,361.87457275390625,193.02931213378906,193.02931213378906,0.0,3.0
161.5,71249.0,120.4293341504852,302.95016090788965,346.22536013411843,637.7305297851562,362.97119140625,194.633273948133,195.28858947753906,0.0,3.0
162.0,71461.0,120.60175800830321,303.2375306587231,346.22536013411843,637.0280151367188,363.0589904785156,195.55189514160156,195.55189514160156,0.0,3.0
162.5,71726.0,120.80846250869928,303.9407833723915,346.8731756708783,637.0774536132812,363.26617431640625,195.73959350585938,195.73959350585938,0.0,3.0
163.0,72023.0,121.00551295611936,304.45180237703755,347.6348659153739,635.817626953125,363.6847839355469,196.46881103515625,196.46881103515625,0.0,2.0
163.5,72296.0,121.23440977165286,304.8294605185004,348.1738071710737,635.8667602539062,363.8891296386719,196.65333557128906,196.65333557128906,0.0,1.0
164.0,72538.0,121.38825081923217,305.41283535568704,348.9326582594412,635.928466796875,364.1456298828125,196.88499450683594,196.88499450683594,0.0,1.0
164.5,72772.0,121.62744402938911,305.3022268298338,348.9326582594412,635.8472290039062,364.15570068359375,196.9158172607422,196.9158172607422,0.0,1.0
165.0,72947.0,121.7503548028269,305.5902485318392,349.5840385372307,635.86181640625,364.2174377441406,196.9716339111328,196.9716339111328,0.0,1.0
165.5,73141.0,121.93788077016832,306.1976485866604,350.3426893771297,635.1976928710938,364.8568115234375,197.76210021972656,197.76210021972656,0.0,1.0
166.0,73531.0,122.25190871186236,306.55097450083406,351.64755082326394,634.5679321289062,365.2246398925781,198.28269958496094,198.28269958496094,0.0,2.0
166.5,73965.0,122.57867881183233,306.8801068378594,351.64755082326394,634.63134765625,365.5008239746094,198.53233337402344,198.53233337402344,0.0,2.0
167.0,74376.0,122.99491790676029,307.02605752606735,352.40459701882435,634.63134765625,365.5008239746094,198.53233337402344,198.53233337402344,0.0,1.0
167.5,74563.0,123.04630135366891,307.45357366563724,353.16285195359944,634.672607421875,365.6805725097656,198.69483947753906,198.69483947753906,0.0,1.0
168.0,74940.0,123.34996834705325,307.8704272871876,353.8149233709624,634.7772827148438,366.13671875,199.10743713378906,199.10743713378906,0.0,2.0
168.5,74955.0,123.44082345568313,308.05843601498725,353.8149233709624,634.8199462890625,366.32232666015625,199.275390625,199.275390625,0.0,2.0
169.0,75154.0,123.60326759470668,308.21550895709856,354.46861638232514,634.863525390625,366.5124816894531,199.447509765625,199.447509765625,0.0,2.0
169.5,75364.0,123.81985931535921,308.4493475434824,355.12392203285884,636.0,366.0,199.8100128173828,199.8100128173828,0.0,2.0
170.0,75432.0,123.78739274427015,308.4743911564617,355.8791929854849,636.0,366.0,199.8100128173828,199.8100128173828,0.0,1.0
170.5,75825.0,124.31542377811647,308.36666486505965,355.8791929854849,636.0,366.0,199.8100128173828,199.8100128173828,0.0,1.0
171.0,76013.0,124.32470229241751,308.8553057286218,356.4393356519451,636.0,366.5,200.18563842773438,200.18563842773438,0.0,2.0
171.5,76317.0,124.56928178020976,309.246826978444,356.4393356519451,636.5,366.5,200.51568603515625,200.51568603515625,0.0,2.0
172.0,76612.0,124.74591891992823,309.8682784574767,357.19182521440774,637.0,366.5,200.846435546875,200.846435546875,0.0,1.0
172.5,76893.0,124.93827999452832,310.4400103079498,357.94552658190884,637.5,366.5,201.17788696289062,201.17788696289062,0.0,2.0
173.0,77416.0,125.1820507040698,310.84562084739105,358.60284438358826,637.0,367.0,201.22137451171875,201.22137451171875,0.0,3.0
173.5,77730.0,125.40001611515562,311.4341021625488,358.60284438358826,637.5,367.0,201.55221557617188,201.55221557617188,0.0,2.0
174.0,77983.0,125.61783391103829,311.62188624223853,358.7004321157141,637.5,367.0,201.55221557617188,201.55221557617188,0.0,2.0
174.5,78178.0,125.68533471626445,312.05888866016465,359.4565342291054,631.9287109375,370.1091613769531,203.1561773905158,203.69509887695312,0.0,2.0
175.0,78392.0,125.78285998441498,313.0255580619576,360.86701151532264,632.0262451171875,370.493408203125,204.03875732421875,204.03875732421875,0.0,1.0
175.5,78852.0,126.19064801268469,312.80025575437116,360.32207814676025,632.0,370.5,204.05218505859375,204.05218505859375,0.0,2.0
176.0,79202.0,126.40744017718924,313.2678566290752,360.5551275463989,632.0,370.5,204.05218505859375,204.05218505859375,0.0,1.0
176.5,79492.0,126.60947333656395,313.82056974383545,361.19939091864484,632.0,370.5,204.05218505859375,204.05218505859375,0.0,2.0
177.0,79879.0,126.91475980319882,314.3405796266209,361.32118675771005,633.5,369.5,204.37353515625,204.37353515625,0.0,2.0
177.5,80109.0,127.0560818467712,314.61182431592397,361.96408661633825,633.0,370.0,204.38455200195312,204.38455200195312,0.0,2.0
178.0,80571.0,127.462262828771,314.66331212901196,361.96408661633825,633.0,370.5,204.7444610595703,204.7444610595703,0.0,2.0
178.5,80585.0,127.67027072545552,314.91744950065885,362.6086044207997,636.0,367.5,204.9299774169922,204.9299774169922,0.0,2.0
179.0,80819.0,127.68989451360447,316.0142401854701,363.2547315589984,642.1318359375,362.72613525390625,205.88607788085938,205.88607788085938,0.0,2.0
179.5,81148.0,127.90754041138862,316.36213427020624,364.01785670486004,642.867919921875,362.0173645019531,205.95494079589844,205.95494079589844,0.0,2.0
180.0,81633.0,128.35348396979836,316.54794264126787,364.01785670486004,640.3102416992188,364.3355712890625,206.2554473876953,206.2554473876953,0.0,4.0
180.5,82211.0,128.8253763742466,316.50355436314885,364.1387098345904,635.0,360.5,207.85940920203925,212.66944885253906,0.0,3.0
181.0,82518.0,128.95536872252717,317.24194236757154,364.90546721034474,636.0,360.0,209.46337101638318,212.9813232421875,0.0,3.0
181.5,82353.0,128.86478180241392,317.77224547567454,365.16845427829605,631.1173706054688,364.5376281738281,211.0673328307271,213.0850830078125,0.0,4.0
182.0,82407.0,128.81511294727142,317.8290420303054,364.5339490363003,630.5,365.5,212.67129464507104,213.40699768066406,0.0,5.0
182.5,82839.0,129.16739558141495,317.98443353893293,364.5339490363003,630.5,365.5,213.40699768066406,213.40699768066406,0.0,4.0
183.0,83283.0,129.5395424864194,318.64180516130375,365.2615501253862,631.0,366.0,214.1122283935547,214.1122283935547,0.0,3.0
183.5,83475.0,129.61998758152757,318.7679405905406,366.001366117669,631.0,366.0,214.1122283935547,214.1122283935547,0.0,3.0
184.0,83868.0,129.97845409311074,318.8683113763423,366.072397211262,631.5,366.0,214.4394989013672,214.4394989013672,0.0,2.0
184.5,84239.0,130.26487140584052,319.0814942926023,367.41393550054687,631.5,366.5,214.81747436523438,214.81747436523438,0.0,2.0
185.0,84389.0,130.3897505983976,319.4010018769509,367.41393550054687,632.0,366.5,215.1448211669922,215.1448211669922,0.0,2.0
185.5,84687.0,130.58743181437592,319.72488173428104,368.2281901212888,632.0,367.0,215.52272033691406,215.52272033691406,0.0,2.0
186.0,84826.0,130.58893306993897,320.24990213452253,368.89700459613385,633.0,366.5,215.801513671875,215.801513671875,0.0,1.0
186.5,85247.0,130.89837141214187,320.52457004105,370.3093301552096,633.5,367.0,216.5070343017578,216.5070343017578,0.0,1.0
187.0,85531.0,131.07236574159384,320.97507691408066,370.97978381577616,633.0,367.5,216.55552673339844,216.55552673339844,0.0,1.0
187.5,85745.0,131.14278811079896,321.6348861525026,371.7216700704978,634.0,367.5,217.21255493164062,217.21255493164062,0.0,2.0
188.0,86138.0,131.5329452437997,321.8089495337257,372.3922662999327,634.0,367.5,217.21255493164062,217.21255493164062,0.0,2.0
188.5,86513.0,131.7724718742062,322.05310120350276,372.46476343407306,634.5,367.5,217.54205322265625,217.54205322265625,0.0,3.0
189.0,86830.0,131.97760491966605,322.49030993194197,373.20905669610966,634.5,368.0,217.9180908203125,217.9180908203125,0.0,3.0
189.5,87178.0,132.20722806242964,322.61587065735,373.9545426920229,635.0,368.0,218.24766540527344,218.24766540527344,0.0,2.0
190.0,87507.0,132.33977245232956,323.18725222384626,374.62114195544274,635.5,368.0,218.57789611816406,218.57789611816406,0.0,3.0
190.5,87915.0,132.68899737200616,323.154761685481,374.70121430280955,635.5,368.0,218.57789611816406,218.57789611816406,0.0,3.0
191.0,88266.0,132.9086680992434,323.2893440866865,375.3664875824692,635.5,368.0,218.57789611816406,218.57789611816406,0.0,3.0
191.5,88613.0,133.09109566574162,323.9808635609495,376.1130149303531,636.0,368.0,218.9087677001953,218.9087677001953,0.0,3.0
192.0,88936.0,133.35254352305913,323.8579935712565,375.5369489144843,636.0,368.0,218.9087677001953,218.9087677001953,0.0,2.0
192.5,89193.0,133.50092694809237,324.35320254315354,375.5369489144843,636.0,368.0,218.9087677001953,218.9087677001953,0.0,3.0
193.0,89420.0,133.63759338870827,325.0384592629002,376.19808611953357,634.0,370.0,219.1005401611328,219.1005401611328,0.0,4.0
193.5,89733.0,133.92993093388029,325.1538097577822,376.19808611953357,634.0,370.5,219.47959899902344,219.47959899902344,0.0,3.0
194.0,90042.0,134.17246228403403,325.88648330361906,376.86071697644473,634.0,371.0,219.85914611816406,219.85914611816406,0.0,3.0
194.5,90286.0,134.28533814554197,326.1038944707349,377.18032822510776,634.0,371.0,219.85914611816406,219.85914611816406,0.0,3.0
195.0,90682.0,134.5277438480693,326.7598506548808,377.85976234576765,633.5,371.5,221.216064453125,221.216064453125,0.0,3.0
195.5,91110.0,134.81757705637082,326.84430542803204,377.91533443352097,633.5,371.5,221.216064453125,221.216064453125,0.0,3.0
196.0,91209.0,134.80660095329083,327.365239449762,378.59344949430914,634.0,371.5,221.54299926757812,221.54299926757812,0.0,4.0
196.5,91421.0,135.02418638777385,327.47060936823016,378.59344949430914,634.0,371.5,221.54299926757812,221.54299926757812,0.0,4.0
197.0,91621.0,135.10499759829352,328.17373447611556,379.27298875612007,634.0,372.0,221.9212646484375,221.9212646484375,0.0,3.0
197.5,91851.0,135.24263923111687,328.42046221269464,379.3283538044579,634.0,372.0,221.9212646484375,221.9212646484375,0.0,3.0
198.0,92214.0,135.50279835807342,328.8662342047295,380.06446821559103,631.0,374.5,222.6910400390625,222.6910400390625,0.0,3.0
198.5,92439.0,135.66263027029555,329.28118679161076,380.8017857100988,632.0,374.0,222.9911346435547,222.9911346435547,0.0,3.0
199.0,92814.0,135.85982652166464,329.4606956823166,381.4773912042495,631.5,374.5,223.02589416503906,223.02589416503906,0.0,3.0
199.5,93131.0,136.1242458016985,329.70592957967864,381.4773912042495,631.5,374.5,223.02589416503906,223.02589416503906,0.0,3.0
200.0,93498.0,136.34870265974916,330.02628679590924,381.4773912042495,632.0,374.5,223.36135864257812,223.36135864257812,0.0,4.0
200.5,93853.0,136.60614481187602,330.24203241417115,381.4773912042495,631.5,375.0,223.3971710205078,223.3971710205078,0.0,4.0
201.0,94108.0,136.76622146231952,330.64981475560984,382.15441905072873,631.5,375.5,223.7689666748047,223.7689666748047,0.0,4.0
201.5,94321.0,136.91133486317688,330.58886853613205,382.099463490856,631.5,375.5,223.7689666748047,223.7689666748047,0.0,4.0
202.0,94797.0,137.13826732287134,331.3719963236879,382.35062442737035,631.0,376.0,223.8080596923828,223.8080596923828,0.0,4.0
202.5,95120.0,137.39544589068652,331.2179795764357,382.2800020927069,630.5,376.5,223.84938049316406,223.84938049316406,0.0,5.0
203.0,95426.0,137.57357010247185,331.65644874354774,382.9529997271206,630.5,377.0,224.22377014160156,224.22377014160156,0.0,3.0
203.5,95548.0,137.61164490749516,331.96535963862254,383.5674647307824,632.0,376.0,224.4750518798828,224.4750518798828,0.0,2.0
204.0,95923.0,137.88831555484614,332.2426823678053,384.2460149435515,631.5,376.5,224.51402282714844,224.51402282714844,0.0,2.0
204.5,96203.0,138.10298226593807,332.5552585661517,384.30326566398054,632.5,376.0,224.80946350097656,224.80946350097656,0.0,2.0
205.0,96515.0,138.29757497291013,332.6472604832482,385.0402576354841,632.5,376.0,224.80946350097656,224.80946350097656,0.0,3.0
205.5,96844.0,138.50406755135808,333.0615558721841,385.77843381920667,634.0,375.5,225.44688415527344,225.44688415527344,0.0,3.0
206.0,97184.0,138.69746903901716,333.42975271473983,386.58763560155415,634.0,375.5,225.44688415527344,225.44688415527344,0.0,2.0
206.5,97422.0,138.88106813608871,333.634006052699,387.25831172487443,634.5,375.5,225.7843017578125,225.7843017578125,0.0,2.0
207.0,97692.0,139.08814349591862,333.61017651581284,387.25831172487443,635.0,375.5,226.122314453125,226.122314453125,0.0,2.0
207.5,97902.0,139.2094420645504,333.7813655673426,388.0,635.0,375.5,226.122314453125,226.122314453125,0.0,1.0
208.0,98321.0,139.4964518529808,334.2110111890391,388.7428455933305,636.0,375.5,226.8001251220703,226.8001251220703,0.0,1.0
208.5,98634.0,139.74265065869707,334.21153480915467,389.48684188300894,636.0,375.5,226.8001251220703,226.8001251220703,0.0,1.0
209.0,99069.0,140.07769697326907,334.29717298020023,390.23198228745935,636.5,375.5,227.1399383544922,227.1399383544922,0.0,1.0
209.5,99396.0,140.3036467264369,334.5220471060166,390.31397617815327,636.5,375.5,227.1399383544922,227.1399383544922,0.0,1.0
210.0,99874.0,140.54819033246494,335.03887833420157,390.8989639280207,637.0,375.5,227.48033142089844,227.48033142089844,0.0,1.0
210.5,100082.0,140.63542098512963,335.4832335601885,390.97826026519687,637.0,375.5,227.48033142089844,227.48033142089844,0.0,1.0
211.0,100379.0,140.80038774750838,335.8764653857129,391.0626548265636,638.0,375.0,227.7982635498047,227.7982635498047,0.0,1.0
211.5,100499.0,140.90447493802813,335.8005360329254,391.24672522591163,638.0,375.0,227.7982635498047,227.7982635498047,0.0,1.0
212.0,100738.0,141.07012499523154,335.9083952470637,391.3463938763203,638.0,375.0,227.7982635498047,227.7982635498047,0.0,1.0
212.5,100988.0,141.15936355435704,336.40005945302687,392.10330271498606,639.5,374.0,228.10369873046875,228.10369873046875,0.0,1.0
213.0,101313.0,141.35502766331334,336.8100354799423,392.8612986793176,639.5,374.0,228.10369873046875,228.10369873046875,0.0,1.0
213.5,101709.0,141.61666585064006,337.2595439717014,392.9707368240032,640.5,373.5,228.43499755859375,228.43499755859375,0.0,1.0
214.0,102082.0,141.8037645723374,337.6818028854975,393.7321424522006,641.0,373.5,228.78221130371094,228.78221130371094,0.0,1.0
214.5,102393.0,142.0565327809087,337.6818028854975,393.7321424522006,641.0,373.5,228.78221130371094,228.78221130371094,0.0,1.0
215.0,102730.0,142.28387373691785,337.9803983390964,393.8489558193598,641.0,373.5,228.78221130371094,228.78221130371094,0.0,1.0
215.5,102919.0,142.40881666852937,338.02366781040644,394.380526902635,641.0,373.5,228.78221130371094,228.78221130371094,0.0,1.0
216.0,103222.0,142.59489772483477,338.27917455885637,394.380526902635,641.0,374.0,229.14198303222656,229.14198303222656,0.0,1.0
216.5,103373.0,142.67721755428025,338.3900116349846,395.0303785786607,640.5,374.5,229.1561737060547,229.1561737060547,0.0,1.0
217.0,103549.0,142.7809657058259,338.7048862948393,394.9240433298535,640.5,375.0,229.5175323486328,229.5175323486328,0.0,1.0
217.5,103814.0,142.9460867883116,338.7226003679117,394.82274503883383,640.0,375.5,229.5349578857422,229.5349578857422,0.0,1.0
218.0,104073.0,143.09863989862623,338.89880492736074,395.47945585074325,639.5,376.0,229.5545654296875,229.5545654296875,0.0,1.0
218.5,104146.0,143.1271430458958,339.42598604113977,395.47945585074325,640.5,375.5,229.87942504882812,229.87942504882812,0.0,1.0
219.0,104309.0,143.20866117183246,339.7484363466593,396.13760235554514,639.0,377.0,229.94140625,229.94140625,0.0,1.0
219.5,104674.0,143.44354471770237,339.60712595586097,395.47945585074325,635.5623168945312,380.2126159667969,229.9895477294922,229.9895477294922,0.0,1.0
220.0,105045.0,143.65024368865647,340.0732274079424,396.13760235554514,635.8255004882812,380.4366149902344,230.33203125,230.33203125,0.0,1.0
220.5,105391.0,143.83477915011474,340.34614731937836,396.2335170073324,635.8255004882812,380.4366149902344,230.33203125,230.33203125,0.0,1.0
221.0,105844.0,144.08818779650952,340.3307215048327,396.2335170073324,635.1261596679688,381.1092834472656,230.36769104003906,230.36769104003906,0.0,1.0
221.5,105978.0,144.1977042139431,340.82840257232084,396.8904130865345,635.3917846679688,381.33953857421875,230.71627807617188,230.71627807617188,0.0,1.0
222.0,106240.0,144.32541930565094,341.0131962256006,397.6443134259561,635.6583862304688,381.570556640625,231.0661163330078,231.0661163330078,0.0,1.0
222.5,106423.0,144.42449423169072,341.4735714336472,398.3013934196063,635.7389526367188,381.4843444824219,231.0857391357422,231.0857391357422,0.0,1.0
223.0,106466.0,144.42735771692148,341.8479193933788,398.20848810641894,635.74658203125,381.4930419921875,231.09690856933594,231.09690856933594,0.0,1.0
223.5,106618.0,144.5262545867426,342.06600240264686,398.1205847478877,635.9102783203125,381.791015625,231.4365234375,231.4365234375,0.0,1.0
224.0,106787.0,144.61494031157014,342.24260401066374,398.1205847478877,636.1568603515625,381.0826721191406,231.80149841308594,231.80149841308594,0.0,1.0
224.5,107005.0,144.77634199096187,342.3799059524376,398.7041509691114,635.5537109375,381.95538330078125,232.31199645996094,232.31199645996094,0.0,1.0
225.0,107127.0,144.85162446141265,342.3828266721332,399.37200703103866,635.09619140625,382.2786865234375,232.3981170654297,232.3981170654297,0.0,2.0
225.5,107348.0,144.99019910063717,342.64792424914697,398.8696528942757,633.8004150390625,383.19439697265625,232.6492462158203,232.6492462158203,0.0,1.0
226.0,107549.0,145.08584327013992,342.96209701255225,399.4496213541828,634.337158203125,382.54132080078125,232.74313354492188,232.74313354492188,0.0,1.0
226.5,107803.0,145.269600228093,343.11732686534793,399.5322264849232,634.5717163085938,382.80194091796875,233.0817108154297,233.0817108154297,0.0,1.0
227.0,108020.0,145.46457453894246,343.46055086296883,400.1962018810274,635.3773803710938,382.3775939941406,233.5281982421875,233.5281982421875,0.0,1.0
227.5,108308.0,145.64333104289267,343.6528771857928,400.8615721168593,635.6220092773438,382.6464538574219,233.87945556640625,233.87945556640625,0.0,1.0
228.0,108655.0,145.86847869650677,343.67804701234854,400.8615721168593,635.6220092773438,382.6464538574219,233.87945556640625,233.87945556640625,0.0,1.0
228.5,108841.0,145.9935479855465,343.64662081853794,400.9438863482021,636.720947265625,381.30084228515625,234.08103942871094,234.08103942871094,0.0,1.0
229.0,108923.0,146.0692813428995,343.7807440619899,401.69266859130005,636.720947265625,381.30084228515625,234.08103942871094,234.08103942871094,0.0,1.0
229.5,109273.0,146.304057876579,343.7819076100428,402.35556414693707,636.9503173828125,381.54974365234375,234.40802001953125,234.40802001953125,0.0,1.0
230.0,109615.0,146.54623093021402,343.82291941195035,402.4425424827748,638.0328979492188,380.2039794921875,234.6077117919922,234.6077117919922,0.0,1.0
230.5,109725.0,146.57041329820487,344.0726667435238,403.10420489000114,638.281494140625,380.470458984375,234.9596710205078,234.9596710205078,0.0,1.0
231.0,109954.0,146.70024950824617,344.30800164968576,403.1935019317648,638.5236206054688,380.7301025390625,235.3026123046875,235.3026123046875,0.0,1.0
231.5,110329.0,146.95810592305628,344.4706083252967,403.9455408839167,638.5236206054688,380.7301025390625,235.3026123046875,235.3026123046875,0.0,1.0
232.0,110767.0,147.2681357182252,344.81589290518497,404.6986533212089,638.7642211914062,380.98809814453125,235.64340209960938,235.64340209960938,0.0,2.0
232.5,111081.0,147.42103676111424,345.0681092190352,404.7974802293117,640.3641967773438,379.5411376953125,236.24139404296875,236.24139404296875,0.0,2.0
233.0,111600.0,147.81421759835996,345.3259329966401,405.55394215813016,640.364501953125,379.5414123535156,236.24180603027344,236.24180603027344,0.0,2.0
233.5,111824.0,147.9051973528391,345.9739874614853,405.65995612088705,640.635986328125,379.7747802734375,236.5952606201172,236.5952606201172,0.0,2.0
234.0,112135.0,148.0906784506567,346.3437598687177,406.41973377285706,642.0,378.0,236.88192749023438,236.88192749023438,0.0,2.0
234.5,112627.0,148.4037634166722,346.52503513024595,407.0700185471782,642.5,378.5,237.5890350341797,237.5890350341797,0.0,2.0
235.0,112894.0,148.56384864261773,346.8313711301214,407.1805496336975,642.4970092773438,378.49700927734375,237.59323120117188,237.59323120117188,0.0,2.0
235.5,113121.0,148.76854379901124,347.0288172472136,407.1805496336975,625.1712646484375,392.5428161621094,239.1971930155158,241.00091552734375,0.0,2.0
236.0,113452.0,149.07146381212002,347.0798899381616,407.1805496336975,625.1712646484375,392.5428161621094,240.80115482985974,241.00091552734375,0.0,2.0
236.5,113641.0,149.18362369550502,347.2477501726973,407.2959611879303,624.6853637695312,393.0018615722656,241.2266082763672,241.2266082763672,0.0,2.0
237.0,113789.0,149.2531466258672,347.67369759589235,408.0600446012817,624.859619140625,393.1886291503906,241.46685791015625,241.46685791015625,0.0,2.0
237.5,114329.0,149.6269541981701,347.7424331876056,408.1825571971443,625.3201293945312,392.8555603027344,241.75364685058594,241.75364685058594,0.0,2.0
238.0,114601.0,149.7607858979752,347.9425239892359,408.3099313021911,624.9097900390625,393.0932922363281,241.9255828857422,241.9255828857422,0.0,2.0
238.5,114972.0,149.97999095333415,348.6260890625579,409.2138805074921,625.32958984375,392.91070556640625,242.21490478515625,242.21490478515625,0.0,2.0
239.0,115510.0,150.3109067766243,348.93738690731504,408.7211763537583,624.76123046875,392.7370300292969,242.9561004638672,242.9561004638672,0.0,2.0
239.5,115617.0,150.37145613690922,349.32849867129175,408.8679493430611,624.8460083007812,392.6017150878906,242.9707489013672,242.9707489013672,0.0,2.0
240.0,115938.0,150.58094564907907,349.4939198326632,408.8679493430611,624.569580078125,392.7973327636719,243.2662353515625,243.2662353515625,0.0,2.0
240.5,116167.0,150.68902872365743,349.6927222576987,408.8679493430611,624.3391723632812,392.75103759765625,243.4782257080078,243.4782257080078,0.0,2.0
241.0,116432.0,150.86140744702783,349.80473123651285,408.8679493430611,623.8530883789062,392.6842956542969,243.9071044921875,243.9071044921875,0.0,3.0
241.5,116576.0,150.92971218012713,350.15889246031406,409.6461888019953,624.0240478515625,392.40838623046875,243.93594360351562,243.93594360351562,0.0,3.0
242.0,116842.0,151.0903783018046,350.3848598215466,409.6461888019953,622.4121704101562,393.871826171875,245.15943908691406,245.15943908691406,0.0,2.0
242.5,117399.0,151.45810231413898,350.4111870360306,409.6461888019953,620.4475708007812,394.9591979980469,246.107666015625,246.107666015625,0.0,2.0
243.0,117728.0,151.69630604493233,350.5867223188398,409.7999511957023,621.176025390625,393.8097229003906,246.1934814453125,246.1934814453125,0.0,2.0
243.5,118160.0,151.95189248938465,351.2833614050059,411.052308106888,621.54248046875,394.339111328125,246.768798828125,246.768798828125,0.0,3.0
244.0,118382.0,152.06199766905766,351.7456467392312,411.6807015151427,621.7266235351562,394.6050720214844,247.05795288085938,247.05795288085938,0.0,2.0
244.5,118781.0,152.31876629348534,352.0596540360738,412.02912518413063,621.9443359375,394.6382751464844,247.26490783691406,247.26490783691406,0.0,2.0
245.0,119006.0,152.42647649614662,352.17183305880667,412.53484701295235,615.951416015625,398.2009582519531,248.868869651258,250.1234893798828,0.0,2.0
245.5,119509.0,152.75751358114942,352.4803540515033,413.05205483086513,615.3065795898438,398.3267822265625,250.47283146560193,251.1620635986328,0.0,2.0
246.0,119938.0,153.02035565630732,353.0509878190401,413.81759266614074,615.5449829101562,398.6943054199219,251.55575561523438,251.55575561523438,0.0,2.0
246.5,120244.0,153.20628349235446,353.4524720232306,413.9432328230527,613.9268188476562,399.78173828125,252.44464111328125,252.44464111328125,0.0,2.0
247.0,120742.0,153.57063977831046,353.6325776848055,413.43681500321185,613.0897216796875,400.2738952636719,252.8391876220703,252.8391876220703,0.0,2.0
247.5,120962.0,153.73197327766192,353.8714455844099,413.43681500321185,613.0897216796875,400.2738952636719,252.8391876220703,252.8391876220703,0.0,2.0
248.0,121386.0,153.99403076432952,354.2357971409609,413.7172947799016,613.0897216796875,400.2738952636719,252.8391876220703,252.8391876220703,0.0,2.0
248.5,121829.0,154.28303484981376,354.5193929815406,413.86471219469774,612.203857421875,400.916748046875,253.38143920898438,253.38143920898438,0.0,2.0
249.0,122115.0,154.44871614945055,355.1838959469798,414.493667020378,611.356201171875,401.96246337890625,254.33189392089844,254.33189392089844,0.0,3.0
249.5,122498.0,154.63567838874272,355.5450041039365,414.64322013027055,611.0,402.0,254.60765075683594,254.60765075683594,0.0,2.0
250.0,122926.0,154.88431570343946,356.0126402250347,414.79754097631775,612.0,400.5,254.8848876953125,254.8848876953125,0.0,2.0
250.5,123214.0,155.11722088547873,356.5232109854326,414.79754097631775,613.5,397.5,255.3283233642578,255.3283233642578,0.0,2.0
251.0,123549.0,155.29845942856804,357.19686446422037,415.12046444375636,613.0,398.5,255.45314025878906,255.45314025878906,0.0,2.0
251.5,123859.0,155.49667482265363,357.32911999978927,414.5021109717054,613.5,397.5,255.58277893066406,255.58277893066406,0.0,2.0
252.0,124180.0,155.7385742089929,357.67806752250567,414.23785437837523,612.5,397.0,256.6929931640625,256.6929931640625,0.0,1.0
252.5,124746.0,156.04432103987665,358.51046009793816,414.23785437837523,614.0,394.0,257.1109619140625,257.1109619140625,0.0,1.0
253.0,125125.0,156.2808713430972,359.06461806695137,415.03011938894264,614.5,393.5,257.25579833984375,257.25579833984375,0.0,2.0
253.5,125692.0,156.56945146365018,359.4621676355002,415.21560664310294,615.0,393.0,257.4024963378906,257.4024963378906,0.0,2.0
254.0,125995.0,156.79232516712082,359.8302377307985,415.27099585692235,615.0,393.0,257.4024963378906,257.4024963378906,0.0,2.0
254.5,126505.0,157.0875884212528,359.8544149721928,414.8023625776497,615.5,392.0,257.58551025390625,257.58551025390625,0.0,2.0
255.0,126692.0,157.16993312149566,359.9805550304072,414.5021109717054,615.5,392.0,257.58551025390625,257.58551025390625,0.0,2.0
255.5,126921.0,157.3352858587281,360.07360358682223,415.12046444375636,615.5,391.5,257.8537292480469,257.8537292480469,0.0,2.0
256.0,127126.0,157.4374758473877,360.07360358682223,415.2890559598218,615.2763671875,391.35089111328125,258.12347412109375,258.12347412109375,0.0,2.0
256.5,127299.0,157.4649012971055,360.5551275463989,416.5249092191246,613.0,396.0,258.7683410644531,258.7683410644531,0.0,1.0
257.0,127743.0,157.74328147191235,360.865210252802,417.1450587026053,612.3054809570312,397.0369873046875,258.7713623046875,258.7713623046875,0.0,2.0
257.5,128140.0,157.93413940095718,361.3530821785101,417.92941987852447,613.3313598632812,396.2369384765625,259.1926574707031,259.1926574707031,0.0,2.0
258.0,128533.0,158.18965878716887,361.58124951385406,418.09687872549347,612.5,397.5,260.0241394042969,260.0241394042969,0.0,2.0
258.5,128851.0,158.38922343380588,361.49757937279503,418.71470000466906,612.5,397.0,260.84918212890625,260.84918212890625,0.0,3.0
259.0,129182.0,158.58606374382995,361.6138133321845,418.71470000466906,612.5,397.0,260.84918212890625,260.84918212890625,0.0,2.0
259.5,129416.0,158.74729346623397,361.6272251517669,419.5008939203825,613.5,396.0,261.4025573730469,261.4025573730469,0.0,2.0
260.0,129785.0,159.01963292123875,361.81265870233165,419.5008939203825,613.5,395.5,261.68023681640625,261.68023681640625,0.0,4.0
260.5,130099.0,159.19567909744364,362.0233417696911,420.2879964976397,613.5,395.0,262.2351989746094,262.2351989746094,0.0,4.0
261.0,130469.0,159.4122098991975,362.49275854836054,419.84878230143767,613.5,395.0,262.2351989746094,262.2351989746094,0.0,3.0
261.5,130876.0,159.64841429000688,362.8360511305347,419.84878230143767,614.0,394.5,262.3762512207031,262.3762512207031,0.0,3.0
262.0,130876.0,159.76317917536798,363.24956984299223,420.0297608503474,614.5,393.5,262.5119934082031,262.5119934082031,0.0,3.0
262.5,131358.0,160.03786727929912,363.6261816756324,420.0297608503474,614.5,393.0,263.0690002441406,263.0690002441406,0.0,2.0
263.0,131732.0,160.25013050545127,364.04670030093666,420.6399885888169,614.5,393.5,263.34490966796875,263.34490966796875,0.0,2.0
263.5,132174.0,160.50204554933205,364.5394354524624,421.4320823098308,615.0,393.0,263.486328125,263.486328125,0.0,2.0
264.0,132463.0,160.6775731229826,364.5394354524624,421.0106887004177,614.5,393.0,263.9039611816406,263.9039611816406,0.0,2.0
264.5,132818.0,160.88515583436347,364.6719073306374,421.0106887004177,614.0,392.5,264.88543701171875,264.88543701171875,0.0,2.0
265.0,133127.0,161.05558377316325,364.99315062066574,421.4320823098308,614.5,392.0,265.0326232910156,265.0326232910156,0.0,2.0
265.5,133484.0,161.25455602827958,365.20268345125834,421.2030389254095,614.5,392.0,265.0326232910156,265.0326232910156,0.0,2.0
266.0,133866.0,161.47258628148484,365.6436106139691,421.4320823098308,614.5,392.0,265.0326232910156,265.0326232910156,0.0,2.0
266.5,134268.0,161.70845930105475,365.9412521156914,421.61712488939537,615.0,391.5,265.181640625,265.181640625,0.0,2.0
267.0,134595.0,161.9048706613844,366.1488768247146,421.8068278252499,615.5,390.5,265.30462646484375,265.30462646484375,0.0,2.0
267.5,134947.0,162.07659612654254,366.43526030356867,421.8068278252499,615.0,391.0,265.4525451660156,265.4525451660156,0.0,2.0
268.0,135445.0,162.33772548404647,366.742416417845,421.8068278252499,616.0,389.5,265.4850158691406,265.4850158691406,0.0,2.0
268.5,135911.0,162.6263245397763,367.2390229803153,422.0011848324599,616.0,389.5,265.4850158691406,265.4850158691406,0.0,2.0
269.0,136153.0,162.74440775759243,367.5937975151132,421.40004746084213,616.0,389.5,265.4850158691406,265.4850158691406,0.0,3.0
269.5,136433.0,162.9214847525935,367.8287645087045,421.6313555702422,616.0,389.5,265.4850158691406,265.4850158691406,0.0,2.0
270.0,136810.0,163.10785150252204,367.9552281796,422.3837118071671,616.0,389.5,265.4850158691406,265.4850158691406,0.0,2.0
270.5,137224.0,163.35372229694298,368.40195439221003,421.7262145041496,616.0,389.5,265.4850158691406,265.4850158691406,0.0,2.0
271.0,137542.0,163.5176682731519,368.6751279720865,421.8068278252499,616.0,389.5,265.4850158691406,265.4850158691406,0.0,3.0
271.5,137857.0,163.7018314231205,368.8590516715023,422.0011848324599,616.0,389.5,265.4850158691406,265.4850158691406,0.0,3.0
272.0,138158.0,163.8757304135103,368.8795873991481,422.0011848324599,617.0,387.5,266.2579650878906,266.2579650878906,0.0,3.0
272.5,138473.0,164.07283027880686,369.1590442434359,421.8068278252499,617.0,387.5,266.2579650878906,266.2579650878906,0.0,3.0
273.0,138968.0,164.38407208071231,369.22337410432283,422.4121210382107,617.5067749023438,387.0151062011719,266.4090270996094,266.4090270996094,0.0,2.0
273.5,139259.0,164.51652845682113,369.82157860243905,422.8344829835902,617.5067749023438,387.0151062011719,266.4090270996094,266.4090270996094,0.0,3.0
274.0,139657.0,164.7268027944578,370.5638946219374,423.2079866921228,617.60498046875,387.1026306152344,266.539306640625,266.539306640625,0.0,2.0
274.5,140125.0,164.98251159562813,371.192672331691,423.6271945944925,616.1179809570312,388.9753112792969,267.0136413574219,267.0136413574219,0.0,2.0
275.0,140607.0,165.2689172602904,371.3685500626523,423.6271945944925,615.3906860351562,390.19903564453125,267.4903259277344,267.4903259277344,0.0,2.0
275.5,141002.0,165.49642997583402,371.8269758680295,423.4453919928755,615.3906860351562,390.19903564453125,267.4903259277344,267.4903259277344,0.0,2.0
276.0,141501.0,165.78071408087737,372.2539455801644,424.2369620860493,615.5752563476562,390.35540771484375,267.72845458984375,267.72845458984375,0.0,1.0
276.5,141981.0,166.02959141504718,372.50503352303843,424.2369620860493,613.5,392.5,268.396240234375,268.396240234375,0.0,1.0
277.0,142160.0,166.1322792881742,372.7733896082176,424.60334431089916,613.9610595703125,391.72711181640625,268.39776611328125,268.39776611328125,0.0,2.0
277.5,142357.0,166.24296307897825,372.77446263846235,424.6622187103534,613.9610595703125,391.72711181640625,268.39776611328125,268.39776611328125,0.0,2.0
278.0,142727.0,166.44630454623393,373.11794381937733,425.39981194166035,613.9610595703125,391.72711181640625,268.39776611328125,268.39776611328125,0.0,1.0
278.5,143099.0,166.66268669521043,373.5304539123952,426.5969995206249,614.0596313476562,391.3368835449219,268.7936706542969,268.7936706542969,0.0,1.0
279.0,143466.0,166.89361743056745,374.08555171243916,426.64387959983674,616.5550537109375,388.48846435546875,269.50909423828125,269.50909423828125,0.0,1.0
279.5,143757.0,167.02915606970683,374.12858747417624,427.3265730094491,615.46630859375,389.5296325683594,269.5940856933594,269.5940856933594,0.0,2.0
280.0,144068.0,167.199649668304,374.25258850140233,427.3265730094491,615.7291870117188,389.7506103515625,269.93267822265625,269.93267822265625,0.0,2.0
280.5,144426.0,167.41015611564393,374.4756333790647,427.9684567815717,614.0989379882812,391.7367248535156,270.4031066894531,270.4031066894531,0.0,2.0
281.0,144754.0,167.6083612395069,374.7772671867919,427.93106921559223,615.25732421875,390.194580078125,270.61297607421875,270.61297607421875,0.0,1.0
281.5,145052.0,167.77780087121744,374.9314603655309,428.6560392669162,616.6244506835938,388.37457275390625,270.8781433105469,270.8781433105469,0.0,1.0
282.0,145346.0,167.90899127773733,375.2995470283267,428.69569626951005,616.893798828125,388.59771728515625,271.2229309082031,271.2229309082031,0.0,1.0
282.5,145786.0,168.18430760711533,375.5862084794914,429.3821142059832,616.5736694335938,388.8999938964844,271.24365234375,271.24365234375,0.0,1.0
283.0,146248.0,168.4297959877467,376.0053191113126,429.424032862624,616.8419189453125,389.1248474121094,271.5889587402344,271.5889587402344,0.0,1.0
283.5,146567.0,168.60891991161054,376.6183744834012,430.10928843725287,615.5355834960938,390.853759765625,272.05877685546875,272.05877685546875,0.0,1.0
284.0,146968.0,168.851122939814,377.0294417872339,430.758633111398,615.2168579101562,391.18499755859375,272.1065673828125,272.1065673828125,0.0,1.0
284.5,147373.0,169.07976111167864,377.1392315843049,430.758633111398,616.0517578125,390.29840087890625,272.7315368652344,272.7315368652344,0.0,1.0
285.0,147756.0,169.29596549054347,377.36222647919783,430.7261310856354,616.0517578125,390.29840087890625,272.7315368652344,272.7315368652344,0.0,1.0
285.5,147974.0,169.4249132818321,377.5116554444489,430.9350299059012,616.0517578125,390.29840087890625,272.7315368652344,272.7315368652344,0.0,1.0
286.0,148419.0,169.6711175264861,377.751240898028,431.41859023458875,616.6090087890625,389.4561767578125,273.0990295410156,273.0990295410156,0.0,1.0
286.5,148790.0,169.87933357221758,378.0958209815988,431.3930922024598,616.8043823242188,389.6219177246094,273.35198974609375,273.35198974609375,0.0,1.0
287.0,149243.0,170.11403042840846,378.4283287493155,432.29735136824513,617.0751953125,389.8516845703125,273.7026672363281,273.7026672363281,0.0,1.0
287.5,149620.0,170.32195679134446,378.8667311865744,432.80711639251035,617.1322021484375,389.9000549316406,273.7764892578125,273.7764892578125,0.0,1.0
288.0,150016.0,170.5342446646111,379.0844233149128,432.8325311249144,616.8960571289062,390.5121765136719,274.0882873535156,274.0882873535156,0.0,1.0
288.5,150304.0,170.63357695572643,379.14772846477666,433.5262391136204,616.8960571289062,390.5121765136719,274.0882873535156,274.0882873535156,0.0,2.0
289.0,150665.0,170.8404833343495,379.452763835263,433.5262391136204,616.0311279296875,391.78582763671875,274.4998474121094,274.4998474121094,0.0,2.0
289.5,150993.0,171.0279237834899,379.7222669267632,433.5262391136204,616.0311279296875,391.78582763671875,274.4998474121094,274.4998474121094,0.0,2.0
290.0,151243.0,171.11080003168075,379.7217402223676,433.81678160255626,616.03759765625,391.7915344238281,274.50836181640625,274.50836181640625,0.0,2.0
290.5,151727.0,171.37160428701262,380.0328933131973,433.8767105987598,617.5513916015625,390.1445617675781,274.8870849609375,274.8870849609375,0.0,3.0
291.0,152195.0,171.66898454723238,380.44710539048657,434.5526435312527,617.0552978515625,391.0971984863281,275.28619384765625,275.28619384765625,0.0,2.0
291.5,152691.0,171.93827711805082,381.0472411657116,435.22982434571276,617.3106079101562,391.3190612792969,275.62078857421875,275.62078857421875,0.0,2.0
292.0,153006.0,172.10936843198098,381.1469532870491,435.1746775721216,618.8772583007812,389.2740783691406,275.85272216796875,275.85272216796875,0.0,1.0
292.5,153189.0,172.16231110491094,381.2741795611132,435.1746775721216,623.30322265625,383.4963684082031,276.63641357421875,276.63641357421875,0.0,1.0
293.0,153866.0,172.60524117732683,381.29384993728917,435.9082472264089,623.3143920898438,383.918212890625,277.02667236328125,277.02667236328125,0.0,1.0
293.5,154147.0,172.7912061571767,381.34852804329944,436.4916952245483,625.1441040039062,381.1795959472656,277.70782470703125,277.70782470703125,0.0,3.0
294.0,154531.0,172.9895019229112,381.40726257900997,436.4916952245483,625.4164428710938,381.4008483886719,278.0548095703125,278.0548095703125,0.0,5.0
294.5,155016.0,173.2087569102345,381.6454506370467,437.2207680337246,626.9397583007812,380.0572509765625,278.68988037109375,278.68988037109375,0.0,3.0
295.0,155382.0,173.39712912249135,381.65003602510205,437.90524089122295,626.5,379.5,279.3967590332031,279.3967590332031,0.0,3.0
295.5,155724.0,173.58708889985562,381.91360279518716,437.90524089122295,626.0,379.0,280.7936096191406,280.7936096191406,0.0,3.0
296.0,156124.0,173.8206829692524,382.19628464965484,438.63424398922615,625.5,379.5,280.8105163574219,280.8105163574219,0.0,2.0
296.5,156434.0,173.99917323285564,382.4264635194589,438.63424398922615,626.0,379.5,281.1553039550781,281.1553039550781,0.0,2.0
297.0,156739.0,174.14306259833063,382.57678967757573,439.36431352580286,625.5,380.0,281.173095703125,281.173095703125,0.0,1.0
297.5,157025.0,174.30000954957538,382.5590150323313,440.04772468449374,625.0,380.5,281.87994384765625,281.87994384765625,0.0,1.0
298.0,157360.0,174.479941151783,382.8002089863588,440.00454543106713,625.0,381.0,282.2428894042969,282.2428894042969,0.0,1.0
298.5,157745.0,174.67789646208362,383.020887158912,440.69150207372957,624.5,381.5,282.2632751464844,282.2632751464844,0.0,1.0
299.0,158211.0,174.95300921753997,383.43839140075687,441.3796551722791,624.5,382.0,282.62750244140625,282.62750244140625,0.0,1.0
299.5,158778.0,175.26053720994165,383.6308121052514,441.3796551722791,624.5,382.0,283.3130798339844,283.3130798339844,0.0,1.0
300.0,159277.0,175.51726150532966,383.8880045013129,442.105191102751,623.5,382.0,284.0005187988281,284.0005187988281,0.0,1.0
300.5,159756.0,175.78218949077402,384.15882132263994,442.105191102751,625.0,381.0,284.31329345703125,284.31329345703125,0.0,1.0
301.0,160019.0,175.9173570654079,384.33566057245105,442.7934055516184,624.5,381.5,284.3282470703125,284.3282470703125,0.0,1.0
301.5,160636.0,176.1978105682802,384.643666119213,442.83179650969055,624.5,382.0,284.6898498535156,284.6898498535156,0.0,1.0
302.0,160626.0,176.1894166663757,384.7236020796615,443.4828068820707,625.0,382.0,285.0351867675781,285.0351867675781,0.0,1.0
302.5,161014.0,176.39623118842962,384.68948516953253,444.20715887972807,625.0,382.5,285.3967590332031,285.3967590332031,0.0,1.0
303.0,161324.0,176.52686527294438,385.1610052951882,445.58725295950734,625.0,383.0,285.75872802734375,285.75872802734375,0.0,1.0
303.5,161564.0,176.65043599580275,385.46491405717774,445.55807702251343,625.0,383.0,285.75872802734375,285.75872802734375,0.0,1.0
304.0,162009.0,176.90294029529434,385.50823596856696,445.6590625130381,625.0,383.0,286.4211120605469,286.4211120605469,0.0,1.0
304.5,162385.0,177.12310705293606,386.21496604870197,446.3462781294362,626.0,382.5,286.78094482421875,286.78094482421875,0.0,1.0
305.0,162772.0,177.3239001217113,386.53460388430943,446.3462781294362,626.0,382.5,286.8105773925781,286.8105773925781,0.0,1.0
305.5,163230.0,177.54593230763862,387.00342375266115,447.0727010229992,624.0,384.5,287.4757385253906,287.4757385253906,0.0,1.0
306.0,163529.0,177.73232162419782,387.43283281420486,447.7599803466138,626.0,380.5,288.9884033203125,288.9884033203125,0.0,1.0
306.5,163497.0,177.79277653463734,387.4906450483676,447.7599803466138,626.5,380.5,289.3312072753906,289.3312072753906,0.0,1.0
307.0,163960.0,178.01920651845782,387.94000824046077,448.41498636865384,625.5,381.5,289.37615966796875,289.37615966796875,0.0,1.0
307.5,164327.0,178.18535441103006,388.400695154975,449.106891508024,626.0,381.5,289.7176208496094,289.7176208496094,0.0,1.0
308.0,164753.0,178.37676120929098,388.74207387367136,449.13806340589747,626.5,381.5,290.0595703125,290.0595703125,0.0,1.0
308.5,165160.0,178.5955610369486,389.0,449.8288563442768,626.5,381.5,290.0595703125,290.0595703125,0.0,1.0
309.0,165684.0,178.82078326931065,389.2826736447437,449.86220112385524,627.0,381.5,290.4019775390625,290.4019775390625,0.0,1.0
309.5,166108.0,179.0500972086525,389.73510226398486,450.5873944086763,628.0,381.0,290.72503662109375,290.72503662109375,0.0,1.0
310.0,166543.0,179.2599985008433,390.19046630797556,451.313638171948,628.0,381.0,291.41387939453125,291.41387939453125,0.0,1.0
310.5,166885.0,179.4208594760907,390.41516363993856,452.0011061933367,627.5,381.5,291.4319152832031,291.4319152832031,0.0,1.0
311.0,167354.0,179.64948028568458,390.71012271764715,452.0409273506106,628.0,381.5,291.776123046875,291.776123046875,0.0,2.0
311.5,167918.0,179.92343143995282,391.3182847759609,452.7272909821099,628.0,381.5,292.4659118652344,292.4659118652344,0.0,1.0
312.0,168487.0,180.19774958733782,391.7450701510923,453.45451811620535,628.0,381.5,292.4659118652344,292.4659118652344,0.0,1.0
312.5,168890.0,180.3969051917433,391.87198164244097,453.45451811620535,628.0,381.5,292.4659118652344,292.4659118652344,0.0,2.0
313.0,169272.0,180.57908260150722,392.2336675885247,453.49862182811535,628.5,381.5,292.81146240234375,292.81146240234375,0.0,1.0
313.5,169623.0,180.74555754849607,392.6340535363064,454.22901712682335,628.5,381.0,293.8388977050781,293.8388977050781,0.0,1.0
314.0,170141.0,181.01597721606797,392.9707368240032,454.27964955520514,628.0,381.0,294.1871032714844,294.1871032714844,0.0,1.0
314.5,170734.0,181.26404062608825,393.1965157058399,454.9604378404786,628.0,381.0,294.1871032714844,294.1871032714844,0.0,1.0
315.0,171192.0,181.4903839743443,393.6315536051583,454.9604378404786,628.5,381.0,294.5357360839844,294.5357360839844,0.0,1.0
315.5,171638.0,181.70910520690268,394.0076141396255,455.642403645666,628.5,381.0,295.2529602050781,295.2529602050781,0.0,1.0
316.0,172179.0,181.946801983033,394.3919370372574,456.37375034066105,628.5,381.5,295.6121826171875,295.6121826171875,0.0,1.0
316.5,172663.0,182.15561757824094,394.7163538542582,457.05579528105756,628.5,381.0,295.9718017578125,295.9718017578125,0.0,1.0
317.0,173110.0,182.40650808002604,395.2163964209987,457.16080321917366,629.5,380.5,296.3081970214844,296.3081970214844,0.0,1.0
317.5,173723.0,182.729174399585,395.2973564293088,457.8394915251414,628.0,381.5,296.6417236328125,296.6417236328125,0.0,1.0
318.0,173977.0,182.84584880955563,395.41876536148357,457.28328200361756,628.0,381.5,296.6417236328125,296.6417236328125,0.0,2.0
318.5,174574.0,183.10349164266808,395.7383604808326,457.28328200361756,628.5,380.5,297.0059814453125,297.0059814453125,0.0,1.0
319.0,174789.0,183.19296129105192,395.80045477487766,457.8394915251414,628.0,381.0,297.0152282714844,297.0152282714844,0.0,1.0
319.5,175403.0,183.64029789312326,395.69811725607184,457.8394915251414,629.0,380.5,297.35552978515625,297.35552978515625,0.0,2.0
320.0,175827.0,183.86385043187065,395.8408771210977,458.5193561890272,629.0,381.0,297.7130432128906,297.7130432128906,0.0,2.0
320.5,176307.0,184.13634367111942,396.23225512317896,459.2003919858954,629.0,381.5,298.07098388671875,298.07098388671875,0.0,2.0
321.0,176708.0,184.32857255513653,396.70675566590126,459.8825937127867,628.5,382.0,298.0810241699219,298.0810241699219,0.0,2.0
321.5,177091.0,184.54654429490148,397.1542521444707,459.8369276167368,628.5,382.0,298.0810241699219,298.0810241699219,0.0,2.0
322.0,177507.0,184.76959092185615,397.3203996671776,459.8825937127867,601.0498046875,406.9333801269531,299.6849859842658,301.8929443359375,0.0,2.0
322.5,177947.0,185.00711976964834,397.5531410914715,459.9326037584202,601.1923217773438,407.14288330078125,301.2889477986097,302.1131591796875,0.0,2.0
323.0,178390.0,185.2178107478085,397.9604879879525,459.98695633680745,601.1923217773438,407.14288330078125,302.1131591796875,302.1131591796875,0.0,2.0
323.5,178881.0,185.47877496658757,398.45325949225213,460.6658224787248,602.0696411132812,406.64031982421875,302.6803894042969,302.6803894042969,0.0,2.0
324.0,179228.0,185.64197139478412,398.57483611877876,460.6658224787248,600.4603881835938,407.5007629394531,303.4092102050781,303.4092102050781,0.0,2.0
324.5,179495.0,185.7894809424444,398.64156830894115,461.34585724811706,600.4603881835938,407.5007629394531,303.4092102050781,303.4092102050781,0.0,2.0
325.0,180103.0,186.10087610441428,398.83066582179777,461.34585724811706,600.7978515625,407.5489501953125,303.7335205078125,303.7335205078125,0.0,2.0
325.5,180743.0,186.46361907391776,399.42583792238577,462.07899757508994,601.041259765625,407.90325927734375,304.10797119140625,304.10797119140625,0.0,2.0
326.0,181156.0,186.59378031823263,399.8346532812308,462.81313723791374,601.820068359375,407.4062194824219,304.58941650390625,304.58941650390625,0.0,3.0
326.5,181794.0,187.02163429632566,400.2275602544355,462.87147244132467,602.0375366210938,407.2186584472656,304.7029113769531,304.7029113769531,0.0,2.0
327.0,182195.0,187.18308359216937,400.65571255131255,463.6086711872417,602.2839965820312,407.5723571777344,305.0792541503906,305.0792541503906,0.0,2.0
327.5,182644.0,187.4316596214186,400.97337814865125,464.3468531173653,602.9474487304688,407.2573547363281,305.5382995605469,305.5382995605469,0.0,2.0
328.0,183079.0,187.611121739615,401.1826267032845,464.3468531173653,602.9474487304688,407.2573547363281,305.5382995605469,305.5382995605469,0.0,2.0
328.5,183502.0,187.8461382916305,401.63266799256013,465.6973265974371,603.3285522460938,407.2312927246094,305.8699645996094,305.8699645996094,0.0,2.0
329.0,183932.0,187.96373998990003,402.04533326431886,466.37431318630746,598.8818969726562,409.99249267578125,307.4739264139533,308.9171142578125,0.0,2.0
329.5,184469.0,188.32461245884227,402.1952262272639,466.4343469342711,596.8839721679688,411.0760192871094,309.0778882282972,309.8498840332031,0.0,2.0
330.0,184816.0,188.51995395606724,402.48354003611126,467.1102653549802,596.7249145507812,411.6618347167969,310.4230651855469,310.4230651855469,0.0,2.0
330.5,185186.0,188.68308977293498,402.31766056046007,467.1102653549802,597.2711791992188,410.7847900390625,310.5143127441406,310.5143127441406,0.0,2.0
331.0,185489.0,188.85467288401486,402.61768465878396,467.78734484806233,597.4554443359375,411.0622253417969,310.80377197265625,310.80377197265625,0.0,2.0
331.5,185945.0,189.051622072471,402.9900743194552,467.8471972770597,597.4554443359375,411.0622253417969,310.80377197265625,310.80377197265625,0.0,2.0
332.0,186219.0,189.17725564651448,403.10507314249384,468.5232118049222,597.6985473632812,411.428466796875,311.1860046386719,311.1860046386719,0.0,3.0
332.5,186510.0,189.3492349598292,403.16001785891416,469.26005583258416,597.7591552734375,411.5196838378906,311.2812194824219,311.2812194824219,0.0,2.0
333.0,186925.0,189.53607829204142,403.6099602338872,469.32398191441274,597.9422607421875,411.79547119140625,311.56915283203125,311.56915283203125,0.0,2.0
333.5,187331.0,189.7718679728338,403.4910160090309,469.32398191441274,596.0501708984375,412.3300476074219,312.9730529785156,312.9730529785156,0.0,3.0
334.0,187780.0,189.98682061790734,403.83431008192537,470.06382545352284,596.0501708984375,412.3300476074219,312.9730529785156,312.9730529785156,0.0,2.0
334.5,187520.0,189.92088406017334,404.1447760394782,470.06382545352284,596.2901611328125,412.7054138183594,313.36309814453125,313.36309814453125,0.0,2.0
335.0,187909.0,190.1675182923718,404.32041747953355,470.8046303935423,596.3958740234375,412.74267578125,313.4737854003906,313.4737854003906,0.0,2.0
335.5,188343.0,190.39148457833306,404.3772990661073,470.8046303935423,597.182861328125,412.0515441894531,313.8365783691406,313.8365783691406,0.0,2.0
336.0,188737.0,190.57989022135493,404.7344808636892,472.0857972868915,597.23876953125,412.1380920410156,313.9268798828125,313.9268798828125,0.0,2.0
336.5,189188.0,190.74207804363,404.9239433661565,472.0857972868915,597.9108276367188,411.271728515625,314.1084899902344,314.1084899902344,0.0,3.0
337.0,189608.0,190.9241321959979,405.123437979093,472.0857972868915,598.0913696289062,411.54962158203125,314.3988342285156,314.3988342285156,0.0,2.0
337.5,190022.0,191.09806503768124,405.2616438796053,472.0857972868915,596.9132080078125,412.1914367675781,314.95477294921875,314.95477294921875,0.0,2.0
338.0,190379.0,191.27947993854573,405.4237289525736,472.0857972868915,596.9132080078125,412.1914367675781,314.95477294921875,314.95477294921875,0.0,2.0
338.5,190963.0,191.54127055358413,405.8817561802945,472.95877198758035,597.1028442382812,412.4840087890625,315.2598876953125,315.2598876953125,0.0,3.0
339.0,191337.0,191.741822288769,406.0591089976926,473.4986800403988,597.3463745117188,412.8594055175781,315.6514892578125,315.6514892578125,0.0,2.0
339.5,191658.0,191.86640946246425,406.32253198659805,473.70138272966864,597.3463745117188,412.8594055175781,315.6514892578125,315.6514892578125,0.0,2.0
340.0,192241.0,192.12689576319778,406.4529493065587,473.77737387933587,597.9493408203125,411.8953552246094,315.7306213378906,315.7306213378906,0.0,2.0
340.5,192835.0,192.4402277979024,406.69029985973356,473.77737387933587,596.7280883789062,412.9948425292969,316.8845520019531,316.8845520019531,0.0,1.0
341.0,193201.0,192.6013233563943,406.9262832504187,474.4449388495993,596.9057006835938,413.264892578125,317.1672058105469,317.1672058105469,0.0,2.0
341.5,193472.0,192.66505726393473,407.3918259847748,474.4449388495993,596.9057006835938,413.264892578125,317.1672058105469,317.1672058105469,0.0,1.0
342.0,193957.0,192.8857764271529,407.4913496011407,475.04210339716207,596.6810302734375,413.5736999511719,317.5344543457031,317.5344543457031,0.0,2.0
342.5,194308.0,193.09871280676845,407.70982327953715,475.1136706094658,595.5076293945312,414.1802673339844,318.1257629394531,318.1257629394531,0.0,2.0
343.0,194626.0,193.19601073685524,408.0502420045845,475.18943590951176,595.5960693359375,414.41973876953125,318.371337890625,318.371337890625,0.0,2.0
343.5,195303.0,193.60223512180923,408.3354013546465,475.85712141356044,596.7991333007812,413.037109375,318.7834167480469,318.7834167480469,0.0,3.0
344.0,195875.0,193.80037619848994,408.9498746790369,476.60151069840305,596.4949951171875,413.0877685546875,319.81103515625,319.81103515625,0.0,3.0
344.5,196361.0,194.10839020615722,409.2004398824615,477.195976512795,594.990966796875,414.0328063964844,320.7205505371094,320.7205505371094,0.0,2.0
345.0,196957.0,194.39757876245787,409.41445992998507,477.93828053421294,593.7958984375,414.6269836425781,322.1758117675781,322.1758117675781,0.0,3.0
345.5,197472.0,194.57416681579713,409.81312813781994,478.6815225178428,594.1166381835938,414.8905944824219,322.58258056640625,322.58258056640625,0.0,2.0
346.0,197694.0,194.68962756936332,410.2340795204611,479.01565736414085,594.1932983398438,415.0089416503906,322.7057189941406,322.7057189941406,0.0,2.0
346.5,198053.0,194.80643616360905,410.61246936047394,478.8402656418944,594.2893676757812,415.15728759765625,322.86004638671875,322.86004638671875,0.0,2.0
347.0,198561.0,195.03782779079944,411.0048661512416,480.33738143101044,593.8633422851562,416.04345703125,323.7825622558594,323.7825622558594,0.0,3.0
347.5,199422.0,195.50354260288026,411.0960958218893,480.4268935020187,592.9397583007812,417.0593566894531,324.8013000488281,324.8013000488281,0.0,3.0
348.0,199120.0,195.40757226511582,411.25296351515817,480.4268935020187,592.9397583007812,417.0593566894531,324.8013000488281,324.8013000488281,0.0,3.0
348.5,199663.0,195.6405199402855,411.3003768537053,481.08731016313453,593.88671875,416.04119873046875,325.1548156738281,325.1548156738281,0.0,3.0
349.0,200220.0,195.94132715534965,411.6022351682678,481.74889724834867,593.88671875,416.04119873046875,325.1548156738281,325.1548156738281,0.0,1.0
349.5,200501.0,196.04454098994793,411.6466931726769,482.4116499422459,593.3558959960938,415.9116516113281,325.97894287109375,325.97894287109375,0.0,1.0
350.0,200907.0,196.2431571742918,411.81075750545153,482.9948239888291,592.4066772460938,416.7705993652344,326.8392028808594,326.8392028808594,0.0,2.0
350.5,201341.0,196.4522676627637,412.0825160086266,482.9948239888291,592.1511840820312,417.28143310546875,327.3278503417969,327.3278503417969,0.0,1.0
351.0,201710.0,196.63114551713616,412.3483963763864,483.66207211233757,592.1511840820312,417.28143310546875,327.3278503417969,327.3278503417969,0.0,2.0
351.5,202133.0,196.80156634463526,412.31056256176606,483.74063298424704,592.2521362304688,417.1172180175781,327.3387756347656,327.3387756347656,0.0,2.0
352.0,202466.0,196.9513914143526,412.33875636122144,484.4068537913146,592.5018310546875,417.4969787597656,327.7387390136719,327.7387390136719,0.0,1.0
352.5,202943.0,197.19539279770243,412.66536079347736,485.15255332730135,591.8768920898438,418.3875427246094,328.57232666015625,328.57232666015625,0.0,3.0
353.0,203422.0,197.4202273560483,412.82562904936026,485.2349946160108,592.5864868164062,418.0220031738281,329.01849365234375,329.01849365234375,0.0,2.0
353.5,204030.0,197.67245774565137,412.84621834285946,485.3215428970777,593.4421997070312,416.41693115234375,329.47979736328125,329.47979736328125,0.0,2.0
354.0,204315.0,197.77332085200246,413.07699034888736,485.9835388158739,593.4920043945312,416.3357238769531,329.4847717285156,329.4847717285156,0.0,1.0
354.5,204499.0,197.90217543218506,413.359407779719,486.0720111259236,592.785400390625,416.9447937011719,330.03363037109375,330.03363037109375,0.0,1.0
355.0,204919.0,198.13031481304455,413.7258754294545,486.6466890876789,592.9920043945312,417.101806640625,330.2901916503906,330.2901916503906,0.0,1.0
355.5,205280.0,198.22984491409838,414.2040559917298,486.7329863487783,593.0086669921875,417.12725830078125,330.31695556640625,330.31695556640625,0.0,3.0
356.0,205964.0,198.54709811667004,414.1967527527174,486.8233765956602,592.641845703125,417.3389892578125,330.4970397949219,330.4970397949219,0.0,5.0
356.5,206842.0,198.89261404310946,414.18957012459884,486.8233765956602,592.392822265625,417.0364074707031,331.0901184082031,331.0901184082031,0.0,4.0
357.0,206749.0,199.00066333843617,414.42128323723915,487.3109889998378,592.3095092773438,417.08514404296875,331.132080078125,331.132080078125,0.0,4.0
357.5,207151.0,199.2059661606203,414.71194822430664,487.97643385720994,592.4774169921875,417.3465270996094,331.406005859375,331.406005859375,0.0,4.0
358.0,207508.0,199.32119345624193,414.9819273173231,489.3883938141566,592.8322143554688,417.8985900878906,331.98480224609375,331.98480224609375,0.0,4.0
358.5,207386.0,199.12571417612202,415.07710127155894,490.1346753699436,593.0776977539062,418.2806396484375,332.385498046875,332.385498046875,0.0,3.0
359.0,207835.0,199.32753831484322,415.12046444375636,489.47012166219093,593.0776977539062,418.2806396484375,332.385498046875,332.385498046875,0.0,3.0
359.5,208462.0,199.61499343532103,415.07710127155894,488.72282533149604,593.2393188476562,418.0220031738281,332.4004211425781,332.4004211425781,0.0,2.0
360.0,209174.0,199.94651524830348,415.1217291313833,488.80671026490626,592.244140625,417.9645690917969,333.25030517578125,333.25030517578125,0.0,2.0
360.5,209735.0,200.1945943796869,415.4816482108446,489.3107397145499,592.244140625,417.9645690917969,333.25030517578125,333.25030517578125,0.0,3.0
361.0,210097.0,200.36190197136318,415.9326868617084,489.979591411724,592.4342651367188,417.89947509765625,333.3847961425781,333.3847961425781,0.0,3.0
361.5,210604.0,200.5981591270509,416.331238317838,490.6495694485016,592.8567504882812,417.7587585449219,333.6859436035156,333.6859436035156,0.0,4.0
362.0,211123.0,200.8560950572646,416.46824592897013,490.5802686615107,593.00341796875,417.52288818359375,333.7000427246094,333.7000427246094,0.0,4.0
362.5,211631.0,201.0782570564376,416.77331968349415,490.5802686615107,593.0796508789062,417.64056396484375,333.8236999511719,333.8236999511719,0.0,4.0
363.0,212119.0,201.25441184778248,417.0770911939852,491.1903907854876,593.1753540039062,417.7882385253906,333.9789123535156,333.9789123535156,0.0,4.0
363.5,212630.0,201.48851272202572,417.393579223818,491.1903907854876,593.2506713867188,417.90447998046875,334.1011047363281,334.1011047363281,0.0,3.0
364.0,213100.0,201.7263697407833,417.59789271498965,491.8099226327179,593.7918701171875,417.27276611328125,334.2693786621094,334.2693786621094,0.0,2.0
364.5,213534.0,201.9426077170198,417.92941987852447,492.1351440407401,593.3701782226562,417.56048583984375,334.5240173339844,334.5240173339844,0.0,2.0
365.0,213455.0,201.98994292129834,418.1160126089409,492.21235254715015,593.3701782226562,417.56048583984375,334.5240173339844,334.5240173339844,0.0,1.0
365.5,213727.0,202.13840255175683,418.21501646305967,492.21235254715015,594.2320556640625,416.9561767578125,334.98492431640625,334.98492431640625,0.0,1.0
366.0,214316.0,202.40590665307522,418.52449151464424,492.2936115774813,594.30517578125,417.0696716308594,335.10382080078125,335.10382080078125,0.0,1.0
366.5,214672.0,202.5944939488251,418.7242529398076,492.37891912631676,595.0437622070312,416.1164245605469,335.2913818359375,335.2913818359375,0.0,1.0
367.0,215210.0,202.81435725774364,419.0169447580388,492.54441424099,595.0437622070312,416.1164245605469,335.2913818359375,335.2913818359375,0.0,1.0
367.5,215505.0,202.93419940801695,419.2040076144311,492.603288661373,595.0437622070312,416.1164245605469,335.2913818359375,335.2913818359375,0.0,2.0
368.0,215907.0,203.15695796628657,419.33256491145886,492.603288661373,593.5938720703125,416.9516296386719,336.00579833984375,336.00579833984375,0.0,2.0
368.5,216331.0,203.34770205745895,419.60934212669764,493.34065309885017,593.5938720703125,416.9516296386719,336.00579833984375,336.00579833984375,0.0,2.0
369.0,216788.0,203.56100303655035,420.0015476146609,493.34065309885017,592.7974243164062,417.7486267089844,336.73834228515625,336.73834228515625,0.0,2.0
369.5,217385.0,203.8249399853099,420.2392175824829,494.06983312078466,593.0380249023438,418.3199157714844,337.3264465332031,337.3264465332031,0.0,2.0
370.0,217767.0,203.99108449648443,420.60194959129706,494.69283398893094,592.58544921875,419.1246337890625,338.0942077636719,338.0942077636719,0.0,2.0
370.5,218141.0,204.16513557928621,420.86221023037933,495.62889342733035,591.7913818359375,419.5922546386719,338.50140380859375,338.50140380859375,0.0,2.0
371.0,218632.0,204.37278461330584,421.052312630782,495.7035404352081,591.9560546875,419.85028076171875,338.7708435058594,338.7708435058594,0.0,2.0
371.5,219168.0,204.60204020150292,421.39672516466175,496.3718364291028,592.060302734375,420.0135803222656,338.9413757324219,338.9413757324219,0.0,2.0
372.0,219741.0,204.8622022505179,421.50326214633264,496.44838603826685,591.8499755859375,420.6444091796875,339.5550537109375,339.5550537109375,0.0,2.0
372.5,219696.0,204.85376277690833,421.86490728668105,496.445364566938,591.9397583007812,420.7858581542969,339.70269775390625,339.70269775390625,0.0,2.0
373.0,219847.0,204.94941486040352,421.90935044465016,496.44838603826685,591.9397583007812,420.7858581542969,339.70269775390625,339.70269775390625,0.0,2.0
373.5,220997.0,205.32214580226454,422.47958530560976,498.4536086738665,592.1923828125,421.183837890625,340.11822509765625,340.11822509765625,0.0,2.0
374.0,221530.0,205.54451170315917,422.8061021319347,499.1963541533532,592.284912109375,421.3298034667969,340.2706298828125,340.2706298828125,0.0,1.0
374.5,222004.0,205.74035931401357,423.07918880512193,499.2724707011193,592.3455810546875,421.42529296875,340.370361328125,340.370361328125,0.0,2.0
375.0,222484.0,205.96540079019945,423.3402886567731,499.3525808484422,593.5025024414062,420.3487854003906,340.8514404296875,340.8514404296875,0.0,2.0
375.5,222836.0,206.1152078124438,423.73016175256316,500.0999900019995,593.5785522460938,420.47076416015625,340.9773864746094,340.9773864746094,0.0,1.0
376.0,223298.0,206.26678961142395,424.2390835065736,500.1859654168637,593.822509765625,420.8619689941406,341.38134765625,341.38134765625,0.0,1.0
376.5,223041.0,206.34485860851674,424.2664257279852,500.27592386602015,593.7986450195312,421.046630859375,341.5644226074219,341.5644226074219,0.0,1.0
377.0,224179.0,206.7077204629753,424.5903908474614,500.9361236724698,593.2633056640625,421.4552001953125,342.0560302734375,342.0560302734375,0.0,1.0
377.5,223842.0,206.68669093032048,424.8478551171365,500.4677811807669,593.2422485351562,421.6488342285156,342.2480773925781,342.2480773925781,0.0,1.0
378.0,224357.0,206.94005865837408,424.98870569476253,501.12373721467236,592.9019165039062,421.84527587890625,342.4242248535156,342.4242248535156,0.0,1.0
378.5,224995.0,207.19313327779008,425.62295520494627,501.5974481593781,593.1860961914062,422.182373046875,342.83770751953125,342.83770751953125,0.0,1.0
379.0,225368.0,207.35072999506832,425.9768186089051,501.98007928602107,593.434326171875,422.5798034667969,343.2497863769531,343.2497863769531,0.0,1.0
379.5,225930.0,207.61619730499058,426.22646562596276,502.73750606056836,593.1779174804688,422.44781494140625,343.8314208984375,343.8314208984375,0.0,1.0
380.0,226568.0,208.0716345541753,426.3914281498717,502.73750606056836,594.2319946289062,420.9897155761719,344.03466796875,344.03466796875,0.0,1.0
380.5,226791.0,207.98930394464907,426.75344169310614,503.0983999179485,594.9620361328125,420.0330505371094,344.2066955566406,344.2066955566406,0.0,1.0
381.0,227729.0,208.5958975772372,427.06205634205156,503.75887088963503,596.1302490234375,418.05328369140625,344.3636169433594,344.3636169433594,0.0,1.0
381.5,228002.0,208.68962345716542,427.36986323324203,504.0446408801506,594.2288818359375,420.7613525390625,345.52056884765625,345.52056884765625,0.0,1.0
382.0,228510.0,209.0003506616407,427.3289131336657,504.42045953747754,593.1434936523438,421.4184875488281,346.0628662109375,346.0628662109375,0.0,1.0
382.5,228978.0,209.19616403367806,427.61197363965385,504.80095087073676,591.3158569335938,423.28839111328125,346.5680236816406,346.5680236816406,0.0,1.0
383.0,229555.0,209.42938263111787,428.2627698037736,505.4552403526943,591.8502197265625,423.75091552734375,347.25128173828125,347.25128173828125,0.0,1.0
383.5,230140.0,209.6692830548001,428.5093347855834,506.1106598363642,591.9646606445312,423.8500061035156,347.3976745605469,347.3976745605469,0.0,1.0
384.0,230603.0,209.88809783674813,428.6723690652338,506.86585996691474,592.4326782226562,423.57501220703125,347.697265625,347.697265625,0.0,1.0
384.5,231043.0,210.08897015375922,429.16779935125606,506.86585996691474,592.3098754882812,423.8773498535156,348.1807861328125,348.1807861328125,0.0,1.0
385.0,231389.0,210.22125834032093,429.50646094916044,506.96844083236584,590.8411865234375,425.4208068847656,348.87738037109375,348.87738037109375,0.0,2.0
385.5,231990.0,210.5043100599755,429.7855860740157,507.52142811905,590.5337524414062,425.7536926269531,349.19427490234375,349.19427490234375,0.0,2.0
386.0,232429.0,210.675346463437,430.108125940443,508.2764995551142,590.7297973632812,425.9588623046875,349.46124267578125,349.46124267578125,0.0,1.0
386.5,232959.0,210.89706043718977,430.30861018222964,508.93221552580064,590.98876953125,426.35345458984375,349.8692321777344,349.8692321777344,0.0,2.0
387.0,233209.0,211.0113396484479,430.59749184608984,508.93221552580064,590.9819946289062,426.3573913574219,349.8727722167969,349.8727722167969,0.0,2.0
387.5,233682.0,211.245940334892,430.92899642883606,509.5890501178376,588.5437622070312,427.4833984375,351.31878662109375,351.31878662109375,0.0,1.0
388.0,234310.0,211.5182974690762,431.2365939945264,509.5890501178376,588.7160034179688,427.7255554199219,351.58087158203125,351.58087158203125,0.0,1.0
388.5,234852.0,211.7300607853649,431.40004636068363,510.2469990112632,586.2808227539062,429.2690734863281,352.8117980957031,352.8117980957031,0.0,1.0
389.0,235352.0,211.97960219414136,431.8564576337837,510.9060579010588,587.0335693359375,428.4926452636719,353.12469482421875,353.12469482421875,0.0,1.0
389.5,235932.0,212.18636153800898,432.3482392701513,510.9060579010588,587.2037353515625,428.73663330078125,353.38763427734375,353.38763427734375,0.0,1.0
390.0,236343.0,212.38729926143367,432.76078842690896,511.5662224971465,587.3743896484375,428.98126220703125,353.65130615234375,353.65130615234375,0.0,2.0
390.5,236848.0,212.61770177479406,433.13606404390265,512.227488524386,587.6768798828125,429.1811828613281,354.0117492675781,354.0117492675781,0.0,1.0
391.0,237365.0,212.83104080100895,433.60765674694346,512.8898517225701,587.5311889648438,429.8373718261719,354.6443786621094,354.6443786621094,0.0,1.0
391.5,237981.0,213.11003384559876,434.0103685397389,513.638978271704,585.9585571289062,430.85357666015625,355.4590759277344,355.4590759277344,0.0,1.0
392.0,238535.0,213.31602267195137,434.4571325228762,513.7285275318084,586.4110107421875,431.2726135253906,356.05328369140625,356.05328369140625,0.0,3.0
392.5,239051.0,213.55197534735944,434.7706291824108,513.821953598715,586.52197265625,431.431396484375,356.22467041015625,356.22467041015625,0.0,2.0
393.0,238960.0,213.61950233907274,434.9391336726752,514.5755532475284,586.6347045898438,431.59283447265625,356.3989562988281,356.3989562988281,0.0,1.0
393.5,239535.0,213.85701898405296,435.02712558976174,514.6746545148692,585.6400146484375,432.0,357.0517578125,357.0517578125,0.0,1.0
394.0,240068.0,214.12433713076663,435.45631236761716,514.6746545148692,586.2990112304688,431.0054016113281,357.17852783203125,357.17852783203125,0.0,1.0
394.5,240462.0,214.30634843782724,435.4962686407313,515.3299913647564,586.193603515625,431.4838562011719,357.3448486328125,357.3448486328125,0.0,1.0
395.0,240973.0,214.5110896815681,435.9006767598374,515.4308877046466,586.1708374023438,432.1319580078125,357.62713623046875,357.62713623046875,0.0,1.0
395.5,241300.0,214.63658436233905,436.05704900385297,516.2944896084017,586.6078491210938,431.8518981933594,357.88287353515625,357.88287353515625,0.0,1.0
396.0,241940.0,214.90336043457742,436.5469046952492,517.0541557709405,587.0786743164062,431.8059387207031,358.6495666503906,358.6495666503906,0.0,1.0
396.5,242391.0,215.15273080456703,436.9427880109273,517.7045489465976,586.9183349609375,431.96905517578125,359.0357971191406,359.0357971191406,0.0,1.0
397.0,242832.0,215.2784821770738,437.13842201298206,517.7045489465976,586.296630859375,432.6682434082031,359.72344970703125,359.72344970703125,0.0,2.0
397.5,243428.0,215.57449930412116,437.4425105054663,518.4640778298917,586.7205200195312,432.3291320800781,360.39190673828125,360.39190673828125,0.0,2.0
398.0,243900.0,215.77893354494807,437.80018273180286,519.1146308860885,586.7205200195312,432.3291320800781,360.39190673828125,360.39190673828125,0.0,1.0
398.5,244315.0,215.98806950702925,437.8333016114695,519.2244216136218,586.1965942382812,432.93035888671875,361.046630859375,361.046630859375,0.0,1.0
399.0,244833.0,216.2193804358906,438.5897855627739,519.8740232017753,586.5203857421875,433.2302551269531,361.4701843261719,361.4701843261719,0.0,2.0
399.5,245376.0,216.46149191444823,438.4823257419321,519.9855767230472,586.9449462890625,432.45782470703125,361.5068054199219,361.5068054199219,0.0,2.0
400.0,245871.0,216.64715880342058,438.72314730273627,520.6342286096833,585.8221435546875,433.1485595703125,362.1807556152344,362.1807556152344,0.0,1.0
400.5,246292.0,216.84978625755033,438.8769759283346,520.6342286096833,586.0673217773438,433.5166931152344,362.56756591796875,362.56756591796875,0.0,1.0
401.0,246824.0,217.06862287340658,439.0102504498044,521.283991697424,586.3887329101562,432.9997863769531,363.0750732421875,363.0750732421875,0.0,1.0
401.5,247143.0,217.16053325130815,439.3159455036527,521.9348618362257,586.4085693359375,433.1045227050781,363.18017578125,363.18017578125,0.0,1.0
402.0,247832.0,217.45947603468437,439.7400936884424,522.5868348896669,586.742431640625,433.3907470703125,363.60894775390625,363.60894775390625,0.0,1.0
402.5,248301.0,217.63494415394,440.1545183228272,522.5868348896669,587.1068725585938,433.2596130371094,363.8704833984375,363.8704833984375,0.0,1.0
403.0,248911.0,217.86848262267569,440.68753100607535,523.2399067349508,587.2393188476562,433.3836364746094,364.04541015625,364.04541015625,0.0,1.0
403.5,249512.0,218.1165723164936,440.95918178443685,523.1386049604828,587.2922973632812,433.0627746582031,364.3236389160156,364.3236389160156,0.0,3.0
404.0,249999.0,218.332893705241,441.23463146040564,523.5666146728609,585.1705322265625,435.0722961425781,365.1245422363281,365.1245422363281,0.0,3.0
404.5,250420.0,218.47173337742177,441.64374783192153,523.5666146728609,585.8908081054688,434.5031433105469,365.50811767578125,365.50811767578125,0.0,1.0
405.0,250831.0,218.62961706703345,441.9151501095064,524.3290951301482,586.15283203125,434.9276123046875,365.9340515136719,365.9340515136719,0.0,1.0
405.5,251494.0,218.90605614133412,442.24088458666955,524.5693471791885,585.7535400390625,435.2520446777344,366.25634765625,366.25634765625,0.0,2.0
406.0,252130.0,219.19933922228466,442.53937677763344,525.2123380119701,585.5226440429688,435.7256164550781,367.0816955566406,367.0816955566406,0.0,2.0
406.5,252571.0,219.3457735905852,442.6341604530766,525.8564442887431,585.7030639648438,435.3955993652344,367.0915832519531,367.0915832519531,0.0,2.0
407.0,253102.0,219.53938288034274,442.9038270313673,526.5016619157057,585.2770385742188,435.7715148925781,367.7738342285156,367.7738342285156,0.0,1.0
407.5,252808.0,219.56525881053122,443.2711359865902,526.5016619157057,585.428955078125,436.0192565917969,368.0221252441406,368.0221252441406,0.0,2.0
408.0,254014.0,219.91922939074206,443.78823778915097,527.2655877259581,585.5938110351562,436.24505615234375,368.2718505859375,368.2718505859375,0.0,1.0
408.5,253635.0,219.89567649817596,444.00067567396195,527.7954149099819,586.0348510742188,435.4436340332031,368.2992248535156,368.2992248535156,0.0,2.0
409.0,254215.0,220.1695558842204,444.33467116547865,528.0303021607756,586.6207275390625,435.1143798828125,368.6717529296875,368.6717529296875,0.0,3.0
409.5,254846.0,220.44180775434953,444.5618629593247,528.4439421547,587.9739990234375,432.8092041015625,368.84283447265625,368.84283447265625,0.0,4.0
410.0,255559.0,220.79108373378386,444.8560441207814,528.4439421547,586.17578125,433.969482421875,369.9931335449219,369.9931335449219,0.0,2.0
410.5,255964.0,220.95668601975072,445.05505277437305,529.2050642236901,586.3358154296875,434.20263671875,370.2411804199219,370.2411804199219,0.0,2.0
411.0,256467.0,221.18958465142381,445.28541408586125,529.0935645044268,587.0299072265625,433.45928955078125,370.52606201171875,370.52606201171875,0.0,2.0
411.5,256893.0,221.29799324698288,445.81004923080155,529.9669801034778,587.2366333007812,433.78753662109375,370.8582458496094,370.8582458496094,0.0,2.0
412.0,257189.0,221.43279038900803,446.2219178839157,530.6147378277388,587.3938598632812,434.0372619628906,371.11102294921875,371.11102294921875,0.0,1.0
412.5,257768.0,221.65734747351482,446.64303420069143,531.376514347407,587.3938598632812,434.0372619628906,371.11102294921875,371.11102294921875,0.0,3.0
413.0,257904.0,221.61600248723335,446.72250894710913,531.376514347407,588.1608276367188,433.5346374511719,371.5705871582031,371.5705871582031,0.0,1.0
413.5,258545.0,222.01668675911316,447.2001788908408,532.1390795647318,588.4209594726562,433.94964599609375,371.9892578125,371.9892578125,1.0,2.0
414.0,258967.0,222.09674689289315,447.35880452623894,532.2574565001415,588.1771850585938,434.2813720703125,372.3712463378906,372.3712463378906,1.0,2.0
414.5,259442.0,222.39204872359974,447.49301670528894,532.4593881226999,588.7735595703125,433.1956787109375,372.4170837402344,372.4170837402344,1.0,1.0
415.0,260056.0,222.6334033315781,448.0923453908791,533.1134963588898,588.6286010742188,433.53350830078125,372.88275146484375,372.88275146484375,1.0,2.0
415.5,260258.0,222.60249962637934,448.25918841599383,533.6665625650534,588.8616333007812,433.4650573730469,373.0606689453125,373.0606689453125,1.0,1.0
416.0,260740.0,222.81948852354387,448.2945460297281,533.768676488233,589.2390747070312,432.84039306640625,373.57415771484375,373.57415771484375,1.0,1.0
416.5,261395.0,223.21855531089093,448.5632619820754,533.768676488233,589.5521240234375,432.2676696777344,373.60296630859375,373.60296630859375,1.0,3.0
417.0,261953.0,223.40010559284892,449.02115763068446,534.1956570396281,589.6646118164062,432.06201171875,373.6136169433594,373.6136169433594,1.0,3.0
417.5,262402.0,223.6470152593157,449.1966161896517,534.9579422721005,588.8270263671875,432.39141845703125,374.34503173828125,374.34503173828125,1.0,1.0
418.0,262962.0,223.85627766916653,449.60532692567295,534.9579422721005,586.7409057617188,434.7450866699219,375.7638244628906,375.7638244628906,1.0,1.0
418.5,263377.0,223.91703305264335,450.03111003573963,535.6052650973476,587.4484252929688,433.99029541015625,376.0641784667969,376.0641784667969,1.0,2.0
419.0,264107.0,224.32646721864822,450.2441559819031,535.6052650973476,587.0787963867188,434.2032775878906,376.26995849609375,376.26995849609375,1.0,2.0
419.5,264532.0,224.45561240001808,450.3081722550623,535.6052650973476,587.2191162109375,433.4856872558594,376.5219421386719,376.5219421386719,1.0,1.0
420.0,265019.0,224.73293592576675,450.4595431255767,537.014897372503,587.6298828125,434.1551818847656,377.1972961425781,377.1972961425781,1.0,2.0
420.5,265688.0,224.99498083993618,450.82369059311867,537.014897372503,586.6815185546875,434.0301513671875,378.07293701171875,378.07293701171875,1.0,1.0
421.0,266278.0,225.24518102856004,451.24843490015945,537.6634635159804,587.8843994140625,432.39892578125,378.4189758300781,378.4189758300781,1.0,1.0
421.5,265851.0,225.22679626688787,451.4011519688148,537.6634635159804,587.8843994140625,432.39892578125,378.4189758300781,378.4189758300781,1.0,1.0
422.0,266534.0,225.53322626810606,451.5085824211983,537.6634635159804,587.1378784179688,432.8206481933594,378.833740234375,378.833740234375,1.0,1.0
422.5,266869.0,225.71162734799435,451.6514142566145,537.6634635159804,587.14306640625,432.8114929199219,378.834228515625,378.834228515625,1.0,1.0
423.0,267315.0,225.85822545226645,452.0011061933367,538.2053511439663,586.8357543945312,433.1083068847656,379.1392517089844,379.1392517089844,1.0,3.0
423.5,267836.0,226.07749875107112,452.3729103292669,538.8580518095652,587.14404296875,432.640625,379.65374755859375,379.65374755859375,1.0,2.0
424.0,268242.0,226.25833047606707,452.6067277443832,539.6156039256092,587.149169921875,432.6314392089844,379.6542053222656,379.6542053222656,1.0,2.0
424.5,268716.0,226.47525647781276,452.8631139759563,540.2684517904039,587.7542724609375,431.78662109375,379.81646728515625,379.81646728515625,1.0,1.0
425.0,269158.0,226.64365105436195,453.0910504352006,541.6788716573686,588.3595581054688,432.75225830078125,380.7900695800781,380.7900695800781,1.0,1.0
425.5,269659.0,226.8784324461303,453.3486517019765,542.3329235810786,588.5205688476562,433.00897216796875,381.049072265625,381.049072265625,1.0,1.0
426.0,270158.0,227.08593164636048,453.48952578436155,541.6788716573686,588.158935546875,433.1910095214844,381.25830078125,381.25830078125,1.0,1.0
426.5,270646.0,227.28706995456395,453.8185209948483,542.9880293339808,588.3635864257812,432.601318359375,381.6263732910156,381.6263732910156,1.0,1.0
427.0,271244.0,227.57143508983398,454.1915895302334,543.7435057083441,588.3333740234375,433.3614501953125,382.39874267578125,382.39874267578125,1.0,1.0
427.5,271716.0,227.7306215512449,454.37099379251754,543.7435057083441,587.8666381835938,433.32611083984375,383.345703125,383.345703125,1.0,2.0
428.0,272192.0,227.973140337311,454.8217233105892,544.3987509170094,587.6644287109375,433.7870178222656,383.8045959472656,383.8045959472656,1.0,1.0
428.5,272945.0,228.26773700203296,454.80215478821117,543.846485692424,586.5293579101562,434.4071350097656,384.43389892578125,384.43389892578125,1.0,2.0
429.0,273295.0,228.4505204501991,455.3295509847785,544.4997704315402,586.6774291992188,433.68438720703125,384.69378662109375,384.69378662109375,1.0,2.0
429.5,273640.0,228.59790313354557,455.45581563967323,544.4997704315402,586.7708740234375,433.837646484375,384.84771728515625,384.84771728515625,1.0,2.0
430.0,274286.0,228.8083338241959,455.7707757037059,545.2568202232779,587.5747680664062,433.2886657714844,385.30535888671875,385.30535888671875,1.0,2.0
430.5,274793.0,229.00799711276858,456.0043859438196,546.0146518180625,587.787353515625,433.72357177734375,385.74224853515625,385.74224853515625,1.0,2.0
431.0,275255.0,229.16406025925093,456.3441683641854,546.0146518180625,587.787353515625,433.72357177734375,385.74224853515625,385.74224853515625,1.0,2.0
431.5,275809.0,229.37238448389638,456.50848842053307,546.7732619651404,587.7935180664062,433.7127990722656,385.74267578125,385.74267578125,1.0,2.0
432.0,276112.0,229.523451064447,456.70378802603574,546.6671747965119,587.631103515625,434.1505432128906,386.17840576171875,386.17840576171875,1.0,2.0
432.5,276776.0,229.7616150711743,457.04594953422196,547.2202481633881,587.631103515625,434.1505432128906,386.17840576171875,386.17840576171875,1.0,3.0
433.0,276362.0,229.7928155545071,457.0950120046034,547.4248806914059,587.6768798828125,434.2489013671875,386.30670166015625,386.30670166015625,1.0,3.0
433.5,277049.0,230.0414765879642,457.4111935665764,547.602958355778,587.8502807617188,433.5276184082031,386.546875,386.546875,1.0,3.0
434.0,277574.0,230.2304385544606,457.853524576552,548.6310235486142,588.0167236328125,433.7772216796875,386.8098449707031,386.8098449707031,1.0,2.0
434.5,277950.0,230.38968289384735,458.04530340405,548.6310235486142,588.5632934570312,432.8323669433594,386.859375,386.859375,1.0,3.0
435.0,278484.0,230.60437037207325,458.2597516692907,548.6310235486142,595.173828125,421.23004150390625,388.0562744140625,388.0562744140625,1.0,1.0
435.5,279051.0,230.80038601751684,458.45774068344184,549.3860209360992,595.3897705078125,421.4248962402344,388.3351135253906,388.3351135253906,1.0,1.0
436.0,279561.0,231.02271089173163,458.7134181599662,549.3860209360992,594.8443603515625,421.75689697265625,388.85540771484375,388.85540771484375,1.0,3.0
436.5,280180.0,231.25655577554323,459.05337380309055,549.7635855529174,594.56103515625,422.61065673828125,389.4366455078125,389.4366455078125,1.0,1.0
437.0,280752.0,231.4594739623278,459.31470692761405,550.5133967488892,594.1316528320312,423.2684326171875,389.7757568359375,389.7757568359375,1.0,2.0
437.5,280962.0,231.55549166671656,459.31470692761405,550.5133967488892,594.1316528320312,423.2684326171875,389.7757568359375,389.7757568359375,1.0,3.0
438.0,281310.0,231.72373748538337,459.7488444792439,550.5133967488892,593.5574951171875,423.8075256347656,389.939697265625,389.939697265625,1.0,1.0
438.5,282030.0,231.98930298143338,460.02717311045876,551.1751082913669,592.803466796875,424.91400146484375,390.4990234375,390.4990234375,1.0,1.0
439.0,282646.0,232.25910850888894,460.4964712134068,552.5866447897561,593.7728271484375,423.78460693359375,390.91949462890625,390.91949462890625,1.0,1.0
439.5,283282.0,232.52398186770148,460.74396360668686,552.5866447897561,594.5037841796875,423.3292541503906,391.4011535644531,391.4011535644531,1.0,2.0
440.0,282765.0,232.478475345588,461.202775360253,553.3362449722591,595.1112670898438,423.091064453125,391.85931396484375,391.85931396484375,1.0,2.0
440.5,283270.0,232.67167053723537,461.50406282068633,553.9981949429077,595.33154296875,423.2879943847656,392.1405944824219,392.1405944824219,1.0,4.0
441.0,283685.0,232.88018163006,461.72827507095553,554.0866358251208,595.55419921875,423.14361572265625,392.28546142578125,392.28546142578125,1.0,4.0
441.5,284114.0,233.045344883772,462.07899757508994,555.409758646713,595.7747802734375,423.3393859863281,392.5664978027344,392.5664978027344,1.0,1.0
442.0,284764.0,233.30741492320337,462.43053532395544,556.0728369557355,595.9959106445312,423.53570556640625,392.8482971191406,392.8482971191406,1.0,3.0
442.5,285100.0,233.45609797911138,462.47724268239585,556.0728369557355,595.9959106445312,423.53570556640625,392.8482971191406,392.8482971191406,1.0,2.0
443.0,285580.0,233.5932961835684,462.60388022289754,556.6560877238297,596.0508422851562,423.72259521484375,393.0369873046875,393.0369873046875,1.0,2.0
443.5,286007.0,233.78588042447296,462.93412058304796,556.8213357981176,596.2701416015625,423.92462158203125,393.32275390625,393.32275390625,1.0,2.0
444.0,286467.0,233.98122712604632,463.05917547985433,556.9093283470838,596.2701416015625,423.92462158203125,393.32275390625,393.32275390625,1.0,2.0
444.5,286990.0,234.1335729453989,463.2375200693484,558.0680962033217,596.796142578125,424.4091796875,394.0082702636719,394.0082702636719,1.0,1.0
445.0,287430.0,234.3174571292076,463.6830814252338,558.7351787743456,596.9755859375,424.10906982421875,394.0374755859375,394.0374755859375,1.0,1.0
445.5,287957.0,234.54331907869653,463.88209708753266,558.8962336605964,598.1482543945312,423.1636047363281,394.6779479980469,394.6779479980469,1.0,1.0
446.0,288591.0,234.7994263962285,463.921329532663,559.4032534764166,598.4558715820312,422.63653564453125,394.7353210449219,394.7353210449219,1.0,3.0
446.5,289251.0,235.02402242001372,464.54009513260365,560.0723167591842,598.68017578125,422.8362121582031,395.0209655761719,395.0209655761719,1.0,1.0
447.0,289765.0,235.22207269175365,464.68935860102937,559.5605418540517,598.68017578125,422.8362121582031,395.0209655761719,395.0209655761719,1.0,1.0
447.5,290159.0,235.3696286692268,465.12428446196594,560.000892856431,598.68017578125,422.8362121582031,395.0209655761719,395.0209655761719,1.0,2.0
448.0,289786.0,235.35452007513237,465.2440219927603,561.3457045350931,598.68017578125,422.8362121582031,395.0209655761719,395.0209655761719,1.0,1.0
448.5,290192.0,235.53692315310388,465.33966089298684,560.8921464952064,599.5505981445312,422.50634765625,395.68585205078125,395.68585205078125,1.0,2.0
449.0,290705.0,235.76109450936426,465.79823958447935,561.5594358569714,599.5505981445312,422.50634765625,395.68585205078125,395.68585205078125,1.0,2.0
449.5,291022.0,235.89666758744602,466.1544808322666,561.4846391487482,599.5505981445312,422.50634765625,395.68585205078125,395.68585205078125,1.0,1.0
450.0,291418.0,236.05488553762257,466.4096911514597,561.9572937510466,599.7215576171875,422.6575622558594,395.9030456542969,395.9030456542969,1.0,2.0
450.5,291922.0,236.2620198793095,466.6411897807565,561.898567358914,600.0339965820312,422.9339294433594,396.3000793457031,396.3000793457031,1.0,2.0
451.0,292370.0,236.46984190649152,466.84044383493597,561.898567358914,600.0339965820312,422.9339294433594,396.3000793457031,396.3000793457031,1.0,2.0
451.5,292773.0,236.64488471207892,466.9997858660103,561.898567358914,600.0339965820312,422.9339294433594,396.3000793457031,396.3000793457031,1.0,1.0
452.0,293343.0,236.8572159748959,467.24083725633403,562.6339840429122,600.0339965820312,422.9339294433594,396.3000793457031,396.3000793457031,1.0,1.0
452.5,293815.0,237.0586613309056,467.68044645890427,563.3116366630464,600.0339965820312,422.9339294433594,396.3000793457031,396.3000793457031,1.0,2.0
453.0,294364.0,237.26788704244717,467.8728459742027,563.3116366630464,600.3467407226562,423.2105712890625,396.6975402832031,396.6975402832031,1.0,2.0
453.5,294873.0,237.45994659885787,468.0277769534625,563.3116366630464,600.6598510742188,423.48760986328125,397.0955505371094,397.0955505371094,1.0,1.0
454.0,295405.0,237.64299810449987,468.4122116256151,564.0567347350797,600.973388671875,423.764892578125,397.4940490722656,397.4940490722656,1.0,1.0
454.5,295915.0,237.83401750385715,468.6723802310048,564.1072593044695,600.973388671875,423.764892578125,397.4940490722656,397.4940490722656,1.0,1.0
455.0,296235.0,237.9578162012636,469.0927413635815,564.8088172116296,601.2872314453125,424.04254150390625,397.8930358886719,397.8930358886719,1.0,1.0
455.5,296921.0,238.2499359411086,469.3910949304428,565.4599897428641,601.2872314453125,424.04254150390625,397.8930358886719,397.8930358886719,1.0,1.0
456.0,296467.0,238.23011113257087,469.7571713089577,566.1377924145322,601.5099487304688,424.23956298828125,398.17620849609375,398.17620849609375,1.0,1.0
456.5,296955.0,238.4197915958322,469.9466991030584,566.1377924145322,601.6014404296875,424.3205261230469,398.2925720214844,398.2925720214844,1.0,2.0
457.0,297618.0,238.67857401078874,470.25344230470375,566.8791758390847,601.6014404296875,424.3205261230469,398.2925720214844,398.2925720214844,1.0,1.0
457.5,297897.0,238.7970358191481,470.6166167912051,567.5394259432555,602.2610473632812,424.9198913574219,399.14495849609375,399.14495849609375,1.0,3.0
458.0,298500.0,239.01434026953112,470.94160996879435,568.2006687782055,602.48095703125,425.12164306640625,399.43084716796875,399.43084716796875,1.0,1.0
458.5,299194.0,239.26830318530423,471.3032463219394,569.5261188040457,602.7015380859375,425.3238830566406,399.7174987792969,399.7174987792969,1.0,2.0
459.0,299833.0,239.516846454363,471.60682777076073,569.5261188040457,603.5635375976562,424.42718505859375,400.1322021484375,400.1322021484375,1.0,1.0
459.5,300456.0,239.73430011828486,471.73059048370413,570.190319104069,597.0167236328125,430.8346862792969,401.7361639627814,401.75335693359375,1.0,2.0
460.0,300891.0,239.9390911377842,472.16045997740815,570.190319104069,596.83837890625,430.9770202636719,402.14312744140625,402.14312744140625,1.0,1.0
460.5,301335.0,240.0758335256656,472.65209192385896,570.8554983531296,597.1468505859375,431.2657470703125,402.5436706542969,402.5436706542969,1.0,1.0
461.0,301905.0,240.24807607219265,472.78684414690457,570.8554983531296,597.3402709960938,430.9275207519531,402.57928466796875,402.57928466796875,1.0,1.0
461.5,301566.0,240.29785555141902,472.87921287002354,571.4446604877851,597.4702758789062,431.0391845703125,402.743896484375,402.743896484375,1.0,2.0
462.0,302085.0,240.48104112463585,473.2113692585315,571.6021343557072,597.6580810546875,431.20050048828125,402.981689453125,402.981689453125,1.0,2.0
462.5,302617.0,240.66560015590295,473.3937050684067,572.1136250780959,597.6580810546875,431.20050048828125,402.981689453125,402.981689453125,1.0,2.0
463.0,302961.0,240.81328977122934,473.84596653342953,572.1136250780959,597.6948852539062,431.2320861816406,403.02825927734375,403.02825927734375,1.0,2.0
463.5,303471.0,240.9617897843918,474.0268979566147,572.0419565031922,598.197998046875,430.3600769042969,403.12542724609375,403.12542724609375,1.0,2.0
464.0,304232.0,241.30595613435136,474.17823653137015,571.9737756226242,599.720703125,427.7209167480469,403.4346923828125,403.4346923828125,1.0,1.0
464.5,304593.0,241.399554819269,474.36926544370493,572.1136250780959,598.5338745117188,428.8601989746094,403.7278747558594,403.7278747558594,1.0,2.0
465.0,305352.0,241.67684646885456,474.5559503341279,572.783554233185,598.897705078125,428.12103271484375,403.8658142089844,403.8658142089844,1.0,1.0
465.5,305604.0,241.79691518720847,474.8750888211512,572.783554233185,598.0776977539062,429.3217468261719,404.41278076171875,404.41278076171875,1.0,2.0
466.0,306112.0,241.9750006156653,475.10525149697094,572.7137155682584,598.3355102539062,428.8747253417969,404.4656677246094,404.4656677246094,1.0,3.0
466.5,305565.0,241.95488927769486,475.2778134943814,572.7137155682584,598.3355102539062,428.8747253417969,404.4656677246094,404.4656677246094,1.0,2.0
467.0,306068.0,242.10407329440946,475.3903133192082,572.7137155682584,598.3355102539062,428.8747253417969,404.4656677246094,404.4656677246094,1.0,2.0
467.5,306591.0,242.30183382985373,475.66059328054496,572.783554233185,598.835205078125,428.00836181640625,404.57000732421875,404.57000732421875,1.0,2.0
468.0,307095.0,242.47042839269594,475.9763649046668,573.3218991107875,597.8983764648438,428.7137451171875,404.9142150878906,404.9142150878906,1.0,2.0
468.5,307630.0,242.68207132051003,476.09820412673514,573.5259366410555,596.849853515625,429.9772033691406,405.3855285644531,405.3855285644531,1.0,2.0
469.0,308255.0,242.9264367285521,476.6066512313061,574.0601013831217,597.8010864257812,428.7791748046875,405.76556396484375,405.76556396484375,1.0,3.0
469.5,308910.0,243.19237082845947,476.9580694358782,574.0601013831217,597.8583984375,428.8279724121094,405.8377380371094,405.8377380371094,1.0,2.0
470.0,309543.0,243.45112121331482,477.1168619924565,574.1262927266091,598.7775268554688,426.9361267089844,406.431396484375,406.431396484375,1.0,3.0
470.5,309992.0,243.60569592036492,477.59815745038213,574.7990953367968,599.498291015625,426.2850646972656,406.8340148925781,406.8340148925781,1.0,2.0
471.0,309583.0,243.66087316818277,478.072588626932,575.4728490554528,599.7679443359375,425.8641662597656,406.9150085449219,406.9150085449219,1.0,2.0
471.5,310007.0,243.74239050909887,478.17256299373764,575.5388779222477,599.984375,426.0455627441406,407.185546875,407.185546875,1.0,2.0
472.0,310684.0,244.0083893726581,478.5916840063145,575.5388779222477,599.984375,426.0455627441406,407.185546875,407.185546875,1.0,2.0
472.5,311228.0,244.1886854785445,478.90708911019476,576.2117666275134,601.0365600585938,425.03045654296875,407.7526550292969,407.7526550292969,1.0,2.0
473.0,311738.0,244.4295371856139,479.23412857261945,576.8856039112087,603.2333984375,421.8421630859375,408.53955078125,408.53955078125,1.0,2.0
473.5,312279.0,244.58687623601128,479.6053586013396,577.5603864532262,602.2662353515625,422.7500915527344,408.7543640136719,408.7543640136719,1.0,2.0
474.0,312761.0,244.78667710464995,480.067703558571,577.5603864532262,602.0782470703125,423.3486022949219,409.1476135253906,409.1476135253906,1.0,2.0
474.5,313361.0,244.96410606370443,480.33529955646605,578.2361109443096,602.0782470703125,423.3486022949219,409.1476135253906,409.1476135253906,1.0,3.0
475.0,312893.0,244.9974662424224,480.40503744236486,578.2361109443096,601.6826171875,423.65655517578125,409.46539306640625,409.46539306640625,1.0,3.0
475.5,313284.0,245.1466598256161,480.9239024951656,578.9732290874941,601.924560546875,423.85028076171875,409.76043701171875,409.76043701171875,1.0,2.0
476.0,313944.0,245.37965532951029,481.0,579.6490317424847,601.7349243164062,424.4481201171875,410.1549072265625,410.1549072265625,1.0,2.0
476.5,314414.0,245.55515318013263,481.50285565092963,579.7111349629228,601.3746948242188,424.919189453125,410.350341796875,410.350341796875,1.0,2.0
477.0,315119.0,245.82765738613995,481.602533215929,580.3860783995426,599.9627075195312,426.521240234375,410.9187927246094,410.9187927246094,1.0,3.0
477.5,315839.0,246.07602840249493,481.82361918029716,581.1239110551209,600.279296875,426.7804870605469,411.3087158203125,411.3087158203125,1.0,3.0
478.0,316272.0,246.2560932849709,482.3098589037386,581.1239110551209,600.280029296875,427.1975402832031,411.6587829589844,411.6587829589844,1.0,2.0
478.5,315990.0,246.37360585723778,482.59714048054616,581.1239110551209,599.836669921875,427.6109924316406,411.7643737792969,411.7643737792969,1.0,2.0
479.0,316498.0,246.57816234631872,482.76909594546333,581.7989343407222,599.7046508789062,428.2903137207031,412.2630615234375,412.2630615234375,1.0,2.0
479.5,317090.0,246.794097561408,482.9948239888291,581.7989343407222,598.7977905273438,429.13751220703125,412.4844055175781,412.4844055175781,1.0,3.0
480.0,317577.0,246.99170307576216,483.20596022814124,582.4748921627438,599.029296875,428.9599609375,413.001708984375,413.001708984375,1.0,3.0
480.5,317970.0,247.10409562095307,483.62609523863296,583.211796862855,598.4347534179688,429.6606750488281,413.268798828125,413.268798828125,1.0,3.0
481.0,318406.0,247.2215268589422,483.83623260352886,583.2752352020442,598.519287109375,429.7301330566406,413.3729248046875,413.3729248046875,1.0,3.0
481.5,318890.0,247.42105369856827,484.2571630858959,583.2752352020442,598.7537231445312,429.9226989746094,413.6617126464844,413.6617126464844,1.0,2.0
482.0,318489.0,247.48233977781223,484.48859635596943,584.0145546131535,598.544921875,430.531982421875,414.0615234375,414.0615234375,1.0,3.0
482.5,318876.0,247.50263981940975,484.7690171617819,584.6879509618784,598.6613159179688,430.7724914550781,414.6310729980469,414.6310729980469,1.0,3.0
483.0,319387.0,247.78457398313444,484.9001958577034,584.6879509618784,598.20947265625,431.1955261230469,414.7457275390625,414.7457275390625,1.0,3.0
483.5,319574.0,247.80807633201502,485.40807574658254,585.4271944486351,598.298095703125,431.3014831542969,415.41937255859375,415.41937255859375,1.0,2.0
484.0,320359.0,248.10778145186964,485.37408253840664,585.4271944486351,597.8455200195312,431.7266540527344,415.5350646972656,415.5350646972656,1.0,3.0
484.5,320581.0,248.44280461046566,485.5388758894595,586.1672116384539,598.3952026367188,431.1856994628906,416.21734619140625,416.21734619140625,1.0,3.0
485.0,320929.0,248.32811271624848,485.7207016380356,586.1672116384539,597.7332153320312,431.8077392578125,416.38787841796875,416.38787841796875,1.0,2.0
485.5,320411.0,248.4790739260699,485.9665626332929,586.907999604708,598.2429809570312,430.7296447753906,416.830810546875,416.830810546875,1.0,3.0
486.0,321350.0,248.8287878690476,486.05267203854504,586.907999604708,598.00390625,431.19732666015625,417.3364562988281,417.3364562988281,1.0,3.0
486.5,321860.0,249.05542979123157,486.14838269683037,586.9795567138603,598.66162109375,429.9732360839844,417.52410888671875,417.52410888671875,1.0,4.0
487.0,322140.0,249.29479573303334,486.6210024238576,587.6495554324873,598.7493896484375,430.04437255859375,417.6324768066406,417.6324768066406,1.0,3.0
487.5,322739.0,249.51923885113936,486.7420261225877,588.1878951491607,598.4176635742188,430.5296325683594,417.8445129394531,417.8445129394531,1.0,3.0
488.0,323479.0,249.57566750328857,486.626345347555,588.1878951491607,598.3944702148438,430.9156188964844,418.1497497558594,418.1497497558594,1.0,4.0
488.5,323008.0,249.77198431165445,486.80658376788614,588.9261413793754,598.4696655273438,431.4113464355469,418.6012268066406,418.6012268066406,1.0,3.0
489.0,323593.0,249.8492965774966,487.19708537716025,589.66515922174,598.2577514648438,432.03375244140625,418.99542236328125,418.99542236328125,1.0,3.0
489.5,323994.0,249.91496336113838,487.54486972995625,591.0778290546855,599.056640625,431.4299011230469,419.5150146484375,419.5150146484375,1.0,3.0
490.0,324196.0,250.21801455196933,487.64331226830126,591.0778290546855,598.8345947265625,431.2440490722656,419.8041076660156,419.8041076660156,1.0,3.0
490.5,324710.0,250.41499773747594,488.0589616017108,591.8175394494489,599.2447509765625,431.56878662109375,420.3045654296875,420.3045654296875,1.0,3.0
491.0,325483.0,250.6914435569591,488.5321893172971,592.5580140374443,598.4185180664062,432.95068359375,420.97296142578125,420.97296142578125,1.0,3.0
491.5,325963.0,250.9034158841755,488.8608186385015,592.6288889347194,599.2184448242188,432.339599609375,421.4927062988281,421.4927062988281,1.0,3.0
492.0,325594.0,250.90998376556465,489.2140635715593,593.2992499573887,599.4533081054688,432.5255432128906,421.77935791015625,421.77935791015625,1.0,3.0
492.5,326041.0,251.08294265967885,489.3107397145499,593.2992499573887,598.9962158203125,432.9734191894531,421.88720703125,421.88720703125,1.0,3.0
493.0,326653.0,251.2618107885252,489.5430522344146,593.2992499573887,598.5335083007812,433.4267578125,421.997314453125,421.997314453125,1.0,3.0
493.5,327193.0,251.5025220755336,490.11121186930626,594.0412443593458,598.447021484375,434.0406188964844,422.5218811035156,422.5218811035156,1.0,3.0
494.0,327721.0,251.7642681272225,490.5231900736193,594.7116948572644,598.1998901367188,434.7004699707031,422.9208984375,422.9208984375,1.0,3.0
494.5,327371.0,251.9268740989403,490.83194680053174,595.3830699642039,597.714111328125,435.1805419921875,423.0367736816406,423.0367736816406,1.0,3.0
495.0,327844.0,252.0884162511895,491.04785917464295,595.3158825363221,597.714111328125,435.1805419921875,423.0367736816406,423.0367736816406,1.0,3.0
495.5,328507.0,252.2843122996413,491.3348145504691,595.3830699642039,598.1322631835938,434.78594970703125,423.2830810546875,423.2830810546875,1.0,3.0
496.0,328934.0,252.39340177281,491.42379877226585,595.9899328008821,597.6250610351562,435.1129455566406,423.5025329589844,423.5025329589844,1.0,3.0
496.5,329328.0,252.5858993322864,491.5658653730952,596.0553665558259,597.9521484375,435.3682556152344,423.8992004394531,423.8992004394531,1.0,4.0
497.0,329384.0,252.43941895522642,491.5247196213152,596.7285815175942,596.8117065429688,436.49334716796875,424.17047119140625,424.17047119140625,1.0,3.0
497.5,329815.0,252.550046034043,491.6759095141079,598.1412876570217,597.0694580078125,437.069091796875,424.79046630859375,424.79046630859375,1.0,3.0
498.0,329437.0,252.61671600645474,491.85871955267805,598.8154974614469,596.132080078125,438.4046325683594,425.3565368652344,425.3565368652344,1.0,2.0
498.5,330187.0,253.01696476263507,492.6662156064692,599.4305631180312,595.4260864257812,439.9239501953125,426.2103271484375,426.2103271484375,1.0,4.0
499.0,331070.0,253.35287568201156,493.08214325809854,600.1083235550062,595.5945434570312,439.6649169921875,426.8077087402344,426.8077087402344,1.0,3.0
499.5,331576.0,253.63725802082635,493.0,599.4305631180312,595.8804321289062,439.15069580078125,426.8764343261719,426.8764343261719,1.0,3.0
500.0,331568.0,253.50003920339432,493.0162269134759,599.4906171075575,595.8804321289062,439.15069580078125,426.8764343261719,426.8764343261719,1.0,4.0
500.5,332162.0,253.83745369058317,493.12128325278627,600.2282899031001,595.9688720703125,438.8123474121094,427.0028381347656,427.0028381347656,1.0,4.0
501.0,331466.0,253.67586956576147,493.40627276090385,602.2565898352628,596.0551147460938,438.87646484375,427.4821472167969,427.4821472167969,1.0,2.0
501.5,332042.0,253.8845995990544,493.6900849721464,602.93449063725,596.934326171875,438.7806396484375,428.8142395019531,428.8142395019531,1.0,3.0
502.0,332415.0,254.00205760071205,494.1767901494301,602.9925372672534,597.2517700195312,438.458740234375,429.1875,429.1875,1.0,4.0
502.5,332923.0,254.20824960458108,494.3703065516779,603.6132867987583,597.6224975585938,438.02447509765625,429.3666076660156,429.3666076660156,1.0,4.0
503.0,333426.0,254.39371877766607,494.5563668582177,604.3475821081772,596.9400634765625,438.297607421875,429.76116943359375,429.76116943359375,1.0,5.0
503.5,333065.0,254.56001921625622,494.89332182759085,605.7606788163127,597.3099365234375,438.4891052246094,431.106201171875,431.106201171875,1.0,6.0
504.0,333691.0,254.8533256287567,494.91969045466846,605.8184546545277,597.8132934570312,438.1893310546875,431.46551513671875,431.46551513671875,1.0,3.0
504.5,334261.0,255.0588397500613,495.0838312851673,606.439609524312,597.5823364257812,438.4595947265625,432.0830993652344,432.0830993652344,1.0,5.0
505.0,334523.0,255.17224617616137,495.1040294725948,607.1737807250903,598.0321044921875,438.10198974609375,432.7384033203125,432.7384033203125,1.0,4.0
505.5,333983.0,255.30939905289512,495.29728446327863,607.8527782284128,597.1810913085938,438.86004638671875,432.977783203125,432.977783203125,1.0,4.0
506.0,334211.0,255.31471008435005,495.46442859200295,607.8527782284128,597.3539428710938,439.0119323730469,433.1950988769531,433.1950988769531,1.0,5.0
506.5,334870.0,255.55155469157538,495.53930217084536,608.5326614077505,597.403564453125,439.0555114746094,433.2574462890625,433.2574462890625,1.0,4.0
507.0,334987.0,255.57674943109745,495.643117539105,608.5326614077505,597.6685791015625,439.2882385253906,433.5905456542969,433.5905456542969,1.0,6.0
507.5,335622.0,255.81272440273673,495.9611879927424,608.7051831551954,598.179443359375,438.9716796875,433.9448547363281,433.9448547363281,1.0,4.0
508.0,335883.0,255.92123380945785,496.33254980909726,608.7051831551954,598.465087890625,438.4553527832031,434.0160827636719,434.0160827636719,1.0,4.0
508.5,335715.0,256.2182681051439,496.6341711911078,609.5088186400587,598.77880859375,437.7314147949219,434.410400390625,434.410400390625,1.0,3.0
509.0,336625.0,256.5340248648578,497.03863028797144,610.1819400801699,599.0341186523438,437.7229919433594,435.0193176269531,435.0193176269531,1.0,4.0
509.5,336578.0,256.59156776193976,497.46758688380896,610.8559568343425,599.1747436523438,437.84661865234375,435.1961364746094,435.1961364746094,1.0,5.0
510.0,337143.0,256.7749100403851,497.58547004062206,610.7937458749885,599.3055419921875,437.9616394042969,435.360595703125,435.360595703125,1.0,5.0
510.5,336587.0,256.7984860614722,497.8367202197451,610.7937458749885,599.5291748046875,438.158203125,435.6418151855469,435.6418151855469,1.0,4.0
511.0,337009.0,257.0268000449896,497.9317222270539,610.6340966569096,599.1166381835938,438.53094482421875,435.763427734375,435.763427734375,1.0,5.0
511.5,337542.0,257.21603268231706,498.4586241605215,610.6340966569096,599.2692260742188,438.8233642578125,436.2104797363281,436.2104797363281,1.0,3.0
512.0,338173.0,257.45931764523766,498.8386512691253,610.6340966569096,598.9999389648438,438.5453796386719,436.5899963378906,436.5899963378906,1.0,4.0
512.5,337547.0,257.56885954817625,499.06412413636787,611.4703590526691,598.365478515625,438.6201477050781,437.3260498046875,437.3260498046875,1.0,6.0
513.0,338042.0,257.7068647820604,499.52477416040136,612.1478579559026,598.5654907226562,438.2452392578125,437.3735046386719,437.3735046386719,1.0,4.0
513.5,338494.0,257.9314091874662,499.69225519268326,611.7319674497974,598.9319458007812,437.9676208496094,437.7969970703125,437.7969970703125,1.0,6.0
514.0,338733.0,258.0433258806899,500.0999900019995,612.4744892646551,598.870849609375,437.6835021972656,438.00897216796875,438.00897216796875,1.0,6.0
514.5,338904.0,258.0670260315218,499.9249943741561,612.4744892646551,598.4448852539062,438.0716247558594,438.1385803222656,438.1385803222656,1.0,4.0
515.0,338243.0,258.1022968905191,500.4048361077259,613.1443549442497,598.6327514648438,438.5848388671875,438.6780700683594,438.6780700683594,1.0,6.0
515.5,338710.0,258.29636174525245,500.6365947471279,613.1443549442497,598.3141479492188,438.1949768066406,439.1638488769531,439.1638488769531,1.0,9.0
516.0,339224.0,258.5648426983562,500.9191551538032,613.8151187450501,598.2037963867188,437.8568115234375,439.6856994628906,439.6856994628906,1.0,9.0
516.5,338791.0,258.6859597672117,501.3790980884624,613.8151187450501,597.8419189453125,438.0812072753906,440.1950988769531,440.1950988769531,1.0,6.0
517.0,339291.0,258.8758157001384,501.507726744161,613.8151187450501,598.120849609375,437.4014892578125,440.3638916015625,440.3638916015625,1.0,7.0
517.5,339375.0,258.97877053343024,502.032867449931,614.4867777259328,597.9132690429688,437.9916076660156,440.7715148925781,440.7715148925781,1.0,6.0
518.0,339942.0,259.15355096826363,502.29174789160135,614.4867777259328,597.2838745117188,438.5609130859375,440.95166015625,440.95166015625,1.0,8.0
518.5,339256.0,259.1513918397888,502.3601795508162,613.8151187450501,596.22314453125,439.5203857421875,441.2587890625,441.2587890625,1.0,8.0
519.0,339618.0,259.32127820289236,502.61521066698447,614.4200517561255,595.7861328125,439.9156494140625,441.3865661621094,441.3865661621094,1.0,9.0
519.5,340152.0,259.5213459372377,503.1104749337089,614.4200517561255,595.59912109375,440.08489990234375,441.4415588378906,441.4415588378906,1.0,7.0
520.0,340477.0,259.6291393224684,503.3402427555989,614.4200517561255,595.2326049804688,440.5367431640625,441.65435791015625,441.65435791015625,1.0,8.0
520.5,339966.0,259.7235506862301,503.6864103051544,614.4200517561255,594.3560180664062,441.3388366699219,441.923095703125,441.923095703125,1.0,6.0
521.0,340112.0,259.8154322195538,503.97762847149914,614.121323518407,594.4570922851562,441.4289855957031,442.0511779785156,442.0511779785156,1.0,9.0
521.5,340568.0,259.9811897076479,504.23075074788557,614.7064339991896,594.5738525390625,441.5331726074219,442.19921875,442.19921875,1.0,12.0
522.0,339836.0,260.02383411668427,504.47993022517755,614.8666522100544,593.9635009765625,442.0906982421875,442.3871154785156,442.3871154785156,1.0,5.0
522.5,340467.0,260.31111650826034,504.8455209269465,614.8666522100544,593.404296875,442.57598876953125,442.83966064453125,442.83966064453125,1.0,6.0
523.0,341082.0,260.53394063618595,505.36496712656844,616.042206346286,593.286376953125,443.281982421875,443.4028015136719,443.4028015136719,1.0,5.0
523.5,340622.0,260.6964583558641,505.460186364861,616.7860244849911,593.5139770507812,443.31549072265625,444.0212097167969,444.0212097167969,1.0,4.0
524.0,341119.0,260.8224607698346,505.7994661918022,617.5305660451149,593.426513671875,443.0604553222656,444.23736572265625,444.23736572265625,1.0,7.0
524.5,340999.0,260.8973420665372,506.1640050418441,618.198188285925,593.9572143554688,443.5435485839844,444.91668701171875,444.91668701171875,1.0,6.0
525.0,341448.0,261.0862669461759,506.4138130007948,618.2758284131768,594.11474609375,443.1274108886719,445.02203369140625,445.02203369140625,1.0,5.0
525.5,340588.0,261.20979366451843,506.6162255593478,618.9426467775507,594.3345947265625,443.1444396972656,445.6251220703125,445.6251220703125,1.0,6.0
526.0,340888.0,261.3173816407593,507.0,619.6878246343073,593.985595703125,443.6558837890625,445.9045715332031,445.9045715332031,1.0,8.0
526.5,341549.0,261.51682819402197,507.32908451802945,619.8524017861026,594.3072509765625,443.9488830566406,446.31640625,446.31640625,1.0,7.0
527.0,341881.0,261.67133475088417,507.35589086951575,620.5159143809286,594.2548828125,443.90936279296875,446.6521911621094,446.6521911621094,1.0,6.0
527.5,341086.0,261.82790564043194,507.9229764440848,620.6013213005592,593.9404907226562,444.525634765625,447.1271667480469,447.1271667480469,1.0,5.0
528.0,341601.0,261.97688976899326,508.4102674022231,620.6899386972533,594.045166015625,444.6209716796875,447.2611999511719,447.2611999511719,1.0,4.0
528.5,341957.0,262.08598140476056,508.5951238460707,621.3509475328738,593.4360961914062,445.7635192871094,447.96875,447.96875,1.0,4.0
529.0,342384.0,262.34105115541007,508.6944072820145,621.4410671978478,593.4478759765625,445.61395263671875,448.3251953125,448.3251953125,1.0,5.0
529.5,341516.0,262.4196982790637,509.2003534955568,622.1012779282808,593.6571655273438,445.806396484375,448.5947570800781,448.5947570800781,1.0,4.0
530.0,342167.0,262.6565199505075,509.2695749349789,622.7623944972914,593.7796020507812,445.7568664550781,449.0946350097656,449.0946350097656,1.0,4.0
530.5,342794.0,262.8868234845401,509.36234646860186,623.5126301848263,593.7796020507812,445.7568664550781,449.0946350097656,449.0946350097656,1.0,5.0
531.0,341948.0,262.94695848307487,509.6151489079734,624.1738539862112,594.4710083007812,445.34429931640625,449.5571594238281,449.5571594238281,1.0,6.0
531.5,342431.0,263.187633498328,509.88331998605327,624.1738539862112,594.5950317382812,445.5888977050781,449.8722839355469,449.8722839355469,1.0,4.0
532.0,342959.0,263.3642487041231,509.9751954710746,624.8359784775521,595.2734375,444.716552734375,450.3498840332031,450.3498840332031,1.0,5.0
532.5,343200.0,263.50281213361734,510.31362905570137,624.8359784775521,595.5953979492188,444.1388854980469,450.40545654296875,450.40545654296875,1.0,6.0
533.0,342609.0,263.6404604771465,510.6006267132856,625.5853259148587,596.2716674804688,443.7796630859375,450.8747253417969,450.8747253417969,1.0,9.0
533.5,342948.0,263.7874544709182,510.7626650198683,625.5853259148587,596.4229125976562,443.508056640625,450.9014587402344,450.9014587402344,1.0,7.0
534.0,343282.0,263.96501495027326,511.237713788801,626.2475548854462,595.8929443359375,443.8335266113281,451.15863037109375,451.15863037109375,1.0,7.0
534.5,343824.0,264.1748440226024,511.593979634291,627.9315249292713,596.0840454101562,445.4224853515625,452.76259218543765,452.89013671875,1.0,6.0
535.0,343048.0,264.2686900360767,511.78608812667034,627.9315249292713,596.2216796875,445.1707458496094,452.91412353515625,452.91412353515625,1.0,7.0
535.5,343483.0,264.42256216125355,511.9498998918031,628.589691293136,595.537353515625,445.4661865234375,453.32232666015625,453.32232666015625,1.0,7.0
536.0,344164.0,264.62013062674754,512.1415819868564,626.9968101992226,595.077880859375,445.8819580078125,453.4775695800781,453.4775695800781,1.0,6.0
536.5,344590.0,264.86347127389934,512.5573626156411,628.6851358191952,594.8246459960938,445.8145446777344,453.7261047363281,453.7261047363281,1.0,5.0
537.0,343689.0,264.97208340600525,512.6763111359837,628.6851358191952,594.57373046875,445.4228820800781,454.1509704589844,454.1509704589844,1.0,6.0
537.5,344156.0,265.10504165928637,512.9680788995498,629.3425140573295,594.8887329101562,445.7205505371094,454.5600891113281,454.5600891113281,1.0,8.0
538.0,344841.0,265.3019035077251,513.1237667463864,631.605098142819,596.238037109375,446.4496765136719,456.08953857421875,456.08953857421875,1.0,7.0
538.5,345326.0,265.5012708591887,513.2562712719641,631.605098142819,595.9008178710938,446.63751220703125,456.26904296875,456.26904296875,1.0,9.0
539.0,344437.0,265.54753244868544,513.5961448416538,632.2610220470656,595.5410766601562,447.3426513671875,456.7316589355469,456.7316589355469,1.0,6.0
539.5,345037.0,265.7778109811891,514.0498030168712,632.2610220470656,595.8662109375,446.74798583984375,456.7848205566406,456.7848205566406,1.0,5.0
540.0,345267.0,265.88986633437975,514.2592731174568,632.9178461696273,596.2723388671875,446.5797119140625,457.08673095703125,457.08673095703125,1.0,5.0
540.5,345577.0,266.04270679854403,514.511807444101,633.6718393616684,596.5067749023438,446.5970153808594,457.71673583984375,457.71673583984375,1.0,7.0
541.0,345187.0,266.2795470835258,514.9514540033864,634.328779104338,596.3167114257812,446.51513671875,457.9205627441406,457.9205627441406,1.0,6.0
541.5,345728.0,266.47768815434665,515.3002522051349,634.1427284137224,596.1214599609375,446.3479309082031,458.17559814453125,458.17559814453125,1.0,6.0
542.0,346112.0,266.64359541078954,515.7085901920833,634.2341838784788,596.0363159179688,446.075927734375,458.3961486816406,458.3961486816406,1.0,8.0
542.5,346393.0,266.8562024653674,516.274733046046,634.8039067302595,596.1392211914062,446.1689147949219,458.528076171875,458.528076171875,1.0,7.0
543.0,345619.0,266.9521894832973,516.6517202139174,634.89369188865,596.24609375,446.26556396484375,458.6651916503906,458.6651916503906,1.0,6.0
543.5,346251.0,267.17789125010853,516.8534608569106,634.89369188865,596.6387329101562,445.7379150390625,458.9066162109375,458.9066162109375,1.0,5.0
544.0,346645.0,267.3830461221481,517.3490117899134,635.5540889648968,596.1563110351562,446.190673828125,459.0560302734375,459.0560302734375,1.0,7.0
544.5,347230.0,267.60195635765274,517.7061425151553,635.5540889648968,596.1709594726562,446.2147216796875,459.58636474609375,459.58636474609375,1.0,6.0
545.0,346308.0,267.73326910025804,518.11306678597,635.9654078642957,596.4616088867188,445.68731689453125,459.6387939453125,459.6387939453125,1.0,7.0
545.5,346944.0,267.95390497154705,518.5998939451121,637.3005570372585,596.5899658203125,445.80230712890625,459.80267333984375,459.80267333984375,1.0,5.0
546.0,347262.0,268.16800863393,519.0237952140664,637.9694350045306,596.9251098632812,445.7887268066406,460.1037902832031,460.1037902832031,1.0,5.0
546.5,347721.0,268.3788025968827,519.2003466870954,637.9694350045306,597.2669067382812,444.870361328125,460.3472900390625,460.3472900390625,1.0,6.0
547.0,347170.0,268.5175816778994,519.4323825099856,638.5687120427997,597.6131591796875,445.18017578125,460.78985595703125,460.78985595703125,1.0,4.0
547.5,347358.0,268.7013545215978,519.8629146216707,639.2409561346957,596.6314697265625,445.9781494140625,461.1330261230469,461.1330261230469,1.0,8.0
548.0,347952.0,268.9208681676602,520.0363448801818,639.1752498337213,596.4426879882812,446.1391296386719,461.5304260253906,461.5304260253906,1.0,8.0
548.5,348355.0,269.09524526081344,520.6169417143473,640.5880111272767,596.9763793945312,446.6169738769531,462.212646484375,462.212646484375,1.0,6.0
549.0,347557.0,269.20598488708384,520.8646657242167,640.5880111272767,596.6065063476562,446.8500061035156,462.3798522949219,462.3798522949219,1.0,5.0
549.5,348213.0,269.4189320567443,521.0817594178587,640.5880111272767,597.328857421875,445.5869140625,462.5221862792969,462.5221862792969,1.0,6.0
550.0,348497.0,269.5936238117895,521.7301984539899,641.938470571752,597.5517578125,445.7852783203125,462.80657958984375,462.80657958984375,1.0,6.0
550.5,348923.0,269.7869646771078,522.0239458109178,644.0885032353862,596.9339599609375,446.3530578613281,462.97955322265625,462.97955322265625,1.0,6.0
551.0,349394.0,270.0032990435353,522.2471636998068,644.7642980190514,597.5032958984375,447.76605224609375,464.4855041503906,464.4855041503906,1.0,5.0
551.5,348521.0,270.07620353980735,522.5064592902178,644.0279497040482,596.99755859375,448.2309265136719,464.62860107421875,464.62860107421875,1.0,5.0
552.0,348940.0,270.27061714388066,522.7322450356396,643.9704962185767,596.99755859375,448.2309265136719,464.62860107421875,464.62860107421875,1.0,8.0
552.5,349499.0,270.48131481651797,523.3217939241345,643.9704962185767,596.7264404296875,448.28436279296875,464.8188781738281,464.8188781738281,1.0,5.0
553.0,349860.0,270.65352947723915,523.4539139217511,643.9704962185767,596.1544189453125,448.7809143066406,464.9991760253906,464.9991760253906,1.0,9.0
553.5,348930.0,270.81090203865176,524.2498926864594,643.9704962185767,596.1544189453125,448.7809143066406,464.9991760253906,464.9991760253906,1.0,6.0
554.0,349325.0,270.95369426471643,524.4074751452521,643.2363484754262,596.7367553710938,447.76654052734375,465.1100158691406,465.1100158691406,1.0,8.0
554.5,349934.0,271.05620261477395,524.2378753960772,642.5029182813103,596.3566284179688,448.0111083984375,465.27862548828125,465.27862548828125,1.0,5.0
555.0,350260.0,271.26102580685006,524.4616287203479,641.7889061054266,597.116943359375,447.0667419433594,465.5801696777344,465.5801696777344,1.0,5.0
555.5,350678.0,271.4876212306199,525.0190472735251,642.4406587382215,596.6688842773438,447.5027160644531,466.2628479003906,466.2628479003906,1.0,8.0
556.0,349837.0,271.5692199210303,525.0952294584288,643.1990360689294,596.3865356445312,447.8984069824219,466.583984375,466.583984375,1.0,6.0
556.5,350150.0,271.75252346159226,525.3595435489702,643.1990360689294,597.0039672851562,446.7673645019531,466.6773376464844,466.6773376464844,1.0,8.0
557.0,350400.0,271.8847977853205,525.5903823310747,644.1125678016227,597.2208251953125,446.9386291503906,466.945556640625,466.945556640625,1.0,6.0
557.5,351058.0,272.08176403860296,525.4074609291345,643.3078578721078,597.2548828125,446.6634521484375,467.3630065917969,467.3630065917969,1.0,8.0
558.0,351248.0,272.22486106704457,526.038781812142,644.7728282116113,597.92529296875,446.00152587890625,467.7038269042969,467.7038269042969,1.0,4.0
558.5,350344.0,272.34060678584734,526.1044097894303,644.7728282116113,597.343017578125,446.6399841308594,467.84466552734375,467.84466552734375,1.0,6.0
559.0,351096.0,272.52859479498636,526.3430440311718,643.7468446524612,598.1636962890625,445.1871337890625,467.9972839355469,467.9972839355469,1.0,11.0
559.5,351741.0,272.835934739135,526.8472264328626,645.263512063095,598.2151489257812,444.6614990234375,468.2381896972656,468.2381896972656,1.0,5.0
560.0,352156.0,273.02096295791995,527.399279481214,646.7588422279204,598.0897216796875,445.6678161621094,468.9487609863281,468.9487609863281,1.0,5.0
560.5,351277.0,273.2173550924448,527.6521581474876,647.5075289137571,596.79443359375,447.1053771972656,469.27569580078125,469.27569580078125,1.0,10.0
561.0,351786.0,273.35643560292357,528.0501870087729,648.1705022600149,597.2621459960938,446.2392578125,469.3420104980469,469.3420104980469,1.0,6.0
561.5,352833.0,273.61745474934366,528.341745464051,648.9191012753439,597.3876342773438,446.337158203125,469.49676513671875,469.49676513671875,1.0,6.0
562.0,352654.0,273.6822220228781,528.3455308791775,649.4990377206112,597.9852905273438,447.0371398925781,470.4166259765625,470.4166259765625,1.0,5.0
562.5,352952.0,273.8799516123298,528.9205989560248,650.246107254784,598.3160400390625,447.2941589355469,470.82373046875,470.82373046875,1.0,7.0
563.0,352770.0,273.96651834071497,528.4632437415305,650.7541778582754,598.1778564453125,447.4427490234375,470.8539123535156,470.8539123535156,1.0,4.0
563.5,351949.0,274.1391959954996,528.2802286665667,650.6097140375326,597.8269653320312,447.1591796875,471.44012451171875,471.44012451171875,1.0,9.0
564.0,352714.0,274.4192552278619,529.1364190828267,649.8692176122823,598.4121704101562,446.81787109375,471.8395080566406,471.8395080566406,1.0,5.0
564.5,353308.0,274.6924676252593,530.1228159465006,655.3472362038311,599.5684814453125,447.9095458984375,473.3364562988281,473.3364562988281,1.0,6.0
565.0,352655.0,274.96516971308165,530.664677550711,655.6904757581888,601.1510009765625,448.5278625488281,474.94041811317203,475.0340270996094,1.0,5.0
565.5,352741.0,275.08130034551914,530.8125846285109,655.1679174074384,601.18017578125,448.5555419921875,475.0718688964844,475.0718688964844,1.0,5.0
566.0,353539.0,275.23680061232085,530.9472666847433,654.5257825326669,601.18017578125,448.5555419921875,475.0718688964844,475.0718688964844,1.0,9.0
566.5,353213.0,275.40955482139765,531.3802781436285,655.421238593929,601.2988891601562,448.6681823730469,475.2257995605469,475.2257995605469,1.0,6.0
567.0,353831.0,275.63506332413425,531.5928893396349,654.782406605431,601.2988891601562,448.6681823730469,475.2257995605469,475.2257995605469,1.0,11.0
567.5,354048.0,275.7183666260369,531.5667407223586,654.6525796176168,601.936767578125,447.4615478515625,475.3279113769531,475.3279113769531,1.0,13.0
568.0,354691.0,275.80220806549386,532.0399420745453,655.421238593929,602.0557861328125,447.5739440917969,475.4818420410156,475.4818420410156,1.0,8.0
568.5,353917.0,276.07363418930885,532.5059624067419,656.9604249876852,602.3766479492188,447.8770446777344,475.89697265625,475.89697265625,1.0,10.0
569.0,353975.0,276.2160851739842,532.5729996911222,656.9604249876852,602.9072875976562,447.6773986816406,476.4007263183594,476.4007263183594,1.0,9.0
569.5,354170.0,276.36653088442824,533.0225135958143,657.231313922275,603.0277099609375,447.79296875,476.5580749511719,476.5580749511719,1.0,6.0
570.0,354832.0,276.5629578536621,532.9619592426669,656.5972890592833,602.5696411132812,448.2094421386719,476.7281188964844,476.7281188964844,1.0,5.0
570.5,354995.0,276.6180556558002,533.1134963588898,656.107460710515,602.5696411132812,448.2094421386719,476.7281188964844,476.7281188964844,1.0,8.0
571.0,355232.0,276.7412782055998,533.1893659846654,656.107460710515,602.6207275390625,448.2589416503906,476.795166015625,476.795166015625,1.0,7.0
571.5,355375.0,276.8959732142902,533.3460415152624,657.5142584005308,603.2703857421875,447.9469299316406,477.2565612792969,477.2565612792969,1.0,8.0
572.0,354162.0,276.9709913636373,533.0337700371338,657.5142584005308,601.9362182617188,449.1685485839844,477.7645263671875,477.7645263671875,1.0,7.0
572.5,354420.0,277.0686751598607,533.2738508496361,657.5142584005308,601.9362182617188,449.1685485839844,477.7645263671875,477.7645263671875,1.0,10.0
573.0,354927.0,277.2426058918947,533.3229790654643,658.2902095580641,602.4830322265625,448.0339660644531,477.88421630859375,477.88421630859375,1.0,10.0
573.5,355361.0,277.4633980961983,533.4360317788817,659.0667644480337,602.0813598632812,449.3709716796875,478.9085693359375,478.9085693359375,1.0,9.0
574.0,355672.0,277.63368951001263,533.5400641001573,659.8439209388838,601.679443359375,449.7085266113281,479.9352111816406,479.9352111816406,1.0,9.0
574.5,354462.0,277.67984346440903,533.8050674165851,660.0462105034768,601.093994140625,450.2439270019531,480.1616516113281,480.1616516113281,1.0,8.0
575.0,355001.0,277.85186728752353,533.768676488233,659.5528788505134,601.0116577148438,450.0106506347656,480.3521423339844,480.3521423339844,1.0,8.0
575.5,355713.0,278.09716801847384,534.096433195986,661.6947936926813,601.279052734375,449.4552917480469,480.4087829589844,480.4087829589844,1.0,11.0
576.0,356282.0,278.2825860875453,534.195610240255,662.5926350330194,601.5588989257812,448.8740539550781,480.4688720703125,480.4688720703125,1.0,11.0
576.5,355174.0,278.3957867591254,534.5886268898731,662.7254333432511,601.5588989257812,448.8740539550781,480.4688720703125,480.4688720703125,1.0,7.0
577.0,355471.0,278.5095248135521,534.6316488915536,662.2265473385977,602.6484375,449.6214904785156,481.75030517578125,481.75030517578125,1.0,9.0
577.5,355900.0,278.7467217490128,534.7336252752004,662.5103772772167,602.865478515625,448.7779235839844,482.0082092285156,482.0082092285156,1.0,7.0
578.0,356150.0,278.9285805863141,535.0818161737361,663.4342469303194,602.9947509765625,448.51300048828125,482.0373229980469,482.0373229980469,1.0,10.0
578.5,356674.0,279.12119091543696,535.0776579085026,662.8061556744929,603.6437377929688,447.184326171875,482.1863708496094,482.1863708496094,1.0,8.0
579.0,356969.0,279.2828901146301,535.2896412175047,663.5849606493505,604.4883422851562,446.34881591796875,482.69244384765625,482.69244384765625,1.0,8.0
579.5,357255.0,279.47464595310254,535.5837936308379,663.738653387009,604.2313842773438,447.1847839355469,483.33453369140625,483.33453369140625,1.0,8.0
580.0,356039.0,279.5179245657148,535.7210094816144,663.738653387009,603.9517211914062,447.7685852050781,483.6156005859375,483.6156005859375,1.0,9.0
580.5,356367.0,279.71507968684244,535.9344176294495,664.8405823955093,604.4618530273438,446.7002258300781,483.7274475097656,483.7274475097656,1.0,9.0
581.0,356928.0,279.88748332665926,535.9561549231429,664.6931622937008,604.0043334960938,447.38336181640625,484.1287841796875,484.1287841796875,1.0,10.0
581.5,357122.0,280.01539325606626,536.1427048836905,664.2123154534248,604.0043334960938,447.38336181640625,484.1287841796875,484.1287841796875,1.0,9.0
582.0,357652.0,280.2277035210507,536.356970679564,664.9909773824003,604.6385498046875,446.06634521484375,484.2771301269531,484.2771301269531,1.0,8.0
582.5,357728.0,280.3332714883911,536.4932432006949,665.6185093580256,605.1615600585938,445.3586730957031,484.5301818847656,484.5301818847656,1.0,7.0
583.0,356619.0,280.54088770152833,537.1757626652653,666.5500731377952,605.7744750976562,445.45660400390625,485.1402587890625,485.1402587890625,1.0,8.0
583.5,356917.0,280.6374286684062,537.5686002734907,666.4067826785679,606.0549926757812,445.65582275390625,485.4714660644531,485.4714660644531,1.0,8.0
584.0,357364.0,280.8584611620978,537.4903719866746,665.622265252598,606.7784423828125,443.7384948730469,485.8446350097656,485.8446350097656,1.0,9.0
584.5,357820.0,280.98276025035705,537.4646034850501,665.4599912842244,606.4413452148438,444.1253662109375,485.9320373535156,485.9320373535156,1.0,10.0
585.0,357637.0,280.92395712558306,537.8196723809942,665.9204156654157,606.4413452148438,444.1253662109375,485.9320373535156,485.9320373535156,1.0,11.0
585.5,358411.0,281.1776814322482,537.7118187153465,665.7957644803697,606.6074829101562,442.95660400390625,486.3970031738281,486.3970031738281,1.0,10.0
586.0,358653.0,281.39271972902566,538.2008918487063,667.0832032063167,606.6074829101562,442.95660400390625,486.3970031738281,486.3970031738281,1.0,9.0
586.5,358894.0,281.54893163700973,538.4149886465042,666.9647666856174,606.728759765625,442.70892333984375,486.4223327636719,486.4223327636719,1.0,9.0
587.0,357993.0,281.7549109431386,538.1596417326817,666.9647666856174,607.3955688476562,441.3470764160156,486.5645446777344,486.5645446777344,1.0,9.0
587.5,358126.0,281.8877181486624,538.8821763614009,668.907317944721,607.4938354492188,441.4175109863281,486.6813049316406,486.6813049316406,1.0,8.0
588.0,358980.0,282.12983176143797,539.114134483561,668.907317944721,607.5841674804688,442.17437744140625,487.3241271972656,487.3241271972656,1.0,7.0
588.5,359784.0,282.38634590692067,538.8588405138123,669.5565696787688,606.8590087890625,442.5234069824219,487.7682800292969,487.7682800292969,1.0,11.0
589.0,359826.0,282.42540085131196,539.4731225854609,670.966467120377,606.8590087890625,442.5234069824219,487.7682800292969,487.7682800292969,1.0,7.0
589.5,358707.0,282.6631357632061,539.9922220355043,671.0782368695918,607.3572998046875,442.0780334472656,488.37445068359375,488.37445068359375,1.0,10.0
590.0,359185.0,282.8774724657797,540.0218514035139,671.7268790215261,606.9907836914062,442.37457275390625,488.5107116699219,488.5107116699219,1.0,12.0
590.5,359413.0,283.0069034142911,540.4072538373259,671.7268790215261,606.5745849609375,443.44915771484375,489.080810546875,489.080810546875,1.0,11.0
591.0,360018.0,283.1922020975251,540.8452643762876,673.1366874565671,607.3976440429688,442.4957275390625,489.4954528808594,489.4954528808594,1.0,12.0
591.5,360237.0,283.41101857080474,540.9807759984299,672.3763826905284,607.264892578125,442.95562744140625,489.9093322753906,489.9093322753906,1.0,9.0
592.0,360379.0,283.50813298034876,541.2710041993946,672.3763826905284,607.22900390625,442.6268005371094,490.1242980957031,490.1242980957031,1.0,9.0
592.5,361030.0,283.7413704411064,541.4970914041514,672.3763826905284,606.855712890625,442.9293518066406,490.26214599609375,490.26214599609375,1.0,11.0
593.0,359839.0,283.76114638707895,541.7248378975188,672.6024085594698,607.33056640625,442.0396423339844,490.3717346191406,490.3717346191406,1.0,12.0
593.5,360123.0,284.00794395156606,541.7840898365325,673.2495822501489,606.699951171875,442.6262512207031,490.5615539550781,490.5615539550781,1.0,9.0
594.0,360371.0,284.13859204157166,541.96909505809,672.4879181070839,606.6693725585938,442.2868347167969,490.7781066894531,490.7781066894531,1.0,11.0
594.5,361087.0,284.3647500825496,542.1226798428562,673.1366874565671,607.5151977539062,440.9779968261719,491.07965087890625,491.07965087890625,1.0,11.0
595.0,361569.0,284.52300102891803,542.4601367795632,673.2495822501489,607.73388671875,440.77685546875,491.5778503417969,491.5778503417969,1.0,9.0
595.5,361844.0,284.7144808426707,542.9148644115637,673.2495822501489,607.9801025390625,440.3155212402344,491.63629150390625,491.63629150390625,1.0,12.0
596.0,360474.0,284.84409375444926,543.037751910491,673.8976183367915,607.4454345703125,440.3240051269531,492.0719909667969,492.0719909667969,1.0,12.0
596.5,360514.0,284.96233606043023,543.3496111967602,673.8976183367915,607.4454345703125,440.3240051269531,492.0719909667969,492.0719909667969,1.0,9.0
597.0,360874.0,285.12682557851787,543.7766085443544,673.8976183367915,606.4879760742188,441.6136779785156,492.9597473144531,492.9597473144531,1.0,13.0
597.5,361086.0,285.26709374126654,543.9478375713743,673.8976183367915,606.5927734375,441.01885986328125,493.2080383300781,493.2080383300781,1.0,10.0
598.0,361388.0,285.4234793107568,544.1815413909119,674.0118693316906,606.5927734375,441.01885986328125,493.2080383300781,493.2080383300781,1.0,11.0
598.5,361811.0,285.5829048972361,544.4758947801333,674.6591732126674,607.0397338867188,440.6654357910156,493.8641662597656,493.8641662597656,1.0,9.0
599.0,362427.0,285.84876740774666,544.5456821975545,674.6591732126674,607.671142578125,439.484375,494.00994873046875,494.00994873046875,1.0,12.0
599.5,361128.0,286.02877520579955,544.944033823658,674.7592163134935,607.28466796875,439.8434753417969,494.15789794921875,494.15789794921875,1.0,16.0
600.0,361441.0,286.1614649009136,545.309086665535,674.894065761435,607.4900512695312,439.9927673339844,494.4042053222656,494.4042053222656,1.0,12.0
600.5,361705.0,286.2776612916387,545.4951878797832,675.6663377733125,608.4562377929688,439.0508728027344,494.9493408203125,494.9493408203125,1.0,12.0
601.0,361980.0,286.38668195189024,545.7786639270965,676.94756074603,608.5828857421875,439.1423034667969,495.1009216308594,495.1009216308594,1.0,16.0
601.5,362028.0,286.57605411506006,546.1501625011202,678.4762339242252,609.458984375,439.94757080078125,496.4013366699219,496.4013366699219,1.0,15.0
602.0,362649.0,286.6831393303115,546.4155927496945,679.2414887210587,609.9150390625,439.57916259765625,497.0582580566406,497.0582580566406,1.0,21.0
602.5,361545.0,286.8572767709449,546.8793285542981,680.0073529014227,610.03125,439.3600769042969,497.08538818359375,497.08538818359375,1.0,14.0
603.0,361766.0,286.991445176176,547.1179031982047,679.4917218038789,610.03125,439.3600769042969,497.08538818359375,497.08538818359375,1.0,14.0
603.5,362169.0,287.2160181113237,547.4166603237428,678.8519720822795,610.0333251953125,438.9598693847656,497.3088684082031,497.3088684082031,1.0,14.0
604.0,361909.0,287.2781576956221,547.8445034795941,680.9001395212076,610.0333251953125,438.9598693847656,497.3088684082031,497.3088684082031,1.0,17.0
604.5,362504.0,287.40960464364196,548.014598345701,681.0293679423818,610.2632446289062,438.5273132324219,497.3627014160156,497.3627014160156,1.0,13.0
605.0,361471.0,287.6498363606274,548.6310235486142,682.4375429297542,610.2632446289062,438.5273132324219,497.3627014160156,497.3627014160156,1.0,19.0
605.5,361615.0,287.7603954423415,548.9307788783573,682.3085812152739,610.90673828125,438.20166015625,497.8409118652344,497.8409118652344,1.0,15.0
606.0,361794.0,287.92460319996127,549.3869765459534,682.3085812152739,610.90966796875,439.4417419433594,498.7830505371094,498.7830505371094,1.0,15.0
606.5,362243.0,288.15922051640575,549.8012368095584,683.0768624393597,611.4645385742188,439.2896728515625,499.2490539550781,499.2490539550781,1.0,16.0
607.0,362596.0,288.4064145944385,549.8563448733855,683.0768624393597,612.14599609375,438.7442321777344,499.8184509277344,499.8184509277344,1.0,17.0
607.5,363253.0,288.53584703771423,550.0,683.0768624393597,612.7662353515625,437.5511169433594,499.97564697265625,499.97564697265625,1.0,15.0
608.0,363268.0,288.56053436882894,550.1863320730532,681.5409011937581,612.2810668945312,438.0967102050781,500.07012939453125,500.07012939453125,1.0,15.0
608.5,363429.0,288.70328196895525,550.2377667879604,682.3085812152739,612.1107177734375,437.79107666015625,500.3826904296875,500.3826904296875,1.0,15.0
609.0,362275.0,288.948198141052,550.4052143634182,684.6152203975603,610.740234375,439.2530822753906,500.6986999511719,500.6986999511719,1.0,18.0
609.5,362237.0,288.9822290004643,551.0326669082333,684.6152203975603,610.740234375,439.2530822753906,500.6986999511719,500.6986999511719,1.0,13.0
610.0,363112.0,289.31564391698913,551.3410922468958,685.3852931016247,611.27099609375,440.549072265625,502.0284423828125,502.0284423828125,1.0,13.0
610.5,363257.0,289.51559919247643,551.7698795693726,686.1559589481097,611.0144653320312,440.42437744140625,502.3109436035156,502.3109436035156,1.0,13.0
611.0,363164.0,289.56290351246594,552.0611832026036,685.3852931016247,611.0144653320312,440.42437744140625,502.3109436035156,502.3109436035156,1.0,14.0
611.5,363744.0,289.8286691310395,552.3510658988376,685.3852931016247,611.6246948242188,439.1575012207031,502.5077209472656,502.5077209472656,1.0,17.0
612.0,362358.0,290.0580118737,553.0011754052454,687.6990620903885,612.6644897460938,438.6709899902344,503.5763854980469,503.5763854980469,1.0,19.0
612.5,362642.0,290.17325220150127,553.1188389444925,687.6990620903885,613.5042114257812,437.3529968261719,503.88641357421875,503.88641357421875,1.0,17.0
613.0,363077.0,290.37898033438,553.47990026739,687.0640435941907,612.9456787109375,437.40966796875,504.31890869140625,504.31890869140625,1.0,18.0
613.5,363393.0,290.56784906508074,553.6587396538652,687.0640435941907,612.9456787109375,437.40966796875,504.31890869140625,504.31890869140625,1.0,14.0
614.0,363731.0,290.7437789570955,553.8275905008705,686.9272159406701,613.0812377929688,436.7568664550781,504.5697937011719,504.5697937011719,1.0,15.0
614.5,363819.0,290.81851611717644,553.9941335412923,688.4714954157507,612.3336791992188,437.1778259277344,504.95635986328125,504.95635986328125,1.0,18.0
615.0,362553.0,291.0046980034653,554.4366510251645,687.6990620903885,612.3336791992188,437.1778259277344,504.95635986328125,504.95635986328125,1.0,19.0
615.5,362748.0,291.0706135204867,554.6575520084442,689.2445139426211,612.3336791992188,437.1778259277344,504.95635986328125,504.95635986328125,1.0,15.0
616.0,363198.0,291.32717027275567,554.8378141403125,690.0181157042183,612.5753784179688,436.4670104980469,505.1515197753906,505.1515197753906,1.0,26.0
616.5,363382.0,291.44042247736087,555.0501328691953,686.5711907733968,612.08544921875,437.026611328125,505.246826171875,505.246826171875,1.0,16.0
617.0,363773.0,291.5824366243821,555.3035206039445,686.5711907733968,612.7263793945312,435.7864990234375,505.40570068359375,505.40570068359375,1.0,14.0
617.5,364000.0,291.75224222253206,555.5910366425451,686.5711907733968,613.3717041015625,434.53790283203125,505.5695495605469,505.5695495605469,1.0,18.0
618.0,363241.0,291.9515780090955,555.8866790992568,686.1559589481097,613.3717041015625,434.53790283203125,505.5695495605469,505.5695495605469,1.0,14.0
618.5,363644.0,292.1795124662593,555.9621389805129,690.9355975776614,612.4669799804688,435.002197265625,506.05908203125,506.05908203125,1.0,18.0
619.0,363312.0,292.193852936979,556.5650006847504,691.5670611010909,612.4669799804688,435.002197265625,506.05908203125,506.05908203125,1.0,14.0
619.5,363996.0,292.39659643882214,555.8441778040268,690.160126347502,611.2550659179688,438.3047180175781,507.6630438455939,507.7295837402344,1.0,23.0
620.0,363824.0,292.3991075055806,556.7665579037591,690.0181157042183,611.2550659179688,438.3047180175781,507.7295837402344,507.7295837402344,1.0,18.0
620.5,362678.0,292.6738629430547,556.4476615100472,684.6152203975603,611.2706909179688,438.0254211425781,507.8704528808594,507.8704528808594,1.0,12.0
621.0,364417.0,292.81734684398253,556.1377527194775,682.9736451723448,610.851806640625,438.4537658691406,507.984130859375,507.984130859375,1.0,14.0
621.5,364200.0,292.8674473275285,557.2503925525759,683.931283097944,610.851806640625,438.4537658691406,507.984130859375,507.984130859375,1.0,20.0
622.0,362888.0,293.0218120615992,558.1621628165062,684.7196506600347,610.851806640625,438.4537658691406,507.984130859375,507.984130859375,1.0,17.0
622.5,363538.0,293.2121370815948,557.8292301404417,688.4714954157507,610.0485229492188,439.38519287109375,508.1437072753906,508.1437072753906,1.0,19.0
623.0,363956.0,293.48140828272193,558.7007248960747,692.3424008393534,610.2779541015625,439.5431213378906,508.4142761230469,508.4142761230469,1.0,17.0
623.5,364176.0,293.63966498939124,559.6023141469777,694.671864983749,612.0264892578125,440.74688720703125,510.0182379373908,510.4765319824219,1.0,19.0
624.0,364601.0,293.7721038237609,559.0348826325599,693.1183160182683,611.0294799804688,441.9088134765625,510.68133544921875,510.68133544921875,1.0,17.0
624.5,363460.0,293.99065921428263,559.3437672817365,692.1625531621889,611.6048583984375,440.781494140625,510.81109619140625,510.81109619140625,1.0,20.0
625.0,363416.0,294.0854264937978,559.933031710043,693.2654614215251,611.6048583984375,440.781494140625,510.81109619140625,510.81109619140625,1.0,19.0
625.5,363851.0,294.40533437441593,560.3936116695122,694.0432263195139,610.5840454101562,441.97607421875,511.0189208984375,511.0189208984375,1.0,18.0
626.0,363985.0,294.49825284522257,560.9449170800694,694.0432263195139,611.2498168945312,440.6777038574219,511.16552734375,511.16552734375,1.0,17.0
626.5,364420.0,294.5674512575222,561.1108179300696,694.194497241227,611.9889526367188,439.2359924316406,511.3330078125,511.3330078125,1.0,17.0
627.0,363412.0,294.73213140577684,560.8787747811465,694.0432263195139,612.4472045898438,437.5509338378906,511.8739929199219,511.8739929199219,1.0,20.0
627.5,363208.0,294.8269768293024,561.1782248091955,693.8948047074571,612.4472045898438,437.5509338378906,511.8739929199219,511.8739929199219,1.0,17.0
628.0,364030.0,295.0258494101906,561.0859114141266,693.8948047074571,612.9714965820312,436.41827392578125,512.0603637695312,512.0603637695312,1.0,13.0
628.5,363640.0,295.1108030908397,561.0152404345617,693.1183160182683,612.4845581054688,436.9870300292969,512.1531982421875,512.1531982421875,1.0,14.0
629.0,363619.0,295.1831894280366,561.7442478543354,693.8948047074571,611.6715087890625,437.9366149902344,512.3104858398438,512.3104858398438,1.0,17.0
629.5,364040.0,295.5297133784406,562.3782979437952,694.671864983749,611.8350219726562,437.2247314453125,512.5648193359375,512.5648193359375,1.0,17.0
630.0,364302.0,295.5894017729839,561.9697500755713,693.8948047074571,611.8350219726562,437.2247314453125,512.5648193359375,512.5648193359375,1.0,14.0
630.5,364014.0,295.53619583695894,561.9719298961252,693.1183160182683,611.8350219726562,437.2247314453125,512.5648193359375,512.5648193359375,1.0,15.0
631.0,364373.0,295.761621062,562.3278402600226,693.8948047074571,611.0223388671875,438.1751403808594,512.7227783203125,512.7227783203125,1.0,16.0
631.5,364522.0,295.8798804583895,562.2784007944819,693.8948047074571,611.0223388671875,438.1751403808594,512.7227783203125,512.7227783203125,1.0,17.0
632.0,363434.0,296.0870635870121,562.5431094551836,693.8948047074571,610.2136840820312,439.1207580566406,512.8828125,512.8828125,1.0,19.0
632.5,363666.0,296.20636514952906,562.7548311654019,693.8948047074571,610.2136840820312,439.1207580566406,512.8828125,512.8828125,1.0,20.0
633.0,363871.0,296.3986182855727,563.2055575008142,694.671864983749,609.4091186523438,440.0616455078125,513.0450439453125,513.0450439453125,1.0,20.0
633.5,364445.0,296.65839915965347,563.6442140175549,694.671864983749,608.6385498046875,441.1966247558594,513.3777465820312,513.3777465820312,1.0,20.0
634.0,363815.0,296.8386329364785,563.8794197343967,694.8215598266939,608.119384765625,441.80535888671875,513.4872436523438,513.4872436523438,1.0,23.0
634.5,364838.0,296.81974843698475,563.6390689084637,694.8215598266939,608.119384765625,441.80535888671875,513.4872436523438,513.4872436523438,1.0,25.0
635.0,364395.0,296.980304977156,564.0082446204443,695.449494931156,608.3430786132812,441.96209716796875,513.7529907226562,513.7529907226562,1.0,20.0
635.5,364648.0,297.0765133193753,564.2723633133962,694.671864983749,608.4857788085938,441.277587890625,514.0022583007812,514.0022583007812,1.0,20.0
636.0,363213.0,297.21670718416175,564.3117932409064,694.8215598266939,608.71044921875,440.434814453125,514.2692260742188,514.2692260742188,1.0,29.0
636.5,363454.0,297.34309361048145,564.8097467275112,695.6004600343505,609.4613037109375,438.9781799316406,514.4298706054688,514.4298706054688,1.0,23.0
637.0,363805.0,297.52383321756855,564.9044166936562,695.7542669649968,610.0125732421875,439.15496826171875,515.007568359375,515.007568359375,1.0,20.0
637.5,363848.0,297.6569008182447,564.978760662735,696.2276926408487,610.0125732421875,439.15496826171875,515.007568359375,515.007568359375,1.0,29.0
638.0,364250.0,297.77162585922275,565.1380362353962,696.2276926408487,610.6796264648438,437.8551025390625,515.152587890625,515.152587890625,1.0,30.0
638.5,364272.0,297.888340607638,565.3130106382678,696.3799250409219,610.9065551757812,438.01220703125,515.4212036132812,515.4212036132812,1.0,29.0
639.0,364494.0,298.07007430663543,565.6165220344964,697.0064562111315,610.1049194335938,438.9502868652344,515.5833129882812,515.5833129882812,1.0,22.0
639.5,363206.0,298.20498629358343,565.7490609802194,697.0064562111315,610.256103515625,438.25421142578125,515.8349609375,515.8349609375,1.0,24.0
640.0,363580.0,298.3803556870804,565.9658558589762,697.0064562111315,610.9292602539062,436.9436950683594,515.9854736328125,515.9854736328125,1.0,23.0
640.5,363850.0,298.5475123940082,566.325877918359,697.0064562111315,610.7605590820312,437.7933654785156,516.50146484375,516.50146484375,1.0,26.0
641.0,364298.0,298.72591385987647,566.4459374026792,697.0064562111315,609.8153076171875,438.8449401855469,516.7236938476562,516.7236938476562,1.0,31.0
641.5,364548.0,298.93549656403576,566.6833330882425,697.0064562111315,610.343505859375,437.7060852050781,516.8987426757812,516.8987426757812,1.0,24.0
642.0,362961.0,299.0136712340571,566.9964726521674,697.159952951975,609.2898559570312,438.8808898925781,517.1456909179688,517.1456909179688,1.0,31.0
642.5,363236.0,299.21523279348906,567.051364494755,697.159952951975,609.3495483398438,438.2933654785156,517.4141845703125,517.4141845703125,1.0,29.0
643.0,363243.0,299.38395096565216,567.3419603730453,697.0064562111315,609.8797607421875,437.1522216796875,517.5892333984375,517.5892333984375,1.0,27.0
643.5,363692.0,299.4736472800259,567.8071855832752,697.7857837474191,608.6742553710938,438.5658874511719,517.8338012695312,517.8338012695312,1.0,26.0
644.0,363155.0,299.7667393064686,567.9058020481918,697.7857837474191,610.0711669921875,436.6349792480469,518.0053100585938,518.0053100585938,1.0,28.0
644.5,363463.0,299.9073516920821,568.0184856146849,697.7857837474191,611.364990234375,434.58551025390625,518.0379028320312,518.0379028320312,1.0,30.0
645.0,363681.0,300.08364913657215,568.3352883641838,697.7857837474191,610.4935913085938,435.9857482910156,518.5488891601562,518.5488891601562,1.0,35.0
645.5,363828.0,300.273727327863,568.4804306218465,697.7857837474191,610.4935913085938,435.9857482910156,518.5488891601562,518.5488891601562,1.0,26.0
646.0,364450.0,300.5106050378287,568.901661097272,698.5656733622116,610.9014892578125,435.6346130371094,519.2366333007812,519.2366333007812,1.0,30.0
646.5,364321.0,300.59617962699946,568.8629008821018,698.5656733622116,610.2269287109375,435.904296875,519.6552124023438,519.6552124023438,1.0,27.0
647.0,363164.0,300.806103677009,569.3451062404081,699.3461231750699,609.318603515625,437.630126953125,520.3212280273438,520.3212280273438,1.0,27.0
647.5,363924.0,301.0142262983998,569.2243845781959,699.3461231750699,609.3937377929688,437.0168151855469,520.5899047851562,520.5899047851562,1.0,24.0
648.0,363867.0,301.12978518714533,569.5305084014376,700.1271313125924,608.2744750976562,438.28216552734375,520.8480224609375,520.8480224609375,1.0,30.0
648.5,364080.0,301.3027127273651,569.8598950607803,700.1271313125924,609.9288940429688,436.4635314941406,521.2804565429688,521.2804565429688,1.0,24.0
649.0,363965.0,301.400668406708,569.9761398513773,700.1271313125924,611.3899536132812,434.1634826660156,521.306396484375,521.306396484375,1.0,29.0
649.5,363879.0,301.46868263925785,570.3507692639679,701.6908151030623,611.7152709960938,434.4326171875,521.7246704101562,521.7246704101562,1.0,31.0
650.0,364207.0,301.65285610632645,570.5436004373373,703.420215802759,614.364501953125,432.870849609375,523.1633911132812,523.1633911132812,1.0,32.0
650.5,363978.0,301.7000448185941,570.7700500193745,704.0404817906425,614.480224609375,432.687255859375,523.1663818359375,523.1663818359375,1.0,29.0
651.0,364146.0,301.8236838265091,570.8081989418888,707.1810235010552,617.083984375,431.42376708984375,524.7355346679688,524.7355346679688,1.0,25.0
651.5,362698.0,302.0786886542528,571.3240323642401,707.1810235010552,618.48388671875,429.20001220703125,524.7899780273438,524.7899780273438,1.0,29.0
652.0,363041.0,302.1904132288122,571.4437855117509,707.3506909588765,619.7871704101562,427.12969970703125,524.8524169921875,524.8524169921875,1.0,26.0
652.5,363325.0,302.35998468258884,571.4052852398199,706.3950735955058,621.172119140625,424.92962646484375,524.9312744140625,524.9312744140625,1.0,27.0
653.0,363728.0,302.5271133684651,571.7097165520278,707.1810235010552,621.172119140625,424.92962646484375,524.9312744140625,524.9312744140625,1.0,29.0
653.5,363872.0,302.66859706140696,571.8376080630492,707.1810235010552,620.7608642578125,424.87945556640625,525.3001098632812,525.3001098632812,1.0,28.0
654.0,364226.0,302.7824430851441,571.9967220174523,706.3950735955058,620.7924194335938,424.8125,525.3114013671875,525.3114013671875,1.0,24.0
654.5,363116.0,303.02408463768217,572.2178343951339,707.3506909588765,620.5095825195312,424.6114807128906,525.6582641601562,525.6582641601562,1.0,29.0
655.0,364040.0,303.2055547603128,572.5216153124701,705.7768769235785,620.5095825195312,424.6114807128906,525.6582641601562,525.6582641601562,1.0,26.0
655.5,362791.0,303.41914859731884,572.901824036698,708.1384045509748,620.5095825195312,424.6114807128906,525.6582641601562,525.6582641601562,1.0,29.0
656.0,364608.0,303.50176544887415,572.8172483412371,705.7768769235785,621.16650390625,423.300537109375,525.8502807617188,525.8502807617188,1.0,26.0
656.5,363564.0,303.4396966348707,573.1832603832765,705.7768769235785,621.16650390625,423.300537109375,525.8502807617188,525.8502807617188,1.0,25.0
657.0,364001.0,303.6664975087711,573.2451482568343,705.60966546668,620.1096801757812,423.98370361328125,526.3412475585938,526.3412475585938,1.0,27.0
657.5,363965.0,303.6884339900877,573.4989101994877,706.3950735955058,620.1096801757812,423.98370361328125,526.3412475585938,526.3412475585938,1.0,25.0
658.0,364387.0,303.8804312302303,573.4978639868209,705.60966546668,620.14208984375,423.9147644042969,526.3529663085938,526.3529663085938,1.0,27.0
658.5,364469.0,304.09630349983416,573.9062640319154,705.60966546668,620.6771240234375,422.7784118652344,526.5485229492188,526.5485229492188,1.0,24.0
659.0,363254.0,304.31572487241453,574.3256915722994,705.60966546668,619.9971923828125,423.55194091796875,526.6764526367188,526.6764526367188,1.0,27.0
659.5,363761.0,304.5083094989955,574.4258002562211,706.1196782415853,620.4974365234375,422.4941101074219,526.8569946289062,526.8569946289062,1.0,26.0
660.0,364530.0,304.71723618914194,574.6172639244317,712.6976918722271,619.3899536132812,423.70147705078125,527.0955200195312,527.0955200195312,1.0,26.0
660.5,362974.0,304.91330196111267,574.9516066590543,712.0849668403343,622.4494018554688,424.1000671386719,528.6994818338752,530.1423950195312,1.0,23.0
661.0,362975.0,305.00686217347726,575.212830171831,712.0849668403343,622.4494018554688,424.1000671386719,530.1423950195312,530.1423950195312,1.0,24.0
661.5,363177.0,305.15691885213965,575.2955762040935,710.6820667499638,622.4768676757812,424.04144287109375,530.1521606445312,530.1521606445312,1.0,21.0
662.0,364240.0,305.3686837793381,575.6474615595903,710.330204904733,623.0477905273438,422.82391357421875,530.3568115234375,530.3568115234375,1.0,23.0
662.5,364558.0,305.4802140280407,575.6968820451763,710.330204904733,623.0477905273438,422.82391357421875,530.3568115234375,530.3568115234375,1.0,22.0
663.0,363268.0,305.60665203724415,575.8376507315235,715.069926650534,625.088623046875,422.4259033203125,531.9607733377815,532.2047729492188,1.0,19.0
663.5,363024.0,305.7710589907771,576.2377981354573,715.069926650534,625.6458740234375,421.2325439453125,532.40869140625,532.40869140625,1.0,23.0
664.0,363111.0,305.85094135666367,576.3961311327153,715.2517039476382,625.6458740234375,421.2325439453125,532.40869140625,532.40869140625,1.0,26.0
664.5,363081.0,306.0621155266616,576.7815877782508,715.86171849038,626.3444213867188,420.05718994140625,532.7566528320312,532.7566528320312,1.0,22.0
665.0,363641.0,306.2463230608716,577.0147311811025,715.2517039476382,626.3564453125,420.031494140625,532.7611694335938,532.7611694335938,1.0,24.0
665.5,363717.0,306.3753041257452,577.0147311811025,715.069926650534,626.1881713867188,419.69390869140625,533.0894775390625,533.0894775390625,1.0,24.0
666.0,363926.0,306.55507234686297,577.1802144735541,715.86171849038,627.0177612304688,418.570556640625,533.5947875976562,533.5947875976562,1.0,27.0
666.5,364238.0,306.76039451699876,577.4192584249333,716.6540308963594,626.690673828125,418.96197509765625,533.6448974609375,533.6448974609375,1.0,22.0
667.0,364499.0,306.87599423881056,577.710134929274,716.6540308963594,626.8352661132812,418.9708251953125,533.7867431640625,533.7867431640625,1.0,22.0
667.5,363239.0,307.19183745248984,578.0218853982899,716.8381965269429,626.5259399414062,419.32122802734375,533.8468017578125,533.8468017578125,1.0,25.0
668.0,363668.0,307.400036906645,578.22141087995,716.8381965269429,620.038818359375,427.0431823730469,534.9974365234375,534.9974365234375,1.0,25.0
668.5,363858.0,307.41092079973157,578.2544422604109,716.2304098542592,620.038818359375,427.0431823730469,534.9974365234375,534.9974365234375,1.0,24.0
669.0,363804.0,307.55783122892126,578.4325803389867,716.2304098542592,620.038818359375,427.0431823730469,534.9974365234375,534.9974365234375,1.0,31.0
669.5,364360.0,307.7096850733045,578.4669826359707,716.0446913426564,620.5216674804688,426.0027160644531,535.1592407226562,535.1592407226562,1.0,22.0
670.0,364279.0,307.76930366011374,578.7988424314036,716.2304098542592,620.6490478515625,426.081298828125,535.3038330078125,535.3038330078125,1.0,25.0
670.5,364468.0,307.8413510651841,578.9991364414976,716.4188718899021,620.6490478515625,426.081298828125,535.3038330078125,535.3038330078125,1.0,24.0
671.0,363153.0,308.0924994919508,579.3941663471769,715.6235043652493,620.6482543945312,425.6156005859375,535.5576171875,535.5576171875,1.0,24.0
671.5,363390.0,308.3388987465504,579.672321229848,716.4188718899021,620.314208984375,425.99755859375,535.6303100585938,535.6303100585938,1.0,31.0
672.0,363978.0,308.458436875188,579.6076258987626,716.2304098542592,619.9812622070312,426.3730773925781,535.7059936523438,535.7059936523438,1.0,32.0
672.5,364054.0,308.57056001029486,580.00327584349,716.4188718899021,619.3065795898438,427.39306640625,536.0233154296875,536.0233154296875,1.0,28.0
673.0,362969.0,308.8432836512314,580.3488605904198,715.8135232027962,619.539794921875,426.537353515625,536.2882080078125,536.2882080078125,1.0,24.0
673.5,363872.0,309.0444843094078,580.1472226918428,715.8135232027962,619.7401733398438,425.7545471191406,536.542724609375,536.542724609375,1.0,31.0
674.0,364308.0,308.9084273245946,580.0958541389369,715.8135232027962,618.9041137695312,426.7626953125,536.7020263671875,536.7020263671875,1.0,27.0
674.5,364712.0,309.02843194101723,580.4509884549661,715.8135232027962,618.9041137695312,426.7626953125,536.7020263671875,536.7020263671875,1.0,29.0
675.0,363623.0,309.32938061707324,580.9001635393125,715.8135232027962,618.5425415039062,427.19873046875,536.7719116210938,536.7719116210938,1.0,25.0
675.5,363285.0,309.51067657978484,581.3776741499453,716.0062848886174,618.0719604492188,427.76617431640625,536.86376953125,536.86376953125,1.0,33.0
676.0,363910.0,309.6501437214928,581.8470589424682,716.0062848886174,618.2354736328125,427.0602111816406,537.1051635742188,537.1051635742188,1.0,26.0
676.5,363798.0,309.69983996694697,582.104844504313,716.6100752850186,618.3682861328125,427.14215087890625,537.2559204101562,537.2559204101562,1.0,29.0
677.0,364201.0,309.9590172276579,582.2800013739095,715.4033827149548,618.8817749023438,426.0202331542969,537.4249877929688,537.4249877929688,1.0,31.0
677.5,364578.0,310.15698472113763,582.3060192026388,714.801371011556,618.5703735351562,426.35101318359375,537.509765625,537.509765625,1.0,29.0
678.0,364721.0,310.29163554065786,582.8636204121852,715.0,618.5703735351562,426.35101318359375,537.509765625,537.509765625,1.0,31.0
678.5,363291.0,310.57379713581713,583.3909494952668,720.017360901805,618.20556640625,426.7944030761719,537.5797119140625,537.5797119140625,1.0,32.0
679.0,363576.0,310.7167688970926,583.3712368619113,722.2146495329488,620.59375,428.2703552246094,539.1836737284065,540.2950439453125,1.0,37.0
679.5,363903.0,310.80069596570274,583.09518948453,723.807985587338,621.5045166015625,427.9746398925781,540.7876355427504,541.372314453125,1.0,29.0
680.0,364013.0,310.90273119085913,582.906853616976,723.807985587338,621.6834716796875,427.234619140625,541.6197509765625,541.6197509765625,1.0,31.0
680.5,364247.0,310.9960399240509,582.5702532730347,719.8284517855626,621.301513671875,427.70440673828125,541.6889038085938,541.6889038085938,1.0,30.0
681.0,364557.0,310.9675103770684,582.597116362779,715.0174823037546,621.301513671875,427.70440673828125,541.6889038085938,541.6889038085938,1.0,33.0
681.5,362898.0,311.2741640582269,583.0862714886192,720.623341281699,620.4508666992188,428.7505187988281,541.84521484375,541.84521484375,1.0,32.0
682.0,363606.0,311.34583998251867,582.8430320420756,719.8284517855626,620.4508666992188,428.7505187988281,541.84521484375,541.84521484375,1.0,26.0
682.5,363964.0,311.46055939821696,583.0008576323023,724.6054098611188,620.81640625,428.9749755859375,542.2609252929688,542.2609252929688,1.0,28.0
683.0,363276.0,311.8477540895534,583.2752352020442,725.4033360827616,621.3754272460938,428.42413330078125,542.9281005859375,542.9281005859375,1.0,30.0
683.5,363341.0,312.11771756320934,584.0590723548432,725.0,621.6013793945312,427.57940673828125,543.1900634765625,543.1900634765625,1.0,28.0
684.0,364809.0,311.92119718249654,584.2352265983435,725.4033360827616,620.351318359375,429.1322937011719,543.4154663085938,543.4154663085938,1.0,31.0
684.5,364018.0,312.19172712222917,584.2593174132691,725.4033360827616,620.9675903320312,427.8017272949219,543.6057739257812,543.6057739257812,1.0,28.0
685.0,364542.0,312.3816719962114,584.5269882558409,725.4033360827616,621.2002563476562,426.9430236816406,543.8699951171875,543.8699951171875,1.0,29.0
685.5,364749.0,312.542922330266,584.5417008221056,725.4033360827616,620.8143310546875,427.4154968261719,543.942138671875,543.942138671875,1.0,27.0
686.0,363163.0,312.8229527463149,584.7873117602578,727.0006877575839,622.1651611328125,426.5288391113281,544.9656372070312,544.9656372070312,1.0,28.0
686.5,364971.0,312.74708700183174,584.5062018451357,725.4033360827616,622.1683349609375,426.5220947265625,544.9666137695312,544.9666137695312,1.0,25.0
687.0,363220.0,312.9182917336235,584.7505451040164,726.2017625976957,622.1683349609375,426.5220947265625,544.9666137695312,544.9666137695312,1.0,26.0
687.5,363499.0,313.1366166747185,585.1580982948112,725.4033360827616,622.1683349609375,426.5220947265625,544.9666137695312,544.9666137695312,1.0,26.0
688.0,364420.0,313.26027572667806,585.4375713939856,724.6054098611188,622.1683349609375,426.5220947265625,544.9666137695312,544.9666137695312,1.0,33.0
688.5,364642.0,313.49170548976736,585.6150612817263,725.4033360827616,622.7907104492188,425.18145751953125,545.1629028320312,545.1629028320312,1.0,26.0
689.0,363098.0,313.8217401182057,586.1963834706447,730.2013420968219,624.1209716796875,424.9903259277344,546.6729736328125,546.6729736328125,1.0,32.0
689.5,363470.0,313.9179401924254,586.463980138593,730.2013420968219,624.09912109375,425.6914367675781,547.1585693359375,547.1585693359375,1.0,35.0
690.0,363469.0,314.0953305604846,586.6310595217757,731.0027359729921,623.8313598632812,426.1373291015625,547.99072265625,547.99072265625,1.0,31.0
690.5,363067.0,314.1652238382584,586.655776414074,730.2013420968219,623.8313598632812,426.1373291015625,547.99072265625,547.99072265625,1.0,34.0
691.0,364759.0,314.1641841267747,586.6766571105123,728.8017563096291,623.8313598632812,426.1373291015625,547.99072265625,547.99072265625,1.0,32.0
691.5,363182.0,314.4373424463998,587.0687353272696,729.4004387166216,623.1978149414062,426.3604431152344,548.4071655273438,548.4071655273438,1.0,35.0
692.0,363651.0,314.630542377442,587.2350466380561,731.0027359729921,623.1978149414062,426.3604431152344,548.4071655273438,548.4071655273438,1.0,38.0
692.5,363704.0,314.7340452281496,587.3882872512867,731.8046187337164,623.5645141601562,426.5837097167969,548.823974609375,548.823974609375,1.0,35.0
693.0,364131.0,314.8900463237945,587.5240420537086,731.8046187337164,623.795654296875,425.7244873046875,549.086669921875,549.086669921875,1.0,40.0
693.5,364080.0,314.92292412232825,587.3486187927889,731.8046187337164,622.8560791015625,426.89520263671875,549.2577514648438,549.2577514648438,1.0,37.0
694.0,364654.0,315.1611114287855,587.8463659217582,731.8046187337164,623.0809936523438,426.0490417480469,549.5180053710938,549.5180053710938,1.0,36.0
694.5,363749.0,315.3910632019747,588.0688735173798,731.8046187337164,623.0809936523438,426.0490417480469,549.5180053710938,549.5180053710938,1.0,41.0
695.0,364090.0,315.27734250543665,587.9043289363482,731.0027359729921,621.8397216796875,427.59747314453125,549.746337890625,549.746337890625,1.0,33.0
# px_per_mm = 35.644 +/- 0.200
# seed = (501, 282)
