particle,n_frames,R_px_med,R_cv,resid_med,ring_cv_med,ecc_med,n_cores_med,frac_multicore,inlier_med,n_shape,x_med,y_med,sym_med,polarity,rigid_partner,rigid_sep_cv,rigid_corr,med_step,max_step,mislink,reason,proposed
16,1145,16.37903757457335,0.021647148405585615,0.026699557932234413,0.08900713404467843,0.3049801046604762,1.0,0.0,0.7708333333333334,80,737.1500244140625,282.3587341308594,41.246,1,5361,0.022835426310736696,0.7521732217038489,0.535045668902638,3.2645279599035457,False,rigid-doublet,reject
8,59,11.574204085512852,0.026626142008491574,0.029288094562866823,0.0930722207439237,0.4047316008016458,1.0,0.0,0.875,5,686.0702514648438,144.3720245361328,30.752113,1,-1,,,1.0963157400899455,3.4298793591678587,False,short,reject
3239,662,22.20830982435978,0.04377889449019426,0.012374557066291694,0.2175886176604363,0.4350231881785934,1.0,0.08695652173913043,0.6458333333333334,46,1518.7557983398438,675.9827880859375,29.533041500000003,1,-1,,,0.6092532364137214,3.9874314693958537,False,not-round,reject
13,1145,9.373562895494821,0.15265046864403778,0.01666240577076939,0.04947902996013587,0.23642934944898725,1.0,0.1,0.84375,80,655.6618041992188,865.7722778320312,23.412954,1,2782,0.056353960031555975,0.7217991309658767,1.2545594291021924,4.897315680668768,False,rigid-doublet,reject
11,1145,12.621295426818472,0.06587103808662459,0.029143784768500693,0.1546824557083693,0.32055602143785045,1.0,0.075,0.6875,80,749.1424560546875,921.1464233398438,19.482103,1,37,0.031721770653084,0.7472372637736168,0.7763705987113699,2.761177507022452,False,rigid-doublet;not-round,reject
14,1145,11.844182244905525,0.31959675355353695,0.03833020138743408,0.07958191028029729,0.3142661507029365,1.0,0.175,0.8958333333333334,80,1083.466796875,340.6443176269531,18.771496,-1,-1,,,1.4108071068298904,5.3845989744066625,False,defocus,reject
2315,816,10.955696076176189,0.058820228547820576,0.03925666933191997,0.07720969981030161,0.23635488218570255,1.0,0.0,0.8541666666666666,57,289.7008361816406,1209.3097534179688,16.497131500000002,1,4673,0.051827392870418765,0.7124749904097115,0.8565388315482861,3.086396702570719,False,rigid-doublet,reject
20,95,22.680543662582203,0.12891781682435796,0.013254621429157116,0.248633812972704,0.44903949120148573,1.0,0.0,0.7291666666666666,7,531.4549560546875,1067.76953125,14.216607,1,-1,,,0.6892903695680624,2.134853006129401,False,not-round,reject
18,531,9.309798090093524,0.043095054320682606,0.025228540431953786,0.08615370657359571,0.3239241178168096,1.0,0.02702702702702703,0.8125,37,586.6724853515625,188.2736358642578,14.172418,1,2949,0.06276207375980387,0.7209722994443024,1.1843359110204266,6.164755094599477,False,rigid-doublet,reject
19,797,20.912079757431492,0.17561526156256976,0.10453448471053325,0.2516489618890623,0.4767354977023771,1.0,0.21428571428571427,0.8333333333333334,56,1539.0732421875,700.276611328125,13.490277,1,-1,,,0.7020330161680913,5.269636833754356,False,not-round;elongated,reject
1127,974,22.179182028412825,0.08841705207342947,0.03147492870225019,0.2729064099500316,0.42764103847461843,1.0,0.14925373134328357,0.7083333333333334,67,532.7353820800781,1087.2854614257812,13.276614,1,-1,,,0.7386404717601041,7.497208527044626,True,not-round;mislink,reject
2715,95,22.501992991980828,0.006662886676583362,0.014620094317203378,0.24853208154166995,0.47177970850998685,1.0,0.0,0.6666666666666666,6,1529.8271484375,689.259521484375,10.744331,1,-1,,,0.8208505693459668,5.890461440548465,False,not-round;elongated,reject
4814,396,10.603388686451199,0.21063635606370656,0.058692832633824715,0.10760821301133919,0.3807242215067573,1.0,0.06896551724137931,0.875,29,642.4667663574219,146.1534194946289,10.640805499999999,1,-1,,,0.8514262027049134,4.000333508775771,False,not-round,reject
696,67,10.188567447893057,0.09518427811244284,0.07056358790072952,0.15851784674427408,0.3941100609495334,1.0,0.0,0.8125,5,418.0255126953125,6.533515453338623,10.398047,1,-1,,,0.819580171236859,2.593420688063429,False,not-round,reject
12,423,22.644551317791855,0.08001706540827591,0.030701899834480406,0.2340095351003583,0.41704408320260433,1.0,0.06666666666666667,0.7083333333333334,30,1538.9564208984375,685.2704467773438,10.052508,1,-1,,,0.8939228317050266,4.507405722402625,False,not-round,reject
28,58,11.98385353510319,0.027771395070617808,0.06733296483162605,0.09427956649450879,0.3775222639449315,1.0,0.0,0.9375,5,369.1278381347656,221.03813934326172,9.694402,-1,-1,,,1.8128076782761782,6.749094920417336,False,short,reject
38,282,11.852872831199157,0.04582749397412863,0.06126732939726946,0.12163602162377948,0.3869659840884524,1.0,0.0,0.9166666666666666,20,270.84300231933594,1200.066162109375,8.757949499999999,1,-1,,,1.0000490961597963,5.732488531410738,False,not-round,reject
37,1145,12.063402178332563,0.06450335726180541,0.044344210829514466,0.19847370961988497,0.4133319209681224,1.0,0.0625,0.7083333333333334,80,742.5734252929688,931.1585083007812,8.734582,1,11,0.031721770653084,0.7472372637736168,0.7287530644742385,2.744335266079624,False,rigid-doublet;not-round,reject
26,787,23.79482476702504,0.053871429481016815,0.013212986412388158,0.12384072916844328,0.3235201294601794,2.0,0.6851851851851852,0.6875,54,775.3499755859375,292.7872619628906,8.731271,1,-1,,,0.7137542428643721,3.9853782068701857,False,two-cores;not-round,reject
3312,652,13.814565694678326,0.1271538577883735,0.14685042537270504,0.24681032788202562,0.5396590214156373,1.0,0.15217391304347827,0.875,46,736.9201049804688,305.68202209472656,8.6449945,1,-1,,,0.6805430530909015,7.729603678031177,True,not-round;elongated;mislink,reject
687,64,22.800985576027028,0.061910626105805784,0.022730316488179025,0.2188804757812308,0.42707576460263863,1.0,0.2,0.8333333333333334,5,535.3372497558594,1071.6410522460938,8.4154315,1,-1,,,0.8405785016683519,5.430693420896899,False,not-round,reject
3415,124,11.779143817109125,0.2791192376042839,0.07186164050608224,0.168780065969834,0.3445902333921731,1.0,0.3333333333333333,0.8333333333333334,9,637.1028747558594,164.3003921508789,8.279,1,-1,,,1.0526318974959215,6.628229050464386,False,two-cores;not-round;defocus,reject
32,1004,11.283914488166497,0.09825049676322102,0.05559856490258906,0.18646431197945412,0.4242170539207977,1.0,0.2571428571428571,0.8125,70,1208.6423950195312,836.9804382324219,8.0282455,1,4940,0.03162164896597564,0.7068416738572477,1.0384957549914298,7.019276878705327,False,rigid-doublet;not-round,reject
3911,551,9.26749214736792,0.08126136652129747,0.027822084159470906,0.11964908008870982,0.3471280912363961,1.0,0.0,0.7916666666666666,38,273.3110046386719,606.6463623046875,7.9826875,1,-1,,,1.1557806043149899,6.301449033260936,False,not-round,reject
58,1144,7.934318839326595,0.2767323642769547,0.031496576843339535,0.04086169092042988,0.2904858864990494,1.0,0.175,0.9375,80,747.2740173339844,348.8097839355469,7.80727145,1,-1,,,1.5227950940231672,4.980633680567272,False,defocus,reject
2453,791,10.36907642792162,0.11489973615597432,0.043471132844865326,0.18915897100052412,0.4027645007314131,1.0,0.10909090909090909,0.7708333333333334,55,1204.2288818359375,830.4265747070312,7.6703434,1,-1,,,1.0763898005160122,5.180132473611678,False,not-round,reject
30,599,9.452326725214888,0.042579201395286655,0.026339366094442138,0.10034478181639078,0.3041998876674986,1.0,0.0,0.7916666666666666,42,252.6003875732422,654.232666015625,7.549665,1,57,0.06795198380635659,0.7687934266616815,1.1688506215739256,6.156568344185782,False,rigid-doublet;not-round,reject
3357,63,22.497468707584126,0.04871114663593641,0.11670393561657283,0.2892008838138456,0.46327762664907934,2.0,0.75,0.7708333333333333,4,1535.0223388671875,687.2031860351562,7.269323,1,-1,,,0.7802765198559676,4.497045455288194,False,two-cores;not-round;elongated,reject
33,285,10.435227490001013,0.0986026877054323,0.05614879588308287,0.1543801197155032,0.3526909249884974,1.0,0.2,0.8229166666666667,20,604.2405395507812,183.58282470703125,7.143244,1,-1,,,0.852949488942242,7.911911381886427,True,not-round;mislink,reject
778,54,14.589245517030648,0.07571575548638196,0.0673109208618924,0.20744839371440907,0.43025622044768674,1.5,0.5,0.8020833333333333,4,596.6734313964844,255.87889862060547,6.7944125,-1,-1,,,1.5933875899237295,4.817463088763503,False,short;two-cores;not-round,reject
4089,523,11.295617030784086,0.29398440211604737,0.052073079291615136,0.06283773887219377,0.3093147723271377,1.0,0.32432432432432434,1.0,37,83.91824340820312,856.6452026367188,6.696303,-1,-1,,,1.7294748059728744,5.508442591158932,False,defocus,reject
27,98,13.81899624883216,0.06979799160883618,0.060251999705818286,0.17796245563268487,0.3744370728105857,2.0,0.5714285714285714,0.8958333333333334,7,601.1152038574219,262.9424591064453,6.2402090999999995,-1,-1,,,1.5483277188133362,3.614390019593928,False,two-cores;not-round,reject
1155,271,21.602011417688797,0.08031321030463323,0.03839701265183093,0.2647161247075616,0.45418334198771076,1.0,0.3684210526315789,0.7291666666666666,19,533.6175537109375,1083.9390869140625,5.9428306,1,-1,,,0.733508123713698,6.211832380680034,True,two-cores;not-round;elongated;mislink,reject
15,349,11.731580615318496,0.09052623885950689,0.08334104538624597,0.1849407078042046,0.42362288969138107,1.0,0.36,0.875,25,1201.2181396484375,839.74560546875,5.8914638,1,-1,,,0.9154916795845444,5.033736952711294,False,two-cores;not-round,reject
4138,508,18.118282146124688,0.17535427461067565,0.08648376985114681,0.22063175288724923,0.3997385491595712,1.0,0.14285714285714285,0.875,35,99.98652267456055,671.0870056152344,5.45818525,-1,-1,,,1.8160886943653574,8.350326121516611,False,not-round,reject
2209,175,12.656335644085832,0.23676214179738436,0.07908751576319564,0.18767086573430236,0.47790832612057493,1.0,0.25,0.7395833333333333,12,623.96142578125,173.06544494628906,5.113722,1,-1,,,1.0865852370282507,6.428600254189641,False,not-round;elongated,reject
129,492,14.160465754996263,0.1742585024137421,0.10580297647717356,0.24914844626307903,0.5586270766664598,1.0,0.29411764705882354,0.8958333333333333,34,745.4613647460938,302.48777770996094,5.030374,1,-1,,,0.711508970906725,4.871946830373678,False,not-round;elongated,reject
1995,53,9.034813287277384,0.04885562868336463,0.0766627003825242,0.16395512817043467,0.4991140068487764,1.0,0.0,0.9375,3,6.067091941833496,145.88796997070312,5.0177627,1,-1,,,1.3303982224274615,3.4543678283892456,False,short;not-round;elongated,reject
659,192,10.506527922820766,0.06565610867568056,0.09569030082557965,0.1862545339992635,0.4465941882648917,1.0,0.0,0.9166666666666666,13,429.86619567871094,9.048047542572021,4.976743,1,-1,,,0.8688712352317438,5.317250048637169,False,not-round,reject
4025,59,19.570391866323096,0.09558690719360759,0.2342293888131214,0.24883805828416383,0.5739842871554883,1.0,0.0,1.0,4,770.0902099609375,291.2633972167969,4.7631683,1,-1,,,0.8646385835795001,3.4332541605955718,False,short;not-round;elongated,reject
4046,77,11.893533212981849,0.07543376774393495,0.09020346754112894,0.1043343530290788,0.42965269314856286,1.0,0.4,0.9375,5,65.63232421875,415.0972900390625,4.683542,-1,-1,,,2.0752564485603973,7.9760689960824225,False,two-cores;not-round,reject
6541,139,13.092766170100976,0.1469389401519985,0.10531417787427641,0.15590283065520577,0.40835408349274377,1.0,0.0,0.9270833333333333,10,1560.4658203125,413.3271789550781,4.3443837,-1,-1,,,2.327804132712698,6.7503951402553835,False,not-round,reject
46,342,14.493402182366893,0.1595851604544484,0.09574410092564908,0.17064262974169775,0.3794903619893692,1.0,0.0,0.8854166666666667,24,1588.9324340820312,480.7460479736328,4.3365265,-1,-1,,,2.106876566809569,5.727668064421599,False,not-round,reject
5275,336,21.41906902437198,0.080220722123135,0.08044553463402213,0.1632233804081124,0.46080996413146846,1.0,0.375,0.9014050387596899,24,1530.4746704101562,666.9748840332031,4.2803745499999994,1,-1,,,0.7020562266294046,5.911667070645605,True,two-cores;not-round;elongated;mislink,reject
2310,379,12.982122066318468,0.27778406732855015,0.0908206913682118,0.1955289590751072,0.45589765173930796,1.0,0.4230769230769231,0.8645833333333333,26,603.147705078125,225.8407287597656,4.234125,-1,-1,,,1.6138600365476685,4.925872525679544,False,two-cores;not-round;elongated;defocus,reject
36,824,8.936718227495392,0.14569865324900397,0.041901018974258075,0.178954706517022,0.39630871269294954,1.0,0.10344827586206896,0.8333333333333334,58,278.80296325683594,1195.065673828125,4.1569815000000006,1,1175,0.09573083007700993,0.7167137294854027,1.0526209123888297,6.766168308522935,False,rigid-doublet;not-round,reject
3549,50,11.904695051195347,0.2455141169836618,0.11614676744565647,0.2084400806817993,0.38609445303793943,1.0,0.25,0.875,4,728.9285583496094,923.0346984863281,4.107012750000001,-1,-1,,,1.2533704122824085,3.7851480287329515,False,short;not-round,reject
49,411,10.394590302458678,0.13048069143982977,0.07052624268249999,0.19878621889078085,0.3835740574710449,1.0,0.13793103448275862,0.7708333333333334,29,719.8174438476562,928.84814453125,4.0861936,1,-1,,,0.8478408494167692,7.477060929314397,True,not-round;mislink,reject
6424,151,12.770866509236196,0.15866572755719097,0.12310507504588317,0.19219921485482352,0.4509729225259329,1.5,0.5,0.9166666666666667,10,590.0646362304688,190.1229553222656,4.084179,-1,7099,0.07694473359999243,0.73136335162602,1.6896148309528392,7.8197968139787015,False,rigid-doublet;two-cores;not-round;elongated,reject
1523,113,11.808576096129954,0.19364459008176585,0.044750437133319804,0.18762862310758904,0.3945771860797137,2.0,0.625,0.8229166666666666,8,603.823486328125,252.82261657714844,4.0412197,-1,-1,,,1.4977337919673022,6.274520276131742,False,two-cores;not-round,reject
7099,52,12.699980487528055,0.180733186555812,0.16257238008227393,0.20310875681820295,0.4244946793706753,2.0,0.5,0.9583333333333334,4,592.5588989257812,184.56704711914062,3.9976095,-1,6424,0.07694473359999243,0.73136335162602,1.548465281017946,4.112618018900424,False,short;rigid-doublet;two-cores;not-round,reject
3799,52,6.350682380026798,0.03548269785473404,0.035341246194274145,0.03535812792984179,0.2989450065878009,1.0,0.0,1.0,4,134.5255355834961,814.0539245605469,3.9157736,1,-1,,,1.6859023847732528,4.614761880414588,False,short,reject
35,1145,10.540297605992151,0.08367355140028897,0.05953989146609927,0.16911092927925414,0.4044723951264967,1.0,0.025,0.8125,80,549.8570556640625,1067.430908203125,3.886384,1,-1,,,0.66769660571657,3.314597230071387,False,not-round,reject
1168,84,13.384503919776515,0.0667715519382061,0.10755127171977592,0.18254944124572597,0.32211822475984386,2.0,0.8,0.9166666666666666,5,594.9640808105469,249.3745346069336,3.70777465,-1,-1,,,1.9599998507105711,7.016882803459131,False,two-cores;not-round,reject
5318,325,12.713757587039618,0.18215668151849382,0.05567454339150024,0.14716160335884465,0.4007323686191431,2.0,0.6521739130434783,0.8541666666666666,23,196.06300354003903,154.52281188964844,3.6192229,-1,-1,,,1.7053256788711635,4.527235552879951,False,two-cores;not-round,reject
5088,356,9.826119385304033,0.12116287883507493,0.03825353114729301,0.1868833046236013,0.3312077160663771,1.0,0.16666666666666666,0.75,24,268.0140686035156,1205.1535034179688,3.6146965,1,-1,,,0.9344440990865458,6.689971941094674,False,not-round,reject
40,1144,9.435641306447693,0.03294837833576169,0.04031310976124241,0.14158941236900074,0.3232561587579179,1.0,0.0,0.7708333333333334,80,733.5520935058594,921.038330078125,3.4304659,1,-1,,,0.7220819545306497,4.193670826269741,False,not-round,reject
2882,66,12.491410404572537,0.041307421916927496,0.17774628456645575,0.2753916546325393,0.6222344011462781,1.0,0.0,0.8541666666666666,4,728.7628173828125,924.6386413574219,3.2682202,-1,-1,,,1.6311130616194025,3.8198623921075243,False,not-round;elongated,reject
4607,414,8.880072725585732,0.1304648364866101,0.040123726953572365,0.1851267386482919,0.40577319079389024,1.0,0.034482758620689655,0.8125,29,289.7740936279297,1197.534423828125,3.2469956,1,5750,0.05223027718288902,0.7589877017516725,0.9088107892091367,5.6469799414429795,False,rigid-doublet;not-round,reject
6206,173,22.30474823444422,0.12795230990108986,0.08529035962705563,0.3024398792419798,0.42476711206544226,2.0,0.5714285714285714,0.78125,14,759.7168579101562,276.1543273925781,3.2441761,1,-1,,,0.8693868939177939,5.837525122667342,False,two-cores;not-round,reject
1439,92,9.236111127350018,0.0957795207177476,0.0896169381772684,0.1783123735409612,0.4753676135041479,1.0,0.0,0.8845301418439716,6,282.1592102050781,1214.1455078125,3.2267479999999997,1,1478,0.07656000533104558,0.740605918445523,0.9179234686151715,3.252090050776467,False,rigid-doublet;not-round;elongated,reject
2135,92,18.349763686546503,0.1048085857853848,0.20510918867966846,0.25082452339456757,0.4157693730857875,2.0,0.5714285714285714,0.9375,7,1533.08642578125,682.8871765136719,3.2238607,-1,-1,,,0.8531089561522727,6.386468942522233,False,two-cores;not-round,reject
6342,166,10.581217395962753,0.2660295302838765,0.05706072576489218,0.189167006217219,0.40969040923773326,1.0,0.25,0.84375,12,1212.6998901367188,833.3867797851562,3.2173713,1,-1,,,1.0656917008099844,4.31342463411351,False,not-round;defocus,reject
1564,177,11.95468318317448,0.1943718779609783,0.16700295598252812,0.18413248013825653,0.4406617713530091,2.0,0.5384615384615384,0.9166666666666666,13,596.19140625,248.33236694335935,3.1530278,-1,-1,,,1.6234244889032805,5.424838043186767,False,two-cores;not-round,reject
3842,146,10.458324999486692,0.05601466456209693,0.06701945240982543,0.2127203762613159,0.3610513606718172,1.0,0.0,0.7916666666666666,10,729.3775024414062,933.517822265625,3.1509475,1,-1,,,0.7472617842728594,8.046490558580063,True,not-round;mislink,reject
1901,53,13.244558029853104,0.02001827123284497,0.17628557673175127,0.22258625329436482,0.5774879865163511,1.0,0.0,0.9375,4,741.5313110351562,305.5047912597656,3.1269953,1,-1,,,0.5714034391505488,7.413459026102352,True,short;not-round;elongated;mislink,reject
804,96,8.992899654006358,0.04936962964832368,0.09208609486497657,0.11933853005903196,0.4742527509454429,1.0,0.0,0.9583333333333334,7,181.8041229248047,168.86429595947266,3.11682095,1,-1,,,1.3057753844491935,6.6275404181834405,False,not-round;elongated,reject
42,875,11.910361697271563,0.21824177804431788,0.09751180721866208,0.14111334407661671,0.35092965067139587,1.0,0.08196721311475409,0.9583333333333334,61,1209.886474609375,900.80859375,3.1103594,-1,-1,,,2.1789886835818986,7.092581679158061,False,not-round,reject
5085,207,8.600803864115484,0.10005460288664648,0.05382005049986476,0.19756002287258262,0.341390868908218,1.0,0.0,0.7708333333333334,14,601.7842407226562,211.5273895263672,3.0296135,1,-1,,,1.2890881856676446,3.8468188076424044,False,not-round,reject
640,61,12.091268723162646,0.06367691966320069,0.13818948795525063,0.15089834825667345,0.46074863585039505,1.5,0.5,0.96875,4,358.039794921875,234.01528930664065,3.0218532,-1,-1,,,1.97310116243575,6.32780181869332,False,two-cores;not-round;elongated,reject
1358,659,8.449520433064553,0.2453859504979761,0.0707711328603395,0.15129713722145152,0.43534372832674556,1.0,0.3111111111111111,0.875,45,179.9063262939453,156.83251953125,3.0106943,1,-1,,,1.526213574479934,5.994097639763797,False,two-cores;not-round,reject
2617,142,10.967724206881407,0.19151437876913133,0.08172502505658881,0.16803774563557938,0.33361791426525633,1.0,0.2222222222222222,0.875,9,722.2495422363281,923.9512329101562,3.0014389,1,-1,,,1.0722416344820844,5.675380076908765,False,not-round,reject
2184,255,8.896487884433569,0.20169433217558227,0.05441473478631592,0.20631507365013843,0.5538417790895132,1.0,0.058823529411764705,0.8125,17,290.92987060546875,1200.0040283203125,3.0012407,1,1478,0.08574884845353806,0.7211932937205738,0.9467908977773775,2.712014849316728,False,rigid-doublet;not-round;elongated,reject
3850,442,8.82261972152662,0.17553021110226227,0.07321702508627007,0.22000054651572137,0.4598034372283728,1.0,0.0,0.8632535460992907,30,539.3951416015625,884.9601745605469,2.9906011,1,4858,0.05574121989049342,0.8015047416534845,1.0493476557054504,5.11674478095419,False,rigid-doublet;not-round;elongated,reject
3813,131,19.096768851628525,0.04582835248813519,0.22164063302872677,0.23520739846610783,0.5834821734360105,1.0,0.1111111111111111,0.9583333333333334,9,763.3302612304688,279.7534484863281,2.9858234,1,-1,,,0.7994249338652187,6.776354591744395,True,not-round;elongated;mislink,reject
41,1139,11.43477508067492,0.05664952422690549,0.17562369300871924,0.26725629097055287,0.5262625777305882,1.0,0.0,0.9583333333333334,79,751.0416870117188,303.2154235839844,2.961627,1,5361,0.04755351605674817,0.8194616427816488,0.5458974957484316,6.149135095397958,True,rigid-doublet;not-round;elongated;mislink,reject
4747,409,19.969802072299302,0.12695151408121647,0.1667873716704536,0.26520474694255447,0.554662499186232,1.0,0.25,0.90625,28,768.089599609375,286.13165283203125,2.9358084,-1,-1,,,0.9272311607902769,5.203710629842215,False,not-round;elongated,reject
1478,946,9.54527023306359,0.06548567841607447,0.07331719876035112,0.15807155517735086,0.3157758306819391,1.0,0.0,0.9166666666666666,66,278.49122619628906,1203.7405395507812,2.8359086500000004,1,2184,0.08574884845353806,0.7211932937205738,0.8003316353927306,2.9897175050535365,False,rigid-doublet;not-round,reject
3516,130,9.129368614900429,0.1654890738770879,0.043292815836937226,0.2083270215555866,0.4132010792047241,1.0,0.2222222222222222,0.6458333333333334,9,582.7132263183594,206.95116424560547,2.81494125,1,-1,,,1.3660381394586352,3.775585617785557,False,not-round,reject
2634,155,9.929509889912774,0.36381859182731896,0.11691532694530862,0.2475220255437878,0.5059506136009914,1.0,0.09090909090909091,0.875,11,540.593017578125,863.1618041992188,2.680893,1,-1,,,1.236025924998426,3.325566513919772,False,not-round;elongated;defocus,reject
2642,80,13.51227301516289,0.18825196035927935,0.14213630060908566,0.2229847288730104,0.5148386941055705,1.0,0.16666666666666666,0.8645833333333334,6,592.1622009277344,226.99530029296875,2.67578385,-1,-1,,,1.8327551117637315,4.793067320592766,False,not-round;elongated,reject
4145,492,11.558018595432062,0.22028899553731185,0.1091592296417007,0.22680816059244507,0.46127838772232227,1.0,0.22857142857142856,0.8541666666666666,35,741.1957092285156,942.3624267578125,2.6674166,1,-1,,,0.9198311356965914,7.687604846656712,True,not-round;elongated;mislink,reject
2726,88,12.47398511156549,0.07978441442601349,0.15515204659235815,0.25564995350851816,0.5938269226898923,1.0,0.0,0.875,7,742.3809814453125,304.5725860595703,2.6342393,1,-1,,,0.6089841651165128,7.620678455435649,True,not-round;elongated;mislink,reject
43,94,8.016860733206096,0.07047947496182896,0.07850158470880643,0.1489386818759651,0.44157436251191157,1.0,0.0,0.9166666666666666,7,182.7191162109375,150.56033325195312,2.633785,1,-1,,,1.309728660555762,6.104053229592783,False,not-round,reject
4866,159,8.160946548091243,0.11447073329259053,0.05074343010173494,0.19404015629602273,0.324237740821772,1.0,0.18181818181818182,0.8541666666666666,11,602.704833984375,214.7293243408203,2.617179,1,-1,,,1.3798027028139117,5.797797722640393,False,not-round,reject
1737,109,8.623997222018097,0.2409023105349741,0.04705341901697707,0.21065844395388994,0.3845684709524272,1.0,0.14285714285714285,0.7291666666666666,7,1218.275146484375,841.6498413085938,2.6103292,1,-1,,,0.9831384268210495,5.012146065959489,False,not-round,reject
4929,223,21.880358919290828,0.16385656872249538,0.07860938878802408,0.289021392405839,0.5281153381478191,2.0,0.625,0.75,16,760.6229858398438,279.7100524902344,2.5536792,1,-1,,,1.0147066424143882,7.373780408951591,False,two-cores;not-round;elongated,reject
4940,73,11.62218774169028,0.22523678916683953,0.15406906857303188,0.19092945647528223,0.39923316522346364,1.0,0.4,0.8541666666666666,5,1210.791748046875,847.0446166992188,2.4355912,1,32,0.03162164896597564,0.7068416738572477,1.1591569721143076,3.1588938199023398,False,rigid-doublet;two-cores;not-round,reject
5626,277,18.84385450684061,0.0714258404724183,0.2958974283633749,0.31735234340580576,0.45891501693819287,1.0,0.0,0.9791666666666666,19,1537.548095703125,686.368408203125,2.367189,-1,-1,,,0.9150351419020313,7.735800844373626,True,not-round;elongated;mislink,reject
4574,86,9.505932946567956,0.24362629504747235,0.06427689967330401,0.1798650098329598,0.34020263080269375,1.0,0.16666666666666666,0.8020833333333334,6,589.3716430664062,220.71332550048828,2.343016,1,-1,,,1.3612357727818922,4.291174608396887,False,not-round,reject
5891,230,15.762208940272812,0.18143110365641804,0.09356130100194131,0.1669654695071484,0.42666138708410095,1.0,0.0,0.9166666666666666,15,80.77759170532227,381.9471740722656,2.19377815,-1,-1,,,2.2218047443806896,7.168862077597412,False,not-round,reject
3907,129,7.6686150278573555,0.23651586995239304,0.06361146009719947,0.17133843524004624,0.4358583573005926,1.0,0.42857142857142855,0.875,7,608.56494140625,217.45236206054688,2.172424,1,-1,,,1.5469616835286468,6.2328214247215215,False,two-cores;not-round,reject
54,1142,14.258380255327317,0.2965765316354887,0.13466934005905978,0.2531347573478137,0.4648809933388952,1.0,0.225,0.90625,80,528.6505432128906,1064.96533203125,2.1549313,-1,-1,,,0.7343717798057496,6.947796221942094,True,not-round;elongated;defocus;mislink,reject
47,115,7.962945430003962,0.33428299297002756,0.0526042834975041,0.23484647040501705,0.5624685006830961,1.0,0.0,0.71875,8,532.6261596679688,848.7069702148438,2.110804,1,-1,,,1.2596255917573687,4.860499897790149,False,not-round;elongated;defocus,reject
6392,158,9.855427720641547,0.28636740597981997,0.08333733755685267,0.23947117214747538,0.43644451065085554,1.0,0.25,0.8958333333333334,12,555.0736083984375,874.3814697265625,2.1062414,1,-1,,,1.1838526248083034,7.135630947468146,False,not-round;defocus,reject
6460,146,8.440088789606706,0.0961126639865351,0.0597886646631668,0.17231775654581638,0.47155363833262287,1.0,0.0,0.8333333333333334,10,282.9480285644531,1204.0189208984375,2.0892145500000003,1,-1,,,0.898269578634214,5.064670944794818,False,not-round;elongated,reject
954,147,19.26951736291067,0.11123049418188878,0.1847363627697527,0.2697410252594764,0.5106850468104878,1.0,0.2,0.90625,10,1533.8038330078125,680.398681640625,2.0839913,-1,-1,,,0.8816377593364376,6.324914915434618,False,not-round;elongated,reject
5223,59,18.80062003442738,0.02196351343039244,0.1479353893102491,0.17474157127233414,0.47842015488483625,1.0,0.0,0.875,5,1539.6976318359375,694.415283203125,2.0781367,-1,-1,,,1.2494484720135728,6.985335917154926,False,short;not-round;elongated,reject
5881,117,8.7153767698688,0.25908447043385724,0.08406307169976557,0.20464767787226973,0.48653102313270613,1.0,0.0,0.8854166666666667,8,584.1378784179688,223.0202789306641,2.0188143,1,-1,,,1.3471776952089862,5.1388028090267825,False,not-round;elongated;defocus,reject
2949,79,9.493777341442664,0.22127348756023468,0.12301272139016461,0.21784118288547288,0.4809093642542661,1.0,0.3333333333333333,0.9166666666666667,6,596.024169921875,202.98855590820312,1.9765557,1,18,0.06276207375980387,0.7209722994443024,1.3761849450459336,4.939641997643238,False,rigid-doublet;two-cores;not-round;elongated,reject
2097,88,7.827354651997174,0.26623241388941954,0.05610494515478556,0.21150661289366918,0.526418320619685,1.0,0.16666666666666666,0.8125,6,265.9521789550781,1207.9005126953125,1.9615814,1,2315,0.030693466151905543,0.805940072128414,0.9936657390993384,4.0292288247009616,False,rigid-doublet;not-round;elongated;defocus,reject
6699,54,7.7931013205158415,0.16259330295695193,0.06299629668959693,0.22536719745867262,0.3719888932849192,1.0,0.25,0.8645833333333333,4,595.3751525878906,223.7752685546875,1.949817,1,-1,,,1.4113840704541725,4.405252213914265,False,short;not-round,reject
463,317,14.409022976571366,0.14960878552417292,0.22494068245171436,0.2874282839421388,0.6154338807541069,1.0,0.3684210526315789,0.9791666666666666,19,723.7949829101562,923.951904296875,1.9383718,-1,-1,,,0.9635203913976077,4.649034361327084,False,two-cores;not-round;elongated,reject
52,169,8.691156819326627,0.12545057714411872,0.08317942877907189,0.10563337168547124,0.46710850476540866,1.0,0.16666666666666666,0.96875,12,22.02880096435547,458.8425903320313,1.9125504,1,-1,,,1.7894819318181714,5.514739587062655,False,not-round;elongated,reject
6754,94,10.569498977834563,0.03460985955397897,0.1465272125610884,0.18105926469775657,0.5900631329226939,1.0,0.0,0.9583333333333334,7,537.2724914550781,1071.9961547851562,1.9010801000000002,1,-1,,,0.7319600500260921,5.181789429846886,False,not-round;elongated,reject
4673,158,10.015642028859228,0.11923256646200868,0.13513798992598786,0.18125221961953114,0.4200653484841477,1.0,0.0,0.9361702127659575,11,290.6340789794922,1216.65966796875,1.89103295,1,2315,0.051827392870418765,0.7124749904097115,0.782120426396999,3.7026952038464325,False,rigid-doublet;not-round,reject
4602,55,19.03246966184563,0.11736370564925748,0.18439936096233467,0.29666856865070723,0.4780800236064774,2.0,1.0,0.8645833333333334,4,759.7024536132812,289.4063415527344,1.889505,1,-1,,,0.5155678615615843,1.9787853143420515,False,short;two-cores;not-round;elongated,reject
3194,80,16.119815773362276,0.006686967502652917,0.13426970215124942,0.24748624750656345,0.38518547572568107,1.0,0.0,0.8958333333333334,5,600.1744384765625,216.61559295654297,1.8606066,-1,-1,,,1.6150770815576756,4.8352537137777825,False,not-round,reject
75,1145,8.763619040545855,0.2600144921463089,0.07484811329609692,0.10029773629283005,0.3610268581967715,1.0,0.0,0.9375,80,756.439453125,729.0394287109375,1.8422933,1,-1,,,2.1070376460410825,7.778738176576523,False,not-round;defocus,reject
45,370,9.393864184829685,0.35375577555467785,0.14113396802749073,0.2105784467931502,0.3556990714030543,1.0,0.11538461538461539,0.9166666666666666,26,541.3554382324219,1053.9310302734375,1.8399898499999998,1,-1,,,0.7339942575271072,4.62237548828125,False,not-round;defocus,reject
4860,351,14.988182709490726,0.13364265129627872,0.23277983756114862,0.3055249883323974,0.5209573787076984,1.0,0.0,0.9791666666666666,24,1521.951416015625,699.4356689453125,1.7833996,1,-1,,,0.43069303695174294,3.7326678125667945,True,not-round;elongated;mislink,reject
2153,297,9.106535676197932,0.1362719967343176,0.18158631170282782,0.21730842941337894,0.46109927353222785,1.0,0.0,0.9583333333333334,21,273.0931396484375,1207.4541015625,1.7621298,1,-1,,,0.908063351166749,6.575952295682773,False,not-round;elongated,reject
5617,54,7.293638372466387,0.13408811494268658,0.08796414257723156,0.2197370263532822,0.4068492208278022,1.0,0.0,0.875,4,578.2042541503906,223.078369140625,1.7269942999999999,1,-1,,,1.3230366113971426,4.303932461996193,False,short;not-round,reject
6059,62,22.828121329588562,0.004816936172923905,0.005593040585821772,0.12704076489164864,0.31529678328069577,1.0,0.0,0.5625,4,1521.3075561523438,669.1759033203125,1.6612695,1,-1,,,0.8674721690183591,3.8329680940064486,False,not-round;poor-fit,reject
404,63,16.953362986014714,0.025260634643506027,0.26382803608398503,0.285411532872541,0.608927745600946,1.0,0.3333333333333333,0.9375,3,736.5628051757812,291.8614807128906,1.65419,-1,-1,,,0.9072373553225624,7.464143223324413,True,two-cores;not-round;elongated;mislink,reject
5391,84,22.18687477308115,0.022321948049780504,0.017260165574459238,0.1942210938545612,0.4305428832183971,1.0,0.0,0.625,6,1525.4786987304688,672.1610412597656,1.6392883500000002,1,-1,,,0.9001701456022675,4.974409895152304,False,not-round,reject
5348,54,15.622907808940218,0.1370178814322038,0.21356094872177822,0.29963278421558825,0.5708498570302694,1.0,0.25,0.9270833333333333,4,759.6177978515625,272.3086395263672,1.62543915,1,-1,,,1.157274093029679,5.71402486944763,False,short;not-round;elongated,reject
55,140,17.60045302765399,0.04900261270374554,0.11562467028113126,0.21920610041691674,0.421144823177928,1.0,0.2222222222222222,0.875,9,535.7949829101562,1080.0973510742188,1.62066915,-1,-1,,,0.7946735960366266,4.811691133594374,False,not-round,reject
4582,173,10.230004268996144,0.10981103116739217,0.13837706973410444,0.18102893588307845,0.46800197212020966,1.0,0.0,0.9895833333333333,12,135.9683380126953,126.91618347167967,1.6205226,-1,-1,,,2.2665943699190025,6.314401912455722,False,not-round;elongated,reject
3320,100,18.84937177381625,0.09306108866886185,0.20896799402864732,0.30666724510967813,0.5563257308159144,1.0,0.16666666666666666,0.9479166666666666,6,762.0328674316406,294.4585723876953,1.5317623500000002,1,-1,,,0.720999805609541,3.942481638213302,False,not-round;elongated,reject
2414,477,11.597397583729473,0.2390008683144299,0.14812395818812232,0.28122748003383974,0.3736142646094257,1.0,0.09090909090909091,0.9375,33,1589.58447265625,494.82080078125,1.4998232,-1,-1,,,2.3014106538367036,6.945368830451875,False,not-round,reject
4624,156,17.450665141258362,0.18330023799893444,0.29251564973666505,0.3288557466446318,0.6137525669545361,2.0,0.5833333333333334,1.0,12,773.3761901855469,276.7923278808594,1.4981887,1,-1,,,0.7701945753914211,6.263271915249962,True,two-cores;not-round;elongated;mislink,reject
1278,103,10.175492549558776,0.33617134197600124,0.10395025737487072,0.30128937186711546,0.5956388745968795,1.0,0.0,0.7395833333333334,6,538.0558471679688,856.14892578125,1.4909445,1,-1,,,1.2293587287586039,4.581895818521885,False,not-round;elongated;defocus,reject
3496,84,9.68140638720119,0.21101365722787369,0.1014897693873559,0.2261843081921223,0.49446824984222776,1.0,0.0,0.875,5,538.23583984375,1068.8032836914062,1.46881385,1,-1,,,0.761698606809618,7.990128286143335,True,not-round;elongated;mislink,reject
1357,83,9.617964234576236,0.16543185280340997,0.21229720492871695,0.300736750065441,0.4824194688749447,1.0,0.2,0.875,5,593.156005859375,196.33282470703125,1.4563018,1,-1,,,1.2757262792187256,3.9020635470370935,False,not-round;elongated,reject
6548,84,14.186046451553672,0.02109358913602729,0.19163555043430436,0.2020492192650965,0.3814175077209821,1.0,0.0,0.96875,6,1352.8513793945312,13.832916259765625,1.4522361,-1,-1,,,2.219324340349621,5.922591140976986,False,not-round,reject
1204,140,15.723088928000536,0.1706164210056325,0.22734626928730342,0.3006603043124442,0.6649253605078023,1.0,0.375,0.8958333333333334,8,780.8976440429688,284.28375244140625,1.3844279,1,-1,,,0.7224321852788435,7.085051941665103,True,two-cores;not-round;elongated;mislink,reject
5458,303,9.849404201909188,0.09122961685890076,0.10110431585177587,0.22168869189175108,0.6022422211644373,1.0,0.09523809523809523,0.8333333333333334,21,642.9195556640625,151.83807373046875,1.3479756,1,-1,,,0.8598432045355374,2.6931227771752653,False,not-round;elongated,reject
51,99,8.035981998411337,0.17129778904160367,0.06583343469271109,0.19052680913226916,0.3968385142749121,1.0,0.0,0.8541666666666666,7,283.68280029296875,1204.49267578125,1.3371924,1,-1,,,1.0858355062244582,5.931503573830903,False,not-round,reject
5355,321,19.800806419591844,0.13029031566706664,0.14707642028976375,0.30667230169573956,0.6034031896584136,2.0,0.7727272727272727,0.8125,22,1521.4052734375,652.4813232421875,1.3347569,-1,-1,,,0.844257646221537,3.6077531928083815,False,two-cores;not-round;elongated,reject
2800,78,22.005615133072823,0.03378608462229172,0.02139175660366707,0.2718253626562593,0.5209779521984281,1.0,0.2,0.6666666666666666,5,1539.356201171875,683.2212524414062,1.3252414,1,-1,,,1.0648583803730656,6.541287029555272,False,not-round;elongated,reject
1464,160,7.808316618789608,0.2726825662577256,0.06207387950863016,0.2214541081045281,0.5775697821994609,1.0,0.09090909090909091,0.8125,11,253.44143676757812,647.6881408691406,1.31473025,1,-1,,,1.400126537392739,3.5526301412000274,False,not-round;elongated;defocus,reject
1119,71,17.377063466274713,0.03979619691986364,0.2898116573333357,0.340281106846814,0.5608285067525323,2.0,0.75,1.0,4,706.9828491210938,920.90673828125,1.2722263,-1,-1,,,0.9882307700903897,4.98620173222765,False,two-cores;not-round;elongated,reject
5540,128,10.262683558195173,0.17557807238972062,0.13609795800960547,0.1547429805441078,0.45621940136120565,1.0,0.0,0.9791666666666666,9,1370.9461669921875,15.41739559173584,1.2658266,-1,-1,,,2.2382089229244753,7.65743012089195,False,not-round;elongated,reject
25,244,12.963528937223385,0.10811851191058566,0.17309185802413635,0.20120272690815855,0.5544277524314479,1.0,0.16666666666666666,0.9680555555555556,18,431.5016784667969,17.902729034423828,1.25803935,1,-1,,,1.1514507666547185,5.38495509999283,False,not-round;elongated,reject
4548,226,10.97853419290341,0.04640172739582758,0.0815575856403317,0.10580017886967466,0.38734051584565193,1.0,0.47058823529411764,0.9375,17,70.10416793823242,410.7914581298828,1.2511344,-1,-1,,,1.89915464466962,5.6391218018092975,False,two-cores;not-round,reject
4033,91,17.77926004871279,0.03795618846664679,0.15620847119133918,0.24471589020575005,0.45999619212599385,1.0,0.2857142857142857,0.9166666666666666,7,539.9451293945312,1097.3153076171875,1.2488177,-1,-1,,,0.7684097174031879,5.985888731203187,False,not-round;elongated,reject
5034,89,7.100515108495579,0.25992431457460063,0.07498747491378152,0.23228419225044958,0.32109933239819444,1.0,0.16666666666666666,0.8333333333333333,6,583.962646484375,209.3209228515625,1.2125837,1,-1,,,1.651452192936019,7.1687137062033885,False,not-round;defocus,reject
2608,62,7.5494507316006025,0.12650061274204466,0.062200096083616756,0.26690817378802856,0.4192632010022156,1.0,0.25,0.7291666666666666,4,261.8326110839844,650.3528137207031,1.17058745,1,-1,,,1.3065515738042843,6.375244614609218,False,not-round,reject
64,745,9.05670526981935,0.3794449471149993,0.10601307411854212,0.2224940914804043,0.5056799503965588,1.0,0.19607843137254902,0.8958333333333334,51,1552.8660888671875,699.948974609375,1.1310838,1,-1,,,0.8303623603487058,7.484633909637008,True,not-round;elongated;defocus;mislink,reject
4162,103,9.553426673708294,0.1682050371598916,0.10094371295272911,0.24526050034744146,0.46610728410651414,1.0,0.25,0.8854166666666667,8,265.0662536621094,612.435302734375,1.1174492,1,-1,,,1.4228393088243,7.147191443003339,False,not-round;elongated,reject
82,112,9.83063588912561,0.2568411836777194,0.12404792927466718,0.21421817742914862,0.6020732103148497,1.0,0.375,0.875,8,617.2678833007812,190.527099609375,1.111303,1,-1,,,1.0743569663631503,6.362725827630766,False,two-cores;not-round;elongated;defocus,reject
4359,169,18.236365508211808,0.1344851794445181,0.12412823754495514,0.1711980543098224,0.42165540998531675,1.0,0.09090909090909091,0.9583333333333334,11,1536.0614013671875,690.0513916015625,1.1101233,-1,-1,,,1.2198923716280219,7.907558107957451,False,not-round,reject
6288,170,11.030489223767434,0.2326756860413495,0.1585488787374907,0.24809174039806342,0.5943514338822389,2.0,0.6923076923076923,0.8958333333333334,13,736.1009521484375,950.0004577636719,1.0955612000000001,1,-1,,,0.9829127231186183,6.709307702503891,False,two-cores;not-round;elongated,reject
258,70,6.830706323058486,0.19325616712055113,0.10904816401427479,0.23388730583220838,0.4427366477919719,1.0,0.2,0.8958333333333334,5,584.62255859375,172.01836395263672,1.08037885,1,-1,,,1.2882201143556142,4.577918447757801,False,not-round,reject
59,1143,9.087546007081277,0.22463674727992178,0.09035666361504524,0.12196594772003705,0.34085296014773986,1.0,0.0,0.9166666666666666,79,1317.8109130859375,1048.9749755859375,1.0638016,1,-1,,,2.178495028921419,7.874484069394093,False,not-round,reject
4849,385,10.536313728905629,0.18886134072997704,0.1747479243746114,0.27491914932851486,0.5529676386873034,1.0,0.03571428571428571,0.9375,28,541.9266967773438,1069.2611083984375,1.0514396,1,-1,,,0.7210266693123223,6.014143642648466,True,not-round;elongated;mislink,reject
5032,159,10.703670973246993,0.25301814153920565,0.07716017157052663,0.2829700961754644,0.6089919388351822,1.0,0.4,0.8125,10,743.5137939453125,930.7384033203124,1.0320505,1,-1,,,1.0082291736144189,6.633950517189965,False,two-cores;not-round;elongated;defocus,reject
4684,408,15.216743838506503,0.08550991035751233,0.18701351611146602,0.2614418409179514,0.5094532362963151,1.0,0.32142857142857145,0.9479166666666667,28,742.3217468261719,290.3550262451172,1.02632865,-1,-1,,,0.4844083053923535,4.086301817434156,True,two-cores;not-round;elongated;mislink,reject
57,64,7.712565642692412,0.21948743043360386,0.05597426700238964,0.23251108904927628,0.45240820879590504,1.0,0.2,0.8541666666666666,5,227.01288604736328,680.8361511230469,1.02107765,1,30,0.06795198380635659,0.7687934266616815,1.1529422432155558,2.755520416925712,False,rigid-doublet;not-round;elongated,reject
62,380,15.171213319807178,0.08986935727565669,0.21814174685673374,0.2789679845700871,0.4592498577677447,1.0,0.25925925925925924,0.9791666666666666,27,533.9311218261719,1101.7529296875,1.0063013,1,-1,,,0.6964531564000412,3.9018030531876926,False,not-round;elongated,reject
74,126,15.146762720116389,0.07070950587520428,0.18854082808164063,0.20336221973475677,0.522956015997797,1.0,0.2222222222222222,1.0,9,26.31053638458252,188.1876220703125,0.9969506,-1,-1,,,2.4530860348450565,7.198180109419364,False,not-round;elongated,reject
6416,65,20.387668116704408,0.06348415932696452,0.18015389444768054,0.1933316967109394,0.5454972535289591,1.0,0.0,0.9791666666666666,3,1524.1761474609375,677.303466796875,0.9812999,1,-1,,,1.2836981194888493,7.975740046662832,False,not-round;elongated,reject
554,65,18.103714139737654,0.11107132553149819,0.12785835103593332,0.21866842317005114,0.470710720291367,1.0,0.4,0.8541666666666666,5,526.5157470703125,1078.263671875,0.9562442,-1,-1,,,0.8263960550869799,4.19061719724625,False,two-cores;not-round;elongated,reject
5366,143,11.601388242280013,0.15556512324033475,0.26982598223323884,0.3726257827027175,0.5230186495621947,1.0,0.2,0.9583333333333333,10,1566.6295166015625,447.1184387207031,0.94694805,-1,-1,,,2.392720781747217,6.954192586324382,False,not-round;elongated,reject
3952,166,9.373371848045569,0.22607567661239028,0.10211106489592232,0.12057295990468114,0.46708968389976124,1.0,0.0,0.9375,11,536.6852111816406,1064.9354248046875,0.945086435,1,-1,,,0.7504261314219544,6.798182597729224,True,not-round;elongated;mislink,reject
2099,65,7.146085050105272,0.3792896199590634,0.0871253137548973,0.23319171073474987,0.4265667423820217,1.0,0.25,0.875,4,598.0332641601562,188.05860900878903,0.92385775,1,-1,,,1.2857465740519165,6.811038240572832,False,not-round;defocus,reject
5856,127,11.318555117283246,0.2760524290273673,0.16617588277060388,0.21379080905358694,0.4505494777628325,1.0,0.42857142857142855,0.9375,7,276.9194030761719,608.4113159179688,0.92201847,1,-1,,,1.4224984103768716,4.68186348148745,False,two-cores;not-round;elongated;defocus,reject
5904,63,23.8522497074829,0.16995531021444704,0.01666510552975353,0.26716657089817647,0.5002132108267049,2.0,0.6666666666666666,0.6666666666666666,3,756.358154296875,288.97576904296875,0.89618796,1,-1,,,0.4599808595836025,1.8209959806817722,False,two-cores;not-round;elongated,reject
2682,74,13.256900196687676,0.05234871188906318,0.18141940576451937,0.25520426630293047,0.5498214569455495,1.5,0.5,0.90625,4,737.3584289550781,284.9408874511719,0.8629089,-1,-1,,,0.4756397181867116,7.819475496491916,True,two-cores;not-round;elongated;mislink,reject
3852,66,20.555338671781897,0.14209360977606625,0.04030640202623851,0.2520268687481233,0.5015590964835616,2.0,0.6,0.6875,5,1529.41455078125,696.8518371582031,0.859620455,-1,-1,,,0.818358718783869,4.951268028984655,False,two-cores;not-round;elongated,reject
4312,51,17.442277311919252,0.04266904359767216,0.10537504985439686,0.21593808209953613,0.4990518553667629,1.0,0.0,0.8333333333333333,4,1530.351318359375,695.9304809570312,0.83147,-1,-1,,,1.2999560063548254,5.768481048019024,False,short;not-round;elongated,reject
6045,112,16.458194914422137,0.16937248286559728,0.2938857981270553,0.30857397319154867,0.6700218597470552,1.0,0.125,0.9895833333333333,8,770.8787536621094,275.21620178222656,0.82993734,1,-1,,,1.0660967599797864,6.338099229098866,False,not-round;elongated,reject
4858,97,13.937754764572517,0.19336332761716238,0.10157815213826084,0.2757884185591663,0.534152556473939,2.0,0.7142857142857143,0.8541666666666666,7,542.3624267578125,882.1710205078125,0.8191781,1,3850,0.05574121989049342,0.8015047416534845,0.9786541347595105,2.687684973184078,False,rigid-doublet;two-cores;not-round;elongated,reject
2749,209,7.762913200282713,0.22077567759662883,0.1154821833663996,0.11802978234066706,0.5070991724033073,1.0,0.14285714285714285,1.0,14,53.04315948486328,424.62744140625,0.8172622,1,-1,,,2.08665474096452,7.348053749200094,False,not-round;elongated,reject
3747,148,14.513506847876664,0.05365546577845208,0.21759770631841807,0.23736194109196965,0.5578185045150048,1.0,0.0,0.9791666666666666,10,743.1754150390625,294.91802978515625,0.810546275,-1,-1,,,0.5580966096030602,6.956852707132721,True,not-round;elongated;mislink,reject
5103,76,23.780612472361938,0.05731275955403082,0.02763632113927654,0.30605884874106193,0.4448096665710429,3.0,0.8,0.6875,5,756.7967529296875,287.9878845214844,0.79668503,1,-1,,,0.5584214495487555,1.787138858666605,False,two-cores;not-round,reject
6936,72,15.792890781040146,0.08373976705677338,0.2818144333192827,0.301835124148848,0.6386168226637396,1.0,0.0,0.9895833333333333,6,771.4087829589844,273.25160217285156,0.777139,1,-1,,,1.0318448287534328,4.018958858365988,False,not-round;elongated,reject
5778,210,8.81583268510583,0.050655337066541066,0.144995778519112,0.15486134474342383,0.5165892260030703,1.0,0.0,0.96875,14,141.16153717041016,93.37353515625,0.7752451,1,-1,,,2.086351294364181,7.1376750742642265,False,not-round;elongated,reject
947,648,8.720748042778455,0.12677781000850247,0.096064867028954,0.14545060099845433,0.4251351332150154,1.0,0.0,0.9375,45,1228.2604370117188,44.44655418395996,0.7715891800000001,1,-1,,,1.9906963859491449,7.920057919268622,False,not-round,reject
1020,124,12.6905356072236,0.08104957117674942,0.2075566342331607,0.26978513326655185,0.4112091116551101,1.0,0.0,0.9791666666666666,8,736.6153869628906,937.1384582519531,0.7599003900000001,1,-1,,,0.4446492284898243,6.447455212869793,True,not-round;mislink,reject
6965,67,15.588508907007991,0.049017729760423456,0.25210683073462814,0.35647132787914027,0.6075307638561431,1.0,0.0,0.9166666666666667,4,1542.2686767578125,670.8176879882812,0.75872487,1,-1,,,1.0023771787054057,5.816019154628216,False,not-round;elongated,reject
390,197,11.39251445552098,0.22614382311261377,0.12448900771078913,0.2662692819959326,0.55904822412546,1.0,0.35714285714285715,0.84375,14,614.7766723632812,185.97691345214844,0.75837094,1,-1,,,1.0911875953467023,7.539875782465536,False,two-cores;not-round;elongated,reject
396,145,9.654677403473434,0.14985660850174662,0.11234440951413605,0.19954186370675858,0.37343433075110416,1.0,0.0,0.875,11,279.16845703125,1210.86328125,0.75493366,1,-1,,,1.1062886179501414,6.772818588378592,False,not-round,reject
641,59,14.19830706292419,0.2723338577062173,0.25056558662930095,0.33915823011051394,0.6154778390516183,1.0,0.2,0.875,5,746.1575317382812,301.57403564453125,0.7481225,1,-1,,,0.7337980496157691,6.31708950513789,True,short;not-round;elongated;defocus;mislink,reject
60,85,12.621506966324251,0.09312084224450558,0.21489421426395058,0.34230983657787517,0.6196122269860095,1.0,0.42857142857142855,0.8541666666666666,7,770.9198608398438,331.93963623046875,0.7438633,1,-1,,,1.1321120598219343,6.2247755898055805,False,two-cores;not-round;elongated,reject
1147,60,16.74208869541036,0.05392936648037172,0.20582055371357164,0.2473366350344262,0.5224410563630959,1.0,0.25,0.9791666666666666,4,1518.9886474609375,708.7554931640625,0.739501685,-1,-1,,,1.4187766823086743,6.586468061076193,False,not-round;elongated,reject
2264,72,9.816078219014639,0.1493902416624028,0.1149296915176147,0.2007427504001446,0.5607887415005834,1.5,0.5,0.90625,4,628.09619140625,168.92681884765625,0.737847225,1,-1,,,1.2198019244448566,7.034573666429104,False,two-cores;not-round;elongated,reject
6704,71,8.026183903829043,0.31991398065576193,0.15668944546385508,0.2238785339459799,0.46816610258605296,1.0,0.2,0.9375,5,291.0321044921875,599.8314819335938,0.72618675,1,-1,,,1.8193874824262184,7.116300050850984,False,not-round;elongated;defocus,reject
1889,458,12.360093599805543,0.1359006684995484,0.21408085258735823,0.29491467094875873,0.54503753069053,1.0,0.03125,0.8854166666666667,32,554.628173828125,1076.7855834960938,0.72249845,1,-1,,,0.6818264831264833,6.737161594530286,True,not-round;elongated;mislink,reject
4809,88,17.12445292624255,0.1234603429206525,0.1618890424206219,0.24888749796237075,0.462766951622679,1.5,0.5,0.90625,6,527.2673645019531,1076.6614379882812,0.722070225,-1,-1,,,1.629554474830637,5.316849102496535,False,two-cores;not-round;elongated,reject
6479,102,13.541639374692252,0.19904865695931878,0.1915865838165122,0.31361695571607584,0.5505129572499583,1.0,0.16666666666666666,0.8645833333333333,6,527.7748107910156,1070.0728759765625,0.7136756200000001,1,-1,,,0.7895859663053543,7.969100897922286,True,not-round;elongated;mislink,reject
1512,77,11.184851747592353,0.06467414291188582,0.12654399230526983,0.27568038690473073,0.38920251275179074,1.0,0.0,0.875,5,292.1632080078125,1203.197265625,0.7095179,1,-1,,,1.267166200669729,7.945809017609162,False,not-round,reject
4670,429,14.19971100736295,0.084704447354146,0.22812209474583475,0.27586166161085185,0.5487777793923238,1.0,0.1,0.9375,30,762.8472900390625,309.798095703125,0.7062592,1,-1,,,0.5974776059957895,4.785497075710669,True,not-round;elongated;mislink,reject
6604,74,14.135714544909632,0.10139449153557467,0.1517714166008298,0.21584265730196148,0.5205317843036537,1.5,0.5,0.8854166666666667,4,742.060546875,304.37413024902344,0.69742987,-1,-1,,,1.265571460179304,6.055768526000886,False,two-cores;not-round;elongated,reject
5361,55,12.627874446285507,0.23399628077542103,0.21589834306592903,0.3507325656809392,0.5386604186482384,1.0,0.25,0.8958333333333333,4,738.4622192382812,298.49334716796875,0.69357246,1,41,0.04755351605674817,0.8194616427816488,0.6537281896564877,1.6153849171369392,False,short;rigid-doublet;not-round;elongated,reject
80,460,18.17346606625609,0.14855336237681532,0.19330071398707876,0.25495502558235433,0.4486156204473041,1.0,0.15625,0.9270833333333333,32,754.4596862792969,293.1771240234375,0.68738535,-1,-1,,,0.6923790710180648,4.5228812949475605,False,not-round,reject
4750,59,15.142821407857623,0.04456259519205684,0.17096242619664176,0.21923428264652167,0.45054928920868864,1.0,0.2,0.8958333333333334,5,727.6923217773438,276.3045959472656,0.6759538,-1,-1,,,1.3202179292324163,7.518700568108333,False,short;not-round;elongated,reject
76,137,12.340214160519126,0.10357704475055199,0.20441640352840057,0.3033077054155783,0.524252060075806,1.0,0.3,0.9375,10,525.6470336914062,1095.7545166015625,0.66720533,1,-1,,,0.7779632823729641,4.541436665022526,False,not-round;elongated,reject
2546,58,13.004193208705832,0.07530901873360817,0.18460476005333054,0.22634532904600427,0.593499635458897,1.0,0.0,0.9166666666666666,5,738.7741394042969,313.6287841796875,0.66216762,1,-1,,,0.8204264745123288,6.807388958780521,True,short;not-round;elongated;mislink,reject
6269,83,13.165204528356064,0.18692216070528334,0.1787231053223124,0.26880374439819205,0.6258242177715924,1.0,0.3333333333333333,0.9375,6,647.9751586914062,146.0228729248047,0.6541738,-1,-1,,,1.4357877065284477,7.3956847140145,False,two-cores;not-round;elongated,reject
5010,366,18.090655647442,0.03671450476050913,0.17671791901043282,0.23135713554654969,0.4984318758342875,1.0,0.34615384615384615,0.8958333333333334,26,1510.0234375,689.2876586914062,0.650248065,-1,-1,,,0.7307153412862926,7.096059562799221,True,two-cores;not-round;elongated;mislink,reject
3079,187,17.700726133816065,0.2132587542247259,0.19148981621050506,0.2907348373081816,0.5232118398590393,1.0,0.07692307692307693,0.8958333333333334,13,1528.37939453125,703.068359375,0.63430303,-1,-1,,,0.8338239283652816,7.639413095446783,True,not-round;elongated;mislink,reject
194,104,8.324396008064136,0.07005623908934198,0.11329644316624585,0.1367499464862579,0.46464410482349533,1.0,0.0,0.9583333333333334,7,1195.00048828125,35.65891075134277,0.627540525,1,-1,,,2.1977722261566845,5.032879352881217,False,not-round;elongated,reject
1598,56,17.2549326887943,0.07532383585647148,0.39218407573766806,0.41660898620213616,0.7419946397410964,1.0,0.3333333333333333,1.0,3,1554.6375122070312,711.6480102539062,0.62565125,-1,-1,,,1.6503002056750053,3.927845185555186,False,short;two-cores;not-round;elongated,reject
3410,237,16.34495624085737,0.04777968524541716,0.1995494757784878,0.26380977855527393,0.40707674103516894,1.0,0.11764705882352941,0.9166666666666666,17,749.3289794921875,279.0560913085937,0.6254319,-1,-1,,,0.7534151717778858,7.429264763371527,True,not-round;mislink,reject
261,51,12.402894207106609,0.03748455287335014,0.23141866457380666,0.24725557099363532,0.4973761798825711,1.5,0.5,0.9479166666666667,4,277.7137756347656,1201.931640625,0.6211192,-1,-1,,,1.20839067070031,6.236791467631699,False,short;two-cores;not-round;elongated,reject
3161,72,17.512525524855228,0.1545556362463795,0.18697237364760988,0.2857029841746399,0.6009657440027922,1.5,0.5,0.9270833333333333,6,771.9341735839844,277.3367462158203,0.615556115,-1,-1,,,0.8957697834204574,7.188946817006654,True,two-cores;not-round;elongated;mislink,reject
1734,123,10.82464771008609,0.15557154489536473,0.15695358145473792,0.2688444727013819,0.4266345097928981,1.0,0.0,0.8854166666666667,8,1196.1973876953125,831.574462890625,0.60080814,1,-1,,,1.309883818237978,6.496758965710196,False,not-round,reject
3899,107,12.955522868674787,0.04462118210752283,0.15119503920576893,0.24205647239908074,0.5814368163821997,1.0,0.0,0.8958333333333334,8,744.3798828125,314.73358154296875,0.5954267,-1,-1,,,0.5646194423963316,6.746112506558198,True,not-round;elongated;mislink,reject
3059,65,10.340360623612485,0.0585047768786206,0.2646523882125562,0.28756985370430505,0.3858621291704105,1.0,0.0,0.9791666666666667,4,1569.9774169921875,1092.2156982421875,0.59511846,-1,-1,,,2.799046156181981,7.685765407275179,False,not-round,reject
2089,67,10.903036392767907,0.017462129133034802,0.16244189635663406,0.19011583071346214,0.6960016367097929,1.0,0.0,0.9791666666666666,3,618.6641235351562,867.24853515625,0.5868555,1,-1,,,1.5764717868163034,5.219659318214249,False,not-round;elongated,reject
4495,55,10.783166722101004,0.24298926093844805,0.25485588152351984,0.3155534862767386,0.5858877999723175,1.0,0.0,0.9375,4,1536.479736328125,707.8666381835938,0.5781173,1,-1,,,1.1132154580355484,5.165221414648588,False,short;not-round;elongated,reject
2618,119,10.732645787034665,0.30414682698430245,0.1659056238550118,0.23759988506755506,0.5480999864889148,1.0,0.125,0.9375,8,533.7054443359375,1063.009033203125,0.5731316,1,-1,,,0.9397081358065648,5.947248100229886,False,not-round;elongated;defocus,reject
3792,87,11.271939944357392,0.2119870646661387,0.1743013379095792,0.21200684011141405,0.5498949309914581,1.0,0.0,0.9583333333333334,5,270.6222839355469,1209.596923828125,0.5717446,1,-1,,,0.9862299313148984,7.536672165199882,False,not-round;elongated,reject
2347,59,8.908238341433204,0.2568696813972179,0.09500172111734712,0.12844269108459513,0.46466549717815275,1.5,0.5,0.9270833333333333,4,52.25788116455078,440.6025390625,0.5678928,-1,-1,,,2.4567369082329673,6.743980583983626,False,short;two-cores;not-round;elongated;defocus,reject
6384,145,10.876046098488223,0.059365376790389564,0.1383229134876929,0.22879309006543758,0.43472210082821444,1.0,0.0,0.9166666666666666,11,265.1032409667969,1200.020751953125,0.5664943,-1,-1,,,1.1076423916841616,7.538495645373625,False,not-round,reject
3468,139,13.231808373367366,0.09893867757727791,0.06576391722126121,0.23909409047383218,0.39898657840678026,1.0,0.1,0.8541666666666667,10,51.716453552246094,670.7991943359375,0.56634766,1,-1,,,1.8516289126674692,6.604687265043593,False,not-round,reject
2683,71,10.73870679786506,0.07396783885578792,0.2007110398204956,0.28019856333311366,0.4889642077350592,1.0,0.25,0.8958333333333333,4,1191.7685546875,841.6007080078125,0.5531552,1,-1,,,1.2492821400534926,7.7988624277036385,False,not-round;elongated,reject
2221,258,11.223445052314514,0.10073402694458454,0.2276704193610309,0.32622341465912597,0.5639945345915511,1.0,0.16666666666666666,0.8958333333333334,18,1527.0604858398438,719.688232421875,0.54929147,1,-1,,,1.6024504249101008,7.24637914343628,False,not-round;elongated,reject
2059,175,11.704598442716057,0.07406955355345786,0.10598984250962604,0.24235572636403294,0.42301500219711824,1.0,0.07692307692307693,0.7708333333333334,13,289.8156433105469,1195.6688232421875,0.54905015,1,-1,,,1.246071152138142,6.926336471434536,False,not-round,reject
2083,108,17.957297960099595,0.06990931489726189,0.10413689843874314,0.18743028086880562,0.48094215662106027,1.0,0.0,0.8958333333333334,7,1525.9797973632812,705.8191833496094,0.544011715,-1,-1,,,0.857426959351447,6.819414889476636,False,not-round;elongated,reject
5966,221,12.27675718899625,0.09164272477561392,0.20209819982550276,0.2967825484939314,0.38254226020838916,1.0,0.13333333333333333,0.9375,15,750.229248046875,312.6607360839844,0.54287076,1,-1,,,0.5920464492243194,5.419868717813573,True,not-round;mislink,reject
5950,55,15.534815488915504,0.04051708659468846,0.20734231982865356,0.24616573758421295,0.4984289986635261,1.0,0.0,0.9583333333333334,3,724.3409423828125,291.4239196777344,0.53796715,-1,-1,,,0.7404366797658112,2.9818329415516653,False,short;not-round;elongated,reject
2131,195,14.686449734201663,0.046017077955707066,0.18807249623613528,0.2702155606713245,0.42081239545734045,1.0,0.0,0.8958333333333334,15,1537.3707275390625,661.7350463867188,0.5356743,1,-1,,,0.9437413331085808,7.554021601339179,True,not-round;mislink,reject
1420,66,14.66030850055372,0.027743904876794807,0.1770956264492644,0.25830942736068174,0.5129827324651559,1.0,0.0,0.9166666666666667,4,1516.1904296875,689.4400634765625,0.530168805,1,-1,,,0.7656756535411424,2.329511592968389,False,not-round;elongated,reject
1175,51,11.184694164953278,0.06947519577702287,0.19012719144312926,0.24342977322918632,0.5241003112725201,1.0,0.0,0.9166666666666666,5,284.13702392578125,1208.0277099609375,0.526678,-1,36,0.09573083007700993,0.7167137294854027,1.4893040884881121,4.159381689271422,False,short;rigid-doublet;not-round;elongated,reject
2300,87,12.578669088743922,0.0489085534431724,0.29151463827018875,0.31367718324963256,0.33586409832131586,1.0,0.0,1.0,6,754.9654541015625,928.0501098632812,0.5255405,1,-1,,,1.1120832000549612,6.987757919681422,False,not-round,reject
2167,104,19.016460534307342,0.20327592774717848,0.14774708329473601,0.2520720315012851,0.49459602427126387,1.0,0.0,0.8209219858156028,8,544.1168518066406,1072.3529663085938,0.522114865,-1,-1,,,1.0344792902033038,6.156186425720698,False,not-round;elongated,reject
6042,120,11.136359804171985,0.04566445996647291,0.14158440228806018,0.2621500443289708,0.401477901968477,1.0,0.0,0.8625886524822695,8,269.92835998535156,1191.3636474609375,0.52203295,1,-1,,,1.0301164779659189,4.028878135783707,False,not-round,reject
3269,74,9.671586442921955,0.09290810399235286,0.16693828726565318,0.277767854182699,0.6086839300446641,1.0,0.0,0.8958333333333334,5,734.2394104003906,942.1358032226562,0.52116965,1,-1,,,1.0934883649212905,7.679461192806397,False,not-round;elongated,reject
319,315,12.308569643692511,0.1073381040819934,0.15233341255158378,0.2683847574950374,0.5036469537416824,1.0,0.14285714285714285,0.8333333333333334,21,728.2836303710938,298.08795166015625,0.5163532,1,-1,,,0.7739068069919365,5.934833598038548,False,not-round;elongated,reject
6572,118,12.216684809388214,0.11403419114939077,0.25410555551323266,0.2941430052380343,0.5003022194560721,1.0,0.25,0.9583333333333333,8,734.6969299316406,934.7929992675781,0.51599395,1,-1,,,0.641154043449713,5.602078265615575,True,not-round;elongated;mislink,reject
5104,249,11.198929695807717,0.09103438308517378,0.24944440695059547,0.32212829258975156,0.47453764271088017,1.0,0.058823529411764705,0.9583333333333334,17,1196.0537109375,839.9220581054688,0.504446,1,-1,,,0.49831650870472116,7.07748458214554,True,not-round;elongated;mislink,reject
4355,362,12.742893184944982,0.20032393580167443,0.1527960938611381,0.28853388875527497,0.5565127269533788,1.0,0.04,0.8333333333333334,25,739.8096923828125,268.4611053466797,0.5040034,1,-1,,,0.675567406777503,5.779201995999852,True,not-round;elongated;mislink,reject
633,99,15.712263910139171,0.08553750666049632,0.282260678466576,0.30332675664077785,0.6472531717356015,1.0,0.16666666666666666,0.96875,6,771.6388549804688,276.5040588378906,0.5035917,-1,-1,,,0.7846413778748745,6.032257977086274,False,not-round;elongated,reject
2554,63,11.234838849310925,0.08418403796888659,0.23310434944510436,0.2888392303392814,0.5656848104120519,1.0,0.0,0.9166666666666667,4,752.3251342773438,306.7593994140625,0.5010961,-1,-1,,,0.6887202281639562,4.316280292065549,False,not-round;elongated,reject
3845,121,12.63386386015404,0.02905169516912288,0.11410354509898273,0.22092673411782954,0.5567558005605863,1.0,0.3333333333333333,0.8333333333333334,9,725.1008911132812,313.9931335449219,0.49939263,-1,-1,,,1.0779698808400444,7.363433017229097,False,two-cores;not-round;elongated,reject
5211,82,11.6385267339703,0.1485451451155513,0.2616212027772291,0.32399678143113403,0.5501068525874098,1.0,0.16666666666666666,0.9583333333333333,6,772.0390625,952.0249633789062,0.49241835,1,-1,,,1.7545700221789788,7.465482516284348,False,not-round;elongated,reject
4336,67,11.183671815598304,0.04299265825685087,0.12195944279829277,0.23724866333555641,0.42573993986968595,1.0,0.0,0.8958333333333334,5,285.0229187011719,1202.8033447265625,0.49206126,-1,-1,,,1.1818082721940417,4.5685136139844555,False,not-round,reject
737,65,19.708865821825377,0.04285103183718095,0.16709089987494663,0.3416058664538754,0.5894330664177883,2.0,0.75,0.8020833333333333,4,757.7112426757812,281.5228881835937,0.4860187,-1,-1,,,1.0824314153967718,6.4290032124766325,False,two-cores;not-round;elongated,reject
6513,120,13.28513983470447,0.17099050245861336,0.13636622807113538,0.2729939308299297,0.35290797238485655,1.0,0.0,0.7916666666666666,8,580.4581604003906,1139.9365234375,0.48544988,1,-1,,,0.44015011186751246,4.707506549969999,True,not-round;mislink,reject
6651,108,13.119794212094227,0.10618992692355995,0.26281804823824007,0.30696876491075353,0.6180949274468516,1.0,0.2222222222222222,0.9791666666666666,9,738.0871887207031,313.8350067138672,0.48019259999999997,1,-1,,,1.1610886854730944,4.377358798658684,False,not-round;elongated,reject
2895,86,18.665486860989144,0.04503651057061804,0.18373209553586012,0.3037138438031205,0.5107668697454822,2.0,0.8333333333333334,0.8854166666666667,6,757.82958984375,276.3564453125,0.47693815,-1,-1,,,0.6361527606749585,7.237573902075756,True,two-cores;not-round;elongated;mislink,reject
5756,180,16.870408361980495,0.042901940958206985,0.19364345331072758,0.25783463070170554,0.4661972145624318,1.0,0.25,0.9375,12,558.4871826171875,1080.8731689453125,0.475623725,-1,-1,,,0.7286267717147611,4.468614624964,False,not-round;elongated,reject
529,77,11.250549637000264,0.12557823904654758,0.171637403836796,0.33817809802337195,0.558373454572447,1.0,0.0,0.8125,6,739.7706909179688,942.469482421875,0.4754965,1,-1,,,1.010825419955775,6.816737390470456,False,not-round;elongated,reject
923,76,14.820493355736552,0.06962517181658721,0.23659298605496729,0.3371319979738787,0.5446515338907587,1.0,0.25,0.9270833333333333,4,578.69775390625,1152.1823120117188,0.47158736,-1,-1,,,1.0471425098315292,5.565560711337107,False,not-round;elongated,reject
3611,233,11.680494553400216,0.10855540531169686,0.14714207304138,0.26283828292654293,0.4740565773033999,1.0,0.25,0.8541666666666667,16,282.6138000488281,1191.1024169921875,0.47084224,1,-1,,,1.1317251666698445,6.377199774071635,False,not-round;elongated,reject
68,174,11.978776352859944,0.1275099347975967,0.19937498150569827,0.28892415646186054,0.5095133940214498,1.0,0.0,0.8958333333333333,12,559.9034118652344,1066.0255737304688,0.47015149,1,-1,,,0.9190071249216828,4.317774693386912,False,not-round;elongated,reject
2348,85,18.162557435389555,0.03091998092878109,0.08603316419694879,0.19098356308828912,0.44028888665066146,1.0,0.125,0.7916666666666666,8,1533.6776123046875,709.36181640625,0.46905318,-1,-1,,,0.9185005756429684,7.885710753387063,True,not-round;mislink,reject
4960,85,11.872914455137014,0.06943885690706084,0.18246462697975274,0.28618924388988676,0.5140930624132811,1.0,0.3333333333333333,0.8854166666666666,6,282.93719482421875,1193.817626953125,0.46651232,1,-1,,,1.312340580268872,5.1811125123478545,False,two-cores;not-round;elongated,reject
4692,188,11.92629814476318,0.06686034186747028,0.24486329169550844,0.2757715830983104,0.37072458230237537,1.0,0.0,0.9791666666666666,12,516.1595458984375,1074.6525268554688,0.465549585,1,-1,,,0.9075875133723844,8.068302484294264,True,not-round;mislink,reject
6700,91,17.46186160683732,0.03833294275039435,0.2840746114615762,0.29303303953521687,0.6551534164246202,1.0,0.0,0.9895833333333333,8,1532.292236328125,675.9622192382812,0.464811,-1,-1,,,1.4301364908423695,7.508531829966452,False,not-round;elongated,reject
3897,68,12.974179003086578,0.08922213335497221,0.25289673720335093,0.25915411182104714,0.5347248572803743,1.0,0.4,0.9791666666666666,5,115.65301513671875,145.32682037353516,0.46468613999999997,-1,-1,,,2.8193166457323278,6.5087954092826505,False,two-cores;not-round;elongated,reject
81,54,23.59448077899408,0.017542980464381568,0.02390373132768611,0.33974315103768454,0.33388794906481484,2.0,1.0,0.6666666666666666,5,781.2610778808594,283.1472473144531,0.46424163500000004,1,-1,,,0.4017182945287779,3.194752568481154,False,short;two-cores;not-round,reject
2765,138,14.315398672812773,0.09428409568635246,0.19761813494011915,0.2660988546876134,0.4583266256121755,1.0,0.1,0.9166666666666667,10,590.0239868164062,230.4582748413086,0.46185319,1,-1,,,2.1761715094083156,7.10603361757562,False,not-round;elongated,reject
6061,65,15.457711944722721,0.10665962380496449,0.21133853980240358,0.27344514469776454,0.4164139999201281,2.0,0.6,0.9791666666666666,5,524.7415771484375,1066.302490234375,0.46101686,1,-1,,,0.9995323158693253,5.773859832258004,False,two-cores;not-round,reject
2724,66,11.948188409767718,0.04866061388666722,0.10355459807601067,0.2542015634527997,0.3565338508741641,1.0,0.0,0.8333333333333334,5,750.5538330078125,314.6621856689453,0.45732265,1,-1,,,0.5710124189433875,4.862375612942575,True,not-round;mislink,reject
102,78,14.164601628287823,0.09521301154649794,0.2125086668537093,0.29329789423397756,0.4772810308676706,1.0,0.2857142857142857,0.9791666666666666,7,757.19580078125,318.85931396484375,0.454604765,-1,-1,,,0.919105912511347,5.665294580709141,False,not-round;elongated,reject
1492,51,14.788020911249415,0.04068836748925326,0.19021180921474684,0.27026576689424625,0.39197909686469384,1.0,0.25,0.9479166666666666,4,577.3294067382812,1151.51318359375,0.45381102,-1,-1,,,1.1227263320338927,5.573186444096055,False,short;not-round,reject
938,87,13.319858191024583,0.11011205266945878,0.21264448089680008,0.2631751134200537,0.4059223805415517,1.0,0.0,0.9270833333333333,6,733.3972778320312,272.81365966796875,0.45295855,1,-1,,,0.6296183079249216,2.844985444650977,False,not-round,reject
5751,102,15.892975510229538,0.11138103174485671,0.31299520633727335,0.33071176306026095,0.6827576249424464,1.0,0.42857142857142855,1.0,7,762.808837890625,321.17762756347656,0.44734735999999997,1,-1,,,1.5188574339714718,5.610068630408274,False,two-cores;not-round;elongated,reject
6210,143,12.5428386119687,0.050781382576280204,0.24952807373318486,0.30254388190633935,0.465271153154603,1.0,0.0,1.0,9,516.2145385742188,1076.514892578125,0.43568683,1,-1,,,0.8751310171138663,6.48657154580168,False,not-round;elongated,reject
90,72,19.089823921351126,0.22032293837961775,0.159944802506885,0.30205375700700865,0.5840207395333785,1.0,0.0,0.7916666666666666,5,757.8509826660156,277.61415100097656,0.434476015,-1,-1,,,1.1934260193508976,7.134806835985981,False,not-round;elongated,reject
5750,65,13.199757873561532,0.04569854195597815,0.21440649268828071,0.23547553760945358,0.526046342207316,1.0,0.0,0.9583333333333334,5,297.7424011230469,1204.102294921875,0.43299392,-1,4607,0.05223027718288902,0.7589877017516725,1.1832565942555493,3.3888748737512087,False,rigid-doublet;not-round;elongated,reject
3802,101,10.070505289387057,0.3776151538587853,0.10642375541637733,0.19512023765073533,0.4132222001318065,1.0,0.14285714285714285,0.8958333333333334,7,663.9046630859375,890.4869384765625,0.4323182,1,-1,,,1.6709113329278757,4.606607002039203,False,not-round;defocus,reject
552,114,17.92886529490918,0.15990209416737114,0.26819235860214724,0.31101766974523676,0.6199129261681626,1.5,0.5,0.96875,8,756.795166015625,273.42372131347656,0.4299978,-1,-1,,,1.3501506801558885,7.476877820435182,False,two-cores;not-round;elongated,reject
84,64,17.997138380823827,0.0419415288398044,0.25275168660427516,0.2967542524222536,0.6103862463794945,1.0,0.0,0.9270833333333333,4,771.4333801269531,276.07518005371094,0.426967455,-1,-1,,,0.8702357614199583,3.7261902866736953,False,not-round;elongated,reject
5602,52,11.574646896626707,0.05584012974668017,0.17234544021476544,0.23353295762770115,0.4806881645040235,1.5,0.5,0.875,4,284.649169921875,1190.7338256835938,0.42442581,1,-1,,,1.3645581374218678,6.38940598069973,False,short;two-cores;not-round;elongated,reject
106,96,14.167556054055726,0.09132392334513864,0.2303024359820621,0.2986322669860272,0.4074922100087065,1.0,0.0,0.9583333333333333,6,738.5481872558594,913.7926635742188,0.42160481,1,-1,,,1.4522396035681262,5.7072418242256395,False,not-round,reject
77,172,12.143025234037681,0.1622025344933807,0.22859733618641184,0.281245149218485,0.5175462425280315,1.0,0.0,0.9375,13,579.7691955566406,1139.1467895507812,0.420289335,1,-1,,,0.5532880267943286,7.832414515017026,True,not-round;elongated;mislink,reject
6531,136,18.046948320792772,0.032227488415457355,0.21946296699933837,0.25876889291520844,0.6418973189360317,1.0,0.0,0.96875,10,779.3966064453125,294.8489227294922,0.41774936,-1,-1,,,1.2915581166381418,5.84097806583647,False,not-round;elongated,reject
655,62,12.329561107543807,0.1180488682811485,0.182481718167825,0.28129653556747863,0.43641128664488016,1.0,0.25,0.8958333333333333,4,1207.0003051757812,828.2659301757812,0.41327268,1,-1,,,1.160487689795951,3.3905673255607787,False,not-round,reject
2338,139,15.06319769283483,0.04326206031082128,0.19510149339590382,0.2556580326382067,0.39863658824208265,1.0,0.0,0.9166666666666666,9,1539.1331787109375,655.9599609375,0.41093695,1,-1,,,1.3168880144879105,6.315180293571466,False,not-round,reject
969,85,13.853594679233762,0.0837037046080752,0.24077499682137662,0.292509536573626,0.5002784405580628,1.0,0.0,0.9583333333333333,6,1533.114501953125,661.541015625,0.41028437,1,-1,,,0.6795544701612455,5.7273883523324365,True,not-round;elongated;mislink,reject
786,141,12.735340511252915,0.1153339056267305,0.29038618613913025,0.3468557466477259,0.6399408898343216,1.0,0.1,0.96875,10,769.8395385742188,326.02362060546875,0.4088545,1,-1,,,1.377621167315628,5.676468161768472,False,not-round;elongated,reject
6909,67,15.183801347777388,0.1519716131525073,0.16921498647342503,0.28585493929171546,0.43475183025149045,1.0,0.3333333333333333,0.8958333333333334,6,522.651123046875,1067.2415771484375,0.40757462,1,-1,,,0.7600523154154696,7.427372965270188,True,two-cores;not-round;mislink,reject
5411,308,12.027644926172115,0.09287273064156337,0.24129285767077002,0.33106729913689087,0.507412649292703,1.0,0.22727272727272727,0.9270833333333333,22,569.2583312988281,1078.8892822265625,0.405952565,1,-1,,,1.2041979542263788,7.827442301459105,False,not-round;elongated,reject
2624,59,11.040295983602466,0.19800864294289702,0.2530925010612014,0.3402531901531896,0.5037595498169378,1.0,0.0,0.9166666666666666,4,1209.9619140625,822.1640014648438,0.40399918,1,-1,,,1.6425898017846565,6.910450031123786,False,short;not-round;elongated,reject
2522,53,14.422607790707364,0.07574537000455188,0.24143466862857407,0.2827414673134012,0.5926475470373952,1.0,0.2,0.9583333333333334,5,546.042236328125,1055.7564697265625,0.39945495,-1,-1,,,0.9342699142118503,5.3137609323917205,False,short;not-round;elongated,reject
3314,177,13.173127563252248,0.16526429710905582,0.1652181669977681,0.30236784935705713,0.5593966414195092,1.0,0.0,0.8333333333333334,13,746.91162109375,266.4380187988281,0.3990176,1,-1,,,0.9320009752982247,7.411468423756498,False,not-round;elongated,reject
6891,51,10.541972419115062,0.05133536087958473,0.21280330483595378,0.24218909426441856,0.47199131207264905,1.0,0.0,1.0,3,1345.036376953125,272.1117248535156,0.39869443,-1,-1,,,2.803927671734039,6.703138428646429,False,short;not-round;elongated,reject
5440,51,10.201115417090186,0.035468282586962,0.1430468033791616,0.19192597710975598,0.4308952373508104,1.0,0.0,0.9583333333333334,4,274.1781616210937,1209.5579833984375,0.3983061,-1,1478,0.06988182720018687,0.755559071020274,1.3162588251752816,4.573996224542139,False,short;rigid-doublet;not-round,reject
1304,54,13.412879173009419,0.07622034602166708,0.2227998210569169,0.2974641937106335,0.5366028068894532,1.0,0.0,0.9166666666666666,5,769.9982299804688,336.8995819091797,0.39765344999999996,1,-1,,,1.3801836491769812,4.349332709435736,False,short;not-round;elongated,reject
2018,83,11.463821304308478,0.07948789113859839,0.18584774930173154,0.2902968538488624,0.4256405590985898,1.0,0.0,0.8541666666666667,6,751.8369140625,317.471435546875,0.39437672,1,-1,,,0.77914101015071,8.004162132090547,True,not-round;mislink,reject
100,76,13.919132888278623,0.09700470746625442,0.22753101297307285,0.32852542817121,0.4620869295525348,1.0,0.0,0.8958333333333334,5,1504.0740966796875,697.363525390625,0.393806275,1,-1,,,1.2619785536312582,7.302253363735693,False,not-round;elongated,reject
2694,76,13.929094631645079,0.18456378677265925,0.2798827670714472,0.3975424565862784,0.7113555279849861,1.0,0.0,0.8854166666666667,6,765.2195739746094,314.27317810058594,0.39264842499999997,1,-1,,,1.0599499195065651,5.163608839942534,False,not-round;elongated,reject
1707,145,18.545334078449304,0.10551790435618204,0.1766752815456465,0.2811386284030763,0.35694349400674147,1.0,0.0,0.8958333333333334,9,545.5509643554688,1095.4090576171875,0.3912598,-1,-1,,,1.6144469879153585,7.3568033629796385,False,not-round,reject
3749,64,11.432828869849974,0.1270490573719773,0.256608941590458,0.2742379760142323,0.5622857853796582,1.0,0.0,0.9895833333333333,4,547.0601806640625,1054.7532958984375,0.39054929,1,-1,,,1.184589877838297,4.671936690699059,False,not-round;elongated,reject
3988,201,15.41212225437617,0.03988578626301254,0.22413509597086437,0.2436032014644593,0.5107545290207397,1.0,0.0,0.9791666666666666,13,728.704833984375,297.2574768066406,0.38446662,-1,-1,,,0.6807494718638317,7.895924461343657,True,not-round;elongated;mislink,reject
4965,79,11.272989983490234,0.12401175526583216,0.231742779194464,0.29847585746319966,0.4808661477574602,1.0,0.0,0.9375,6,1215.8072509765625,835.9843139648438,0.38417217,1,-1,,,1.388935303896275,7.553792666715723,False,not-round;elongated,reject
155,182,12.065974389983708,0.14508151627913587,0.14994786524226134,0.3268830237164192,0.4861525167369256,1.0,0.25,0.8333333333333334,12,592.1203308105469,192.19229888916016,0.383865715,1,-1,,,1.207325966740027,7.490693249705977,False,not-round;elongated,reject
1764,87,11.540801183068998,0.06713190879454083,0.2075713959207339,0.2555264400443364,0.41112450310396614,1.0,0.0,0.9375,5,732.3748168945312,272.6445617675781,0.38239706,1,-1,,,0.5419550368253675,1.6606709978848582,False,not-round,reject
197,84,17.243873044799784,0.032216806718623335,0.15473278448407815,0.20218477161750537,0.4405308044464438,1.0,0.0,0.8958333333333334,7,540.1172180175781,1092.9758911132812,0.38185164000000005,-1,-1,,,1.0764320487896484,7.845402761578113,False,not-round,reject
2243,153,16.285411902349082,0.04688839728303398,0.17758297641106838,0.2508708856895109,0.5994387074494482,1.0,0.25,0.9166666666666666,8,521.7314453125,1097.9600830078125,0.38112053,-1,-1,,,1.0503580666001255,7.862454823670474,False,not-round;elongated,reject
6723,98,13.733634366623434,0.11387080859108889,0.12258502185035244,0.3280473857841755,0.3606591183747596,1.0,0.125,0.7916666666666666,8,774.3528137207031,941.9643249511719,0.37949666000000004,1,-1,,,1.8784968094692656,6.568173561919097,False,not-round,reject
5737,112,12.267071863219803,0.02152277122947851,0.06799807448582038,0.1888117073003741,0.3210567034303187,1.0,0.0,0.8229166666666667,8,1378.497802734375,1118.90771484375,0.37896661,1,-1,,,2.095401578350209,6.40348765448509,False,not-round,reject
6739,81,16.68776909203444,0.1804890397995399,0.27354998511184375,0.2815119119641722,0.6088633898522056,2.0,0.5714285714285714,0.9791666666666666,7,758.0520629882812,316.6097412109375,0.3781663,1,-1,,,1.1972043634492424,5.5883969182082085,False,two-cores;not-round;elongated,reject
5668,68,10.487129311954178,0.06155619443462389,0.2527926282865368,0.31842023599532404,0.5356415727837226,1.0,0.0,1.0,6,270.987060546875,1215.38720703125,0.378041745,1,-1,,,1.177016591282773,2.910584435908869,False,not-round;elongated,reject
5701,90,11.452019198343411,0.03927430987127451,0.2808967568380546,0.2951326363994693,0.47583595984649896,1.0,0.0,1.0,6,731.8508911132812,936.0283813476562,0.378022985,1,-1,,,0.8221775213675149,7.5546231509336055,True,not-round;elongated;mislink,reject
5351,59,18.36509567031093,0.1305276211690815,0.2821317069479234,0.3044696651259122,0.5798393788952444,1.0,0.0,0.9791666666666666,3,531.5321044921875,1095.7703857421875,0.37784776,-1,-1,,,1.1301769524980525,7.50528115125626,False,short;not-round;elongated,reject
126,72,11.886052832681152,0.07928948074083587,0.2309186727836452,0.2855641495936363,0.4761990120508974,1.0,0.0,0.9583333333333334,6,732.6669006347656,272.6612091064453,0.37770073,1,-1,,,0.509958419018416,4.428898844680779,True,not-round;elongated;mislink,reject
5460,109,11.020082568206092,0.09165556262334354,0.22770726675365097,0.2956705162003757,0.45433041382346034,1.0,0.0,0.9375,7,580.9969482421875,1140.2755126953125,0.3773574,1,-1,,,0.5694331312395506,3.9653494773098603,False,not-round;elongated,reject
6387,95,15.340778530501238,0.07680245141273447,0.27394600449661444,0.33702957937116446,0.5169067925660984,1.0,0.0,0.9479166666666667,6,1549.1842041015625,668.2139892578125,0.37348366,1,-1,,,1.1443608625616633,8.237293021859335,False,not-round;elongated,reject
714,60,15.14757591036813,0.07182777473349072,0.33309145627404385,0.34772970273766807,0.4953131097358039,1.0,0.3333333333333333,1.0,3,1504.0283813476562,696.0202941894531,0.37327989,1,-1,,,1.3382249076484423,5.650053455768712,False,two-cores;not-round;elongated,reject
2782,57,9.344289681702037,0.09953085996568357,0.1461915699309419,0.31071077591674684,0.6763157293433247,1.0,0.0,0.8333333333333334,4,646.4895629882812,873.9970092773438,0.37276506,1,13,0.056353960031555975,0.7217991309658767,1.7987648309305824,4.646189843487536,False,short;rigid-doublet;not-round;elongated,reject
6532,107,18.78315099445836,0.039104327201657234,0.19789014767669758,0.36083782391203806,0.6278088064860396,1.0,0.14285714285714285,0.7916666666666666,7,738.03955078125,255.44989013671875,0.36578724,-1,-1,,,1.4861289507772466,5.937270349234482,False,not-round;elongated,reject
173,71,13.513922938147516,0.07471089026802565,0.09451321615689494,0.32760468742537435,0.4737027715976446,1.0,0.0,0.7708333333333334,5,41.31200408935547,707.7269287109375,0.36406207,1,-1,,,1.9368209804750185,6.491913668048268,False,not-round;elongated,reject
6756,66,14.45254145938556,0.04545365325011053,0.3388206688170251,0.3750146456886053,0.4623945207701958,1.0,0.0,0.9791666666666666,5,1549.1583862304688,667.658447265625,0.362498515,1,-1,,,1.8458820740583257,7.8184276371038335,False,not-round;elongated,reject
2876,95,10.327925118063835,0.13231174143675012,0.27522075113074007,0.2833331638900665,0.46998620818027564,1.0,0.0,1.0,7,272.1466979980469,1213.3724365234375,0.3587714,1,-1,,,1.1520395267957313,5.4610780908806165,False,not-round;elongated,reject
6474,136,18.384208007869223,0.05848411573711046,0.10930203427859048,0.22163180776218516,0.4724845181245364,1.0,0.0,0.8020833333333333,8,531.8262023925781,1098.3831787109375,0.35787495,-1,-1,,,0.9476352452450186,6.447274187262191,False,not-round;elongated,reject
647,52,15.974167758616622,0.0674954770815943,0.3071794916661934,0.36709414980298727,0.6511540935032174,1.0,0.0,0.9583333333333334,3,517.9730834960938,1066.87109375,0.357294475,-1,-1,,,0.9034247895998662,5.025191128904096,False,short;not-round;elongated,reject
112,53,10.8521818312931,0.01836339653943517,0.25109265555254945,0.29991137816550334,0.5966719896049563,1.0,0.0,0.9375,3,289.99041748046875,1177.701904296875,0.3566523,1,-1,,,1.4385914042381955,6.823285143861562,False,short;not-round;elongated,reject
1542,60,17.267571522822752,0.03817384938995345,0.2899435153843982,0.2995048835444375,0.7084075492815245,1.0,0.0,1.0,4,1544.6300048828125,665.9129028320312,0.353684575,-1,-1,,,1.0847358548807928,6.267265529570036,False,not-round;elongated,reject
2524,78,11.2463469371453,0.1297388974433477,0.20590443406562903,0.2821866636348498,0.41246241133033945,1.0,0.0,0.9270833333333334,6,581.1641540527344,1132.8546142578125,0.35339637999999995,1,-1,,,0.8649033317105037,4.8420577563720615,False,not-round,reject
5041,71,11.916355702446548,0.17133909271338346,0.38849251014749053,0.4174462957636445,0.6434220275577295,1.0,0.2,1.0,5,569.2886962890625,1076.86328125,0.35271537,1,-1,,,1.9537186781633475,5.922147409391511,False,not-round;elongated,reject
104,212,10.773007869428529,0.07222908414198616,0.2541597042194334,0.3004475867157728,0.5520267211017762,1.0,0.0625,0.9270833333333333,16,519.1541137695312,1042.8981323242188,0.349992215,1,-1,,,1.5211809343797813,7.730496915447417,False,not-round;elongated,reject
1353,329,17.938350484377438,0.1486718816974099,0.2026137062541437,0.28183998116662856,0.5596039498539529,1.0,0.43478260869565216,0.9166666666666666,23,762.4305419921875,267.8870849609375,0.34962508,-1,-1,,,1.0828549276923276,7.056307669674152,False,two-cores;not-round;elongated,reject
1667,102,14.588745427224525,0.023704800847444613,0.19151033843548787,0.25515259476145985,0.42381480305477,1.0,0.0,0.9375,7,527.7468566894531,1113.8652954101562,0.348093865,1,-1,,,1.6480776158333432,7.490641969783708,False,not-round,reject
5840,217,17.306969750564274,0.04403051911390291,0.14456253445903916,0.25485687215138936,0.6139778106101378,1.0,0.3125,0.8333333333333334,16,768.4775390625,263.2598876953125,0.3480784,-1,-1,,,1.2980315087680216,7.572224340776449,False,two-cores;not-round;elongated,reject
5541,91,14.891809368737544,0.09598348318698528,0.304996707167054,0.31613321014009027,0.5945822994522442,1.0,0.14285714285714285,0.9583333333333334,7,562.8787231445312,1135.8548583984375,0.34706298,-1,-1,,,1.2126452061985395,6.418669790613677,False,not-round;elongated,reject
5031,51,16.624078057280737,0.15160967793124072,0.25630849859967075,0.29801757609612006,0.5705818931251371,1.0,0.3333333333333333,0.9583333333333334,3,542.010498046875,1105.6317138671875,0.34608364,-1,-1,,,1.3622882145462796,7.58377521467382,False,short;two-cores;not-round;elongated,reject
5804,104,11.599614567110175,0.1510114779569377,0.2691146380536567,0.3188595251336579,0.41416809606375765,1.0,0.42857142857142855,0.9375,7,777.1048278808594,952.8986206054688,0.345216345,1,-1,,,1.5938231353898535,6.17709557887601,False,two-cores;not-round,reject
2678,336,12.070617247536882,0.2770361631308967,0.11487962255782173,0.24955919273697957,0.5479168294161019,1.0,0.4166666666666667,0.8645833333333333,24,269.9294738769531,1200.901611328125,0.34293677,1,1478,0.06265163836882211,0.7509112770089706,1.0642009590781645,4.9377783932105075,False,rigid-doublet;two-cores;not-round;elongated;defocus,reject
1885,109,11.60243365486808,0.04727674009995602,0.26430003768027066,0.31551179673376806,0.38944411360986264,1.0,0.0,0.9791666666666666,8,637.2627563476562,174.39224243164062,0.33877358,1,-1,,,1.4231265473252925,5.2593994140625,False,not-round,reject
4303,71,12.462039629537877,0.08873977105062138,0.216331165255318,0.2391078121663211,0.42260853633962564,1.0,0.0,0.9680555555555556,6,297.81903076171875,1205.2489013671875,0.3374786,-1,-1,,,1.5294034103400573,7.906802996383141,False,not-round,reject
5117,98,16.79371057165951,0.05101809233454356,0.18233155006766671,0.24566019009438622,0.6260950087098827,1.0,0.125,0.9270833333333333,8,767.0065002441406,264.5630340576172,0.336456065,-1,-1,,,0.9604863677249394,5.410143548821653,False,not-round;elongated,reject
1046,94,14.233516849947918,0.15913764411021383,0.2732997844020931,0.2812393430911548,0.5347887328870999,1.0,0.2857142857142857,1.0,7,755.6156921386719,320.9592590332031,0.335864485,-1,-1,,,1.0203773836998735,5.3144102575871734,False,not-round;elongated,reject
1275,146,10.473483642216337,0.13135508973504925,0.2448521935064199,0.3202229402810748,0.5838799523526566,1.0,0.0,0.9270833333333334,10,267.9169158935547,1193.81298828125,0.33573975,1,-1,,,1.1163180406660078,6.208579023484626,False,not-round;elongated,reject
3664,102,10.662764481707974,0.20445364422264517,0.2711967943484007,0.31850130992204495,0.5583224813521606,1.0,0.0,0.9583333333333334,7,737.370849609375,947.2299499511719,0.33424685499999995,1,-1,,,1.1490486371423727,7.106500219149733,False,not-round;elongated,reject
5638,273,11.57185172245152,0.18024706658382583,0.16302204944185497,0.29570729795741285,0.48798301075877926,1.0,0.0,0.84375,20,715.5967407226562,294.22705078125,0.3316934,1,-1,,,0.7746402113842362,3.926717489135603,False,not-round;elongated,reject
1604,114,18.088961059841516,0.03138679062975717,0.2630694655802479,0.28877471565458646,0.5335948539232354,1.0,0.2,0.9791666666666666,10,771.0752868652344,277.1149139404297,0.330033825,-1,-1,,,1.4685221135748916,5.688781338005079,False,not-round;elongated,reject
447,128,22.356119221843173,0.22538080786015666,0.5454658476095939,0.6253962812831062,0.8402895830409398,1.5,0.5,1.0,8,571.8125305175781,1130.0294799804688,0.32971054499999997,1,-1,,,1.3555876774899105,6.8000789336661605,False,two-cores;not-round;elongated,reject
5982,63,11.031170963075372,0.09692084465310644,0.23900611380346126,0.3863640578651876,0.5268986173548972,1.0,0.4,0.9148936170212766,5,1197.17822265625,914.8132934570312,0.32954916,-1,-1,,,2.2270636566780935,5.846511836180864,False,two-cores;not-round;elongated,reject
1047,51,11.677242922528837,0.09002022137613676,0.19418690333844285,0.3137609263860149,0.5434724426028251,1.0,0.25,0.8333333333333333,4,608.1817016601562,176.8146209716797,0.3264106,1,-1,,,1.2285173152668931,4.9721260871648,False,short;not-round;elongated,reject
2265,56,19.595336471494235,0.09796761124506588,0.12552671580205085,0.27596871927400146,0.6317021833035805,1.0,0.0,0.7916666666666666,5,1521.4371337890625,689.8693542480469,0.32595451,-1,-1,,,1.2917255531495808,7.437729885113326,False,short;not-round;elongated,reject
6725,55,13.588800684324696,0.020594441816297607,0.14302149284407167,0.27985648915374794,0.6237684374781597,2.0,1.0,0.8229166666666667,4,751.331787109375,962.9892578125,0.32490894,-1,-1,,,1.3926580527182795,6.92286686124411,False,short;two-cores;not-round;elongated,reject
6039,65,9.621588536072288,0.10334497241876738,0.294041414116783,0.36397913113366276,0.6151756669524382,1.0,0.0,0.9270833333333333,4,749.7431640625,962.2617797851562,0.3242857,1,-1,,,2.0173876706867873,7.8745893933571605,False,not-round;elongated,reject
900,76,11.590849003133988,0.027205994284710554,0.29027698018732867,0.3333697986381744,0.4864482623648939,1.0,0.0,1.0,4,543.2747802734375,660.8605651855469,0.32122444,1,-1,,,0.7531268288647956,2.4589968545902288,False,not-round;elongated,reject
4437,64,11.650117877970976,0.17333200149014505,0.3234489137862343,0.33685666369052214,0.4612235224812008,1.0,0.0,1.0,4,732.8404846191406,951.4613342285156,0.32110998999999996,1,-1,,,2.006611839106146,5.467452740500663,False,not-round;elongated,reject
3603,156,17.632421940153648,0.0886991796850677,0.17219246348319295,0.24925794318769795,0.6160677053177306,1.0,0.3333333333333333,0.875,12,1509.0963745117188,682.1402282714844,0.31974678,-1,-1,,,1.2425988099176792,7.078359160342068,False,two-cores;not-round;elongated,reject
1994,389,11.373561770793334,0.11151560138997507,0.18590207475287454,0.2957512408747921,0.48246876612972617,1.0,0.07407407407407407,0.875,27,1559.832275390625,674.42236328125,0.31915572,1,-1,,,1.0097286491107318,6.491507392235497,False,not-round;elongated,reject
6638,63,13.695501802336622,0.1026974668849032,0.30430353250441267,0.34308135351377234,0.5666731143085776,1.0,0.2,0.9791666666666666,5,728.9776611328125,928.4285888671876,0.31796145,1,-1,,,1.2946008606053574,5.189752746319841,False,not-round;elongated,reject
2393,53,11.811837747749587,0.06894898500241747,0.24954562359214194,0.28219739367760777,0.43107123832144545,1.0,0.0,0.9895833333333333,4,736.1288452148438,939.197509765625,0.3165494,1,-1,,,0.6959153702713007,6.717936781597014,True,short;not-round;mislink,reject
5297,65,11.179447595251535,0.08487976855062423,0.14927865722416017,0.3419913481714755,0.4732889712121277,1.0,0.0,0.90625,4,1393.345703125,1124.6927490234375,0.31500784,1,-1,,,2.7262798990045365,8.005825459481992,False,not-round;elongated,reject
4914,387,12.443657094021663,0.12310979130395372,0.2580093713595635,0.3562084979390839,0.493544226811386,1.0,0.10714285714285714,0.8958333333333334,28,657.4052734375,149.87753295898438,0.31420156,1,-1,,,1.3993108364039637,5.440368122090747,False,not-round;elongated,reject
5560,83,11.08223041354992,0.061858111648491226,0.2196661661589245,0.31155922305521927,0.41369594882009275,1.0,0.0,0.8854166666666667,6,550.9154052734375,864.6917114257812,0.31285506,1,-1,,,1.281427127201534,4.1212877187233605,False,not-round,reject
1392,137,15.559725906645216,0.2004170745537449,0.1286925902900315,0.2519828825264526,0.49777264420764733,1.0,0.2,0.8229166666666666,10,518.162841796875,1063.7005615234375,0.3099278,-1,-1,,,1.1030905754253397,7.3444038197079,False,not-round;elongated,reject
1453,56,15.881319655375098,0.13077770158669108,0.40078257274124984,0.44046048533391013,0.5353105848340487,1.0,0.25,0.9895833333333333,4,759.4223327636719,329.6255645751953,0.309843345,1,-1,,,2.09910953993008,6.8388988631545935,False,short;not-round;elongated,reject
6491,146,15.787240259768154,0.12180899303825685,0.27335087942479835,0.3899138941504025,0.6440332779617318,2.0,0.5454545454545454,0.9166666666666666,11,786.0906372070312,279.0273895263672,0.30956889499999996,1,-1,,,0.8209599596523834,3.3731265603953444,False,two-cores;not-round;elongated,reject
957,115,13.803307311600722,0.08807562614161689,0.24609783229248416,0.2864027356308235,0.4778177291338953,1.0,0.0,0.9375,8,1533.8077392578125,652.47265625,0.3085227,1,-1,,,1.5536620009507833,5.942412570825466,False,not-round;elongated,reject
3327,56,13.58098688721236,0.34669994264270027,0.30701330483422207,0.3484253887545714,0.6340593654406705,1.0,0.25,0.96875,4,610.165283203125,178.41600799560547,0.308411825,1,-1,,,2.0670906229652672,5.044171132977707,False,short;not-round;elongated;defocus,reject
3262,158,14.7079088438566,0.1386277157530188,0.4335268140000855,0.4946671543060027,0.7032097483036894,1.0,0.1111111111111111,0.9375,9,649.7803039550781,167.86679077148438,0.306788475,1,-1,,,1.8595895017369226,7.06902348260654,False,not-round;elongated,reject
2445,80,10.227866857635293,0.20458434285845672,0.17326303990436095,0.2531511433756947,0.44767615738167504,1.0,0.2857142857142857,0.8958333333333334,7,727.8294677734375,288.1787567138672,0.306425385,1,-1,,,0.9468247341749777,4.275679332043955,False,not-round,reject
6587,55,10.346592344400918,0.08589666861682806,0.33565865725957467,0.3579640020735405,0.6022595942935522,1.0,0.25,1.0,4,559.150146484375,884.1075439453125,0.303703,1,-1,,,1.6963551981244902,4.62045575318798,False,short;not-round;elongated,reject
4957,96,16.409696252693678,0.21652158040630118,0.1805604158522518,0.28770981469045626,0.5506512972718718,1.0,0.16666666666666666,0.9583333333333334,6,1499.3328857421875,692.2173767089844,0.30359590000000003,1,-1,,,2.048736851470927,7.69245709241144,False,not-round;elongated,reject
3108,218,13.3468269147723,0.17160610892281958,0.2033400687649058,0.29262504288540264,0.5079558087410052,1.0,0.1875,0.9375,16,722.0030212402344,296.5784606933594,0.302246395,-1,-1,,,0.8842719745888785,5.656590447615886,False,not-round;elongated,reject
6008,87,17.0048715919913,0.03308346001583475,0.16606723620405434,0.23234885316338297,0.5456285803462689,1.0,0.4,0.875,5,545.8954467773438,1109.3099365234375,0.30091485,-1,-1,,,1.2912053669621484,7.766386325028027,False,two-cores;not-round;elongated,reject
4440,88,15.403985328124039,0.04765792201098448,0.18359287049093695,0.28813360698686374,0.633611699832151,1.0,0.2,0.8958333333333334,5,761.43603515625,942.2637329101562,0.300487635,-1,-1,,,1.8575882752505195,7.402889890456698,False,not-round;elongated,reject
1776,81,13.27239201677303,0.10113654652694297,0.1677658804073422,0.19594721400192022,0.3741543941842335,2.0,0.6,0.9583333333333334,5,197.11737060546875,166.782958984375,0.29805657,-1,-1,,,1.9810093001851339,4.90248457152596,False,two-cores;not-round,reject
4439,50,10.606269029248434,0.08100559109863058,0.2881926632332025,0.3143910043786079,0.4624664550501756,1.0,0.25,0.9791666666666667,4,797.2756652832031,467.78228759765625,0.29656819999999995,1,-1,,,0.6832524155687504,1.3911952757445285,False,short;not-round;elongated,reject
412,100,10.121785181477932,0.10301978554723121,0.24557953090038695,0.30646575569408996,0.3923073640537717,1.0,0.125,0.96875,8,624.5119323730469,180.81625366210938,0.29527177000000004,1,-1,,,1.5436877459630756,3.974726313228638,False,not-round,reject
1752,68,12.55685108150424,0.11217401501785097,0.17961828182026018,0.32631792544602034,0.6750345406658561,1.0,0.2,0.8125,5,786.3623657226562,273.8816223144531,0.29508287499999997,-1,-1,,,0.5681953375508608,2.3050381395747035,False,not-round;elongated,reject
5089,71,11.461613171770841,0.06518560718150734,0.27453418422832326,0.2825845220880717,0.6522694352287612,1.0,0.0,1.0,5,753.5040893554688,308.80126953125,0.29129884,-1,-1,,,0.6592146578752102,7.850680077782351,True,not-round;elongated;mislink,reject
6290,170,10.959991569631866,0.08580108610960746,0.27415552028453954,0.318286802825937,0.42986550885884695,1.0,0.0,0.9375,12,540.6007995605469,662.2803955078125,0.29125161,1,-1,,,0.9848986016093028,5.751058092923383,False,not-round,reject
5761,67,10.582233788852774,0.12797357275444757,0.27575058947720443,0.33857987736088957,0.4953958611131326,1.0,0.0,0.9789450354609929,4,1199.16748046875,822.9404296875,0.28927407,1,-1,,,2.197868439994812,7.397730251861249,False,not-round;elongated,reject
6339,115,12.619973152322451,0.1438847380649239,0.24775428477893008,0.3073708071115715,0.4774765954409387,1.0,0.25,0.9583333333333334,8,538.054931640625,1059.954345703125,0.28709885,1,-1,,,1.1949483365268514,5.448755033991292,False,not-round;elongated,reject
4487,171,11.533666532307077,0.16353922596445092,0.20984080786341547,0.3102504646650198,0.4853704890437252,1.0,0.0,0.8958333333333333,12,721.4067993164062,302.9408264160156,0.28645673,1,-1,,,0.9343781507553858,5.859407371789511,False,not-round;elongated,reject
3499,73,9.712497271497664,0.04306898944065269,0.2667935670500772,0.28945418672995166,0.3679132377622846,1.0,0.0,0.9791666666666667,4,682.7278442382812,131.43312072753906,0.2864035,1,-1,,,0.8525389130237667,5.079715021730532,False,not-round,reject
4934,101,11.207870806047678,0.06259324029871816,0.1930168590226547,0.2797880073103848,0.27894862851544006,1.0,0.0,0.8958333333333334,7,723.50244140625,933.1483154296876,0.28567636,1,-1,,,0.8705913451354076,6.632340859237492,False,not-round,reject
3042,198,10.281704535045325,0.14356153653325124,0.23746100094624267,0.3221692854104796,0.5726838956115626,1.0,0.0,0.9375,14,508.43812561035156,1068.9432373046875,0.28497938,1,-1,,,1.266621795117352,7.23351121462796,False,not-round;elongated,reject
3135,58,9.651474683912177,0.17686951936839704,0.267531008220053,0.4321665929702676,0.7648045413648816,1.0,0.25,0.9060283687943262,4,761.3091735839844,324.31256103515625,0.28221553,1,-1,,,1.3539059666345676,5.992054875788646,False,short;not-round;elongated,reject
4651,67,10.017517279584562,0.05753082110468536,0.17253305298025354,0.2949671711093594,0.5333905449088002,1.0,0.0,0.8541666666666666,5,532.5776977539062,1109.1326904296875,0.28143075,1,-1,,,0.6222933442643044,1.9939562496193053,False,not-round;elongated,reject
4555,56,15.082580783593613,0.031486603781162,0.18518811164610383,0.2362732905736888,0.5952553638830149,1.0,0.0,0.9479166666666667,4,524.3373413085938,1102.2035522460938,0.279586235,-1,-1,,,0.7397055314771438,6.78103604643907,True,short;not-round;elongated;mislink,reject
5281,57,11.867705849206247,0.08801547881256341,0.19670651231082179,0.3196815372725639,0.5831273318789437,1.0,0.0,0.875,5,1551.471435546875,688.878173828125,0.2783828,1,-1,,,0.8152404839091686,4.247933618197495,False,short;not-round;elongated,reject
3173,50,10.558768737428988,0.04683498293532359,0.313097614077023,0.3320146462265521,0.4909962862737244,1.5,0.5,1.0,4,1215.8101806640625,842.2799987792969,0.277328655,1,-1,,,2.140179655769243,8.036578200772958,False,short;two-cores;not-round;elongated,reject
6794,64,17.6606896107955,0.0184730669702561,0.2772171484896152,0.2855131445672202,0.6747486162230996,1.0,0.0,1.0,4,1526.55712890625,692.5967407226562,0.275304075,-1,-1,,,0.6586488602660105,2.3392119066514243,False,not-round;elongated,reject
7039,56,18.548807556936435,0.0685552068420394,0.09800505110641777,0.37851571974365894,0.6123133726546299,1.0,0.2,0.7291666666666666,5,740.3182373046875,266.87249755859375,0.275043935,-1,-1,,,0.9448319703858606,3.997428837537908,False,short;not-round;elongated,reject
5683,191,11.04678340716853,0.0667672679068908,0.24368116852761768,0.3075599945191225,0.57791244009678,1.0,0.2727272727272727,0.9583333333333334,11,1510.4417724609375,640.104736328125,0.27260673,1,-1,,,1.398684662622527,6.21286227073783,False,not-round;elongated,reject
4772,67,10.560954650988007,0.06700878140202958,0.1755090359449534,0.30297093614563886,0.5283620089445914,1.0,0.0,0.8333333333333334,5,630.1268310546875,173.08111572265625,0.27043656,1,-1,,,1.468209798261472,7.763807684292299,False,not-round;elongated,reject
2690,71,11.817478580038578,0.05578021784921972,0.17579329283272607,0.22276409785723095,0.528935396708227,2.0,0.75,0.9583333333333334,4,191.7300720214844,150.67266845703125,0.26938584,-1,-1,,,1.7796650003706096,7.757515808725832,False,two-cores;not-round;elongated,reject
3939,54,10.463921736381026,0.021965304401266674,0.2755528015721158,0.28369535456197437,0.4208583032152874,1.0,0.3333333333333333,1.0,3,62.99007034301758,413.2650451660156,0.268850045,1,-1,,,2.350193497214679,6.933478902357556,False,short;two-cores;not-round,reject
1559,87,11.893572104344488,0.21069624207954943,0.14299406547196195,0.3790456638367545,0.6142205065340891,1.0,0.0,0.8125,7,578.9290771484375,1163.586669921875,0.26864564,1,-1,,,1.1893350129145095,8.63100834365097,False,not-round;elongated,reject
2307,100,12.913575483292416,0.22991936271068136,0.2503249731057953,0.30577899716585266,0.6095548497928688,1.0,0.0,0.9583333333333334,7,607.4661254882812,180.43309783935544,0.26411131,1,-1,,,1.5743243515807606,7.88567302314791,False,not-round;elongated,reject
6527,80,16.46919048903261,0.045651777796777565,0.19064103629248508,0.29147753417418204,0.4725403752309684,1.0,0.4,0.9166666666666666,5,1546.7135620117188,679.0153503417969,0.26173921499999997,1,-1,,,1.1970074589083604,7.100500797263275,False,two-cores;not-round;elongated,reject
3562,57,11.219200771358315,0.17271358663854292,0.24535067309803743,0.2840333618119199,0.5149298893733113,1.0,0.2,0.9375,5,530.1176147460938,1057.769775390625,0.26131994,1,-1,,,1.565966509864493,7.111282951967949,False,short;not-round;elongated,reject
3937,64,10.657254895693999,0.05798368941546955,0.2340484802858271,0.2721535554759333,0.5110668923505255,1.0,0.0,0.96875,4,605.1570434570312,226.33790588378906,0.260715975,1,-1,,,2.5346230281613416,7.18948172799988,False,not-round;elongated,reject
4657,74,10.457106797074857,0.07074873178074303,0.2983425621838379,0.3215102770526971,0.4316665646191914,1.0,0.0,0.9895833333333333,6,1208.4569702148438,824.5523376464844,0.25698051,1,-1,,,0.8420497719470565,6.761762827146813,True,not-round;mislink,reject
3963,113,15.970969427554083,0.032019259596833785,0.1315393516285386,0.22893208926642789,0.5590099931379884,1.0,0.0,0.8333333333333334,7,1514.76416015625,697.3081665039062,0.25580487,-1,-1,,,1.0470927840606539,5.4969679920692,False,not-round;elongated,reject
3230,50,12.112534266648435,0.14967938324108485,0.17205492527380492,0.3546524239191273,0.5267286756735847,1.0,0.0,0.8333333333333334,3,774.0672607421875,268.5046691894531,0.25504122500000004,1,-1,,,0.6068450124268847,2.0251097963239384,False,short;not-round;elongated,reject
6590,118,11.194644310533906,0.323816539483587,0.19042225156231823,0.264756797676286,0.5122646939562576,1.0,0.4,0.8958333333333333,10,1507.3882446289062,708.8856506347656,0.251060065,1,-1,,,1.630879886221959,5.07426809157711,False,two-cores;not-round;elongated;defocus,reject
3123,55,8.331597273546459,0.09905629834434201,0.2492931769452286,0.31764057604690316,0.5818446513904519,1.0,0.0,0.9166666666666666,3,304.9555358886719,1194.492431640625,0.247339,1,-1,,,1.6483970731549011,6.544438861565738,False,short;not-round;elongated,reject
3724,53,10.624798785160667,0.0661882809285671,0.29596374664128283,0.31113315882968917,0.4331486226901331,1.0,0.0,1.0,4,735.6390380859375,905.0164794921876,0.24696608,1,-1,,,1.6901070825770956,4.191407694287593,False,short;not-round,reject
2285,52,19.24772573466708,0.04142525124007784,0.1710853513053085,0.24098892252691692,0.4826241820954382,1.0,0.2,0.875,5,1520.889892578125,672.6000061035156,0.244050755,-1,-1,,,2.1124556555252947,6.5032032541579605,False,short;not-round;elongated,reject
5675,54,10.635499569702489,0.03577954887767822,0.2868457020339898,0.32117579323883044,0.4920759733590849,1.0,0.0,0.9791666666666666,3,682.60302734375,136.76946258544922,0.243273515,1,-1,,,1.04107441666173,4.380244290756715,False,short;not-round;elongated,reject
2387,66,7.533408936809273,0.304559490164292,0.10178407761219962,0.29770925631698536,0.3678642757131149,1.0,0.0,0.8541666666666666,5,573.6627502441406,1165.3416137695312,0.24165007500000002,1,-1,,,1.454706414679263,7.0701853457004,False,not-round;defocus,reject
5892,61,9.550529064412853,0.05726179175021244,0.1821802329504036,0.2917772640938555,0.550329288557355,1.0,0.25,0.84375,4,630.6531982421875,171.01768493652344,0.23656523,1,-1,,,1.4968704378837219,4.475999510716818,False,not-round;elongated,reject
5093,60,13.644375418939758,0.14106194119160315,0.21060868699830096,0.3185057006526389,0.5967232099096136,1.0,0.0,0.9375,5,775.7850646972656,307.9853210449219,0.235721225,1,-1,,,2.0167054258877064,5.844696613544165,False,not-round;elongated,reject
5874,86,11.60489185469822,0.11051489840038284,0.19107369149693865,0.3407872712518101,0.584620178740092,1.5,0.5,0.8125,4,724.0207214355469,931.9739074707031,0.233547165,1,-1,,,1.169128455612148,6.425602421257848,False,two-cores;not-round;elongated,reject
2781,54,20.023973830487073,0.29312252251144494,0.40069316263083954,0.4572305221243998,0.7241572495870944,1.0,0.0,1.0,5,652.4688110351562,185.4108428955078,0.23004588,1,-1,,,2.424697423884445,5.883511906740195,False,short;not-round;elongated;defocus,reject
4127,137,11.120028697806132,0.10162736463350051,0.16850009737020794,0.306706893452663,0.4883610897091984,1.0,0.0,0.78125,8,737.9439697265625,907.3411254882812,0.22989939,1,-1,,,1.26795844508823,6.120700663498385,False,not-round;elongated,reject
6528,67,13.911855395478675,0.06965318878359693,0.13295442150507333,0.3094542706967406,0.6641586874620626,1.0,0.0,0.7608695652173914,5,778.761962890625,266.75714111328125,0.22660595,-1,-1,,,0.707410229568732,4.50343733856993,False,not-round;elongated,reject
1510,56,18.692897334024224,0.05245257810305968,0.3012189558311189,0.36223145533340834,0.6851372528016162,1.0,0.0,0.9375,3,1554.3177490234375,697.9918823242188,0.22259795,-1,-1,,,0.976759533125264,6.066455576883809,False,short;not-round;elongated,reject
6179,82,14.42442274725012,0.04565204186404928,0.2597074090945751,0.266617398202585,0.6236478935149801,1.0,0.0,1.0,5,773.1218872070312,304.78248596191406,0.220902865,1,-1,,,1.2628275803889069,5.075815853036332,False,not-round;elongated,reject
2985,62,11.326928252200453,0.09751751248751521,0.1826947276876673,0.26806753184721344,0.4493452138859346,1.0,0.16666666666666666,0.8645833333333333,6,541.0729064941406,1052.3336791992188,0.216215835,1,-1,,,2.1352267715212414,7.660348984619546,False,not-round,reject
1537,63,10.140226318018577,0.07580412352466662,0.23376772304957616,0.33379558813952903,0.6170014032273481,1.0,0.0,0.8958333333333333,4,724.9223022460938,899.3300170898438,0.21439748,1,-1,,,1.4956253562310504,6.148212254844392,False,not-round;elongated,reject
6121,76,20.333488474952137,0.02398426778350812,0.2898593149768069,0.30335099712751656,0.6255213923550391,1.0,0.42857142857142855,0.9791666666666666,7,1513.361572265625,652.2039489746094,0.213370115,-1,-1,,,0.8730841685601742,6.320258576059355,False,two-cores;not-round;elongated,reject
2275,70,10.351009448654214,0.03880387485599188,0.1873375017701925,0.31265493999079064,0.3953212472338281,1.0,0.2,0.8085106382978723,5,730.5062866210938,898.7943725585938,0.21081777,1,-1,,,1.3249098447618495,4.875710354323797,False,not-round,reject
528,76,18.296680724252006,0.07149933992353424,0.2646611630602435,0.3262819784389929,0.6240373173667961,1.0,0.3333333333333333,0.9270833333333333,6,1551.4923706054688,697.234130859375,0.210084675,-1,-1,,,0.9070680508285757,8.365339999338648,True,two-cores;not-round;elongated;mislink,reject
376,58,11.548619458810501,0.053114039030904246,0.24517881703061734,0.27324296541372456,0.5111272813575569,1.0,0.0,0.9791666666666666,3,1564.5162353515625,700.627197265625,0.20699694000000002,1,-1,,,2.517717175125988,7.662358982484723,False,short;not-round;elongated,reject
0,1145,13.29643082461969,0.0038516631237948584,0.00779025198134254,0.009534175965740483,0.13325470561457575,1.0,0.0,0.9583333333333334,80,360.07012939453125,1065.071044921875,196.55786,1,-1,,,0.9136069712181328,2.9834426734566697,False,,single
1,1145,12.668065988864726,0.054031771036011894,0.00607878036246425,0.007568734794174052,0.11013853695281917,1.0,0.0125,0.9375,80,799.9896850585938,459.8506164550781,166.69627,1,-1,,,0.9444446244603453,3.4369643422761755,False,,single
2,1145,14.145561930328958,0.006453357266511102,0.008587898326380223,0.030697108010646332,0.1666888976815833,1.0,0.0125,0.7916666666666666,80,577.9146728515625,1135.415771484375,107.52819,1,-1,,,0.8365891628348716,2.994721786747986,False,,single
3,1145,11.65775355328243,0.00879158805944011,0.011913775645900928,0.014367299003065196,0.16987162291991503,1.0,0.0,0.9583333333333334,80,537.714599609375,660.752197265625,91.37567,1,-1,,,0.9574327037277474,3.2957358986018046,False,,single
4,1145,12.860344783267857,0.05222344477867005,0.008448873254246848,0.053547542658837634,0.2371955121868196,1.0,0.0375,0.7708333333333334,80,550.1403198242188,867.7841796875,81.885345,1,-1,,,0.8972322322088537,3.1973617575912043,False,,single
5,1145,10.599204217924894,0.013771737765402803,0.007797747054852096,0.015616150422769287,0.14572439883795882,1.0,0.0,0.9166666666666666,80,915.3397216796876,208.6091766357422,60.759064,1,-1,,,1.1648810309559912,4.69277186892136,False,,single
6,1145,9.92222517134689,0.0355411802944425,0.013964664770289358,0.014384411170900974,0.18205382673167997,1.0,0.0,1.0,80,934.1063232421876,633.8450927734375,60.74077,1,-1,,,1.299084456980394,4.224244180984219,False,,single
7,1145,9.463094678944522,0.16683674007304378,0.015026951121049507,0.015377494431762218,0.1924830352485645,1.0,0.1125,0.9895833333333333,80,1380.3038330078125,300.0309753417969,48.30049,1,-1,,,1.3148442986067637,4.571149402698561,False,,single
507,1087,11.595317031733721,0.03142957191588473,0.0259600951330386,0.07877252872983131,0.3671147874153748,1.0,0.0,0.875,75,679.265625,131.8521728515625,42.165977,1,-1,,,0.9996236526335863,3.21536248743185,False,,single
10,1145,12.2979317299101,0.01789075992496867,0.015776117579325878,0.06651595477297823,0.24828786263779598,1.0,0.0,0.7395833333333333,80,633.6223754882812,178.0157928466797,38.423065,1,-1,,,0.8308720437022411,2.4008174696461677,False,,single
9,1145,9.34527088774254,0.1854267663110231,0.021038792686893137,0.02245910714121345,0.2265502743794348,1.0,0.0375,0.9791666666666666,80,1134.176025390625,708.4271240234375,37.809727,1,-1,,,1.3489961997627133,4.1497814923071585,False,,single
22,1145,9.668962676126917,0.0452439835205335,0.04887022751718374,0.04891404643986967,0.35242020184226747,1.0,0.0,1.0,80,52.53931427001953,616.7516479492188,18.88006,1,-1,,,1.2115710790256307,3.6202268605075094,False,,single
23,1145,10.499795064698525,0.06546829467862063,0.04304798296895734,0.04385234808037468,0.32609693289007324,1.0,0.0,1.0,80,1455.3433837890625,1015.395263671875,16.851324,1,-1,,,1.3264662006148682,4.700678212674239,False,,single
3525,616,9.587836995691632,0.04298659533767676,0.026009281557800218,0.0641832154081493,0.310081870114794,1.0,0.0,0.8333333333333334,43,588.3131408691406,211.92498016357422,16.427661999999998,1,-1,,,1.155084707189847,4.251007173434786,False,,single
29,1145,11.649045581556628,0.23348903314366187,0.04086125777531012,0.05589038269948858,0.3020590241800113,2.0,0.575,0.9479166666666667,80,220.65304565429688,992.8300170898438,13.271019,-1,-1,,,1.7149909871856401,5.73566760508194,False,,single
24,1145,9.058525813008163,0.08263383018668709,0.030069152461252045,0.07351113503009157,0.3148899858318257,1.0,0.0,0.8541666666666666,80,1141.0487060546875,46.706790924072266,12.849609,1,-1,,,1.3233494172092386,5.0248087771469025,False,,single
2020,862,8.691402954876427,0.061347707558433245,0.04978511272045107,0.05094801845493468,0.360169762406535,1.0,0.0,1.0,60,363.8916320800781,220.95259857177734,10.655299,1,-1,,,1.40291684172256,4.402945302785079,False,,single
1013,1012,9.398791223357009,0.2012591486026584,0.03715472469768062,0.049787606765775934,0.30754298738482544,1.0,0.19718309859154928,0.9583333333333334,71,700.7475891113281,1041.5157470703125,8.356325,1,-1,,,1.7153164226505977,5.9725179026256745,False,,single
21,243,8.539693028049598,0.0682234197616238,0.039960313832723596,0.04928944684671898,0.3306477667681325,1.0,0.0,1.0,16,360.8519592285156,240.8142547607422,7.7968273,1,-1,,,1.4462392597694365,5.459070555939884,False,,single
31,135,7.467619592710845,0.11644884675102328,0.02630129397057994,0.03526391965182575,0.27994173391542343,1.0,0.0,0.9375,10,631.8322143554688,1030.6201171875,7.634825,1,-1,,,1.7812316223264846,5.663860194503963,False,,single
34,574,9.078282503046815,0.07085590550772407,0.04720656494685915,0.048801370766206977,0.3262206440157158,1.0,0.0,1.0,40,112.94358444213867,843.8651428222656,6.0160652500000005,1,-1,,,1.43099287418233,6.07567021799886,False,,single
2545,779,8.694882825681049,0.17699431999439444,0.08008766987784133,0.0802809588163315,0.43708688270015034,1.0,0.07407407407407407,1.0,54,33.09365463256836,132.90890502929688,5.9265347,1,-1,,,1.4369508530534467,4.783628353965675,False,,single
39,233,8.714502840465155,0.06636679661633911,0.08191725893468471,0.08212406169730836,0.4486007821645116,1.0,0.0,1.0,17,30.957725524902344,142.3185272216797,5.7969475,1,-1,,,1.2369310303850258,4.084445203654953,False,,single
48,1145,8.659752264092301,0.19271129698733452,0.05482142940739114,0.06367558648442129,0.3443671499652571,1.0,0.0875,0.9791666666666666,80,1123.44384765625,604.552734375,4.04847,1,-1,,,1.7726657786736233,5.873311198584598,False,,single
2411,795,8.709930771665185,0.20548960093630003,0.07899585253534047,0.08714699906826999,0.43057709762515156,1.0,0.2,1.0,55,439.9226684570313,248.9598388671875,2.8374949,1,-1,,,1.9359611655466815,5.977029445972544,False,,single
