particle,n_frames,R_px_med,R_cv,resid_med,ring_cv_med,ecc_med,n_cores_med,frac_multicore,inlier_med,n_shape,x_med,y_med,sym_med,polarity,rigid_partner,rigid_sep_cv,rigid_corr,med_step,max_step,mislink,reason,proposed
4,1118,19.6535541095238,0.03701918476828559,0.006445347046748,0.20644852892758447,0.33196001203118664,1.0,0.0625,0.6666666666666666,80,1081.9347534179688,187.2332763671875,84.799042,1,88,0.027451384962795988,0.7437244532988208,0.6904620342324869,2.2823674972913683,False,rigid-doublet;not-round,reject
6,1118,12.159132403496006,0.043087878195364526,0.015844916160588092,0.14105884366806898,0.312209571479631,1.0,0.0375,0.75,80,476.97389221191406,1131.2378540039062,54.149425,1,4588,0.07290769392181021,0.7560445000579596,0.9880569603927261,3.523194788928007,False,rigid-doublet;not-round,reject
7057,67,13.41985429969164,0.0339940243928627,0.07298221877368471,0.1425460066000862,0.3965452079587191,1.0,0.0,0.8541666666666666,5,209.7680511474609,1132.7677001953125,40.83359,-1,-1,,,0.7664902727868045,5.317576119957929,False,not-round,reject
15,399,14.334726693961859,0.016452884166228626,0.029261795498161873,0.15100658623445512,0.25617434861968336,1.0,0.034482758620689655,0.8333333333333334,29,205.9940185546875,1130.280517578125,39.46446,1,-1,,,0.8344305761860266,5.776615742811952,False,not-round,reject
9,1118,12.338427230435336,0.09329333511643968,0.013837621209163702,0.1461521814459274,0.35780663519591926,1.0,0.2,0.65625,80,1576.0115966796875,168.16109466552734,34.665081,1,-1,,,0.9493004872793801,3.9549034551032496,False,not-round,reject
2819,109,14.448837862160541,0.0078452037901635,0.02275186393317169,0.14248883414032504,0.24557492659801655,1.0,0.0,0.8125,8,209.04446411132807,1133.258056640625,34.31786,1,-1,,,0.7276817014137661,4.760020678230296,False,not-round,reject
7467,52,10.95611524916883,0.16673355727686248,0.19133552671759274,0.2111510586550181,0.32737658280418935,1.0,0.0,0.9791666666666667,4,203.62304687500003,1129.1513671875,32.629594999999995,-1,-1,,,0.861514129850031,4.282321392562191,False,short;not-round,reject
3553,493,14.362460947408975,0.10945821844211143,0.029026605940542814,0.16289228348295565,0.2843535810268455,1.0,0.12121212121212122,0.8125,33,206.24090576171875,1130.0545654296875,32.27264,1,-1,,,0.7716034120546494,5.842817198681739,False,not-round,reject
5941,274,11.18719520195801,0.3105984253186925,0.03424473409563458,0.0620562368810464,0.3091767981822227,1.0,0.25,0.9166666666666666,20,504.0977478027344,1095.984130859375,17.9297325,1,-1,,,1.8123904901500034,6.132197772948536,False,defocus,reject
6502,195,14.807405250717737,0.19465004571357392,0.06703979687449169,0.11148479400424502,0.3780386059354709,1.0,0.2857142857142857,0.875,14,1058.5233154296875,745.0218505859375,16.30066,-1,-1,,,1.9570607668837647,5.822237010046389,False,not-round,reject
11,924,14.748482430949743,0.29318043940107974,0.0637739549133905,0.09931460735374925,0.3223440419480479,1.0,0.21212121212121213,0.9479166666666667,66,1070.1951904296875,731.5719909667969,15.1693295,-1,-1,,,1.9149920435206134,6.3494231893611826,False,defocus,reject
5814,295,9.898035932113427,0.1796446581323256,0.059538529811290444,0.20172725283458373,0.44510299760475447,1.0,0.3333333333333333,0.75,21,646.9473266601562,911.0264892578124,14.189214,1,-1,,,1.1726515984874442,5.604138233120188,False,two-cores;not-round,reject
5173,61,14.681740022769278,0.16964000650359776,0.1064424074977248,0.20371681215872744,0.45600503367471446,1.0,0.4,0.8333333333333334,5,645.85498046875,900.7891235351562,14.099194,1,4577,0.11547449758751856,0.736437893867645,1.5092945883649707,5.760403202855051,False,rigid-doublet;two-cores;not-round;elongated,reject
22,188,16.16395412230036,0.09553710428345473,0.10138960080467627,0.12005498587852871,0.41632142251556603,1.0,0.0,0.9791666666666666,14,138.86548614501953,480.0507507324219,13.740903,-1,-1,,,1.8354024392594568,5.936266815690936,False,not-round,reject
7124,105,12.867579041761186,0.04070913955687933,0.06822797001727134,0.07285956789979403,0.3867178472075469,2.0,1.0,0.9479166666666667,8,112.714111328125,430.5179443359375,13.731952,-1,-1,,,2.040855892449759,4.908412105399508,False,two-cores,reject
30,570,8.914701433950956,0.18948123744091463,0.029715116238456435,0.11115901019296853,0.3441530458172168,1.0,0.1,0.84375,40,694.2954711914062,209.23889923095703,13.3143605,1,-1,,,1.3879584597090966,7.253343490736971,False,not-round,reject
2622,748,12.113817293065019,0.3318575397674552,0.0546276569876467,0.0717911837768186,0.35439223521360497,1.0,0.1320754716981132,0.9791666666666666,53,647.9586181640625,182.0169677734375,13.2227325,-1,-1,,,1.705581886726101,6.351262786592965,False,defocus,reject
17,1118,16.73512083844141,0.22776455765501813,0.07844174356130323,0.23323195682733372,0.3958488435554627,1.0,0.075,0.8936170212765957,80,1282.1934814453125,210.35704040527344,13.2206055,-1,-1,,,1.828025450954799,6.506060888419231,False,not-round,reject
1496,206,9.305579210557095,0.23044149433710398,0.056292645668025595,0.1989917094217902,0.39961303333849957,1.0,0.26666666666666666,0.7708333333333334,15,623.7101135253906,902.5652160644531,13.003841,1,-1,,,1.207072375213815,6.4541786319592855,False,not-round,reject
6301,221,8.880786428364068,0.2007551945289337,0.03437815666855034,0.1070580824999694,0.37991954937818334,1.0,0.125,0.84375,16,708.3842163085938,231.8340759277344,12.967765,1,-1,,,1.2303143942473866,4.069868847465429,False,not-round,reject
12,867,13.919144969543673,0.3626091546599022,0.05240841161349716,0.14634718876929714,0.3048256690177625,1.0,0.12903225806451613,0.9166666666666666,62,1554.8968505859375,503.74505615234375,12.772396,-1,-1,,,1.8330778635504221,6.858390814907858,False,not-round;defocus,reject
6122,249,13.416610465655781,0.02859584841321201,0.12444075657003116,0.13639920184404153,0.5143806094570603,1.5,0.5,1.0,18,470.2671203613281,1105.156005859375,12.7113495,1,6,0.08623573637901429,0.7741216600034316,1.1210151146846195,3.6837842678437607,False,rigid-doublet;two-cores;not-round;elongated,reject
2528,210,12.149354713055008,0.08691596514502674,0.06170615421324156,0.10593855041536329,0.36289964130238545,2.0,0.7857142857142857,0.9157801418439716,14,1004.0072937011719,998.0161437988281,12.551639999999999,-1,-1,,,1.8340444977722958,6.274301099855232,False,two-cores;not-round,reject
14,397,10.091645474496326,0.1444565432003936,0.03513478597447103,0.17024421455137467,0.39738393887036055,1.0,0.1724137931034483,0.75,29,628.4252319335938,897.0040893554688,12.154742,1,-1,,,1.1114438767844135,4.436928396748199,False,not-round,reject
1133,446,12.701891981416999,0.14792932253344188,0.06815380352898512,0.07556089408892674,0.3696032649113531,2.0,0.625,0.9791666666666666,32,99.47933197021484,453.64971923828125,12.08131625,-1,2218,0.12051760239996369,0.8339011497202597,1.858728990008998,7.01344981755923,False,rigid-doublet;two-cores,reject
32,228,12.523627118699503,0.07676477824942068,0.06107304799208529,0.0826304460084042,0.35600469082330327,2.0,0.6470588235294118,0.9375,17,732.9238891601562,419.01234436035156,11.502320000000001,-1,-1,,,2.0155020049110206,7.060836033848898,False,two-cores,reject
18,749,9.76536101811446,0.18348859525209005,0.05860651171512023,0.16905303466679117,0.37307354586005737,1.0,0.09433962264150944,0.875,53,341.19891357421875,469.1217651367188,11.263631,1,-1,,,1.0474022504429301,3.78544034423213,False,not-round,reject
5633,309,9.566943856134124,0.23832148212427984,0.052243249332950485,0.19249344718316005,0.3295661749511287,1.0,0.18181818181818182,0.8125,22,654.8297729492188,910.53955078125,11.091232,1,-1,,,1.2062398527777192,5.135678066988158,False,not-round,reject
927,778,14.77549617590756,0.18820280812495313,0.07151146251923723,0.14675711188007343,0.36554879841998816,1.0,0.05454545454545454,0.9166666666666666,55,1393.2047729492188,204.14141845703125,11.039548,-1,-1,,,2.1801463875241507,6.264177956330212,False,not-round,reject
2621,156,9.707075190982216,0.12984967393201174,0.02421618669740367,0.11386763275249111,0.3329519907000598,1.0,0.18181818181818182,0.75,11,338.81439208984375,445.9627990722656,10.9418665,1,-1,,,1.093704109809232,7.754263947089184,False,not-round,reject
25,278,13.424704173850994,0.08713268210602577,0.128905072916441,0.15826353913874464,0.5038674702034913,1.5,0.5,0.9791666666666666,20,480.5235595703125,1116.0821533203125,10.876715,1,6,0.07162655518061135,0.7716787700146411,1.1580668252063129,4.170681483545506,False,rigid-doublet;two-cores;not-round;elongated,reject
3637,602,9.704846951700874,0.12601869355277062,0.03273155444368524,0.1764649521084029,0.360849462387498,1.0,0.11627906976744186,0.75,43,331.67828369140625,455.1426239013672,10.860677500000001,1,5678,0.0656627565183598,0.7183568174012818,1.0467572663099556,5.605644694348325,False,rigid-doublet;not-round,reject
3948,56,11.980721486804004,0.23718179555575888,0.046666423562699316,0.1027698333736955,0.3111475169093,2.0,0.75,0.8229166666666667,4,1014.0151977539062,984.9708251953125,10.850299249999999,-1,-1,,,1.5823290107276649,4.242877166934674,False,short;two-cores;not-round,reject
2889,122,10.740239737134198,0.16645319522451216,0.035431545876273784,0.16133623625670837,0.39073778054696895,1.0,0.3333333333333333,0.7916666666666666,9,622.6045227050781,906.100341796875,10.805803000000001,1,3185,0.08177083438255853,0.7043876534233962,1.245240098337299,4.7532519353186915,False,rigid-doublet;two-cores;not-round,reject
2055,134,13.242892455983931,0.009980674616709843,0.12046873648568157,0.1285573765279721,0.5111724029380791,1.5,0.5,1.0,10,468.9829864501953,1123.1551513671875,10.78440175,1,-1,,,1.2010339878349938,7.61325243905096,False,two-cores;not-round;elongated,reject
2154,412,12.931982282856609,0.1850117021105386,0.07106838799159232,0.19894996913947152,0.44788792129387867,1.0,0.4074074074074074,0.8333333333333334,27,624.6738586425781,912.1916809082031,10.410881,-1,-1,,,1.1855458206661575,7.987056708331281,False,two-cores;not-round,reject
4429,78,14.786355625353686,0.17550520903305397,0.06639566892580093,0.22222353948386414,0.478729537127346,2.5,0.8333333333333334,0.8020833333333333,6,632.3338928222656,904.7231140136719,10.380309,-1,-1,,,1.2298344630679732,5.6454188758131325,False,two-cores;not-round;elongated,reject
5013,409,9.28981078265324,0.12954767799950956,0.02851320127455627,0.15832339143874294,0.3079380943515057,1.0,0.06896551724137931,0.75,29,349.4739990234375,445.2497253417969,10.335361,1,6960,0.060123848629729006,0.7007635607031479,1.0038984141831349,4.589814353934987,False,rigid-doublet;not-round,reject
20,203,8.887955902736298,0.032732389666289385,0.022661524835602336,0.1120785335703225,0.3276420528332378,1.0,0.0,0.7916666666666666,15,410.9176635742188,698.78955078125,10.079408,1,76,0.044924370830654946,0.7734353210997976,0.9174701420848835,2.6561997331743745,False,rigid-doublet;not-round,reject
703,270,11.372619076051496,0.3607153864627601,0.04934588870056636,0.08918379440206671,0.35366239331709604,1.0,0.15789473684210525,0.8958333333333334,19,1000.9808044433594,1001.7325744628906,9.942866,1,-1,,,1.9470688803190772,5.0474898910215265,False,defocus,reject
2737,223,12.267195101162706,0.13595774622399426,0.07204653837977856,0.08390651885531532,0.3636779147919978,2.0,0.5625,0.9791666666666666,16,743.9795532226562,354.8758850097656,9.261942,-1,-1,,,1.8624634278162044,7.020498427954505,False,two-cores,reject
7259,76,8.88920601325733,0.0525973502500269,0.040626424689803965,0.10940489072882967,0.3758725433626933,1.0,0.0,0.9166666666666666,5,1019.7442932128906,981.1937866210938,9.149843,1,-1,,,1.388822373602083,5.895729124153937,False,not-round,reject
23,271,10.088271543994535,0.05898379361197848,0.04276977181037358,0.11198980769256986,0.30708187494890704,1.0,0.0,0.8958333333333334,20,340.1638488769531,467.22943115234375,9.123676,1,-1,,,0.8948771345180321,6.762448156157754,False,not-round,reject
28,86,7.5662142547399345,0.11619728407917702,0.02025284038567708,0.10630147941296349,0.3036000866009215,1.0,0.0,0.875,7,1016.3400573730469,969.8701782226562,9.006082750000001,1,-1,,,1.7811906456143047,4.884689103649881,False,not-round,reject
29,1021,8.031197915942814,0.3170581420455301,0.04185159250147676,0.05839790462378464,0.33246664273895904,1.0,0.2876712328767123,0.9375,73,498.7804260253906,75.79193878173828,8.9352455,1,-1,,,1.5905451348976207,7.165076221845906,False,defocus,reject
33,1115,8.840586302761457,0.07282224079727175,0.048093481637183855,0.14679044290829704,0.3893380468351113,1.0,0.0125,0.8541666666666666,80,404.71002197265625,693.0460205078125,8.816787,1,20,0.07184178273331387,0.715514274355985,1.0022053608845252,3.105166208966761,False,rigid-doublet;not-round,reject
3029,85,12.450864886487766,0.045851091575786346,0.056961788971996254,0.09578992554107933,0.3814984607348198,2.0,0.6666666666666666,0.9270833333333334,6,194.4034576416016,289.11138916015625,8.775856,-1,-1,,,2.0201357763449233,5.664161566292389,False,two-cores,reject
3577,614,18.52565128531325,0.1484624799869532,0.08209557608783925,0.25976090925653117,0.40328782033685706,1.0,0.0,0.8125,44,651.0593872070312,594.0330505371094,8.605745,-1,-1,,,1.9558444986716987,6.177485390753099,False,not-round,reject
1994,157,11.031120528647191,0.08126764015485224,0.055951682212320795,0.15876039196912248,0.4365218068125549,1.0,0.09090909090909091,0.8541666666666666,11,343.1005249023437,457.67193603515625,8.491343,1,-1,,,1.094736671604369,6.325600431319814,False,not-round,reject
5394,78,13.53037673032653,0.016621625855104745,0.12908230080104405,0.13983429126699007,0.52545421063468,1.5,0.5,0.9791666666666667,6,467.5682830810547,1141.444091796875,8.27759875,1,6,0.06352222542056957,0.749614879696119,1.0156409607057535,3.4409152788601505,False,rigid-doublet;two-cores;not-round;elongated,reject
4239,431,17.61033902688413,0.15452045007903514,0.10829581073682405,0.16699568117187252,0.4370513845569657,1.0,0.03225806451612903,0.9166666666666666,31,117.34583282470705,428.7390747070313,8.25513,-1,-1,,,2.025502298508507,7.222567530798314,False,not-round,reject
5251,60,11.687721044195754,0.02303000387888603,0.059726752016463214,0.08108652471323916,0.34940371308541646,2.0,1.0,0.9270833333333333,4,497.2716827392578,48.511274337768555,8.250947499999999,-1,-1,,,1.8405494940925544,5.942357701994534,False,two-cores,reject
4242,307,12.83655827767487,0.1844714226722749,0.06536481289713732,0.09013365639806184,0.3522249450262085,1.0,0.45454545454545453,0.9479166666666667,22,704.3436889648438,369.8282775878906,8.162627,-1,-1,,,1.8379374056754079,7.47208483775231,False,two-cores,reject
38,271,11.881759566663245,0.19233012116280618,0.06804755963838544,0.20157490482449225,0.4432849018156158,1.0,0.35,0.8020833333333333,20,625.0303955078125,892.4793701171875,7.7084985,1,-1,,,1.1338142354427654,7.671806526719074,False,two-cores;not-round,reject
2791,417,10.385202734236904,0.2885452152151036,0.06221366340766489,0.17573814511498612,0.3364691913158312,2.0,0.5161290322580645,0.8125,31,674.4085693359375,208.8014373779297,7.6908507,1,-1,,,1.5319885322005216,7.589584223796405,False,two-cores;not-round;defocus,reject
4358,427,8.089733221954084,0.17318322560740493,0.03443243186662636,0.10602746519401098,0.3245186334350437,1.0,0.0967741935483871,0.8958333333333334,31,1022.1984252929688,989.86962890625,7.49587,1,-1,,,1.6103214906414816,6.021073351778844,False,not-round,reject
6676,161,9.074651245494339,0.03650973643376962,0.04699115610535075,0.18598395088766756,0.29287710305921555,1.0,0.07692307692307693,0.7083333333333334,13,390.1785278320313,671.009033203125,7.4533343,1,6795,0.09697873965331012,0.7835031589041654,1.0463103353968362,4.236043788881241,False,rigid-doublet;not-round,reject
5430,135,12.7610355431048,0.11550871626329826,0.07228607144750747,0.18868187194117664,0.35847401014169183,2.0,0.7,0.8645833333333334,10,688.1528930664062,225.4010467529297,7.4249578,-1,-1,,,1.5484789896550866,5.973570522680789,False,two-cores;not-round,reject
27,1118,8.480186780661654,0.41054623202758667,0.04144592207243951,0.05272582612001596,0.3166223226824348,1.0,0.1125,0.9375,80,1139.1823120117188,150.7985382080078,7.405689499999999,1,-1,,,1.8264830278476534,5.840155669212398,False,defocus,reject
7042,56,8.48523864196423,0.05852798313232098,0.0748357326952456,0.12604480960184003,0.5033091345230739,1.0,0.25,0.9895833333333333,4,240.0339813232422,19.49834156036377,7.11576365,1,-1,,,1.4372053512789629,5.887653848590223,False,short;not-round;elongated,reject
1952,175,13.554251037852621,0.09482929871250981,0.11049230621154182,0.12500998010487724,0.4534398559441781,1.0,0.08333333333333333,0.9791666666666666,12,185.97325134277344,302.8342590332031,7.030518,-1,-1,,,1.9748407108587611,6.001054861250088,False,not-round;elongated,reject
3722,113,11.429220644265609,0.0942372073699137,0.12132376129649092,0.2588792546334653,0.5630669063476457,2.0,0.5714285714285714,0.7916666666666666,7,627.6287841796875,907.3052978515624,6.641689,-1,-1,,,1.4332150880836685,7.660841385785197,False,two-cores;not-round;elongated,reject
3548,615,15.358028070917829,0.192238604685901,0.07426201377657789,0.12773042734620182,0.42395937561543023,1.0,0.22727272727272727,0.90625,44,187.02378845214844,282.4053039550781,6.5263066,-1,4905,0.12468542055159074,0.8466293133401471,1.9352179294985818,7.360158635750651,False,rigid-doublet;not-round,reject
42,578,8.560186359394374,0.2685006440185139,0.04965804752834458,0.14199136412970534,0.3588301150881828,1.0,0.3902439024390244,0.8541666666666666,41,714.2583618164062,155.45975494384766,6.3228462,1,3661,0.08306286709821706,0.708421344284721,1.5954379250862745,6.278596615715433,False,rigid-doublet;two-cores;not-round;defocus,reject
40,1118,10.815784162153225,0.4071811773936029,0.061135064041686615,0.07360689209964158,0.3202399422267862,1.0,0.0625,0.9375,80,1193.4666137695312,704.0085144042969,6.171098300000001,-1,-1,,,2.043701152425288,6.522413234547675,False,defocus,reject
3184,131,13.271576391736165,0.034889554754567356,0.10310247075618394,0.14130390180503088,0.48473913376872857,1.0,0.3333333333333333,0.9791666666666666,9,474.9616088867188,1135.7723388671875,6.015808,1,-1,,,1.07483852016813,3.9258883928094805,False,two-cores;not-round;elongated,reject
882,144,12.861600661778276,0.14302781980703863,0.06508281563986296,0.18928500941825277,0.46983866927529255,2.5,0.6,0.8020833333333334,10,353.558349609375,460.6585693359375,5.3750973,-1,-1,,,0.911553176510387,3.0615415508035824,False,two-cores;not-round;elongated,reject
3983,546,7.759602454216348,0.1113810061092374,0.044655533887610524,0.14001847674739853,0.3573999176680537,1.0,0.025,0.8125,40,763.8770141601562,140.85198211669922,5.32722905,1,-1,,,1.5085318421695058,5.878096639476963,False,not-round,reject
6320,213,10.293933116695275,0.260689171459361,0.1059916246714042,0.2050791658260382,0.4557926121644259,1.5,0.5,0.875,16,649.14501953125,921.4599609375,5.3118615,1,-1,,,1.1691735076760295,3.370476679259644,False,two-cores;not-round;elongated;defocus,reject
1020,147,11.936328096335991,0.2654870794492875,0.06366023693838113,0.08813350586765803,0.3318819330156631,1.0,0.45454545454545453,0.9166666666666666,11,191.1365509033203,315.6656799316406,5.262835,-1,-1,,,1.7704401737733204,4.952398321247735,False,two-cores;defocus,reject
3493,231,11.727418374736478,0.2566213226761686,0.04541692526050361,0.1639371120434421,0.3882600509734827,2.0,0.5294117647058824,0.8541666666666666,17,15.92286205291748,995.0537109375,5.225128,-1,-1,,,1.765990725271045,5.83746149696701,False,two-cores;not-round;defocus,reject
6321,70,11.338608012211887,0.07535572644240777,0.1235869008867542,0.2563454552294739,0.47123776777883386,1.0,0.2,0.8333333333333334,5,347.7593994140625,452.4217987060547,5.1749525,1,-1,,,1.0938938754466412,5.699473805845017,False,not-round;elongated,reject
7449,53,7.588102354394161,0.05444583625798645,0.061840533132995326,0.061933145756248364,0.396510725418319,1.0,0.0,1.0,4,221.9974822998047,268.3497314453125,5.1549816,1,-1,,,1.4690362858472452,4.212784407113213,False,short,reject
4272,54,8.802715081666946,0.2990824183871959,0.09705601927060238,0.14854156578436867,0.4652971890160498,1.0,0.25,0.8854166666666667,4,240.81201934814453,288.7398223876953,4.9895682,0,-1,,,1.4503773960650954,8.186037117967471,False,short;not-round;elongated;defocus,reject
4261,80,12.073979285907921,0.19467324621281962,0.14995708609751918,0.2078125081137323,0.5550415020230003,1.0,0.3333333333333333,0.9895833333333333,6,287.0963439941406,30.671720504760742,4.92086165,1,-1,,,1.4462326067429632,5.2132639751808725,False,two-cores;not-round;elongated,reject
5795,248,7.27732239320658,0.298070795298163,0.03177094279232712,0.03178297462223076,0.2747350690660438,1.0,0.29411764705882354,0.9791666666666666,17,205.28453826904297,264.49488830566406,4.9145837,1,6675,0.12469525360942937,0.720127519363067,1.6298395733814959,7.009421873621139,False,rigid-doublet;defocus,reject
1348,51,12.809151599474525,0.06459714759646887,0.09350056634029968,0.20579373667239734,0.367189285698142,2.0,0.75,0.8229166666666667,4,24.64604759216309,992.6678466796876,4.8154273,-1,-1,,,1.7819698785187124,5.413136820944412,False,short;two-cores;not-round,reject
49,111,7.755180274517485,0.2176794746789715,0.07801529834287535,0.18066233783543573,0.28022053984058864,1.0,0.0,0.8541666666666666,8,701.3634643554688,207.7763214111328,4.672669,1,-1,,,1.7032037153407469,4.056738105230841,False,not-round,reject
47,457,8.602402850869767,0.1270131796766842,0.07785152348980023,0.18825496652011553,0.41529147357195456,1.0,0.12121212121212122,0.875,33,1553.1158447265625,174.82374572753906,4.6584992,1,-1,,,1.0645881252785012,3.731441225375603,False,not-round,reject
4276,512,9.085048090020608,0.16632068951870715,0.0684840065925966,0.19649151203939244,0.42617685347874884,1.0,0.02702702702702703,0.8125,37,1572.7880249023438,161.73841094970703,4.59011865,1,-1,,,1.054320601499923,4.525406494631671,False,not-round,reject
5666,86,9.087582429799896,0.26464952634105626,0.04170867035505792,0.058740365900473365,0.30270883324850273,1.5,0.5,0.9375,6,483.3197784423828,54.63459396362305,4.536467099999999,1,-1,,,1.8293861703709056,5.17698320993895,False,defocus,reject
19,1112,8.317774619489423,0.3688182050050326,0.0610825961984323,0.06660816912260928,0.3437712730765652,1.0,0.0641025641025641,0.9583333333333334,78,1412.582275390625,56.17677116394043,4.488965,1,-1,,,2.019088318544435,6.401289761926915,False,defocus,reject
3185,175,8.191886115815157,0.24669115531159577,0.05076882955087672,0.20622446651554419,0.4444276769297255,1.0,0.16666666666666666,0.7916666666666667,12,614.495849609375,910.6610717773438,4.4807334,1,2889,0.08177083438255853,0.7043876534233962,1.1740686353125418,7.968554923216944,False,rigid-doublet;not-round,reject
31,1118,7.2435124895615886,0.2565228365674821,0.04238445268228976,0.05060100184714102,0.2999780877209001,1.0,0.125,0.9583333333333334,80,875.4997863769531,277.46925354003906,4.22930285,1,-1,,,1.9351316112431078,6.069844040697524,False,defocus,reject
5917,51,12.836168275108747,0.14093145069705912,0.07506382007907908,0.23990202794607526,0.5447109956013423,1.0,0.25,0.78125,4,344.0040588378906,450.0653991699219,4.1620617,1,-1,,,1.1876076279882235,6.572416828324623,False,short;not-round;elongated,reject
4577,240,12.359968364403686,0.20001061895073272,0.09111790851454302,0.21958207174584604,0.47692873870605224,1.5,0.5,0.8125,18,646.7969970703125,904.4836120605469,4.105976,-1,5173,0.11547449758751856,0.736437893867645,1.3755312818963004,7.222116348579817,False,rigid-doublet;two-cores;not-round;elongated,reject
2627,58,9.417110488356055,0.07698817767132056,0.09028145450306693,0.1712185887023894,0.39561386962237455,1.0,0.0,0.96875,4,6.940361738204956,940.4325561523438,4.0476025,1,-1,,,1.1230293943964396,4.824181321643717,False,short;not-round,reject
5786,195,9.975567006919068,0.10027462981523995,0.10696694949796887,0.14833022529334444,0.3774396491573,1.0,0.07142857142857142,0.9270833333333333,14,508.1291809082031,567.2431640625,4.000959,-1,-1,,,2.7432754395697483,7.414580787545219,False,not-round,reject
1612,274,8.133731315307703,0.21999716940951974,0.048462096602382765,0.1578074056765646,0.3545887106013125,1.0,0.2631578947368421,0.8333333333333334,19,37.83757972717285,992.0196838378906,3.9952861000000004,1,-1,,,1.5513895897824066,5.779253342806235,False,not-round,reject
3530,81,13.156398999113797,0.2275849660867301,0.09675875025602959,0.211781444680672,0.5120462632821268,1.5,0.5,0.8854166666666667,6,1559.6322021484375,187.8513641357422,3.981651,-1,-1,,,1.1163120505019557,6.649313497157554,False,two-cores;not-round;elongated,reject
6202,78,6.48146433487268,0.31128848047621066,0.036164343313954996,0.03618209114450857,0.29456240925386645,1.0,0.4,1.0,5,475.28175354003906,62.13316535949707,3.9482235,1,-1,,,1.8814945827014975,5.80082097367175,False,defocus,reject
36,125,8.24126582855952,0.11388686067690414,0.052261996434221636,0.16322378553563477,0.34905737993239705,1.0,0.1,0.7916666666666667,10,29.13936996459961,996.931396484375,3.9452152,1,-1,,,1.2748045929495375,7.809781168558477,False,not-round,reject
138,64,17.578932116291867,0.12717217483669632,0.1059768061815188,0.21883801570315922,0.5165942038509124,1.0,0.4,0.8541666666666666,5,237.4315185546875,18.201879501342773,3.92377295,-1,-1,,,1.5951475281389937,4.233168167326557,False,two-cores;not-round;elongated,reject
3896,559,8.632743210815722,0.2882319336792045,0.08065083176764876,0.19851540930085604,0.42816838518438005,1.0,0.175,0.8632535460992907,40,16.03761100769043,940.519287109375,3.893485,1,4195,0.04862299081702612,0.7090945465211277,1.1489089155637857,6.612647044014968,False,rigid-doublet;not-round;defocus,reject
4588,78,13.26194443074679,0.03982214445003421,0.12340269743825984,0.1499848607491086,0.48847496108901867,1.0,0.0,0.9583333333333334,5,481.3333435058594,1136.728271484375,3.8651774999999997,1,6,0.07290769392181021,0.7560445000579596,1.110443116234585,3.057926824024147,False,rigid-doublet;not-round;elongated,reject
1053,50,10.8158311718887,0.2096942434876921,0.1376235749077802,0.22174773402382228,0.45541560445752727,2.0,0.75,0.84375,4,24.624666213989258,988.0589599609375,3.83015165,-1,-1,,,2.16802120593056,5.17047791240204,False,short;two-cores;not-round;elongated,reject
3819,71,13.728709030879303,0.21335616947670652,0.07518756243893963,0.1421053060258111,0.3905144738305534,2.0,0.6,0.8541666666666666,5,233.98570251464844,278.9046325683594,3.8219364,-1,-1,,,2.2248264920120198,6.43828132414164,False,two-cores;not-round,reject
4688,220,8.420541289527987,0.1627180749520383,0.05103930170518711,0.15742037025303723,0.35388197894447015,1.0,0.1875,0.8020833333333333,16,412.14552307128906,664.2167053222656,3.7798718,1,4606,0.0883856510053573,0.7537407654789091,1.2506524736172688,6.446345746565838,False,rigid-doublet;not-round,reject
6378,62,11.14561028258445,0.21635065520767718,0.1768846167635115,0.2936870558328082,0.5934977508472064,1.0,0.2,0.8541666666666666,5,392.5025329589844,663.3199157714844,3.7651455,-1,-1,,,1.5871204947403208,6.031061285422305,False,not-round;elongated,reject
6806,153,10.022280668522454,0.07950570035812851,0.06799703540743463,0.17207011399825456,0.42041418913217543,1.0,0.18181818181818182,0.9166666666666666,11,336.1527404785156,456.2127380371094,3.7147753,1,-1,,,1.1059699664792704,4.917452705797533,False,not-round,reject
1629,75,8.904355898102985,0.15609742572639088,0.13948035027427236,0.15027688070355075,0.5781021181857473,1.0,0.3333333333333333,1.0,6,235.5824432373047,30.66774177551269,3.6673057,1,-1,,,1.569298728810057,6.017457909781575,False,two-cores;not-round;elongated,reject
1669,50,12.452858368319824,0.046674923603740856,0.16433390507406898,0.23593922608005774,0.41530321406344756,2.0,0.75,0.8333333333333333,4,416.2191162109375,687.1996765136719,3.6649782,-1,-1,,,0.9951636584555781,3.557127773262477,False,short;two-cores;not-round,reject
6011,52,9.413467920991797,0.04718479669630898,0.12107762887301028,0.24164857073381918,0.5838835149545707,2.0,0.6666666666666666,0.8958333333333334,3,396.8856201171875,664.7333984375,3.55578875,-1,-1,,,1.3789690410667934,5.2529447878756885,False,short;two-cores;not-round;elongated,reject
3087,269,9.014033232244696,0.21340684270558816,0.08643090425945443,0.20510363514130725,0.48315070972020424,1.0,0.35,0.8125,20,413.8863830566406,689.19873046875,3.520609,1,-1,,,1.404602739135564,6.824000352630311,False,two-cores;not-round;elongated,reject
6907,134,7.688262224642748,0.2747852970632752,0.04083427954135919,0.15691273481549348,0.3794379737931772,1.0,0.3333333333333333,0.875,9,55.972084045410156,1022.6239318847656,3.4494324,1,-1,,,1.7436299764571832,4.774781981005505,False,two-cores;not-round;defocus,reject
6367,216,12.074616470662543,0.12829301094814236,0.15848799641666317,0.1789550491871256,0.4640857474630071,1.0,0.125,0.9895833333333333,16,1331.9321899414062,896.8912658691406,3.4478831000000003,-1,-1,,,2.3438204425483917,6.640233357092397,False,not-round;elongated,reject
455,80,12.752392583640304,0.1915298286348806,0.12247139465923637,0.22213773674848852,0.45723902472057953,1.0,0.3333333333333333,0.8333333333333334,6,629.0316467285156,895.8703002929688,3.39958345,1,-1,,,1.2317374126125857,7.997547769402354,False,two-cores;not-round;elongated,reject
4866,55,6.614846897149405,0.2973094263346389,0.048312819677745505,0.04835560430229826,0.30873669203411935,1.0,0.25,1.0,4,482.0519104003906,23.84538078308105,3.386831,1,-1,,,1.6957145075803945,3.962615808219603,False,short;defocus,reject
4988,80,6.937788036878566,0.2976993495212329,0.04358894888187907,0.22272827314273808,0.2970815941499783,1.0,0.4,0.7916666666666666,5,24.058276176452637,1006.2611389160156,3.37493145,1,-1,,,1.7517549470995042,7.637149413355452,False,two-cores;not-round;defocus,reject
6795,155,10.111964292446663,0.12900341836334167,0.09113490905524804,0.19547392773816222,0.43560176396695605,1.5,0.5,0.8645833333333334,12,398.1225280761719,667.066162109375,3.3058233,1,6676,0.09697873965331012,0.7835031589041654,1.032258826717571,4.004494702082045,False,rigid-doublet;two-cores;not-round,reject
5488,97,8.23655468441583,0.1442622506096177,0.08192267414671528,0.1487091589942009,0.4145796708450627,1.0,0.2857142857142857,0.875,7,13.91002082824707,1020.5532836914062,3.298403,1,-1,,,1.6533882489885912,7.4898055928645295,False,not-round,reject
35,761,8.58960432599564,0.17965629501055358,0.08953882404805348,0.18980398616157423,0.45915470225895,1.0,0.18518518518518517,0.8632535460992907,54,206.3907623291016,1143.9361572265625,3.269332,1,-1,,,1.142919153303338,4.680868794027025,False,not-round;elongated,reject
3340,154,10.952036344403377,0.17780970354194675,0.16623951072714427,0.2123235246245938,0.47451671831490727,1.0,0.3,0.96875,10,334.3352966308594,452.4363250732422,3.19486065,1,-1,,,1.301607009753405,6.798714353168669,False,not-round;elongated,reject
51,1118,10.40901885267553,0.26993218939442687,0.0884104483818896,0.12766919805985624,0.4036804885799,1.0,0.025,0.9375,80,1208.1839599609375,468.0809631347656,3.1425221,-1,-1,,,2.2438384249527368,6.47772785304448,False,not-round;defocus,reject
46,495,16.784246658764403,0.21855424588815803,0.20400830043088047,0.3548451117306819,0.50762957000475,1.0,0.027777777777777776,0.8936170212765957,36,673.2713012695312,626.8411254882812,3.0623996,-1,-1,,,2.2901520631687005,7.43920208374973,False,not-round;elongated,reject
140,286,9.570324293649731,0.2437061233812562,0.11446500604142261,0.19708125032655904,0.45804943245599344,1.0,0.3684210526315789,0.8541666666666666,19,404.0735168457031,685.70849609375,2.99177025,1,-1,,,1.1448322019713195,3.7283746614094024,False,two-cores;not-round;elongated,reject
926,195,7.704514551410606,0.08627832074762552,0.10818156121434272,0.2365748990361598,0.570595106076996,1.0,0.15384615384615385,0.8958333333333334,13,1102.186767578125,193.77647399902344,2.9685938,1,-1,,,0.9261103118069142,3.102442565303058,False,not-round;elongated,reject
1088,57,13.267773080597811,0.06246243501196835,0.11596318557304444,0.1857734818455413,0.49703458996093985,2.0,0.75,0.9270833333333333,4,619.8379516601562,896.1598510742188,2.885443,-1,-1,,,1.3198816170338432,3.421805672304938,False,short;two-cores;not-round;elongated,reject
72,1118,9.709450249402778,0.20257256289633896,0.07953058616758063,0.11896212394482668,0.3772094058222107,1.0,0.0125,0.9166666666666666,80,1490.4203491210938,916.7268676757812,2.8814565500000002,-1,-1,,,2.3878225820534236,7.79001564968264,False,not-round,reject
1685,261,10.716919782989077,0.1712298097040895,0.11906573663971876,0.14631770610128794,0.4336869005953702,1.0,0.05555555555555555,0.9479166666666667,18,588.5831298828125,547.678955078125,2.8159008,-1,-1,,,2.458280861681312,7.043502765425224,False,not-round,reject
2824,68,9.676569782957083,0.031778087128556426,0.09416215936832453,0.10312760729845076,0.46365595136980775,1.0,0.2,1.0,5,245.67657470703125,42.27945518493652,2.70768545,1,-1,,,1.942173510600771,7.345846699204993,False,not-round;elongated,reject
7347,73,8.075119244121652,0.36667893594354906,0.13990758127686417,0.18998685667517076,0.575924963724294,1.5,0.5,0.9479166666666667,6,1105.2510986328125,157.90516662597656,2.6396124,1,-1,,,1.0897170102976221,5.378156695857254,False,two-cores;not-round;elongated;defocus,reject
3051,639,14.506928262808627,0.1689018989979218,0.15114468671654493,0.29702213835458363,0.4620160226222388,1.0,0.06666666666666667,0.8936170212765957,45,523.1998901367188,734.5883178710938,2.61656,-1,-1,,,2.355101761041671,6.787718578688747,False,not-round;elongated,reject
2860,123,13.500724072680645,0.22390723649192185,0.09529081816005028,0.19727288218498581,0.5037392283176538,2.0,0.6,0.875,10,246.3043670654297,278.9303894042969,2.5004215,-1,-1,,,1.8468644222861434,5.827999350296582,False,two-cores;not-round;elongated,reject
557,190,8.325193194489188,0.23469415322443432,0.03679712643727734,0.18207655019018773,0.45093218144035263,1.0,0.15384615384615385,0.8125,13,350.6592712402344,472.3906707763672,2.49261815,1,-1,,,0.9965107297241296,6.569183558757963,False,not-round;elongated,reject
687,54,12.178616062083314,0.044022116321987,0.2109189362227677,0.2145142953540092,0.41253070331653346,1.0,0.3333333333333333,1.0,3,231.6416473388672,29.028043746948242,2.3492395999999998,-1,-1,,,1.9578560507184681,7.996293771821729,False,short;two-cores;not-round,reject
2450,85,9.16693308075417,0.263664144729109,0.12007525693352833,0.2061404209252793,0.43637181432570915,1.5,0.5,0.8947251773049645,6,402.7448425292969,694.9348754882812,2.299866,1,-1,,,1.2727623158302148,3.614520009120378,False,two-cores;not-round;defocus,reject
1256,104,6.932231561240569,0.2751136121091733,0.074227693216526,0.25548403832876343,0.42706583489778643,1.0,0.2857142857142857,0.8125,7,713.9577331542969,214.7695083618164,2.2941654,-1,-1,,,1.5906074906310042,4.737444269323435,False,not-round;defocus,reject
3894,72,12.101159630213424,0.11010463952808051,0.07938521247559673,0.23191204496158824,0.4704886736874632,2.0,0.6,0.7916666666666666,5,687.1549072265625,208.03076934814453,2.27913545,-1,4096,0.08967139214192438,0.7942829913957764,2.124916309226212,6.363675519336527,False,rigid-doublet;two-cores;not-round;elongated,reject
7141,106,9.644601891388909,0.09517293587278783,0.10782553825020888,0.13257930313502303,0.3487601685840778,1.0,0.0,0.9270833333333333,8,475.797607421875,548.5494689941406,2.2276455,-1,-1,,,2.2745862843575853,7.606467837696327,False,not-round,reject
6027,51,14.336288682270554,0.05849686773565505,0.11782389730994466,0.14393428989831403,0.3975050768004005,1.0,0.0,0.9583333333333334,4,1172.437744140625,297.37469482421875,2.223177,-1,-1,,,2.4340248368756696,5.77945657863988,False,short;not-round,reject
4096,70,11.771104275175437,0.18303096101183727,0.07303111613532683,0.21591616195106236,0.375041131313307,1.0,0.4,0.8125,5,678.8039245605469,214.74388885498047,2.17614005,1,3894,0.08967139214192438,0.7942829913957764,2.0124131109398173,5.3141096961677174,False,rigid-doublet;two-cores;not-round,reject
6926,134,7.197212414046146,0.37571630152049645,0.050650582243011874,0.22352042230759306,0.3685459849153086,1.0,0.1111111111111111,0.8333333333333334,9,704.8729553222656,234.64041900634766,2.1554677499999997,1,-1,,,1.4382781992421876,4.6010387074775005,False,not-round;defocus,reject
5310,130,13.343610106239058,0.11641150524069549,0.09295124129808356,0.1748892719688813,0.34561286008674796,2.0,0.7,0.8958333333333333,10,242.0054702758789,279.80975341796875,2.1241678000000004,-1,-1,,,2.078038490227903,6.4615523033443125,False,two-cores;not-round,reject
1391,197,9.073614410066213,0.252200945664018,0.09262748752640543,0.16368769816514184,0.40074684090528395,1.0,0.38461538461538464,0.875,13,234.23040771484372,286.1763916015625,2.1202338,-1,-1,,,1.69419988400717,6.674385647366982,False,two-cores;not-round;defocus,reject
2925,162,12.609090148388628,0.27992226453297836,0.1412878945453506,0.26315062723904425,0.5915660305401299,2.0,0.5454545454545454,0.875,11,1556.4271850585938,177.86373138427734,2.07610495,1,-1,,,1.1182884122044041,6.845261061322071,False,two-cores;not-round;elongated;defocus,reject
331,86,19.962921229617347,0.20276795202635792,0.2573054406998218,0.26494133538304665,0.5746101240412618,1.0,0.2,1.0,5,1096.9974365234375,186.1331634521484,2.0731684,-1,-1,,,1.7393516901237493,7.368607704222688,False,not-round;elongated,reject
3344,119,9.61201893296492,0.11934376742487521,0.13263186277831204,0.21978781629315808,0.5085583434626969,1.0,0.4444444444444444,0.8541666666666666,9,418.0078125,681.1021728515625,2.0636098,1,-1,,,1.3204797332233662,6.792461343683079,False,two-cores;not-round;elongated,reject
56,455,9.530567873808092,0.21375748309879755,0.098868680517358,0.15081924286236656,0.41120178781750816,1.0,0.030303030303030304,0.9166666666666666,33,1341.8477783203125,922.382080078125,2.045569,-1,-1,,,2.4071547671103284,6.983174737476875,False,not-round,reject
6491,72,12.029794660423176,0.06211395977202403,0.11974557881882777,0.13537980531331303,0.37973371310519244,1.0,0.0,0.9583333333333334,5,1183.4932861328125,303.9709777832031,1.99069985,-1,-1,,,2.42558174259431,7.217093164623058,False,not-round,reject
54,108,8.611559758885615,0.2353928199825546,0.09913043404645876,0.2693931167410424,0.5883699410283013,1.0,0.125,0.7604166666666666,8,1554.2883911132812,166.99620056152344,1.9734650500000002,1,-1,,,1.128540111177275,7.506936933638393,False,not-round;elongated,reject
2057,61,8.802029871006988,0.2418370334091585,0.14962618137704425,0.18176230820887707,0.3986430085703321,1.0,0.25,0.9583333333333333,4,402.9853820800781,686.1853637695312,1.9678818,1,-1,,,1.3317565438608536,5.1361624718379195,False,not-round,reject
4404,140,8.944701179061848,0.13574862953256708,0.11152877948407552,0.23356626051481308,0.45486294702315094,1.0,0.3,0.8854166666666666,10,425.70924377441406,678.6383361816406,1.95052725,1,4688,0.11732734335556738,0.762682941629786,1.4504798359065925,6.513936767900409,False,rigid-doublet;not-round;elongated,reject
7284,79,9.853804128568793,0.10531675132557063,0.12623532339898103,0.16694577633865226,0.3423122171907175,1.0,0.0,0.8854166666666667,6,338.6361694335937,271.6079406738281,1.9352988,-1,-1,,,2.625083959006905,5.499997812259338,False,not-round,reject
3903,101,13.354447598600206,0.21259192187858408,0.12081775218801755,0.22084136343272018,0.5083003681866674,1.0,0.125,0.9270833333333334,8,1574.5718994140625,167.09698486328125,1.9341463,1,-1,,,1.4179461569784033,7.958962007744785,False,not-round;elongated,reject
63,455,10.052089860296675,0.13038682479674438,0.146790174321472,0.18028876285964124,0.393150019477075,1.0,0.030303030303030304,0.9375,33,1194.4248046875,332.4418029785156,1.9053527,-1,-1,,,2.5178526569654793,7.58888296575957,False,not-round,reject
53,142,8.18464140606551,0.23487371105714472,0.0648556132837493,0.20611911717052606,0.31310942318091783,1.0,0.3,0.7916666666666666,10,30.285987854003906,990.3742065429688,1.9033922,1,-1,,,1.4667500633952002,5.910729323900471,False,not-round,reject
5808,116,7.651567259501956,0.13370491708961035,0.07242425010036174,0.16492219054959004,0.35587460922136077,1.0,0.0,0.875,9,30.11277961730957,1029.2154541015625,1.8493081,1,-1,,,1.5841896065136065,5.562498860402448,False,not-round,reject
6361,65,9.785480390662233,0.28780534827280274,0.13087784036986727,0.27251904311932734,0.36820420874759785,1.0,0.2,0.8541666666666666,5,49.325927734375,1020.836181640625,1.8453926,1,-1,,,1.999170151122506,5.894616900769632,False,not-round;defocus,reject
6553,90,7.325371922468586,0.3790112429805372,0.05652111489854375,0.19190564068378757,0.43095386169616456,1.0,0.14285714285714285,0.8333333333333334,7,1576.8479614257812,150.904296875,1.83126675,1,-1,,,1.0837287509398714,5.458051418503618,False,not-round;defocus,reject
4835,78,6.865750081249729,0.17530248218173963,0.09215681055204762,0.22682665959828113,0.42361939130895426,1.0,0.0,0.875,5,679.0480041503906,222.59408569335938,1.8311948999999998,1,-1,,,1.565776714904974,3.3632676775935035,False,not-round,reject
1344,213,16.211907830621755,0.15705556991234906,0.23551567281857044,0.3737967150617127,0.5099485353443751,1.0,0.0,0.8645833333333333,16,665.3763427734375,714.714599609375,1.8161693,-1,-1,,,2.508866434404976,7.091820996874382,False,not-round;elongated,reject
1165,64,9.50467970784048,0.15320072004951768,0.1345917154126265,0.20385831043519242,0.5646213813666711,1.0,0.4,0.9583333333333334,5,246.7082290649414,27.06376075744629,1.77435095,1,-1,,,1.7076005977314275,4.966100724464215,False,two-cores;not-round;elongated,reject
4594,56,13.31807433984476,0.1745336447855603,0.15639758053466257,0.2099557684930205,0.5761347684372807,1.0,0.25,0.9270833333333333,4,289.16461181640625,28.19908332824707,1.7277029499999998,-1,-1,,,1.9990150804961928,5.338619420605665,False,short;not-round;elongated,reject
4195,202,7.531728697432164,0.08448310042936645,0.038885680748878416,0.22231819805744743,0.5576952840615369,1.0,0.0,0.8125,15,22.856204986572266,943.9833679199219,1.6982104,1,3896,0.04862299081702612,0.7090945465211277,0.995263288946808,6.896147510004262,False,rigid-doublet;not-round;elongated,reject
834,378,10.772017659675718,0.09599292737515923,0.17485410156327225,0.18744466396540005,0.4362315268653812,1.0,0.11538461538461539,1.0,26,334.3912658691406,341.6439971923828,1.68877365,-1,-1,,,2.8786206262543113,8.01412174713259,False,not-round,reject
5567,93,13.85473094947459,0.077908156378369,0.09761468107101239,0.2598452715443117,0.5218124677780845,2.0,0.875,0.7916666666666667,8,353.6773986816406,459.3290710449219,1.6458521,1,-1,,,1.2546974010595566,7.380565223233155,False,two-cores;not-round;elongated,reject
44,109,13.138606327576841,0.05398960879065476,0.2607594018614094,0.3114073101383535,0.48814535384084495,1.0,0.0,0.9166666666666666,7,1394.5904541015625,254.5650177001953,1.6445856,-1,-1,,,2.4106317516689497,6.045804350318939,False,not-round;elongated,reject
1573,54,14.647583855321177,0.025446930717707608,0.1428679934130145,0.1852158809580563,0.5522582191944029,1.0,0.3333333333333333,0.8541666666666666,3,241.23263549804688,21.551616668701172,1.629529,-1,-1,,,1.6958519186183303,3.3712223765240665,False,short;two-cores;not-round;elongated,reject
779,67,9.35210784827933,0.08132255645669956,0.19066817562811825,0.20479356188810371,0.3694147300120237,1.0,0.0,0.9791666666666666,5,1066.0245361328125,872.0608520507812,1.578424,-1,-1,,,2.8005707761686627,6.8733540692248996,False,not-round,reject
5681,310,12.990722423260243,0.10952023929681441,0.24690455792902638,0.3205137974236164,0.40862437764191206,1.0,0.0,0.9270833333333333,22,1091.6792602539062,181.2893295288086,1.55832125,1,-1,,,0.3517904158457269,7.714958146927916,True,not-round;mislink,reject
5429,63,9.125174896173814,0.18198792275495096,0.10767845228340725,0.24736853514888943,0.44445653904583016,1.5,0.5,0.8541666666666667,4,422.1837158203125,664.6990356445312,1.5324211,1,-1,,,1.4579046119357204,7.754468671942544,False,two-cores;not-round,reject
57,57,9.500562803260655,0.08682674043179608,0.1295010964664986,0.1681780548072259,0.3924808287002358,1.0,0.0,0.9375,5,1046.6629638671875,882.6995239257812,1.5264865,-1,-1,,,2.9757364885961324,7.073130409169769,False,short;not-round,reject
1038,99,17.615844797928087,0.17339521326241053,0.14080184799684245,0.20435357285842243,0.34388580696521104,1.0,0.0,0.8958333333333334,7,1213.7288818359375,323.15673828125,1.4986504,-1,-1,,,2.6507427894712086,7.711394172951168,False,not-round,reject
1242,110,9.3751893055544,0.06466339250420294,0.19574562783622584,0.21422429235724477,0.29585573055993036,1.0,0.0,0.9895833333333333,8,1099.8605346679688,877.7318420410156,1.4915321499999998,-1,-1,,,3.2387863016192586,7.822326691018946,False,not-round,reject
472,79,15.44818647394719,0.16825420679675637,0.14158299735546712,0.23369485970557505,0.4570097647552426,1.0,0.0,0.9791666666666666,5,1231.448486328125,304.0505676269531,1.4646429,-1,-1,,,2.1666483309465985,7.040042433514333,False,not-round;elongated,reject
2108,53,12.529990968076493,0.0591122203801697,0.13057633481698938,0.17995500060397185,0.3791151634144592,1.0,0.2,0.9166666666666666,5,1220.9688720703125,326.5336608886719,1.449346,-1,-1,,,2.6376549533721567,6.66605870646234,False,short;not-round,reject
5660,74,8.591111504756848,0.09900210207198572,0.10086485412132114,0.23268014093298817,0.5416701838180589,1.0,0.0,0.78125,6,756.5912780761719,141.6620864868164,1.44194025,1,-1,,,1.9029115025936707,5.790786060725923,False,not-round;elongated,reject
2548,141,10.861154149944925,0.1338445027580606,0.13032671013900837,0.13630648916082636,0.5200059348392775,1.0,0.18181818181818182,0.9583333333333334,11,1569.0709228515625,298.2092590332031,1.4221591,-1,-1,,,2.3270394910102143,7.7868467665298695,False,not-round;elongated,reject
5167,105,13.443443247845092,0.2011571071479664,0.20418111686051799,0.22169714509341976,0.5617079572479937,1.0,0.125,1.0,8,1587.0916748046875,158.5538330078125,1.4078366,-1,-1,,,1.1841982599118315,6.799933856194572,False,not-round;elongated,reject
4212,143,10.463599289064907,0.06740837076500658,0.19326439724247796,0.19800484673650803,0.4734560541869741,1.0,0.0,1.0,10,1170.879638671875,995.6884765625,1.3958265,-1,-1,,,2.9804332056771456,6.954787799087854,False,not-round;elongated,reject
6028,54,12.804415374947675,0.1180517940470174,0.19799638459449326,0.20096288028752818,0.40410760012259783,1.0,0.0,0.9791666666666666,3,253.87982177734375,270.3363494873047,1.3709517500000001,-1,-1,,,2.071518675685998,5.738250676042623,False,short;not-round,reject
6272,97,13.26057265839577,0.2165624774051671,0.09053437489290342,0.2174946256917521,0.6026189068648381,1.0,0.14285714285714285,0.8541666666666666,7,1585.0848388671875,146.73416137695312,1.3001531,1,-1,,,1.2446351309347716,7.406538393973584,False,not-round;elongated,reject
1887,121,7.144573824931576,0.3461432254358753,0.06671770834376053,0.22597441575315344,0.43141990045107526,1.0,0.3333333333333333,0.8541666666666666,9,46.03657150268555,985.2132568359376,1.2922107,1,-1,,,1.6707327300092167,4.2870809056108445,False,two-cores;not-round;defocus,reject
5144,63,10.982056846431444,0.13809574953913187,0.15309478024984646,0.20584782401877305,0.5600538188628776,1.0,0.0,0.9479166666666667,4,267.1291809082031,22.432071685791016,1.2910298,-1,-1,,,1.7028099361638769,8.138042988198666,False,not-round;elongated,reject
2865,105,12.631735552059505,0.2226332216334454,0.1947391875700268,0.3906855058104516,0.5107342677646868,1.0,0.2,0.8958333333333334,5,665.9404907226562,713.9192504882812,1.2868356,-1,-1,,,2.5593680793508833,7.836236506982905,False,not-round;elongated,reject
3142,69,8.874628552303419,0.28847475026571706,0.19151737819385362,0.23722335496600605,0.6105486855917729,2.0,0.6,0.9166666666666666,5,1094.915771484375,172.87843322753906,1.2863635,1,-1,,,0.8518471771992279,6.188967781987894,False,two-cores;not-round;elongated;defocus,reject
5345,347,12.57341761118465,0.22543703784678093,0.18798224653154255,0.2725717383024293,0.5059562628370646,1.0,0.2,0.9375,25,1080.56884765625,191.7316131591797,1.2742366,-1,-1,,,0.9774813514042644,6.108011409202506,False,not-round;elongated,reject
774,178,9.846870886862087,0.03180320538329324,0.16581656294031377,0.27339580517768847,0.6809689445025336,1.0,0.15384615384615385,0.9166666666666666,13,792.1697387695312,860.5029907226562,1.26196265,1,-1,,,1.6815519521650153,6.176245644862712,False,not-round;elongated,reject
5707,61,10.411673104397812,0.3272652042054718,0.1362261994486686,0.20600370322672398,0.4602706113602264,1.0,0.25,0.8645833333333333,4,1584.7403564453125,155.04605102539062,1.2608861,1,-1,,,1.0433127395715518,5.012462869944241,False,not-round;elongated;defocus,reject
7154,86,10.060096677890371,0.22598579918558526,0.15020097765503426,0.26584979861737096,0.4473915150386884,1.0,0.3333333333333333,0.8541666666666666,6,341.09339904785156,465.7392578125,1.25968845,1,-1,,,1.2002636117868306,7.570578488927916,False,two-cores;not-round,reject
3416,126,12.09746516624461,0.06252791944209438,0.20453348236596805,0.22127903145472014,0.503664391504771,1.0,0.0,0.9583333333333334,9,330.6976318359375,374.54737854003906,1.24391155,-1,-1,,,2.849969877385319,7.573528953659298,False,not-round;elongated,reject
7339,72,12.935131485630773,0.1582322368159221,0.23043832224950606,0.3077768613412246,0.5073371120849418,1.0,0.16666666666666666,0.9479166666666666,6,921.4331359863281,487.50428771972656,1.23582915,-1,-1,,,2.431773912791074,7.0965765418969475,False,not-round;elongated,reject
52,91,14.138090510575749,0.1348475843318828,0.2578142650241635,0.27973238919125304,0.4217764890052169,1.0,0.0,0.9791666666666666,7,599.6218872070312,537.538330078125,1.2217265,-1,-1,,,2.4847422241580235,7.410523278721549,False,not-round,reject
4677,228,8.394635259917361,0.1314543179406118,0.0984418214964326,0.11624825465064323,0.45808419945826956,1.0,0.0,0.9791666666666666,17,1241.3875122070312,19.780458450317383,1.2182925999999998,1,-1,,,2.0425441613578834,5.605589921991302,False,not-round;elongated,reject
4362,51,8.239910457613771,0.09149196006243962,0.09702554482206148,0.09791841115733385,0.45368084658484625,1.0,0.0,1.0,4,1596.3199462890625,306.6226501464844,1.2143888,1,-1,,,2.0598564467411826,6.472602457825579,False,short;elongated,reject
6013,50,10.48353897407808,0.03795710898919278,0.16427219492271097,0.175473250281775,0.34244464465585767,1.0,0.0,0.8125,3,1133.3604125976562,1062.1465454101562,1.197632,-1,-1,,,3.015224066992277,7.53673753901759,False,short;not-round,reject
1008,56,8.798523238435315,0.1992751196053598,0.10450380335138837,0.1617054939510409,0.39585696496713685,1.5,0.5,0.875,4,1544.0209350585938,284.79876708984375,1.1710797,1,-1,,,2.572333395000035,6.149932928565805,False,short;two-cores;not-round,reject
5192,54,7.2553629236411386,0.25069134963195866,0.0506969541076764,0.18859740139165604,0.47350452815303046,1.0,0.0,0.8333333333333334,3,1575.7659912109375,163.12128448486328,1.1655440499999998,1,-1,,,1.2910602150288175,3.52846112116807,False,short;not-round;elongated;defocus,reject
2076,62,8.770311881308352,0.08482798330127368,0.1124476708902249,0.11763909221497731,0.49535415598449456,1.5,0.5,1.0,4,1545.5707397460938,300.49671936035156,1.13695,1,-1,,,2.1890170713575747,5.792022675110061,False,two-cores;not-round;elongated,reject
4872,65,8.26231017778102,0.06779021850563136,0.0812552717561841,0.10269221412182883,0.4487588071790778,1.0,0.0,1.0,5,1608.2518310546875,307.4494323730469,1.1362373,1,-1,,,1.989561279050982,5.348820310065122,False,not-round,reject
5773,173,8.094810955539138,0.27379646994539436,0.10106407046543774,0.27854447767665286,0.5674942539906468,1.0,0.0,0.7916666666666666,13,1104.619873046875,153.2717742919922,1.1173939,1,-1,,,0.9682122371017727,5.091324847484239,False,not-round;elongated;defocus,reject
234,97,8.926569782142588,0.24302802373090523,0.08673755032177649,0.11566476119497557,0.4316263721853915,1.0,0.2857142857142857,0.9375,7,1548.3192138671875,278.0271911621094,1.1102216,1,-1,,,2.3810979816239213,7.015038544592678,False,not-round,reject
3661,60,6.969719809274269,0.3084959383860814,0.07390903468191426,0.21480145090035735,0.2901021188754322,1.0,0.25,0.7604166666666666,4,751.0964965820312,165.94916534423828,1.0954442,1,42,0.08306286709821706,0.708421344284721,1.6487002922568303,4.219633631531547,False,rigid-doublet;not-round;defocus,reject
5398,62,10.074213261469568,0.26650606247071773,0.1541266485911563,0.1882687170872155,0.6365045828894216,1.0,0.2,1.0,5,802.7741088867188,837.4721984863281,1.08319285,1,-1,,,2.0056038767414064,6.126532799907928,False,not-round;elongated;defocus,reject
41,73,9.123528916111887,0.08547515936027024,0.10378266807695283,0.15575794637380552,0.3343982305565547,1.0,0.0,0.875,6,364.0103454589844,329.0334167480469,1.0795538,-1,-1,,,3.0383389012483937,6.76667332903648,False,not-round,reject
58,56,16.446022526895387,0.28534582629207667,0.22269464182318022,0.2457646271713005,0.6071495836136476,1.5,0.5,0.96875,4,1091.0440063476562,189.36546325683594,1.0364621,-1,-1,,,1.066262237327336,3.635860897681868,False,short;two-cores;not-round;elongated;defocus,reject
3480,326,8.70717255352041,0.14123771820598316,0.09428030299928881,0.1479498654722879,0.41990399702935916,1.0,0.21739130434782608,0.8541666666666666,23,582.5390014648438,558.4486083984375,1.0091488499999999,1,-1,,,2.3813349553771057,7.234259245888262,False,not-round,reject
4673,63,14.913628456031635,0.10853041837828037,0.06027233219305681,0.22460807518075077,0.4788974814010448,1.0,0.3333333333333333,0.7708333333333334,3,1571.9979248046875,162.01998901367188,1.0066413,1,-1,,,1.0015739495549485,2.6864998757240715,False,two-cores;not-round;elongated,reject
3660,111,8.107413482248813,0.10140205833992291,0.07236801131071591,0.11158034566286723,0.3988317434048039,1.0,0.0,0.8958333333333333,8,1211.8680419921875,300.6424560546875,0.987653,1,-1,,,2.029250779777811,6.570030569739913,False,not-round,reject
6960,66,10.805225473318309,0.0428947335973146,0.1433478427916752,0.2504254051593283,0.37141176434792833,1.0,0.0,0.875,5,338.3244171142578,445.97906494140625,0.97178523,-1,5013,0.060123848629729006,0.7007635607031479,1.0075613334803746,3.1410324976738555,False,rigid-doublet;not-round,reject
3596,243,9.099074993445345,0.24712273336337365,0.17547730542742712,0.2506911580610568,0.540723603068809,1.0,0.17647058823529413,0.8958333333333334,17,1090.5899658203125,164.32284545898438,0.95348305,1,-1,,,1.0041912702850597,6.953731111194428,False,not-round;elongated,reject
59,52,10.197624015811888,0.14308140269054972,0.17214091014480282,0.2300665729770252,0.670957798158591,1.0,0.0,0.9375,4,792.7887878417969,869.7724914550781,0.94492355,1,-1,,,1.2671098386774886,3.939618301994992,False,short;not-round;elongated,reject
3319,65,7.751911449351641,0.2636573313555726,0.07749311165929645,0.1429779251210591,0.4055713961503603,1.0,0.0,0.7708333333333334,5,1244.033935546875,313.7505187988281,0.9415736,1,-1,,,2.8000113095076946,6.141286108478086,False,not-round;defocus,reject
5178,93,9.639232606565727,0.2795003536565566,0.11905078695320537,0.2907258030071782,0.4946421366622471,1.0,0.0,0.78125,8,1098.3148193359375,164.36752319335938,0.9360494,1,-1,,,1.1163046139432649,6.450102701111558,False,not-round;elongated;defocus,reject
5199,119,12.190164396366978,0.14356437471859745,0.2238596891102775,0.3285306839033857,0.45043488633970374,1.0,0.125,0.9375,8,977.8975219726562,518.5690307617188,0.9236123,-1,-1,,,2.407621489009636,8.20373585390733,False,not-round;elongated,reject
3275,107,10.16678786469202,0.2619394649738203,0.15710645371381937,0.19923526537639497,0.41071123228945844,1.0,0.375,0.9166666666666667,8,12.441988945007324,990.3563232421876,0.918703,1,-1,,,1.8087695181755161,5.978951039191298,False,two-cores;not-round;defocus,reject
6106,141,13.13538165641905,0.04728317402612509,0.07167196356041905,0.13221947056165126,0.24740188403961216,1.0,0.0,0.875,9,1548.3323974609375,487.9981994628906,0.91691095,1,-1,,,1.9611620796314533,4.571156662227861,False,not-round,reject
4950,84,10.704909777953057,0.11126761271495435,0.15568721333611807,0.15763140483605173,0.5157474327070611,1.0,0.0,0.9791666666666666,5,1205.5841064453125,281.86216735839844,0.90822324,-1,-1,,,2.0156375124497106,6.437646005025842,False,not-round;elongated,reject
7046,54,10.717498577093732,0.1640318980857741,0.1184260747401317,0.14505837963750579,0.4514810270358834,1.0,0.25,0.9270833333333333,4,1168.9591064453125,296.48377990722656,0.8654469,-1,-1,,,2.4481210519845074,5.706230399266775,False,short;not-round;elongated,reject
6205,72,11.672686787313127,0.11255453346588405,0.14052858782911137,0.19047843997193395,0.3645002635202688,1.0,0.4,0.9166666666666666,5,328.9274139404297,322.2985076904297,0.84000444,-1,-1,,,2.887700925331316,7.896658849475224,False,two-cores;not-round,reject
5568,64,7.226630829450861,0.13600870047017466,0.1287153353265235,0.23443499273775475,0.5336923623086889,1.0,0.3333333333333333,0.9166666666666666,3,413.5373840332031,670.491943359375,0.83594105,1,-1,,,1.5719988754189758,7.569430486932407,False,two-cores;not-round;elongated,reject
5579,60,9.379179952438253,0.24283866443674834,0.15502919808608134,0.17446006039131334,0.5242860228070301,1.5,0.5,0.9791666666666667,4,1618.1392822265625,318.6842498779297,0.815493875,1,-1,,,2.251573557274677,7.302034165764293,False,two-cores;not-round;elongated,reject
6263,109,8.445898673972435,0.1518517316601021,0.10459363266434472,0.1803089460248594,0.4444280898271421,1.0,0.0,0.875,7,1618.6893310546875,164.9761199951172,0.8141516,1,-1,,,2.342734962411547,7.285991226869447,False,not-round,reject
2914,138,8.280136477255983,0.2132759937831573,0.10797392149381095,0.2645150720845028,0.4669694384366017,1.0,0.1,0.8125,10,794.6572875976562,854.4745178222656,0.8137091249999999,1,-1,,,1.5814300644014787,5.851267085279923,False,not-round;elongated,reject
406,104,10.57986716235235,0.18713668529008476,0.28169094323888383,0.32738926586551975,0.4566692462450268,1.0,0.14285714285714285,0.9361702127659575,7,1258.9745483398438,24.68378448486328,0.8108021249999999,-1,-1,,,2.5026788314094355,6.389207221311715,False,not-round;elongated,reject
2834,148,8.887916090783698,0.19636294813387836,0.15278552237035345,0.25809275298035,0.603163407897773,2.0,0.5555555555555556,0.9166666666666666,9,1089.712890625,170.12127685546875,0.7989781499999999,1,-1,,,1.0585588344466395,7.270752054978034,False,two-cores;not-round;elongated,reject
2157,76,11.083221317687588,0.07191397369825493,0.21978493276919658,0.24532852535914831,0.35748235437308806,1.0,0.0,0.9583333333333334,5,761.6463317871094,136.6990203857422,0.778194225,-1,-1,,,2.676370488325586,7.518207961388438,False,not-round,reject
317,100,11.977122533920136,0.1708044323016758,0.26590546120655983,0.39799170009155826,0.5018890140790988,1.0,0.14285714285714285,0.9166666666666666,7,668.2185974121094,705.0049743652344,0.7760969200000001,-1,-1,,,2.3334131833977843,7.060887866142262,False,not-round;elongated,reject
3677,78,12.471505978599373,0.12819567287059558,0.1764167567188238,0.2095805567856072,0.3856297563018587,1.0,0.2,0.9583333333333334,5,339.3600616455078,441.68743896484375,0.74808003,-1,-1,,,2.096659635697592,7.51325123151196,False,not-round,reject
62,106,9.772560337363952,0.16291335011853597,0.1086207446700003,0.23450458456615242,0.5392714099250517,1.0,0.25,0.8541666666666667,8,218.91244506835938,1139.9860229492188,0.7477533000000001,1,-1,,,1.0850644618210183,6.202826702844728,False,not-round;elongated,reject
6868,108,12.535939140190841,0.20808800968701602,0.1681974656004159,0.2947978270642727,0.5071230185518998,2.0,0.8333333333333334,0.8854166666666666,6,240.68182373046875,266.2804870605469,0.71955135,-1,-1,,,1.9489674619857194,7.871800839496034,False,two-cores;not-round;elongated,reject
69,62,12.72741192360932,0.08854687265655888,0.16809872456826042,0.2615780653758578,0.5458049114420159,2.0,0.75,0.8854166666666667,4,221.6494369506836,288.8434295654297,0.70836767,-1,-1,,,1.7567153802420294,7.107609339389045,False,two-cores;not-round;elongated,reject
1820,296,10.652899138451033,0.2571413486204122,0.132621825154081,0.25873354948159166,0.4743435286646824,1.0,0.3181818181818182,0.875,22,198.10858154296875,1144.16845703125,0.697758345,1,-1,,,1.0329360178482425,6.6306079111926035,False,two-cores;not-round;elongated;defocus,reject
3689,68,8.111913239968992,0.05835897366226864,0.1165600722732985,0.18398889281604214,0.3388254280018525,1.0,0.0,0.90625,6,1149.3182373046875,947.5221557617188,0.696957815,1,-1,,,2.5956387915194754,8.019791002951358,False,not-round,reject
7302,75,13.622977147332106,0.07111007335520397,0.07505057585814749,0.26912372771369747,0.36298719396791085,1.0,0.0,0.75,5,1516.886962890625,491.127685546875,0.6891938,1,-1,,,2.3110589420850047,5.495935011092994,False,not-round,reject
169,103,11.572283581735672,0.06398747346369141,0.18214576026112517,0.28264721356221956,0.4846898762363851,1.0,0.375,0.875,8,342.0201721191406,455.3074645996094,0.68708134,1,-1,,,1.0956602392057118,7.783350672992484,False,two-cores;not-round;elongated,reject
4805,51,11.141543452621786,0.037202692492015355,0.17542510859020652,0.23486754201490373,0.6047137432556566,1.5,0.5,0.8958333333333333,4,279.6612854003906,36.78040313720703,0.6797533,-1,-1,,,1.9322805288576588,6.582535200591016,False,short;two-cores;not-round;elongated,reject
1801,161,13.498838687385732,0.34588032209024067,0.17726060943503072,0.29068256672311665,0.591637141266083,1.0,0.08333333333333333,0.8854166666666667,12,1089.0924072265625,187.53565979003903,0.67740685,-1,-1,,,1.0549315317630117,6.720371558544753,False,not-round;elongated;defocus,reject
6885,80,8.689079049595067,0.1993997630478738,0.16799775710047082,0.2739960488182402,0.630597342111598,1.0,0.0,0.8958333333333333,6,828.8286743164062,846.7588806152344,0.67461485,1,-1,,,1.7665617191413556,4.785055818112007,False,not-round;elongated,reject
5428,52,17.36134882839224,0.0750369959789402,0.1818200225395299,0.30219446486544826,0.5908753321069129,1.0,0.0,0.7916666666666666,3,1088.3153076171875,160.12051391601562,0.66052127,-1,-1,,,1.5206899566829746,8.10172289538787,False,short;not-round;elongated,reject
5886,113,18.70839748188573,0.07718684548177718,0.21188887848001287,0.26678740775427867,0.4165351472613363,1.0,0.0,0.9479166666666667,8,1096.7835693359375,147.77767944335938,0.656473,-1,-1,,,1.4075387757297446,5.298627364690219,False,not-round,reject
7019,55,6.557510776880139,0.1845105267123486,0.06038827189978683,0.22994143244731652,0.4179343365737057,1.0,0.0,0.875,4,784.5677490234375,141.62106323242188,0.65127844,1,-1,,,1.9427955085655384,6.348563943653713,False,short;not-round,reject
6606,98,8.12368176394473,0.12632659232327156,0.11041902161071307,0.1829108970864453,0.4441272429003082,1.0,0.14285714285714285,0.9166666666666666,7,1228.669921875,379.0490264892578,0.6283343,1,-1,,,2.438711002577088,8.221673261243845,False,not-round,reject
4657,83,11.538416315086545,0.10176642637109715,0.1920305404086691,0.20576941702444754,0.5259576686859871,1.0,0.0,0.9791666666666666,5,329.3855895996094,366.6866455078125,0.6279356,-1,-1,,,2.690751073979806,7.8894374074689,False,not-round;elongated,reject
3954,52,10.233389598474151,0.1695501082256426,0.14199737185495803,0.18770822173275953,0.507514818569039,2.0,0.75,0.9375,4,1594.6448364257812,313.06329345703125,0.6228189,1,-1,,,2.4238557161412144,6.1036516644195205,False,short;two-cores;not-round;elongated,reject
3913,62,9.362688239700422,0.18292564686430443,0.17986283031965516,0.2631937214451603,0.5832606324056775,1.0,0.0,0.9375,4,804.4989013671875,834.7223815917969,0.62161937,1,-1,,,1.8124256755670274,4.886783046455703,False,not-round;elongated,reject
7350,66,11.657627139138963,0.2420527889160505,0.16542175023501815,0.25857291651828,0.3050678026648188,2.0,0.6,0.8958333333333334,5,243.69889068603516,259.1891326904297,0.6212609,-1,-1,,,2.4469635476304132,5.929516392405366,False,two-cores;not-round,reject
1298,53,10.860260610132459,0.16487859745861938,0.12082276134483308,0.18044690274443798,0.45149653006564927,1.5,0.5,0.90625,4,231.36859130859372,289.0556945800781,0.6149885,-1,-1,,,1.5652656243885161,7.50110945577301,False,short;two-cores;not-round;elongated,reject
4911,94,10.99423028501074,0.06132883935958181,0.2296838683055947,0.28389204137647156,0.5098224548211299,1.0,0.0,0.9791666666666666,7,338.30491638183594,461.9110565185547,0.6119678,1,-1,,,0.7716387441144723,6.391111580333852,True,not-round;elongated;mislink,reject
4245,51,10.315503984044547,0.047984960444078975,0.14142720587805788,0.21974114954539195,0.5182321258933067,2.0,0.6666666666666666,0.875,3,1225.665283203125,9.959800720214844,0.6045684,-1,-1,,,2.4073888981803044,6.34537294032172,False,short;two-cores;not-round;elongated,reject
4354,62,8.420533190982379,0.13374259588314696,0.09807775896341409,0.2365245626138951,0.48465314295191175,1.0,0.0,0.8854166666666666,4,1225.60107421875,317.5250701904297,0.603663295,1,-1,,,2.02413971523705,4.776131557081066,False,not-round;elongated,reject
4129,78,10.939219935639077,0.09153617287907388,0.2827397771342134,0.32593901096914,0.5617069716100911,1.0,0.16666666666666666,0.9479166666666666,6,1097.669189453125,162.27810668945312,0.60176235,1,-1,,,1.7927189968960626,6.707034462725672,False,not-round;elongated,reject
7357,64,12.035192550652214,0.040533668549670866,0.17536715075893577,0.2453974444286494,0.4559868422976309,1.5,0.5,0.8958333333333333,4,228.00519561767578,26.226508140563965,0.59967351,-1,-1,,,1.5940028281270096,5.38547554688015,False,two-cores;not-round;elongated,reject
2563,53,10.869225268983573,0.08924148473651936,0.31807089267324434,0.3568356998208056,0.3920089766295728,1.0,0.0,0.9791666666666666,3,480.04290771484375,1129.3775634765625,0.58558244,1,-1,,,1.3040753527728364,6.739348225981379,False,short;not-round,reject
4441,62,9.057382099963974,0.15096592935994452,0.10958843156751355,0.22882819464108825,0.4805760496184103,1.0,0.2,0.875,5,1214.1198120117188,283.5689697265625,0.582776875,1,-1,,,2.052383654208734,5.384000209219153,False,not-round;elongated,reject
6371,103,8.619432477212513,0.09048619420742049,0.1317037712591026,0.15449473275736558,0.3887611134943266,1.0,0.0,0.9479166666666667,6,1097.4898681640625,1092.006591796875,0.5782837,1,-1,,,2.824441416366343,8.181725481155505,False,not-round,reject
1913,59,11.250286912866432,0.05269202154566651,0.1775564153230395,0.20777411624963354,0.41814528770498394,1.5,0.5,0.9270833333333333,4,232.0220489501953,42.57718276977539,0.5768321,-1,-1,,,1.8022147559997852,6.806709084532537,False,short;two-cores;not-round,reject
3645,147,11.285884584598868,0.08326422145658771,0.24051727127421835,0.29929252410567103,0.4547871463858634,1.0,0.1,0.9270833333333333,10,338.07684326171875,462.1009216308594,0.5683854,1,-1,,,1.0092059771662047,7.675547044186357,False,not-round;elongated,reject
5374,64,12.236904566114838,0.03697710950248121,0.1376734001676817,0.21138712949457783,0.442394082444521,1.5,0.5,0.8645833333333333,4,261.1841735839844,35.02540588378906,0.563979835,-1,-1,,,1.708559377474024,5.326269462122204,False,two-cores;not-round,reject
271,61,10.040270279180094,0.2533386167698674,0.12391504740271632,0.25958993419725757,0.507392644339064,1.0,0.4,0.8541666666666666,5,214.4196014404297,290.7468566894531,0.5473137,-1,-1,,,2.763054181327459,6.443278331824368,False,two-cores;not-round;elongated;defocus,reject
6384,75,10.963334584924013,0.2411263370800735,0.22280778238388207,0.33440680996175653,0.4590719991575213,1.0,0.16666666666666666,0.8843085106382979,6,936.1618041992188,508.65374755859375,0.5468251,-1,-1,,,2.6529627568248384,7.111443779268669,False,not-round;elongated,reject
4187,156,12.553824981162602,0.01840412006126844,0.08337542895679324,0.24062013493961992,0.3408359155080822,1.0,0.0,0.7872340425531915,12,14.196884155273438,143.95209503173828,0.54205797,1,-1,,,2.066936529160294,6.225371823094122,False,not-round,reject
7287,66,14.598475128747134,0.2177381995488152,0.3501987056560494,0.3673118057171041,0.6370285729930608,1.0,0.4,1.0,5,487.1315612792969,1083.2810668945312,0.53033925,1,-1,,,2.412790292398676,7.289355262057957,False,two-cores;not-round;elongated,reject
6699,85,12.600012167478368,0.05488894086711096,0.24344748336985253,0.2600536822701359,0.4849312357632939,1.0,0.4,0.9791666666666666,5,319.7773132324219,284.8302307128906,0.5243933,-1,-1,,,3.003079054946828,7.241956051015874,False,two-cores;not-round;elongated,reject
1252,74,16.156022658950526,0.40766239591140263,0.09006029183891728,0.2791952363079094,0.33576624009905603,1.0,0.2,0.8125,5,1095.2919311523438,202.76343536376953,0.517557145,1,-1,,,0.8725006423011221,7.105546453011393,True,not-round;defocus;mislink,reject
967,59,11.420393742686151,0.04423827781567502,0.25552685123798974,0.33065796216790344,0.5096255964641372,1.0,0.0,0.9479166666666667,4,1571.3663330078125,165.87289428710938,0.49869528,1,-1,,,0.3844075278575075,3.8596096359629115,True,short;not-round;elongated;mislink,reject
3731,96,11.846697701808903,0.09117921819775211,0.1693548556125055,0.32552496991928886,0.34007787416151763,1.0,0.14285714285714285,0.875,7,442.6795196533203,627.1239624023438,0.49808562,1,-1,,,0.7552401162314423,3.8196063737217085,False,not-round,reject
5011,97,11.978069611990643,0.14365526239405857,0.2993076193600482,0.32962539148428965,0.4357086838866364,1.0,0.14285714285714285,0.9791666666666666,7,476.3926086425781,1130.1011962890625,0.49761045,1,-1,,,0.6757281495251523,3.8183786290912884,False,not-round,reject
1211,85,12.141477877965649,0.018549255119138096,0.06490958388325897,0.19876861652171457,0.32686453583037145,1.0,0.0,0.8229166666666667,6,484.5724792480469,770.880126953125,0.49061668,1,-1,,,2.169833018799989,5.557942648530867,False,not-round,reject
5055,84,10.59472175281763,0.14469619596539815,0.28746092136429036,0.3043111161467806,0.44415434101483303,1.0,0.14285714285714285,1.0,7,403.78558349609375,670.0294494628906,0.48324697,1,-1,,,1.4615543002245968,5.3479063921086345,False,not-round,reject
6386,51,12.79856330961038,0.07982708660937098,0.2883008038411932,0.3021843281211546,0.5273308962215523,1.0,0.0,1.0,4,254.78753662109372,272.3443908691406,0.47005066,1,-1,,,2.0557784193649704,7.9659844765414025,False,short;not-round;elongated,reject
3719,89,13.37590391585367,0.28588109690378,0.19603120587868558,0.2800031260267249,0.626916167184338,1.5,0.5,0.9270833333333333,6,1089.2005615234375,176.2830810546875,0.46861872,-1,-1,,,0.6902774491671557,6.1849121416864286,True,two-cores;not-round;elongated;defocus;mislink,reject
3138,83,14.498922611917736,0.17303291796002146,0.2568111738258713,0.28701988657378835,0.560639515854993,1.0,0.42857142857142855,0.9375,7,1078.052734375,175.99288940429688,0.46824563,-1,-1,,,1.9652657970211544,7.669134702231435,False,two-cores;not-round;elongated,reject
7113,105,10.369057583026951,0.2105306544040259,0.15056683457605902,0.3034830552602086,0.4427333730080929,1.0,0.0,0.8229166666666666,8,342.4110107421875,446.4083557128906,0.4674615,1,-1,,,1.4113878977913066,6.853558082400128,False,not-round,reject
1752,111,12.489091072108408,0.05241770818061151,0.07158531314350389,0.21697662038243698,0.29543684891462435,1.0,0.0,0.8229166666666666,8,503.7478332519531,751.1366577148438,0.4652965,1,-1,,,2.0054015307428354,4.761934683197192,False,not-round,reject
2266,175,10.518468704628084,0.13071056272102513,0.23764130016876345,0.29583044423335547,0.47778251925026166,1.0,0.08333333333333333,0.9583333333333334,12,1106.1959228515625,178.8743438720703,0.46368635,1,-1,,,1.2261966441028698,8.111859366629956,False,not-round;elongated,reject
5831,108,7.10249160450486,0.1338817685055587,0.09743520114006254,0.14764891305181102,0.5247913293773057,1.0,0.0,0.8958333333333334,7,1225.5394897460938,355.8628387451172,0.463268175,1,-1,,,2.7381150753929595,7.271869856245433,False,not-round;elongated,reject
424,75,12.234347663751992,0.044393890427925284,0.06745145403656609,0.1775441508435739,0.2594397519396351,1.0,0.2,0.8958333333333334,5,486.7394714355469,795.4556884765625,0.46262538,1,-1,,,2.2432697561667014,7.322977229458761,False,not-round,reject
4929,51,13.82521966477462,0.04086119904008704,0.12200143019936023,0.18248997986885393,0.4366554450661146,1.0,0.3333333333333333,0.9166666666666666,3,1081.0126953125,191.65234375,0.4624294,-1,-1,,,1.6172432976059428,5.6153859749574115,False,short;two-cores;not-round,reject
3928,83,11.182754919726555,0.060742542154104025,0.276784589715426,0.30682720478130765,0.45471919397069427,1.0,0.0,0.9685283687943262,6,637.3674926757812,917.6309814453124,0.45933953,1,-1,,,2.090760041468354,7.766671549418199,False,not-round;elongated,reject
1024,50,12.868717014510043,0.2003082329452392,0.3074288376576666,0.35614988278834986,0.5678203562560281,1.0,0.0,0.9583333333333334,5,1096.3096923828125,168.04122924804688,0.45890462,1,-1,,,1.1397820240371948,5.872992724991063,False,short;not-round;elongated,reject
1409,57,10.893262455323809,0.0778250820676586,0.29206155942541506,0.31305864476908474,0.38062170130698136,1.0,0.0,0.9895833333333333,4,432.4686584472656,635.0654296875,0.4581103,1,-1,,,0.5303555851570848,1.4572594959700182,False,short;not-round,reject
4609,107,12.6986208123081,0.12927359614577458,0.222816036476109,0.29534647022455685,0.5196356556413495,1.0,0.14285714285714285,0.9583333333333334,7,1095.4287109375,173.62908935546875,0.45650944,-1,-1,,,1.042331556251121,7.571760633406786,False,not-round;elongated,reject
5483,52,12.018665147271083,0.028029866777843596,0.07781174352262607,0.19988569449774812,0.3803324757382467,1.0,0.0,0.8645833333333333,4,11.2709698677063,133.30365753173828,0.45000804,1,-1,,,2.3591602305836736,4.949786626615977,False,short;not-round,reject
5072,70,11.544247593698321,0.062243210961775125,0.2272617384413111,0.3011463656670925,0.4773390855017162,1.0,0.16666666666666666,0.9791666666666666,6,657.5241394042969,888.072998046875,0.44796714,1,-1,,,1.9217341443090448,7.062859130918106,False,not-round;elongated,reject
941,123,10.648451017426414,0.06206960901475915,0.2354361788710681,0.3095741231215948,0.5375062853298538,1.0,0.0,0.9375,8,344.3490295410156,450.3390808105469,0.4412514,1,-1,,,1.275983835464263,6.534343808783581,False,not-round;elongated,reject
5631,63,11.317294191787951,0.02689300333748835,0.15100968246260443,0.27757941089867133,0.34304135145541204,1.0,0.0,0.8645833333333333,4,352.819580078125,439.8174133300781,0.43751082,1,-1,,,1.6671064134343487,6.676269112827386,False,not-round,reject
5717,61,19.25854959831423,0.2903602348894248,0.1929931549796059,0.3125494533962797,0.49037905822407907,1.0,0.0,0.8854166666666667,4,1088.43408203125,171.02748107910156,0.43726143,-1,-1,,,0.8597059633288836,7.932370559135313,True,not-round;elongated;defocus;mislink,reject
5872,56,11.613633314732386,0.07178606318069539,0.23266575263297215,0.28716122379967157,0.5223949981978901,1.0,0.0,0.9479166666666667,4,665.7693176269531,911.8675842285156,0.43619616,1,-1,,,1.94442292694359,6.65251811388019,False,short;not-round;elongated,reject
6904,105,10.752183687552,0.2872257335285463,0.2260693304464116,0.31258465938924496,0.6194341839181212,1.0,0.0,0.9166666666666666,6,1105.8848876953125,150.13270568847656,0.43514165,-1,-1,,,1.4579848893539376,7.279817083592245,False,not-round;elongated;defocus,reject
4452,98,10.944253678502388,0.07749998720353342,0.30827629857048755,0.32579049772573054,0.43025311829961654,1.0,0.125,0.9791666666666666,8,346.5377502441406,453.3373718261719,0.431859895,1,-1,,,0.5985539318137102,6.554846199406108,True,not-round;mislink,reject
2535,139,10.182538122160604,0.11338501030946378,0.21404175427624542,0.29493467252303146,0.43701695943179913,1.0,0.0,0.875,9,329.3231811523437,468.1802368164063,0.4306204,1,-1,,,1.867756191970344,7.507206124253018,False,not-round,reject
3335,79,10.227092211137867,0.15551792904570985,0.1906019324147448,0.2937122067817874,0.3559535477770136,1.0,0.0,0.9148936170212766,5,402.0770568847656,699.8671264648438,0.43060434,1,-1,,,1.4083092408884097,7.365333873834605,False,not-round,reject
6650,168,12.764850140674023,0.15536760533128183,0.2919068025946679,0.3311693708469886,0.7316613184966273,1.0,0.0,0.9791666666666666,13,476.4462585449219,1130.5695190429688,0.42799979499999996,1,-1,,,0.405526508312011,3.8666815364147684,True,not-round;elongated;mislink,reject
6675,61,12.547238681392207,0.06060692007941774,0.2890105117305212,0.29844101974614673,0.4960966473897735,1.0,0.2,1.0,5,200.40060424804688,261.1817932128906,0.42591417,1,5795,0.12469525360942937,0.720127519363067,2.300020914487919,6.831236814251697,False,rigid-doublet;not-round;elongated,reject
5527,95,11.634744336356297,0.09076162077871616,0.27712758917177094,0.3099730220256708,0.4668839657054733,1.0,0.16666666666666666,0.9895833333333333,6,861.005615234375,117.56050872802734,0.42517483,-1,-1,,,3.0416347947055518,7.736248559848313,False,not-round;elongated,reject
6911,131,9.433259859077264,0.08625965613339673,0.15577311519235507,0.2755769326236237,0.4926460012372424,1.0,0.0,0.8541666666666666,9,29.12030792236328,952.3391723632812,0.41803047,1,-1,,,1.7997648356012612,7.606177235763661,False,not-round;elongated,reject
1543,55,10.883760334122336,0.0792105800811394,0.1644275830046021,0.28867578518718695,0.48490402239623376,1.0,0.0,0.8541666666666667,4,332.0560913085937,471.7824401855469,0.41790187,1,-1,,,1.207776935020519,3.5482666897651396,False,short;not-round;elongated,reject
2692,74,10.695827411990544,0.07547857678524211,0.2410566093239308,0.3158345758240763,0.5105894830309939,1.0,0.0,0.8936170212765957,5,625.1841125488281,919.3563842773438,0.41785067,1,-1,,,2.0004449557153943,6.554217960842697,False,not-round;elongated,reject
946,56,10.932316770221036,0.11687859524335369,0.19724282407762944,0.38783081005024983,0.6042830479427134,1.0,0.3333333333333333,0.8541666666666666,3,478.6435241699219,796.9778442382812,0.41340873499999997,-1,-1,,,3.402266149384063,7.555229209273212,False,short;two-cores;not-round;elongated,reject
2707,165,10.480523076023152,0.054583933511346966,0.2264603931453935,0.2765461313337704,0.41818993378861835,1.0,0.0,0.9375,12,1572.0848388671875,163.22628784179688,0.4126458,1,-1,,,0.7952286175597741,7.344322882282243,True,not-round;mislink,reject
1680,94,11.022419688086103,0.15029730309185754,0.2516012201774268,0.30702809415483384,0.5128837151581632,1.0,0.0,0.9791666666666666,7,399.98309326171875,687.8251647949219,0.410499215,1,-1,,,1.7162311289401813,6.708270064773462,False,not-round;elongated,reject
5364,72,12.246007704017392,0.1313185451572474,0.15922308028129334,0.3133079333790197,0.3835087141011846,1.0,0.0,0.7708333333333334,5,442.25177001953125,627.4161987304688,0.41001645,1,-1,,,0.6658172617421875,5.4036976876490685,True,not-round;mislink,reject
1689,61,11.07899472726708,0.1586990654939333,0.2300246246400007,0.2768940412611821,0.4110755940795116,1.0,0.0,0.9581117021276595,4,1105.8173828125,185.87510681152344,0.40729687,1,-1,,,1.421361981759678,7.7005612254455,False,not-round,reject
685,112,11.115244579636727,0.0534196049050618,0.2205740954109,0.2962145215099987,0.45711926692644833,1.0,0.0,0.90625,8,1550.8536376953125,181.90615844726562,0.40671907500000004,1,-1,,,1.4579181206419327,7.251557591162821,False,not-round;elongated,reject
74,109,10.700110715922932,0.09709550080640618,0.2857190572346659,0.35305353746137047,0.43388819503498377,1.0,0.0,0.9479166666666667,6,433.0106506347656,634.6958618164062,0.40449417,1,-1,,,0.5728895659978247,7.1821788938647035,True,not-round;mislink,reject
584,73,13.424838373343155,0.37566663353422236,0.22135758442813264,0.31943954038829014,0.5689798201993284,2.0,0.8333333333333334,0.8854166666666666,6,1093.2562255859375,178.22174072265625,0.40347615,-1,-1,,,1.1240051717441586,5.9339584266930725,False,two-cores;not-round;elongated;defocus,reject
7390,52,9.826137536948806,0.11606711037745523,0.11076920354029195,0.21772701971094033,0.3550537968240946,1.0,0.3333333333333333,0.875,3,485.54400634765625,702.1543579101562,0.40113343,-1,-1,,,2.8782965072586713,7.157104772194436,False,short;two-cores;not-round,reject
338,173,11.02692450679897,0.06687610460075395,0.13490676130231527,0.2828986487789016,0.479287805507995,1.0,0.08333333333333333,0.8020833333333333,12,327.1251525878906,475.0195007324219,0.3992962,1,-1,,,1.4539791944495426,7.6118135182822515,False,not-round;elongated,reject
3287,51,11.143065594068915,0.08185854754646023,0.25908895189929004,0.3469485490514328,0.3800238531931538,1.0,0.0,0.9166666666666667,4,635.8394165039062,908.5247802734376,0.39887175,1,-1,,,2.076973302032192,7.1844075837223205,False,short;not-round,reject
2526,95,10.600856146510392,0.17675008435942682,0.20276411840456862,0.2751041275283971,0.440908169662529,1.0,0.0,0.9479166666666667,6,1568.9013671875,197.8056182861328,0.3980142,1,-1,,,2.1805066543333216,6.968724257177472,False,not-round,reject
7128,93,10.288427716581205,0.14459715146147648,0.21261822050691448,0.2874579937646742,0.5103806057595256,1.0,0.0,0.9375,7,1572.1531982421875,165.84393310546875,0.3957077,1,-1,,,0.7680563601311153,7.636868318388197,True,not-round;elongated;mislink,reject
6913,90,10.65714012513073,0.04404300205449468,0.2570486050865682,0.3214169774025497,0.3968732131842732,1.0,0.0,0.96875,6,341.9873504638672,476.5651550292969,0.39527373499999996,1,-1,,,1.186554880293918,6.260866695353616,False,not-round,reject
1755,50,10.221643103547684,0.04982378805013048,0.11218957386378552,0.207480857826463,0.4703740826245549,1.0,0.3333333333333333,0.8297872340425532,3,707.8609924316406,213.2564239501953,0.39478679,1,-1,,,2.5252565280426005,6.464177887897674,False,short;two-cores;not-round;elongated,reject
442,62,13.210677024113041,0.14608443524766687,0.2720816969638613,0.46975553998595476,0.6505076873845799,1.0,0.0,0.9270833333333333,4,1112.7324829101562,206.7261276245117,0.393824335,1,-1,,,1.7561294573559305,6.337790724274872,False,not-round;elongated,reject
3771,55,10.729002178953028,0.10325820087934003,0.16032202654612795,0.30351434543881844,0.4829538381551127,1.0,0.25,0.8229166666666667,4,1577.9801025390625,193.5603790283203,0.3922801,1,-1,,,1.5978621743867691,7.21044349013082,False,short;not-round;elongated,reject
1506,78,10.67196132403189,0.06984798877919392,0.19794653196007891,0.3198969538742969,0.4758438955090244,1.0,0.0,0.8541666666666666,5,420.8089294433594,679.44775390625,0.38849044,1,-1,,,1.5393692836692638,4.809703289804174,False,not-round;elongated,reject
2139,55,10.490562474188442,0.08987610503352439,0.26626020094049385,0.353126321577089,0.39458028100811604,1.0,0.3333333333333333,0.9791666666666666,3,639.1185302734375,899.02197265625,0.3856883,1,-1,,,1.9390553443961303,7.462503273172874,False,short;two-cores;not-round,reject
5678,83,11.45597955028007,0.0459774256915758,0.26686456255958924,0.2766885033413193,0.32922273723493634,1.0,0.0,0.9791666666666666,5,350.6498718261719,469.8889770507813,0.38287628,1,3637,0.0656627565183598,0.7183568174012818,1.3472224866787421,5.182533734688696,False,rigid-doublet;not-round,reject
216,93,11.467059061962086,0.23279858401764292,0.2431713589228141,0.34087785342622023,0.6230420451203859,1.0,0.16666666666666666,0.9166666666666667,6,1093.9813232421875,168.8014373779297,0.38237044,1,-1,,,1.2841035521098283,7.967425887356134,False,not-round;elongated,reject
83,193,10.43607730013436,0.09305163490090877,0.19189279361814054,0.2879930044898253,0.45697067758053994,1.0,0.07142857142857142,0.9166666666666666,14,402.64544677734375,709.50537109375,0.37880838,1,-1,,,1.4327887512901993,7.01177150871171,False,not-round;elongated,reject
6510,63,10.63916957845042,0.053187586195255855,0.306590303656489,0.35302042001274603,0.49431233285133247,1.0,0.0,1.0,5,664.9473266601562,921.5045776367188,0.37808082,1,-1,,,1.7916738156543812,7.129062643817899,False,not-round;elongated,reject
6327,94,10.831235587087786,0.06380862525444754,0.2393707813252852,0.29895770671316146,0.5058069456058145,1.0,0.0,0.8958333333333334,7,654.3855590820312,897.3598022460938,0.377222615,1,-1,,,1.5998822580122511,5.5415273447119375,False,not-round;elongated,reject
4879,87,13.393454959576651,0.0273545138747202,0.21122715544429652,0.27227732659420645,0.435289776170483,1.0,0.4,0.9791666666666666,5,1072.616455078125,194.24566650390625,0.37568006,1,-1,,,0.8429988201550624,7.347705655830295,True,two-cores;not-round;mislink,reject
5171,82,11.368120561514845,0.05091910357713009,0.1626723312902689,0.23404160794050413,0.3544599243200573,2.0,0.6,0.8297872340425532,5,1296.1580200195312,1210.9653930664062,0.37434062999999995,-1,-1,,,1.559935853088811,6.003784641497821,False,two-cores;not-round,reject
347,129,12.66718534255305,0.16813691753302384,0.1772638705738045,0.2970981477857557,0.48143579870151626,1.0,0.18181818181818182,0.9166666666666666,11,497.1449890136719,1118.4388427734375,0.37034795,1,-1,,,2.3298259117934013,7.430094536318083,False,not-round;elongated,reject
6131,220,11.382604488505635,0.09196003862856615,0.18883935625486212,0.29375209883894493,0.3799092495568742,1.0,0.0,0.875,14,1580.2265625,167.1047134399414,0.36891494999999996,1,-1,,,1.4050225715187217,5.6975957530421235,False,not-round,reject
404,196,10.442807588276466,0.1198332732930383,0.21658616682975443,0.3048783532442002,0.4268479481608141,1.0,0.0,0.8958333333333334,14,351.55360412597656,488.09364318847656,0.36517267,1,-1,,,1.5564942228207308,7.5642430914444265,False,not-round,reject
2972,53,13.189256455291405,0.020893918569021404,0.2194246205849691,0.23853046136573477,0.5764550243834781,1.0,0.3333333333333333,1.0,3,209.70590209960935,1146.607666015625,0.36133662,-1,-1,,,1.5180930078202013,5.910171508789091,False,short;two-cores;not-round;elongated,reject
76,65,8.85831546674839,0.10907302077339993,0.23065265694867307,0.28540122203717655,0.4027619448979895,1.0,0.0,0.9583333333333334,5,416.6451110839844,715.5158081054688,0.35780355,1,20,0.044924370830654946,0.7734353210997976,1.0416388909405359,3.3275550804633163,False,rigid-doublet;not-round,reject
5493,98,12.812223488885856,0.06056451885536831,0.08959065572684649,0.28553849128859643,0.3489329433448183,1.0,0.0,0.9166666666666666,7,687.6089172363281,717.9262390136719,0.35383261499999996,1,-1,,,2.1882224549784253,7.605101026820155,False,not-round,reject
5898,89,11.030699028267652,0.09202152791700721,0.24747011745801037,0.278082539179701,0.43350175773241967,1.0,0.0,0.9791666666666666,7,459.0478515625,1121.9388427734375,0.35073432,1,-1,,,2.7733813678345234,6.273225574815241,False,not-round,reject
3342,191,10.736094088160064,0.10468701862604579,0.21719794376265514,0.30133223264709863,0.42917313501056603,1.0,0.07692307692307693,0.9583333333333334,13,609.1842651367188,920.2372436523438,0.3488249,1,-1,,,1.7127411706181026,7.447247693500196,False,not-round,reject
4905,75,11.45338324474536,0.07729723803569928,0.21299878316339538,0.27211044861736694,0.38207226126412913,1.0,0.0,0.9375,5,176.437255859375,288.65789794921875,0.3467661,1,3548,0.12468542055159074,0.8466293133401471,2.119576732726661,7.7021683167532204,False,rigid-doublet;not-round,reject
2712,88,11.52897008913816,0.11425845125126026,0.2956058450535604,0.3895460085212449,0.40183955883187034,1.0,0.0,0.9787234042553191,5,792.307861328125,125.93982696533203,0.346709115,-1,-1,,,2.792609292885796,7.081744267398569,False,not-round,reject
3667,80,10.785024328359547,0.18957988916262222,0.19201666865186473,0.30646268716999125,0.41474442738091716,1.0,0.0,0.8333333333333333,6,345.1527099609375,433.4823455810547,0.344480185,1,-1,,,1.8208724079458194,7.0812723598782865,False,not-round,reject
1637,54,11.146880736529383,0.09865839255105183,0.30470275859346013,0.31583320956221084,0.506837747088797,1.0,0.0,1.0,4,636.9293518066406,896.0230712890625,0.34145781,1,-1,,,2.464361231659438,5.1755010023191215,False,short;not-round;elongated,reject
6089,59,11.17636238979999,0.08829492131865287,0.2698057364783168,0.2970714821312585,0.31443488229024963,1.0,0.0,0.9791666666666666,4,640.218017578125,937.393798828125,0.3383206,1,-1,,,3.1107868194398174,7.610808244618678,False,short;not-round,reject
1359,65,11.59374640673311,0.062374258571422946,0.3017212660489681,0.3296605463558834,0.34587779877543134,1.0,0.25,0.9472517730496455,4,494.4208068847656,1110.038818359375,0.33683953,1,-1,,,2.436947001204525,7.39888318639291,False,not-round,reject
1445,62,9.195411137727524,0.1907476351182365,0.17190249251832276,0.24408073786122422,0.5336598084827338,1.0,0.25,0.9166666666666667,4,218.68296813964844,287.0495300292969,0.33555082999999997,1,-1,,,2.1903960251961503,7.767603944158274,False,not-round;elongated,reject
2218,62,11.714293419164104,0.03503572097061978,0.281327421548547,0.30794985976984574,0.3845775590482046,1.0,0.0,1.0,5,95.74543380737305,453.2877197265625,0.33441293,1,1133,0.12051760239996369,0.8339011497202597,2.316825763171301,7.582910645974501,False,rigid-doublet;not-round,reject
625,55,11.010795669093527,0.11918722921973762,0.2550358437973966,0.2925995061006043,0.49041746549445037,2.0,0.6,0.9583333333333334,5,464.3294982910156,1123.8848876953125,0.33249444,1,-1,,,2.3847128446251853,7.188106953413746,False,short;two-cores;not-round;elongated,reject
4695,62,11.59844132781964,0.13014469656512445,0.23451808104844096,0.3022909635787838,0.5856651638863304,1.0,0.0,0.9479166666666666,4,659.9253845214844,916.0370483398438,0.32853182000000003,1,-1,,,2.1755204313916754,5.952594195707591,False,not-round;elongated,reject
5728,158,10.978727961833487,0.06288894087966507,0.21834350149513437,0.32362514594337033,0.5330873566649382,1.0,0.08333333333333333,0.8854166666666667,12,365.87867736816406,452.9996032714844,0.327467695,1,-1,,,2.0464163029099747,7.239153688282262,False,not-round;elongated,reject
1139,69,10.81477079479442,0.05688612816822894,0.26421499207284294,0.27401931345023445,0.3829298818159657,1.0,0.0,0.9791666666666666,5,399.14398193359375,679.0806274414062,0.32510588,1,-1,,,1.6845279316386237,7.642115255767837,False,not-round,reject
6152,79,23.131015991741766,0.13245226483398054,0.15082263468552662,0.3128568048529734,0.44650868252515497,1.0,0.3333333333333333,0.8645833333333333,6,1099.504150390625,162.97149658203125,0.32497516,-1,-1,,,1.1581663067056822,7.052216036474784,False,two-cores;not-round,reject
1246,69,11.640367479369823,0.0650034444458318,0.19251113520914648,0.2531615909292213,0.5203743282305577,1.0,0.2,0.9375,5,226.8551483154297,299.4216003417969,0.32452288,-1,-1,,,1.9847716854120485,7.705030576105372,False,not-round;elongated,reject
6933,133,9.97443728266202,0.0647865609054576,0.25902434627854076,0.30368099306672625,0.47833505153315176,1.5,0.5,0.9791666666666667,8,635.447998046875,913.8826904296876,0.32372192,1,-1,,,1.904863489424381,6.486837799818017,False,two-cores;not-round;elongated,reject
7097,89,16.05899385034231,0.04901678428484429,0.19307423575521798,0.2453510626511122,0.5645610766376628,1.0,0.2857142857142857,0.9375,7,1100.01220703125,143.77670288085938,0.32198274,-1,-1,,,1.241614791568855,7.4161180354174805,False,not-round;elongated,reject
604,55,11.37292369683312,0.06448398439830025,0.2759708458482527,0.36130664706213955,0.3886176642159481,1.0,0.25,0.9270833333333333,4,724.1990966796875,120.10397338867188,0.31805176,-1,-1,,,2.9151149203660953,8.117715976834326,False,short;not-round,reject
391,56,10.529792929555821,0.029553589908655992,0.23039284788011757,0.29606670299091703,0.39925184959462157,1.0,0.0,0.8958333333333334,3,694.3150329589844,195.70822143554688,0.3128084,1,-1,,,2.639171213717509,8.374437606863117,False,short;not-round,reject
1168,57,11.898938480440009,0.04392557625289459,0.3582087501916287,0.37659276184499896,0.5322946418948815,1.0,0.0,1.0,4,477.0438537597656,1137.00244140625,0.3102904,1,-1,,,0.8514104753372121,4.9702563994677,False,short;not-round;elongated,reject
1792,56,10.732031730235441,0.039094379138847855,0.23269901427951592,0.3022206548099525,0.370964093304319,1.0,0.0,0.8958333333333334,3,355.3280944824219,484.7167510986328,0.304780555,1,-1,,,2.3301051558750663,7.121479708486058,False,short;not-round,reject
7316,73,10.751400058082446,0.06851826355336167,0.2178582422577827,0.2876120222750706,0.4883006604900044,1.0,0.2,0.8958333333333334,5,319.6046447753906,459.2526245117188,0.29797307,1,-1,,,1.61175800788026,5.257056474909487,False,not-round;elongated,reject
2296,95,11.949100171715026,0.15535310150529064,0.20957427264831996,0.2839148461978287,0.5007323781162535,1.5,0.5,0.90625,6,410.706787109375,715.9360961914062,0.29712448,1,-1,,,1.2594716884809032,5.07209616044911,False,two-cores;not-round;elongated,reject
4453,54,10.803416091780582,0.1385859946256327,0.26207458160521335,0.2862275721424339,0.5747565121079977,2.0,0.75,0.9791666666666667,4,406.95021057128906,675.7314758300781,0.294455315,1,-1,,,2.461547661874923,7.500153959017786,False,short;two-cores;not-round;elongated,reject
189,55,10.91124329273505,0.01669952646000721,0.2597709514459024,0.28710203409645485,0.35587435179000865,1.0,0.0,0.9685283687943262,4,11.332378387451172,961.2666625976562,0.29156247,1,-1,,,1.4494192720586674,5.6283654957164915,False,short;not-round,reject
1828,77,10.890244546523405,0.048090998023450224,0.17746054893044144,0.33681355975993904,0.4594741602681608,1.0,0.0,0.8125,5,612.7567749023438,905.8580322265624,0.28735703,1,-1,,,1.9972192270935507,6.896374155783556,False,not-round;elongated,reject
3296,63,9.90998288869006,0.3167342233023598,0.246164774171326,0.2822008598560519,0.45783984241344416,1.0,0.25,0.9479166666666667,4,458.8689880371094,1136.912353515625,0.28679058,1,-1,,,2.119408321419211,7.5411928984610554,False,not-round;elongated;defocus,reject
3439,64,11.261251072730802,0.06265964955225,0.21047344476026436,0.2799135768739951,0.428985761802603,1.0,0.0,0.96875,4,209.09308624267575,1155.0336303710938,0.28106770000000003,1,-1,,,1.5687033789551181,5.173012264230677,False,not-round,reject
7111,54,12.890416044281283,0.032197750585076006,0.27071861363723637,0.27843872697232597,0.5587772299026583,1.0,0.0,1.0,4,667.241455078125,900.5096740722656,0.2809194,1,-1,,,3.331826893038518,7.752766543944063,False,short;not-round;elongated,reject
1753,53,13.360133159789752,0.190926196133519,0.29123395413273767,0.35630147718920857,0.5252339509441428,1.5,0.5,1.0,4,1096.047607421875,168.80874633789062,0.2801169,1,-1,,,1.53358754131551,7.07569540803805,False,short;two-cores;not-round;elongated,reject
4122,74,10.5209041691921,0.10935178198752796,0.27662051015960676,0.3183545408426345,0.49458456623942026,1.0,0.4,0.9791666666666666,5,334.41419982910156,429.24566650390625,0.275543475,1,-1,,,2.387450851635261,8.00723464520735,False,two-cores;not-round;elongated,reject
88,60,12.802560301160586,0.07637529014475947,0.27729131459204254,0.3506292389352085,0.6945238591982614,1.0,0.0,0.9270833333333333,4,1092.57568359375,200.0163345336914,0.27477278,-1,4,0.027451384962795988,0.7437244532988208,1.055871977660935,2.358416356155374,False,rigid-doublet;not-round;elongated,reject
2730,163,11.097033108323085,0.14204383049625582,0.2118251417001168,0.3052408783372145,0.39825490402345476,1.0,0.2857142857142857,0.9166666666666666,14,17.404874801635742,941.4503784179688,0.27463114,1,-1,,,1.4700835192034074,7.721826456096099,False,not-round,reject
4606,91,14.435943570170506,0.1837175726764061,0.3187277124416835,0.3412830993430226,0.7121686322179493,1.0,0.2857142857142857,1.0,7,428.1354675292969,664.8174438476562,0.2714016,1,4688,0.0883856510053573,0.7537407654789091,1.6781214723300666,6.551222009565355,False,rigid-doublet;not-round;elongated,reject
4216,165,11.12717561645503,0.16842201977752147,0.25996330380904875,0.30974591103169763,0.44254460778007754,1.0,0.07692307692307693,0.9791666666666666,13,1575.8603515625,186.83303833007807,0.26987702,1,-1,,,1.7211187337930267,7.1340626725012815,False,not-round,reject
5035,51,11.811146274264418,0.01446325821396347,0.30992844548359566,0.3216323087623547,0.45908414175344814,1.0,0.0,1.0,4,1066.8133544921875,187.8079833984375,0.26985532,1,-1,,,0.6781943636303199,6.788503091344043,True,short;not-round;elongated;mislink,reject
3348,112,10.573522623577684,0.0700778856633306,0.2578946287164756,0.3134571134189236,0.4610111687357948,1.0,0.0,0.9583333333333334,9,613.7542419433594,899.9676513671875,0.26836301500000004,1,-1,,,2.1111185344727934,6.424199516695616,False,not-round;elongated,reject
812,53,10.080483341889204,0.08272884461780762,0.2960638836881696,0.3492568405680476,0.4119354316491839,1.0,0.0,0.9375,4,620.1931762695312,911.46337890625,0.26460868,1,-1,,,1.8386074994637287,7.684446088780866,False,short;not-round,reject
5369,52,12.004666279885996,0.10219734599817826,0.18037944527573768,0.2679219393206823,0.563372129869685,1.0,0.25,0.8333333333333333,4,416.96466064453125,654.9410705566406,0.262210905,1,-1,,,1.9786382030089134,6.907198272188306,False,short;not-round;elongated,reject
5439,53,12.12231791549156,0.0583900111894882,0.26751044397630186,0.3518461627262571,0.5837551485790309,1.0,0.3333333333333333,0.9375,3,461.1629638671875,1160.8936767578125,0.25731343,1,-1,,,2.7893742328491395,7.447016462286744,False,short;two-cores;not-round;elongated,reject
86,66,11.05410505718681,0.05727833194477958,0.31740281292200345,0.3496266057258059,0.4788051570512249,1.0,0.0,1.0,4,438.7652893066406,629.0523986816406,0.2545699,1,-1,,,1.9327387653809964,6.408997305771938,False,not-round;elongated,reject
5724,71,12.679103907304603,0.07618561774409827,0.24747720996023725,0.3445949735318091,0.47602682797465906,1.0,0.4,0.8541666666666666,5,1070.3839111328125,187.1252899169922,0.25292408,1,-1,,,0.8264710821654121,5.183927271590804,False,two-cores;not-round;elongated,reject
2317,93,10.168729516638614,0.04113190289341485,0.2620980460054163,0.29679889302541224,0.43627132410626446,1.0,0.16666666666666666,0.9791666666666667,6,1545.3375244140625,175.03514099121094,0.24902491,1,-1,,,1.6923656533223879,5.6309255545651045,False,not-round,reject
4915,54,10.06907983174561,0.04565429962120912,0.3833111309580237,0.40603418232072236,0.5834153394272155,1.0,0.0,1.0,3,15.178233623504639,886.0115356445312,0.24686031,1,-1,,,0.7213446382663105,2.773716489528526,False,short;not-round;elongated,reject
1231,55,10.002469304105254,0.04161961146359423,0.31334425415918343,0.3479048289433554,0.4592442711621349,1.0,0.25,0.96875,4,1545.22705078125,160.1515655517578,0.2425503,1,-1,,,2.0632049446003218,6.320880418778953,False,short;not-round;elongated,reject
3586,87,13.312969470793563,0.17751391846706566,0.31010437736836005,0.3730761653745816,0.6949341517493602,1.0,0.0,1.0,5,412.9679565429688,673.6959838867188,0.24190366,1,-1,,,2.220994632548252,7.656827024886812,False,not-round;elongated,reject
7080,57,12.091589930805728,0.04898662914521865,0.15201859666362044,0.32236211806572523,0.42818795344558147,1.0,0.3333333333333333,0.7916666666666666,3,1107.1859130859375,133.15708923339844,0.236912,1,-1,,,2.3291841478780793,5.535360162936615,False,short;two-cores;not-round,reject
2,1118,13.022703607143793,0.003102530073614273,0.006781158696030052,0.007565442398079018,0.11813920448936055,1.0,0.0,0.9791666666666666,80,239.94976043701172,885.7673950195312,256.3692,1,-1,,,0.9349801775520508,3.224495571839977,False,,single
0,1118,12.045256551135434,0.0032072617143659873,0.005226286465004682,0.005892313156005399,0.08924577260607636,1.0,0.0,0.9583333333333334,80,768.3677673339844,1154.6648559570312,255.57258000000002,1,-1,,,1.0850717256193902,4.3987149113838,False,,single
1,1118,13.651961210147002,0.0042431160345507745,0.005349801287510644,0.007731759010789277,0.11499908438332705,1.0,0.0,0.9166666666666666,80,437.97071838378906,634.8790893554688,212.04652,1,-1,,,0.9728796786035416,3.393863953839274,False,,single
3,1118,11.482863518886475,0.0028415584327525327,0.005546649097846385,0.0064053157506979,0.10511302835838598,1.0,0.0,0.9583333333333334,80,1214.8941650390625,266.8979034423828,203.472485,1,-1,,,1.099210567722305,3.6593747994311285,False,,single
7,738,12.02375560720777,0.04051367960059432,0.007633755246523375,0.009237097416931354,0.13747121100313286,1.0,0.03773584905660377,0.9583333333333334,53,21.5763521194458,878.955810546875,140.15672999999998,1,-1,,,1.0497743689328842,3.2948794481977792,False,,single
5393,195,12.013394719206069,0.0468055708442734,0.008602607026210882,0.009638881835463593,0.14742974051374344,1.0,0.0,0.9791666666666666,14,16.33222007751465,883.7086181640625,128.43637,1,-1,,,0.9905046396134753,7.368394926692335,False,,single
6793,133,12.044854017387028,0.06205969636349685,0.011861790289173505,0.0667853293879665,0.22452793745350635,1.0,0.0,0.8854166666666667,10,10.135748863220217,896.6983032226562,95.53503,1,-1,,,0.973812166801404,2.5702028610185734,False,,single
5,1118,9.680200600764275,0.1950839053151346,0.009170803310344599,0.01020815910022771,0.1423367093340199,1.0,0.1,0.9791666666666666,80,890.5665283203125,483.3390655517578,85.157905,1,-1,,,1.2416479986283746,4.580962604170732,False,,single
10,1118,9.569508637318858,0.13473257320772047,0.013272552654892243,0.018143008720997115,0.19855351348787115,1.0,0.0375,0.9583333333333334,80,1231.4119873046875,331.0671691894531,68.71855,1,-1,,,1.312806488132653,5.201263295612865,False,,single
2844,146,9.057896930220528,0.044084984918223,0.010578149630082908,0.014916875055019083,0.16796993188383874,1.0,0.0,0.9375,11,1615.4308471679688,20.845243453979492,54.2557275,1,-1,,,1.3772138604974953,4.942963496726773,False,,single
3396,641,11.621747086330835,0.03461632535965903,0.011737130904194615,0.08035562013662667,0.27703207947157726,1.0,0.0,0.7916666666666666,46,20.61554718017578,944.0151977539062,49.78108,1,-1,,,0.9505461065569786,3.337043997476617,False,,single
8,89,8.883597797549506,0.07803885492946433,0.015913051062894,0.019395086433679865,0.19174124380967555,1.0,0.0,0.9583333333333334,7,1603.8388671875,9.902892112731934,44.213863,1,-1,,,1.351623012174922,4.8870869631373735,False,,single
348,319,9.394397442060761,0.06881846986416475,0.018593231760665182,0.021391280717579796,0.20886781433652624,1.0,0.0,0.9583333333333334,23,1612.8121337890625,699.1179809570312,37.575886,1,-1,,,1.456176272162962,4.09363683879037,False,,single
1734,74,9.70784301263121,0.05804202736134515,0.017838494408054364,0.044346889173719026,0.25666952600970994,1.0,0.0,0.8297872340425532,5,1617.7968139648438,8.057743787765503,33.882239999999996,1,-1,,,1.2382880320703673,3.8737635985717693,False,,single
4793,99,9.566675535373724,0.07066163714718988,0.023464675077169508,0.028555030775580137,0.22721080637424726,1.0,0.0,0.9791666666666666,7,1619.9171142578125,746.050048828125,31.119898,1,-1,,,1.4226189336253685,3.5428094184995462,False,,single
5516,173,8.46884098621501,0.05043147128334616,0.01563943531812031,0.020083894694403387,0.21166902489687647,1.0,0.0,0.9791666666666666,12,1612.3824462890625,726.6710205078125,30.75644,1,-1,,,1.5812754899054395,3.866497833835484,False,,single
1485,476,8.476516965765164,0.11226337474762194,0.02025789397253701,0.028660401483699943,0.21594218587724406,1.0,0.029411764705882353,0.9166666666666666,34,461.95257568359375,1162.1729736328125,16.5976295,1,-1,,,1.5278241597686262,5.045529846915767,False,,single
13,209,8.082837282981979,0.2440579707484014,0.021253856237426892,0.027995446155212343,0.22460283356927613,1.0,0.06666666666666667,0.9791666666666666,15,493.7808227539063,1150.1798095703125,15.838243,1,-1,,,1.5895459212886007,5.681451397633581,False,,single
21,1118,8.359212089543973,0.05026165171340103,0.02058831979958027,0.09167674775574637,0.2737240944910455,1.0,0.0,0.7916666666666666,80,802.7908325195312,849.2463989257812,13.346517500000001,1,-1,,,1.3800336788244107,4.243629000775894,False,,single
4804,189,7.864342535716061,0.07289531548528738,0.018290237808129474,0.037852214152710895,0.24937030172898378,1.0,0.0,0.8125,13,449.5353698730469,1144.375,11.693221,1,-1,,,1.6931420425848054,4.34040310695056,False,,single
1630,153,11.831404994948349,0.23403866354687278,0.05887856069268513,0.06926795007264813,0.3470469467028037,1.5,0.5,0.9895833333333333,10,748.2774047851562,395.63665771484375,8.210511,-1,-1,,,1.9910237278136074,6.8186642392324375,False,,single
958,255,7.719824061640829,0.20680144189181715,0.04079964846836627,0.04318653533645944,0.32044897680349127,1.0,0.05555555555555555,0.9479166666666667,18,700.3067626953125,178.35272216796875,7.353555,1,-1,,,1.774576373088832,4.78413649062414,False,,single
1611,899,10.453562033368076,0.2354394960727308,0.06448252598265662,0.08330103964196717,0.3341679878872571,1.0,0.03125,0.9166666666666666,64,1406.0489501953125,862.980712890625,7.1288414,-1,-1,,,2.164244467684931,7.418071223832279,False,,single
7173,73,8.027794751608612,0.021458334829462522,0.05530227134007311,0.06526144887864949,0.38525571891230215,1.0,0.0,0.8958333333333334,5,428.6238708496094,57.892913818359375,6.8856053,1,-1,,,1.4005594619397805,4.357882862232657,False,,single
6300,223,8.332340046497391,0.2103440362357614,0.0419256263372608,0.04762485228195984,0.29130491069682346,1.0,0.1875,0.96875,16,1431.47021484375,201.5064392089844,6.3056617,1,-1,,,1.786823348132688,7.23598432330687,False,,single
39,134,13.824392479055108,0.12983264699678457,0.0917970209754434,0.09972250620739989,0.4171609359202437,1.0,0.2,0.9791666666666666,10,173.18299865722656,300.2707214355469,6.18951085,-1,-1,,,2.077321521888081,7.376334585003365,False,,single
37,821,7.548570535719453,0.22322234530035379,0.05517617088874746,0.056057997355949594,0.3793153365494047,1.0,0.11864406779661017,1.0,59,188.2138671875,261.19000244140625,5.091301,1,-1,,,1.5760541167196804,4.787441024110233,False,,single
6012,128,9.151615664633214,0.17489625253350286,0.07268636300319474,0.08077130412661042,0.39020188058991273,1.0,0.0,0.9583333333333334,9,242.9820785522461,15.246184825897219,4.8681126,1,-1,,,1.4928806190064299,7.24717029427776,False,,single
6660,142,7.2664552049344024,0.07690263930353843,0.061779870169000925,0.06186846034407198,0.3942871122129151,1.0,0.0,1.0,10,480.98822021484375,89.35950469970703,4.5609803,1,-1,,,1.848569787614061,6.454843150381091,False,,single
6432,204,6.982063790548657,0.17097597603776446,0.07322347360860315,0.08553197009144511,0.4103326360916326,1.0,0.0,1.0,15,717.2066345214844,335.1439514160156,4.4348633,1,-1,,,1.5532712513079114,5.235893320766419,False,,single
243,198,8.474942178070556,0.12163398571816075,0.049736863116794316,0.06649041970618699,0.3166618856662302,1.0,0.0,0.9375,14,1395.0196533203125,874.9714660644531,4.26856585,1,-1,,,1.8217530065939722,4.985724519459249,False,,single
34,452,7.245421557875938,0.06497646982834104,0.05552877560469231,0.05653398063512338,0.3753553403105122,1.0,0.0,1.0,32,497.12840270996094,36.61580276489258,4.15132735,1,-1,,,1.6881038581349195,5.175924899159124,False,,single
3229,146,7.289536671982865,0.11752150617879203,0.06763083275415258,0.06800714950228799,0.4123486674040234,1.0,0.0,1.0,11,494.03614807128906,47.11916542053223,4.14801825,1,-1,,,1.5619480653923659,6.311498429470016,False,,single
4145,105,7.283392042931037,0.2259086743770361,0.05248688510692673,0.052541179796931826,0.35866345015488976,1.0,0.14285714285714285,1.0,7,479.9141845703125,38.6673469543457,3.8666131,1,-1,,,1.911464624149112,4.628681924124765,False,,single
1619,67,9.353557989978855,0.11464987398377299,0.09090993950925769,0.09846452914378945,0.4485286495774933,1.0,0.0,0.9375,5,1540.7318115234375,285.96148681640625,1.1712605,1,-1,,,2.1096031933984056,7.953817898509239,False,,single
7381,64,8.9923315515064,0.0463688209744668,0.07230431998379877,0.09007041029356042,0.43839285916317156,1.0,0.0,0.9791666666666666,5,1175.7196044921875,289.478271484375,1.16384615,1,-1,,,1.924633783660556,5.425861615781699,False,,single
