t_s,M_px,Renc_px,cx_px,cy_px,Rg_px,R95_px,clipped,npix,dx_px,dy_px
0.0,0.0,0.0,0.0,0.0,0.0,0.0,0.0,0.0,-0.5299712475714387,0.2279834674615131
1.0,0.0,0.0,0.0,0.0,0.0,0.0,0.0,0.0,1.1034326575399973,-0.16101385475081997
2.0,0.0,0.0,0.0,0.0,0.0,0.0,0.0,0.0,-0.33423302950393463,-1.5623622112478301
3.0,0.0,0.0,0.0,0.0,0.0,0.0,0.0,0.0,0.04431663351874704,0.15476275171096177
4.0,0.0,0.0,0.0,0.0,0.0,0.0,0.0,722.0,0.5813855756694011,-0.06516614946878008
5.0,0.0,0.0,0.0,0.0,0.0,0.0,0.0,1375.0,0.12283517475293593,-0.709505014279955
6.0,0.0,0.0,0.0,0.0,0.0,0.0,0.0,1833.0,0.3670336732124042,-0.3762558489472667
7.0,0.0,0.0,0.0,0.0,0.0,0.0,0.0,2094.0,0.7476250403037739,-0.526229862600303
8.0,0.0,0.0,0.0,0.0,0.0,0.0,0.0,2751.0,0.6256257439582669,-0.9834277157507358
9.0,0.0,0.0,0.0,0.0,0.0,0.0,0.0,3599.0,0.8738526108559199,-1.0906172029506251
10.0,0.0,0.0,0.0,0.0,0.0,0.0,0.0,4399.0,1.1660190160743014,-0.9836769300416677
11.0,0.0,0.0,0.0,0.0,0.0,0.0,0.0,5079.0,0.9722825816717204,-1.0530113369965761
12.0,0.0,0.0,0.0,0.0,0.0,0.0,0.0,5529.0,1.0472517846069422,-0.7753360306886066
13.0,4538.0,62.34307861328125,324.4526672363281,346.4526672363281,36.31404079455395,151.98174228367336,0.0,5686.0,0.9843236010609644,-0.6950393483825792
14.0,4962.0,64.42340850830078,322.5436096191406,347.9671630859375,37.11119972126615,152.40997340010222,0.0,6007.0,0.9751767195001548,-0.5195156836836077
15.0,5333.0,64.9000244140625,325.0,343.0,37.91610645198737,152.61454706814672,0.0,6150.0,0.84413174966312,-0.3507969609796078
16.0,5702.0,70.33595275878906,322.20404052734375,351.0050354003906,38.95415891497844,153.45634556922468,0.0,6327.0,0.8243326806059486,-0.17226386608575694
17.0,6057.0,71.27185821533203,320.8752746582031,351.78985595703125,39.915525977742064,154.4389844496258,0.0,6710.0,0.7213583835165309,-0.2253124390394987
18.0,6393.0,73.10447692871094,317.5,354.0,40.87594800982477,155.3145194764609,0.0,7226.0,0.637924604288969,-0.2553656431502418
19.0,6765.0,74.423828125,315.3709716796875,353.99462890625,41.75634555901172,155.92369920468943,0.0,7266.0,0.6340577389883038,-0.26064313521209215
20.0,7183.0,84.81165313720703,308.0,351.0,43.139679737485864,157.27873341760395,0.0,8376.0,0.7212842812110694,-0.04025490782510133
21.0,7617.0,87.60289764404297,307.0,350.5,44.532208162463654,157.8030417143481,0.0,8373.0,0.7093786233782566,-0.16662350397598402
22.0,8063.0,88.70466613769531,305.5,350.5,45.627376949380526,158.39823231336896,0.0,8965.0,0.6292148949781904,-0.2947295707835451
23.0,8469.0,89.80683898925781,305.0,351.5,46.729387315591964,159.21243669271882,0.0,9185.0,0.6331759330209934,-0.13985274754207921
24.0,8795.0,89.9181137084961,304.5,352.0,47.40848795718785,159.91278841733572,0.0,10366.0,0.8620689046157395,-0.10766044068088831
25.0,9092.0,90.50562286376953,305.5,351.0,48.0441608597993,160.67591437660522,0.0,10287.0,0.7370170205249451,-0.09681264791839794
26.0,9546.0,93.06593322753906,305.0,350.5,49.10506316183357,162.07097175552306,0.0,10926.0,0.6428427098950351,-0.10685269065993452
27.0,10032.0,94.0320053100586,306.0,349.0,50.16760122596049,163.13322775472494,0.0,11144.0,0.7242987911126875,-0.11487397295258006
28.0,10468.0,98.32862854003906,321.5,340.5,51.66307781435478,167.93093732116236,0.0,11269.0,0.5127311713571316,-0.15516170689795672
29.0,10884.0,99.05816650390625,320.5,340.5,52.63943181160143,170.64861324311244,0.0,7977.0,0.5114569207986506,-0.28602368578003734
30.0,11185.0,99.76482391357422,320.0,341.0,53.21674436456836,172.56303157298524,0.0,8274.0,0.6007219024098731,-0.32273158002220725
31.0,11483.0,100.6579360961914,318.0,344.0,53.6872403591418,173.21345187151448,0.0,11681.0,0.6260703607998721,-0.4819549187944858
32.0,11846.0,100.6579360961914,318.0,344.0,54.128741801078434,173.73543097235975,0.0,12197.0,0.5091497646395737,-0.25254755560661124
33.0,12168.0,101.64777374267578,320.5,343.0,54.743580739842514,174.91755136366874,0.0,9341.0,0.42809269503152336,-0.1748069137300945
34.0,12477.0,102.44642639160156,320.0,344.5,55.32842626845557,175.32826355154492,0.0,9536.0,0.52076973330486,-1.6118759532446347
35.0,12844.0,103.0595474243164,321.5,344.0,55.91956045583406,176.6422936270735,0.0,13192.0,0.42951552774889024,-0.27334407217807666
36.0,13259.0,103.3925552368164,322.0,344.0,56.38473266527034,177.6752655328893,0.0,13187.0,0.3593400584173878,-1.4871809037321668
37.0,13564.0,103.7269058227539,321.5,344.0,56.91744187700433,179.35662780220582,0.0,13504.0,0.54920562331165,-0.430947532783307
38.0,13882.0,103.76545715332031,322.0,343.5,57.28376486910623,179.33083864559487,0.0,13949.0,0.5798215585233493,-0.3564586714875304
39.0,14161.0,104.76889038085938,321.5,344.5,57.668036691272185,179.49373248110922,0.0,10684.0,0.5536269457905973,-0.4843405573645896
40.0,14445.0,107.44776153564453,317.0,348.0,58.24472976512985,180.30973334712112,0.0,14545.0,0.5081425690545984,-0.14333472471332698
41.0,14815.0,107.5000991821289,319.5,346.0,58.885695528014196,180.81869343969464,0.0,14738.0,0.43149393328098995,-0.32090345059646097
42.0,15029.0,108.00473022460938,319.0,346.0,59.18917763247036,181.2274812791096,0.0,14687.0,0.5411777947529117,-0.11449937355314432
43.0,15328.0,108.20014190673828,318.0,346.5,59.764559207610446,182.25805880673698,0.0,11555.0,0.47397310668748105,-0.30556839399639557
44.0,15695.0,109.44985961914062,315.0,349.5,60.405206613268255,183.603376807406,0.0,11488.0,0.37546481140930155,-0.43281573694713416
45.0,15929.0,110.43560028076172,314.0,350.0,60.7521530260448,184.01902063564845,0.0,12354.0,0.4358442003850769,-0.3601515487339384
46.0,16138.0,110.72611236572266,314.5,350.0,61.013904876941005,184.44091192457094,0.0,11950.0,0.49615666208228504,-0.2692483668751606
47.0,16334.0,110.84346008300781,314.0,350.5,61.17717674314946,184.44782460088814,0.0,11021.0,0.45291575889598334,-0.2839961268521165
48.0,16631.0,112.10050201416016,310.5,352.5,61.705698842247905,185.22148901440366,0.0,11345.0,0.46021512822312616,-0.3761779904518221
49.0,16932.0,112.75758361816406,313.5,350.0,62.19334768590685,186.18767332548603,0.0,13308.0,0.4893462833384774,-0.3205186313799686
50.0,17352.0,113.14823150634766,313.5,350.5,62.815103882337645,187.11801066014036,0.0,16846.0,0.4755249691196468,-0.3312824637225731
51.0,17654.0,113.46044158935547,313.0,350.5,63.14868486536595,187.56372215610895,0.0,14724.0,0.31993978336379314,-0.36145168928908333
52.0,18024.0,113.70146179199219,314.0,350.0,63.36792208441647,187.62729012593024,0.0,13807.0,0.5036770158739046,-0.5329592785668069
53.0,18319.0,114.01873779296875,314.5,350.0,63.615908539581966,187.93030612232567,0.0,14159.0,0.3783199471156422,-0.5301599504775254
54.0,18615.0,114.4771728515625,314.0,351.0,64.0198343609191,188.27984490783663,0.0,17978.0,0.4315341048645678,-0.34867553239382687
55.0,18901.0,114.4771728515625,314.0,351.0,64.32362397093368,188.50198937942272,0.0,14686.0,0.45882340809043853,-0.2825558247332083
56.0,19394.0,114.4771728515625,314.0,351.0,64.79229283979146,188.83061192507955,0.0,19759.0,0.2453026254066799,-0.32132562780293483
57.0,19778.0,114.55358123779297,313.5,351.5,65.18942334965718,189.61276328348785,0.0,16458.0,0.23544127484194632,-0.20019764377991578
58.0,20003.0,114.55358123779297,313.5,351.5,65.37335774997517,189.7337606341144,0.0,17130.0,0.27500658019539514,-0.1875257738407754
59.0,20224.0,114.55358123779297,313.5,351.5,65.52291647623645,190.05170330337103,0.0,19791.0,0.36443063151455135,-0.003373161248703127
60.0,20534.0,114.71932220458984,312.5,352.5,65.85107288883077,190.41546677169535,0.0,16374.0,0.3892858519288893,-0.09593765183876712
61.0,20916.0,114.80226135253906,315.94232177734375,349.8183898925781,66.19161501067946,190.5367418602219,0.0,20974.0,0.29903516187584955,-0.11576796385367061
62.0,21262.0,114.99479675292969,318.77691650390625,347.6100769042969,66.45499088830775,190.70907162396205,0.0,20352.0,0.1317543477404115,-0.16005734592016552
63.0,21581.0,115.17601013183594,315.4801330566406,350.6913757324219,66.7782968091899,190.90573590125572,0.0,18502.0,0.32156750465719597,-0.3916025006203654
64.0,21907.0,115.52535247802734,314.0012512207031,352.34326171875,67.1392246441027,191.5606952488733,0.0,18236.0,0.3076926883553597,-0.1390976452215682
65.0,22179.0,115.80742645263672,318.7751159667969,348.7001647949219,67.45544350003935,192.02525867734926,0.0,22245.0,0.30069780434030235,-0.13143595352602233
66.0,22409.0,115.85969543457031,318.1359558105469,349.3313293457031,67.70491598751074,192.50974001333023,0.0,19326.0,0.33642307978527697,-0.19334127309633686
67.0,22669.0,116.71021270751953,320.0,347.5,68.0100985451678,193.01502505484854,0.0,16087.0,0.45477403257768856,-0.11208722191361176
68.0,22901.0,117.18401336669922,321.84014892578125,346.26751708984375,68.27505598643272,193.35201059208046,0.0,17427.0,0.5445689140009335,-0.23875052427649734
69.0,23100.0,117.71163940429688,325.8139953613281,343.5020446777344,68.51265070520041,193.84787850270635,0.0,17369.0,0.44615562165779465,-0.06705026773829559
70.0,23329.0,118.14905548095703,322.291259765625,346.46942138671875,68.69164759955814,194.15766768790942,0.0,18573.0,0.21450604487120017,-0.19398514963302205
71.0,23579.0,118.5326919555664,320.9051208496094,347.8304138183594,68.94845468870749,194.83326204732086,0.0,18590.0,0.35937753613484347,-0.1321474456938745
72.0,23882.0,119.19950866699219,319.5,349.5,69.24031602668167,195.35864454894235,0.0,20121.0,0.17582624219278387,-0.13908107938755165
73.0,24150.0,119.19950866699219,319.5,349.5,69.54986789684645,195.68597292601225,0.0,18982.0,0.26208828609799184,-0.02594694347544646
74.0,24395.0,119.55451202392578,319.6333923339844,349.62005615234375,69.88118736114723,196.3797341886377,0.0,19236.0,0.3517674324929203,-0.17704296405236164
75.0,24657.0,120.1583480834961,317.18780517578125,351.1293640136719,70.29005965722448,197.3980749002826,0.0,18866.0,0.3986851586735156,-0.1347160500179143
76.0,24847.0,120.3729248046875,318.7709655761719,350.48468017578125,70.48053226765207,197.73972792537162,0.0,19912.0,0.3692825310100716,-0.2588018946373154
77.0,25144.0,120.78313446044922,319.2322082519531,350.6929931640625,70.84737513951808,198.0089644250557,0.0,19971.0,0.3743747927409231,-0.3721036021386226
78.0,25360.0,121.17198181152344,321.00299072265625,350.10693359375,71.11948282698407,198.33809518093088,0.0,19913.0,0.30472931994302144,-0.19801416620879309
79.0,25574.0,121.59546661376953,321.43585205078125,350.34173583984375,71.37118100963794,198.59506539690256,0.0,20734.0,0.28828635823981585,-0.20157570580778383
80.0,25805.0,121.77134704589844,320.3688659667969,351.176513671875,71.6483840458928,198.97939591573223,0.0,20795.0,0.33498634487693835,-0.25636945919916343
81.0,26085.0,122.03153228759766,320.6679382324219,351.3030700683594,71.97161247786434,199.1351299085246,0.0,21692.0,0.37764736883559635,-0.32318426964133096
82.0,26447.0,122.21368408203125,320.596923828125,351.1328125,72.25451995692953,199.25109786397664,0.0,21026.0,0.4645877826326341,-0.21954523954434535
83.0,26745.0,122.37721252441406,320.8099670410156,351.1993713378906,72.63761033262173,199.7288161382555,0.0,22602.0,0.27537827980211205,-0.19829100335596195
84.0,27007.0,122.72151947021484,319.9463195800781,351.9396057128906,72.98910011735124,200.16343275258137,0.0,22102.0,0.4108486947499159,-0.1502418498668021
85.0,27299.0,122.89723205566406,319.1869812011719,352.5826416015625,73.36115253284648,200.60234294486193,0.0,21938.0,0.5276402987125266,-0.1832231959340902
86.0,27556.0,123.85407257080078,320.6080627441406,351.4441833496094,73.69576236057816,201.02673937356107,0.0,21910.0,0.38569732762380227,-0.15710177617808085
87.0,27886.0,124.50077056884766,319.73626708984375,352.2336730957031,74.16821556615304,202.17504768666288,0.0,22812.0,0.238053316231003,-0.13331516075010086
88.0,28222.0,124.89464569091797,317.2619323730469,353.47259521484375,74.60745500443464,202.76476512600038,0.0,21873.0,0.3460125591426504,-0.15794950868217938
89.0,28451.0,125.65792083740234,320.2259521484375,352.16876220703125,74.90081510625609,203.03817374691863,0.0,23848.0,0.1739633630344315,-0.33653503158853937
90.0,28719.0,126.33659362792969,319.943115234375,351.540283203125,75.241898400773,203.2311487035864,0.0,23747.0,0.10161038751016349,-0.2571079672298424
91.0,28961.0,126.6983413696289,317.9179382324219,352.9717102050781,75.58871935479718,203.57799488156869,0.0,23790.0,0.2143990346355622,-0.3859393017005459
92.0,29172.0,127.13304901123047,318.1086120605469,353.19549560546875,75.87792497214026,203.91456526468613,0.0,23504.0,0.226654968873504,-0.260706461449729
93.0,29422.0,127.64336395263672,318.8531799316406,352.7357177734375,76.2084637604701,204.24703179590637,0.0,23629.0,0.31500880140470144,-0.1574998208972147
94.0,29672.0,128.08078002929688,318.754150390625,352.30938720703125,76.53293904783725,204.62355674837622,0.0,23961.0,0.40518006726279054,-0.25731973999785396
95.0,29840.0,128.55374145507812,319.9315185546875,351.5102844238281,76.75058967678537,204.83163818121457,0.0,24746.0,0.2649320245596982,-0.2704979215864114
96.0,30061.0,128.81979370117188,320.80194091796875,351.26910400390625,77.01153450129397,205.0,0.0,24919.0,0.26468938003074527,-0.23715276280813669
97.0,30279.0,129.2621307373047,320.0433654785156,352.27801513671875,77.25699973370492,205.2364490045567,0.0,24842.0,0.2095300828168547,-0.2127308924975182
98.0,30417.0,129.2621307373047,320.0433654785156,352.27801513671875,77.4511414061111,205.50863725120334,0.0,23836.0,0.309925068724624,-1.5061756583286865
99.0,30735.0,130.2325897216797,321.5,352.5,77.89394557975514,206.4134200317304,0.0,24430.0,0.24368591922325322,-1.6253579130490152
100.0,30851.0,130.2325897216797,321.5,352.5,78.0334993608395,206.4800227356169,0.0,25623.0,0.2830917495717813,-0.3506969268318585
101.0,31209.0,130.38478088378906,321.6535339355469,352.220458984375,78.42924629100155,206.84003459253873,0.0,24748.0,-0.05955535615601093,-0.026634806769095576
102.0,31361.0,130.70985412597656,321.5199890136719,351.9200134277344,78.63056466678076,206.8477701112584,0.0,24209.0,0.53481044220473,-0.02023100842399117
103.0,31585.0,131.65963745117188,322.8075866699219,352.24859619140625,78.94414627694997,207.52349264601347,0.0,24936.0,0.6332850272707446,-1.699996039941027
104.0,31715.0,131.87210083007812,321.1035461425781,353.10760498046875,79.1410166070215,207.89179848789433,0.0,25996.0,0.07644288269057142,-0.14110075300033031
105.0,32098.0,132.20872497558594,320.9612731933594,352.7983093261719,79.56560716824833,208.0604479454557,0.0,25623.0,0.3603126490969544,-0.01370007734635692
106.0,32469.0,132.95281982421875,321.71435546875,352.416748046875,80.06268900921353,209.0167456584884,0.0,26627.0,0.30343820386383413,-0.11938268670536445
107.0,32723.0,133.33560180664062,320.031005859375,353.83721923828125,80.43179146611283,209.53448382875234,0.0,26003.0,0.38735913752316264,-1.5079380427036995
108.0,33046.0,133.846435546875,319.3300476074219,354.4474792480469,80.86026343916649,210.37941913543628,0.0,27371.0,0.3719196819744184,-0.25042889002963875
109.0,33334.0,134.3244171142578,320.6063537597656,353.2127380371094,81.21644733144433,211.00947846009194,0.0,26597.0,0.4301051500773383,-0.1022173902303507
110.0,33628.0,134.38406372070312,319.7022399902344,353.78228759765625,81.56709660943866,211.27576714961535,0.0,27433.0,0.19778104458714552,-0.19485349112261474
111.0,33779.0,135.0907745361328,322.0936279296875,352.2515869140625,81.76424608211428,211.40979111203083,0.0,27593.0,0.34398892402668935,-0.24586298637728987
112.0,34083.0,140.83924865722656,331.8065185546875,349.96832275390625,82.2544777168969,213.01854379256315,0.0,28217.0,0.32153208183945026,-0.32469167292339307
113.0,34356.0,140.86253356933594,330.8564758300781,351.2949523925781,82.62363794408724,213.81066375272047,0.0,28445.0,0.07767384376666087,-0.24141768989289858
114.0,34628.0,146.80014038085938,335.5,355.0,83.03864712979117,214.84226753862245,0.0,28628.0,0.14271218933868113,-0.2938198664359106
115.0,34934.0,148.36537170410156,337.0,350.5,83.50405136110062,215.39603046466175,0.0,27835.0,0.15626083921233658,-0.4452447646019664
116.0,35150.0,148.36590576171875,336.7484130859375,350.81549072265625,83.84121801722348,216.00462958001617,0.0,29014.0,0.102162066120286,-0.3280730057414303
117.0,35404.0,148.3704376220703,336.2342834472656,351.4602355957031,84.2497517680638,216.88141838678044,0.0,27570.0,0.3776179320797155,-1.486759489015526
118.0,35644.0,148.87303161621094,336.9569091796875,350.5107421875,84.66746252248284,218.15980380748655,0.0,29095.0,0.2637589015668027,-0.09270787954403659
119.0,35959.0,148.8954620361328,336.5648498535156,350.9544982910156,85.12450214530035,219.27972975226086,0.0,29463.0,0.12600958314510535,-0.17653161492160052
120.0,36213.0,149.23362731933594,336.26287841796875,350.7898254394531,85.48478394416632,219.71527028185474,0.0,29796.0,0.2242522167879315,-0.2807988187832393
121.0,36480.0,149.38226318359375,335.051025390625,352.0594787597656,85.85133213290979,220.07759994554976,0.0,30117.0,0.14314075868321652,-0.39972704340573273
122.0,36762.0,149.73922729492188,335.3434753417969,351.1221008300781,86.2503004670704,220.68914787823604,0.0,30146.0,0.06901509600766076,-0.2398441659090622
123.0,37012.0,150.13858032226562,335.6653747558594,350.0904846191406,86.62116270728265,221.34272050187712,0.0,28967.0,0.3882638298841812,-1.3302572181902406
124.0,37226.0,150.47174072265625,335.20953369140625,350.1227111816406,86.915140809543,221.8822876663798,0.0,30511.0,0.107245581361326,-0.09412262197173504
125.0,37568.0,150.78738403320312,335.4748840332031,349.2987976074219,87.30439913054079,222.269993453095,0.0,30481.0,0.1324650259275586,-0.18407300024841788
126.0,37737.0,151.44586181640625,335.09661865234375,348.7222595214844,87.52111590137316,222.6140156859442,0.0,30621.0,0.24014400255680357,-0.1888253368927053
127.0,37954.0,151.51187133789062,333.5229797363281,350.5594482421875,87.78960944527942,222.84983731134497,0.0,31021.0,0.2890060400158063,-0.2617002731845446
128.0,38152.0,151.9219207763672,332.5137023925781,351.1742858886719,88.04410243334922,223.15151785384995,0.0,31089.0,0.3249334146195224,-0.08772733497289664
129.0,38354.0,152.1044464111328,330.2347106933594,353.84661865234375,88.31058788204632,223.61797781037194,0.0,30088.0,0.5335038248165347,-1.5508018333456448
130.0,38710.0,152.14291381835938,329.8527526855469,354.2944641113281,88.7413844922561,224.61745257214542,0.0,31301.0,0.23331505195585578,-0.15669754379825918
131.0,39057.0,152.14291381835938,329.8527526855469,354.2944641113281,89.10648255805678,225.30778936728424,0.0,31825.0,0.32756157985693335,-0.3631857240694103
132.0,39177.0,152.14291381835938,329.8527526855469,354.2944641113281,89.24703260316201,225.5681715136247,0.0,30598.0,0.4937287937423207,-1.5732361876156915
133.0,39389.0,152.14291381835938,329.8527526855469,354.2944641113281,89.50126342185226,226.01991062736045,0.0,32461.0,0.17748937782369012,-0.282253135237454
134.0,39600.0,152.14291381835938,329.8527526855469,354.2944641113281,89.7135363527131,226.2919574350094,0.0,32647.0,0.2777032617623263,-0.18116825488817767
135.0,39742.0,152.2849578857422,328.6009826660156,355.76226806640625,89.86370804349285,226.41477422785078,0.0,31266.0,0.582296779920398,-1.368964680601266
136.0,40100.0,152.3440704345703,328.1351013183594,356.30859375,90.28313964502404,227.2003521124032,0.0,31688.0,0.432074290808373,-0.5327141906844872
137.0,40292.0,152.3440704345703,328.1351013183594,356.30859375,90.51759642680577,227.37853900489378,0.0,31824.0,0.462479618376733,-0.4511694329563056
138.0,40549.0,152.4638214111328,327.2618713378906,357.33251953125,90.78152014238216,227.76654705720733,0.0,32494.0,0.4018587315424611,-0.24739367451593353
139.0,40831.0,152.5529022216797,326.66217041015625,358.0357360839844,91.11591393495564,228.3527972239447,0.0,32137.0,0.4837299126799053,-1.185220072768118
140.0,41087.0,152.71229553222656,327.2510986328125,356.91632080078125,91.41034193182965,229.00676843925444,0.0,28745.0,0.7441015860408697,-1.2045767096917075
141.0,41246.0,152.84742736816406,327.72283935546875,356.01971435546875,91.58092529761622,229.17078782420572,0.0,32668.0,0.8134016096853429,-0.10983499695959154
142.0,41480.0,153.52548217773438,327.84527587890625,354.6913757324219,91.84633261684574,229.4915030866117,0.0,29238.0,0.6435706559249184,-1.2126331301213895
143.0,41772.0,154.177490234375,326.64434814453125,355.2414245605469,92.18381722212162,230.05825345180506,0.0,33660.0,0.44587859109924466,-0.3593179808535183
144.0,42116.0,154.25509643554688,326.5436096191406,355.24884033203125,92.55780935436069,230.59488282677833,0.0,34276.0,0.5698142859195059,-0.13152439396259297
145.0,42318.0,154.87908935546875,325.1379699707031,356.15447998046875,92.80432860095725,231.15892800112954,0.0,34075.0,0.3220315841348338,-0.14424233241862794
146.0,42739.0,154.9392852783203,325.1040954589844,356.0977478027344,93.27501136707104,232.12367391827755,0.0,30998.0,0.3631024286747788,-0.14485555239969017
147.0,42928.0,155.03549194335938,324.61346435546875,356.63360595703125,93.50243256922468,232.59406699226014,0.0,34665.0,0.5792924153309968,-0.037225047241179254
148.0,43121.0,155.0935516357422,323.8448486328125,357.6487731933594,93.71683455077911,232.79390026373113,0.0,31081.0,0.44470382887027426,-0.05853041074021803
149.0,43244.0,155.0935516357422,323.8448486328125,357.6487731933594,93.86607616087908,233.05074544497808,0.0,30528.0,0.5608801131895689,-1.1371812352804795
150.0,43452.0,155.16156005859375,323.081298828125,358.6572570800781,94.08785788304057,233.3838040653207,0.0,35150.0,0.5146761971762999,-0.1608585019664588
151.0,43637.0,155.23080444335938,322.4017028808594,359.5549621582031,94.30284832706973,233.80376386890836,0.0,33642.0,0.5434554972320029,-1.1876325884279026
152.0,43850.0,157.6746063232422,321.0,363.5,94.59295395513692,234.2007685726074,0.0,35009.0,0.5772214475916826,-0.15331090716352946
153.0,44067.0,158.24200439453125,320.5,363.5,94.84710076953941,234.61479064930214,0.0,30733.0,0.5491756857766177,-1.2133504514050628
154.0,44438.0,158.93719482421875,320.0,363.0,95.16262514787678,234.83515459355215,0.0,32126.0,0.5067306292968397,-0.29473195588332146
155.0,44629.0,158.93719482421875,320.0,363.0,95.32562718748211,235.11826783273858,0.0,35863.0,0.3649786398264041,-0.3093655124244492
156.0,44897.0,158.93719482421875,320.0,363.0,95.5895872639477,235.5105093181169,0.0,31393.0,-0.03909135192213853,-0.40075932106691425
157.0,45213.0,158.94332885742188,321.14996337890625,362.2099609375,95.94550121211084,236.28584378488156,0.0,35010.0,0.11149190679407184,-0.43982712205786356
158.0,45368.0,159.5098114013672,323.7572326660156,361.0462341308594,96.09450564097259,236.51120470324,0.0,31615.0,0.4305850011151051,-0.31036274064888403
159.0,45570.0,159.5098114013672,323.7572326660156,361.0462341308594,96.31432739261787,236.78260071213003,0.0,31660.0,0.4581133969896882,-1.222258343614726
160.0,45752.0,159.5098114013672,323.7572326660156,361.0462341308594,96.51726755686983,237.00495773313722,0.0,31929.0,0.41368810761628083,-0.31757431560981786
161.0,45939.0,159.5098114013672,323.7572326660156,361.0462341308594,96.70778847489277,237.15395843207003,0.0,33228.0,0.2937094215508296,-0.2802087048958697
162.0,46187.0,159.5098114013672,323.7572326660156,361.0462341308594,96.95154281648189,237.53947040439405,0.0,32626.0,0.2579900440618985,-0.4434316722060885
163.0,46360.0,159.64788818359375,323.8518371582031,361.1481628417969,97.1585565854811,237.91836834954955,0.0,32001.0,0.3755664139405326,-1.4297954554579064
164.0,46583.0,159.73269653320312,324.3636474609375,360.6060485839844,97.39966799840987,238.39882550046258,0.0,32287.0,0.2501266752825586,-0.5173518690108949
165.0,46769.0,159.88848876953125,321.75262451171875,362.6368408203125,97.62311449156093,238.78651503640353,0.0,32512.0,0.26602110423641534,-0.5559812369900783
166.0,46908.0,159.9737548828125,320.66253662109375,363.4847106933594,97.7709969247779,238.94769302087852,0.0,33216.0,0.5252478267173046,-1.6200841016485015
167.0,47128.0,165.09390258789062,324.1473388671875,367.3067626953125,98.02159892298631,239.3954885466405,0.0,32818.0,0.42948447258368105,-0.21290540348707054
168.0,47281.0,165.2958984375,325.6075439453125,365.84027099609375,98.19936825437341,239.71024175032656,0.0,33009.0,0.4787309791587404,-0.33350452968920763
169.0,47432.0,165.5486602783203,321.49853515625,368.9649963378906,98.35609920550982,239.87736439128588,0.0,36541.0,0.4603457731909657,-2.2225171347281503
170.0,47660.0,168.35714721679688,323.3740539550781,371.0906066894531,98.62568857140691,240.2086592875186,0.0,33613.0,0.513801702642354,-1.638827386701962
171.0,47977.0,168.4827880859375,321.9436950683594,372.1834716796875,98.97153879228622,240.6200324162558,0.0,33672.0,0.20642565771538557,-1.4337716760266517
172.0,48273.0,168.4827880859375,321.9436950683594,372.1834716796875,99.29714011047855,241.10329735586652,0.0,34720.0,0.6179131303272243,-0.2507945332540089
173.0,48641.0,168.56907653808594,321.0687255859375,372.85198974609375,99.71011840957638,241.66091947189145,0.0,33606.0,0.538756646679758,-1.7051775858474798
174.0,48887.0,168.75782775878906,319.36309814453125,374.1551818847656,99.99054459188979,242.0743687382041,0.0,34268.0,0.4592135199795848,-1.234431876982626
175.0,49082.0,171.53509521484375,310.5,380.0,100.22965405526281,242.39018131929353,0.0,34240.0,0.5031543937449214,-1.3977358918239133
176.0,49349.0,171.5554962158203,311.0,379.5,100.54964882270154,242.66231681083076,0.0,34486.0,0.45312099136742745,-1.284551893176399
177.0,49586.0,171.87942504882812,311.5,378.5,100.84416662367032,242.91716695039406,0.0,34631.0,0.4809215466090109,-1.3706848408199903
178.0,49922.0,175.50509643554688,316.0,379.0,101.24775207230788,243.39268682522078,0.0,34815.0,0.3702374116591045,-1.1640774683413042
179.0,50233.0,175.53500366210938,316.5,378.5,101.59740123444543,243.816734421268,0.0,35412.0,0.4711989399304457,-1.5317711137137167
180.0,50424.0,175.53500366210938,316.5,378.5,101.79495990989328,244.04179968078518,0.0,35681.0,0.30308360326546335,-1.5250776782341973
181.0,50649.0,175.81890869140625,317.5,377.0,102.03235493155228,244.38453304364074,0.0,36486.0,0.5029838299705034,-0.32184609072328385
182.0,50911.0,175.81890869140625,317.5,377.0,102.25059245748392,244.62931138888587,0.0,36012.0,0.44440323927301506,-1.3599017179381008
183.0,51120.0,175.81890869140625,317.5,377.0,102.48041055760973,244.98448927909237,0.0,36733.0,0.36059668858342775,-1.37855150230763
184.0,51316.0,176.64453125,315.0,378.5,102.71679757746965,245.39661768650808,0.0,36412.0,0.47968798733052154,-1.175992068200685
185.0,51543.0,176.64453125,315.0,378.5,102.96832434921423,245.65076833124084,0.0,36559.0,0.4544594359317671,-1.571064666876623
186.0,51753.0,176.64453125,315.0,378.5,103.195613132393,245.96503815793207,0.0,37122.0,0.4028790048813562,-0.511803086134762
187.0,51994.0,176.64453125,315.0,378.5,103.42724578562522,246.1747346906258,0.0,36628.0,0.42604230371739504,-1.5239564399774395
188.0,52246.0,177.2576904296875,314.0,380.5,103.73417717513773,246.6779276708802,0.0,37176.0,0.5347207522136159,-1.6477157192726395
189.0,52440.0,177.6247100830078,314.5,379.5,103.95184442049636,246.9817807045694,0.0,37502.0,0.39912162052860367,-0.5772728689039468
190.0,52718.0,178.69888305664062,314.5,379.0,104.24933363384817,247.42675683927152,0.0,37759.0,0.5152805549511186,-1.4932141637067389
191.0,52979.0,178.69888305664062,314.5,379.0,104.54134039471874,247.88202837407522,0.0,37907.0,0.4756266533007647,-1.6394813949225409
192.0,53174.0,178.69888305664062,314.5,379.0,104.76703945897138,248.2767608921087,0.0,38465.0,0.5687789828477889,-1.3885569045258421
193.0,53431.0,178.96658325195312,316.0,377.0,105.05745403607331,248.9277001443122,0.0,38564.0,0.56337495497894,-0.5780099027042525
194.0,53804.0,178.96658325195312,316.0,377.0,105.49761720022533,249.81933471602437,0.0,38732.0,0.5455978525104683,-1.4836538706526312
195.0,54039.0,178.96658325195312,316.0,377.0,105.73438984888632,250.19992006393608,0.0,38878.0,0.58116191441718,-1.3534197185558128
196.0,54325.0,179.3105926513672,316.0,376.5,106.03705363489695,250.9123352886422,0.0,38910.0,0.7413865174210059,-1.5847004968228475
197.0,54637.0,181.06915283203125,315.0,375.0,106.34361121794615,251.2421142927612,0.0,39332.0,0.521870800395277,-1.254679414870111
198.0,54944.0,181.06915283203125,315.0,375.0,106.66613612585428,251.6203488746043,0.0,39904.0,0.5666625258351132,-1.4064166401410034
199.0,55235.0,181.06915283203125,315.0,375.0,106.9520326149712,251.80349481291955,0.0,40060.0,0.4391824582668278,-0.30714498491710174
200.0,55487.0,181.4312286376953,314.5,375.0,107.22455471529597,252.29546171106605,0.0,40211.0,0.6509954830274864,-1.7214591864949966
201.0,55725.0,181.4312286376953,314.5,375.0,107.48294945675524,252.76471272707352,0.0,40697.0,0.6408793913891486,-1.4153069665047155
202.0,55881.0,181.7939453125,314.0,375.0,107.61872334055393,253.0138336138955,0.0,41550.0,0.37836707240774103,-0.320773465320201
203.0,56262.0,181.8145751953125,313.5,375.5,107.98302955917791,253.50532538748612,0.0,41132.0,0.5668094435638977,-1.3756243357971698
204.0,56571.0,181.8145751953125,313.5,375.5,108.25860874972685,253.7774615605535,0.0,41142.0,0.6045149545724371,-1.472287074243468
205.0,56757.0,182.6311798095703,311.2113952636719,376.76800537109375,108.45270635959814,254.00984229848558,0.0,41131.0,0.49650904459792855,-1.3922016677311149
206.0,57012.0,182.6311798095703,311.2113952636719,376.76800537109375,108.6595474718625,254.2833065696606,0.0,41168.0,0.42900201634961377,-1.5477275219190005
207.0,57239.0,182.96800231933594,311.0,376.5,108.84735986185328,254.51581482665082,0.0,41461.0,0.5397339758675344,-1.3129020951761845
208.0,57462.0,182.96800231933594,311.0,376.5,109.04065321221667,254.71935536942803,0.0,41629.0,0.5179363322715744,-1.6267927703646023
209.0,57675.0,182.96800231933594,311.0,376.5,109.23666770960486,255.1960031034969,0.0,41879.0,0.3194713502338118,-1.458647233164811
210.0,57934.0,182.96800231933594,311.0,376.5,109.4593105255119,255.3918557824427,0.0,42222.0,0.5164500077804632,-1.489957979156543
211.0,58156.0,183.00079345703125,310.5,377.0,109.63562095830385,255.52837408950091,0.0,42315.0,0.5428676917534858,-1.3744221433417465
212.0,58378.0,183.3058624267578,311.0,376.0,109.82163325574295,255.72143045824913,0.0,42484.0,0.5843973412557943,-1.3647079749356976
213.0,58559.0,183.3058624267578,311.0,376.0,109.9705719075604,255.88298106684698,0.0,42773.0,0.4991030510929022,-1.3617475021539462
214.0,58787.0,183.64447021484375,311.0,375.5,110.18377462921217,256.28382702933624,0.0,43048.0,0.5867795000826845,-1.2809024912671134
215.0,59043.0,183.64447021484375,311.0,375.5,110.41185497379135,256.632032295269,0.0,43139.0,0.47993425447441496,-1.554728260115212
216.0,59331.0,183.64447021484375,311.0,375.5,110.67240797268212,257.1098986796396,0.0,43697.0,0.48269929933178446,-1.5921869250683471
217.0,59623.0,183.64447021484375,311.0,375.5,110.90134282874067,257.6134701387888,0.0,43727.0,0.5675069847621899,-1.4613751965291613
218.0,59848.0,184.3509979248047,310.5,375.0,111.11693823275712,258.0670455256461,0.0,43859.0,0.5530141964316044,-1.4277805612307475
219.0,60061.0,184.3509979248047,310.5,375.0,111.29462768065851,258.3060200614767,0.0,44847.0,0.32408486537724457,-0.29922576748350593
220.0,60316.0,184.3509979248047,310.5,375.0,111.48157323069545,258.5207922005501,0.0,44334.0,0.562018482454846,-1.4087663349891955
221.0,60683.0,184.3509979248047,310.5,375.0,111.79364484435732,258.9540499365181,0.0,44645.0,0.6516281674076936,-1.217231823171801
222.0,60870.0,184.3509979248047,310.5,375.0,111.95405254080468,259.1868047648355,0.0,44659.0,0.3265819460181092,-1.2417342138018626
223.0,61111.0,184.3509979248047,310.5,375.0,112.161506074215,259.5120420937103,0.0,44722.0,0.4610479787413624,-1.2354300295168628
224.0,61464.0,184.3509979248047,310.5,375.0,112.41087935200666,259.72976339986025,0.0,45002.0,0.5577414842583721,-1.2421002880186052
225.0,61745.0,184.3509979248047,310.5,375.0,112.66549831407167,260.19146795703466,0.0,44859.0,0.567401103261659,-1.1946920714268572
226.0,61975.0,184.46546936035156,310.3437805175781,375.3376770019531,112.8711151514675,260.54980327689077,0.0,45456.0,0.38584648095957164,-1.5105745937556208
227.0,62219.0,184.46546936035156,310.3437805175781,375.3376770019531,113.1013994045441,261.0848521018202,0.0,45691.0,0.40357785809487723,-1.4369337523430659
228.0,62427.0,184.83853149414062,310.56024169921875,375.6529541015625,113.30599031918713,261.283371074395,0.0,45669.0,0.6774307221880917,-1.418187994367429
229.0,62673.0,184.84849548339844,310.69390869140625,375.52325439453125,113.54504421507234,261.6283623751894,0.0,46010.0,0.6424376262090163,-1.38968843082813
230.0,62856.0,185.13052368164062,312.3915710449219,374.0839538574219,113.72007483467901,261.9141079748643,0.0,46365.0,0.6638732474115159,-1.5473562723367422
231.0,63057.0,185.13052368164062,312.3915710449219,374.0839538574219,113.9031817498833,262.1068483305584,0.0,47879.0,0.4067702882954336,-0.035289575787373906
232.0,63488.0,185.317626953125,314.68194580078125,371.7847900390625,114.24917463764059,262.3750178640753,0.0,48147.0,0.18554302090376495,0.021551033266575814
233.0,63743.0,185.60574340820312,314.8592224121094,372.0198669433594,114.46532843176364,262.6790817404788,0.0,47141.0,0.573593362832753,-1.5953573656458957
234.0,64101.0,186.5323486328125,314.2406005859375,373.3301086425781,114.79467026735357,263.2508309578528,0.0,47448.0,0.687817196818628,-1.5701336165586213
235.0,64338.0,186.5323486328125,314.2406005859375,373.3301086425781,115.02087374915094,263.6596288448935,0.0,47956.0,0.42688162521380946,-1.5416313546414813
236.0,64580.0,186.99290466308594,314.20391845703125,373.8542175292969,115.24749454752727,264.1103935741105,0.0,47921.0,0.4839234918886177,-1.3938767593960506
237.0,64805.0,187.20306396484375,315.94708251953125,372.2025451660156,115.42162561997104,264.39137652238094,0.0,47981.0,0.5873251211985462,-1.4152235196431207
238.0,65033.0,187.6142120361328,316.9943542480469,371.6240234375,115.61358353390531,264.66015944981217,0.0,48358.0,0.5961947563197327,-1.435832291687177
239.0,65327.0,188.33323669433594,313.5525207519531,373.6416320800781,115.85562227679085,264.91073968273145,0.0,48543.0,0.4944094537362389,-1.5672215895797308
240.0,65624.0,188.73681640625,314.200439453125,373.5386657714844,116.11649391632449,265.21604400171856,0.0,48876.0,0.644030408422509,-1.5443288953371166
241.0,65898.0,188.73681640625,314.200439453125,373.5386657714844,116.37483298698426,265.6367820610285,0.0,49156.0,0.696374688210085,-1.3546145527402018
242.0,66138.0,189.4349822998047,314.5923767089844,374.14227294921875,116.58088305488786,265.83754436268674,0.0,49305.0,0.48695629728638323,-1.547465446897661
243.0,66477.0,189.71820068359375,314.7513427734375,374.3870849609375,116.8787126209402,266.3340008166018,0.0,49553.0,0.48874897750727087,-1.5310352687131399
244.0,66730.0,189.79342651367188,315.2295837402344,373.9830627441406,117.07518271245445,266.6384253904389,0.0,49688.0,0.5009998123431387,-1.2845220369213735
245.0,67018.0,190.18939208984375,316.3370361328125,373.3646545410156,117.2818739207028,266.9614202193122,0.0,49968.0,0.26171864489015206,-0.502778457534987
246.0,67198.0,190.55160522460938,316.98980712890625,373.1864013671875,117.45483984876104,267.1650239076093,0.0,49906.0,0.4805888035930366,-1.511506050715866
247.0,67566.0,190.87677001953125,317.17431640625,373.4667663574219,117.7904044493292,267.6191323504357,0.0,50059.0,0.419761851248154,-1.7697947996297785
248.0,67856.0,191.2103729248047,317.4494934082031,373.6600341796875,118.04588224584693,267.86610461076765,0.0,50235.0,0.5365169626476245,-1.6211719109694513
249.0,68131.0,191.34983825683594,318.5491638183594,372.6497497558594,118.28686291345205,268.0317145349037,0.0,50369.0,0.18977127543894312,-1.5855397362362282
250.0,68359.0,191.92298889160156,319.5882873535156,371.8627014160156,118.49363806191634,268.33002068348594,0.0,50532.0,0.3717379270406127,-1.3735767971912765
251.0,68594.0,192.15928649902344,319.943603515625,371.583740234375,118.70132410285495,268.7348135009669,0.0,50777.0,0.15944830746036587,-1.536218173896657
252.0,68871.0,192.22850036621094,319.9909973144531,371.639404296875,118.91928760109418,269.0120814729495,0.0,54344.0,0.2956613565554562,-1.6447879284046962
253.0,69180.0,192.91506958007812,321.0185546875,371.1461181640625,119.2004083147987,269.5574150294983,0.0,51309.0,0.3114595063499337,-1.3834856274337994
254.0,69423.0,193.43536376953125,321.47845458984375,370.9085388183594,119.38982693747649,269.75581547060335,0.0,51251.0,0.02232907038535359,-1.53033789797297
255.0,69614.0,193.9043426513672,321.6531677246094,370.9621276855469,119.5563523086944,269.9814808463721,0.0,51651.0,0.2048563478728056,-1.8011803209525965
256.0,69806.0,193.9043426513672,321.6531677246094,370.9621276855469,119.71876342568682,270.2077904025378,0.0,51812.0,0.20958472194229216,-1.445276026475483
257.0,70054.0,194.2772979736328,322.0392761230469,370.9732971191406,119.91892971473531,270.4643225553227,0.0,51925.0,0.5618949528841313,-1.1284992289233173
258.0,70271.0,194.48423767089844,320.9119567871094,371.6112365722656,120.11541775365907,270.7120241141867,0.0,52441.0,0.4127998571752869,-1.2976948599456932
259.0,70509.0,194.80807495117188,322.09197998046875,371.25390625,120.31643287629518,270.97564464845505,0.0,52517.0,0.287907203220243,-1.7445237850229205
260.0,70853.0,195.05349731445312,321.8822326660156,371.1068420410156,120.57339354650276,271.0608787708031,0.0,53125.0,0.25321079544505665,-0.5198131537296717
261.0,71272.0,200.55885314941406,321.38641357421875,365.5198669433594,120.9100609471939,271.1825953117198,0.0,53105.0,0.40262583701223775,-1.5868408860146133
262.0,71533.0,200.6262969970703,321.6977844238281,365.4438171386719,121.18171763051608,271.887108901863,0.0,53315.0,0.3461649383608574,-1.7945837779888052
263.0,71802.0,200.91600036621094,322.9583435058594,365.1473693847656,121.44394569906373,272.2362944020228,0.0,53647.0,0.30478177374277493,-1.4813075431545712
264.0,72026.0,201.08421325683594,321.3929443359375,366.1002197265625,121.65062984390747,272.5178891542844,0.0,53844.0,0.39057568082989746,-1.799084773611355
265.0,72341.0,203.13299560546875,321.98138427734375,364.11431884765625,121.93072422405464,272.80029325497435,0.0,54268.0,0.35932431053618075,-1.7001452990066923
266.0,72607.0,203.3240509033203,321.1791076660156,364.7333068847656,122.17441866906297,273.11060012134607,0.0,54367.0,0.39885540428429067,-1.5519561882712765
267.0,72921.0,203.76535034179688,321.0615234375,365.2727966308594,122.48606108464371,273.64941074301623,0.0,54531.0,0.38833752893287965,-1.7054986599106883
268.0,73215.0,203.98876953125,319.9165954589844,366.10211181640625,122.75524401347371,274.00346711986435,0.0,55189.0,0.5177155952350176,-1.996364599680362
269.0,73520.0,204.3650360107422,319.3035888671875,366.8202819824219,123.03160765012646,274.2735860413831,0.0,55060.0,0.6789308047511895,-1.8878512177337257
270.0,73818.0,204.95005798339844,318.7380676269531,367.2594909667969,123.27515152365253,274.5222213158589,0.0,55482.0,0.6584897855658483,-1.8012633319534075
271.0,74128.0,204.95799255371094,318.66741943359375,367.3027038574219,123.55204839042317,274.8440466540558,0.0,55929.0,0.680691772766636,-1.7566521596270945
272.0,74397.0,205.32217407226562,318.13385009765625,367.9656982421875,123.80776052176175,275.23698851610374,0.0,56049.0,0.7375691361742156,-1.7255091977045254
273.0,74766.0,206.24053955078125,319.108154296875,366.9969177246094,124.09573183860232,275.393808934373,0.0,56102.0,0.7027331896116493,-1.9062042537932484
274.0,75091.0,207.4084014892578,318.95550537109375,365.8351135253906,124.36598054838383,275.5721321178903,0.0,56500.0,0.6958322894606681,-1.9307535172932262
275.0,75351.0,207.6080780029297,319.94488525390625,365.58966064453125,124.61266043781804,276.02717255168034,0.0,56943.0,0.4920784184093918,-1.8275895749345068
276.0,75653.0,207.61663818359375,319.8790588378906,365.63031005859375,124.87670307567215,276.3866856189583,0.0,57332.0,0.576137507594126,-1.8240940545863964
277.0,76064.0,208.4252471923828,320.2962646484375,365.8500061035156,125.22640901154071,276.9293231125667,0.0,57697.0,0.7726391941314432,-1.8130113955035085
278.0,76398.0,208.4252471923828,320.2962646484375,365.8500061035156,125.50452681326068,277.2855025181238,0.0,58055.0,0.709698044923357,-1.5286435284427853
279.0,76770.0,208.4252471923828,320.2962646484375,365.8500061035156,125.8211315436819,277.70001795303386,0.0,58155.0,0.6290346063664174,-1.6510762900018108
280.0,77065.0,208.53106689453125,320.8135986328125,365.718017578125,126.0738322443609,278.0017985553331,0.0,58614.0,0.46464230395804407,-1.69235502136371
281.0,77309.0,208.99473571777344,321.0448913574219,366.1211853027344,126.25742118641016,278.1571498049119,0.0,58489.0,0.6157377001741224,-1.8188810053622433
282.0,77625.0,209.00128173828125,320.995849609375,366.1521911621094,126.5019872542358,278.29840100151495,0.0,58802.0,0.8641439299382228,-1.3693986247815815
283.0,77922.0,209.2676544189453,322.1645202636719,365.8792419433594,126.71673461696419,278.43105070846775,0.0,59467.0,0.6665396030882675,-1.5799055555624477
284.0,78185.0,209.2676544189453,322.1645202636719,365.8792419433594,126.92859213586073,278.5792525781703,0.0,59706.0,0.5861544806036818,-1.6409793392884353
285.0,78508.0,209.5533905029297,322.52899169921875,366.0185241699219,127.17496209465105,278.7374211765077,0.0,59555.0,0.4890369953143363,-1.669118478938799
286.0,78824.0,209.84048461914062,323.5958557128906,365.810546875,127.44652069972038,279.1003403795846,0.0,60261.0,0.6844708279198812,-1.7110830344221881
287.0,79117.0,210.9499969482422,323.9015808105469,365.3973083496094,127.71389079929759,279.5460606054036,0.0,60295.0,0.662144033790355,-1.5504443460423545
288.0,79449.0,211.43499755859375,324.28216552734375,365.7449645996094,128.00679496435552,280.0639212628348,0.0,60477.0,0.7503826058209597,-1.4387975332441556
289.0,79805.0,212.23370361328125,323.7117919921875,365.9283447265625,128.2820220009417,280.2302624401326,0.0,60841.0,0.947434827842244,-1.3595524330564785
290.0,80171.0,212.29742431640625,323.1401062011719,366.283447265625,128.55673655008596,280.43180989324304,0.0,61168.0,0.8552903352659769,-1.4481070475326305
291.0,80571.0,212.7171630859375,323.15472412109375,366.7444152832031,128.857465443085,280.75790273695713,0.0,60902.0,1.027317600496076,-1.5831432943375603
292.0,80898.0,213.13668823242188,322.3361511230469,367.6130676269531,129.0955983389585,280.86687233303405,0.0,61565.0,1.0631945030037286,-1.6945165868040135
293.0,81314.0,213.2455291748047,321.6209716796875,368.0322570800781,129.4071177038237,281.23299948619115,0.0,62105.0,1.1193022860148858,-1.9131613358407549
294.0,81751.0,213.92208862304688,322.1841735839844,368.5150146484375,129.74279918959434,281.6336271402516,0.0,65396.0,0.8226972087750255,-1.7939229809133508
295.0,82164.0,214.0470733642578,321.941162109375,368.76739501953125,130.03740664218813,282.0585042854111,0.0,62441.0,0.6740456164640136,-1.5276875497742708
296.0,82502.0,214.39894104003906,321.7620849609375,369.23980712890625,130.29485559736176,282.44990706291827,0.0,63001.0,0.748563464841709,-1.4968194406451403
297.0,82881.0,214.91845703125,321.0353698730469,370.1500244140625,130.5815230896448,282.93108701590216,0.0,63765.0,0.6386158899941847,-1.3218721812060608
298.0,83293.0,214.96165466308594,320.72320556640625,370.3412780761719,130.86509929693668,283.22429244630035,0.0,64173.0,0.544864160954944,-1.6056731011850616
299.0,83642.0,215.30606079101562,320.6505432128906,370.7535095214844,131.12320607148138,283.65621797991963,0.0,64669.0,0.5513727007272564,-1.5081262277998349
300.0,83922.0,215.53829956054688,321.0935363769531,370.10430908203125,131.33148882279494,284.1115977548506,0.0,64280.0,0.6661086274784793,-1.5706058619608143
301.0,84245.0,216.20059204101562,321.21063232421875,369.96014404296875,131.5842620791564,284.70405681762975,0.0,64441.0,0.4637263453005289,-1.6980138499617965
302.0,84591.0,216.63284301757812,321.7125549316406,369.8047790527344,131.8669275765289,285.4207419773468,0.0,65124.0,0.42867283716884685,-1.8685084549057365
303.0,85004.0,217.11529541015625,321.80389404296875,370.1147155761719,132.21768312633938,286.184468121699,0.0,65513.0,0.5101649483060555,-1.849249607355489
304.0,85357.0,217.54527282714844,321.3033447265625,369.96380615234375,132.5209946005145,286.64856519770376,0.0,65384.0,0.2654938938289888,-1.6153267645513552
305.0,85777.0,217.97283935546875,321.2785339355469,369.43682861328125,132.85127762311006,287.08465649635826,0.0,66013.0,0.3921983544576051,-1.6614689073697946
306.0,86115.0,218.32701110839844,321.1836242675781,369.8591613769531,133.1192557081064,287.48669518523997,0.0,65924.0,0.23431933282381578,-1.6242965720983875
307.0,86395.0,218.81365966796875,321.80120849609375,369.54217529296875,133.31504669719573,287.69271796296715,0.0,66604.0,0.6532468201495476,-1.4250925136656178
308.0,86812.0,219.43325805664062,321.2352600097656,369.2025146484375,133.6330371244067,288.14041715285094,0.0,67020.0,0.4655319280898311,-1.5171140420767415
309.0,87096.0,219.99241638183594,321.3605041503906,369.5869445800781,133.8505915899354,288.509098608219,0.0,67233.0,0.6431919399865365,-1.6028279970483936
310.0,87473.0,220.1368408203125,321.55145263671875,369.25164794921875,134.1461551178445,288.95432162973833,0.0,67244.0,0.46663300258148865,-1.729504660276973
311.0,87824.0,220.18673706054688,321.23883056640625,369.4354248046875,134.39597113484336,289.35272592460575,0.0,67444.0,0.43267327376827325,-1.7632359206371007
312.0,88158.0,221.12574768066406,321.7931823730469,369.80401611328125,134.65769104047519,289.85177243103044,0.0,67621.0,0.6443310697671905,-1.6845194671817012
313.0,88493.0,221.31106567382812,321.1957092285156,370.25531005859375,134.90564633316478,290.29467783995,0.0,67849.0,0.631127488666948,-1.5916321732593701
314.0,88761.0,221.8292236328125,321.7749328613281,370.1525573730469,135.11760364636996,290.80061898145954,0.0,68046.0,0.34561493033663737,-1.729529590576476
315.0,89133.0,222.16598510742188,321.7491149902344,370.2308349609375,135.4314722769688,291.5956103922005,0.0,68662.0,0.47028339100086214,-1.5707299311436032
316.0,89477.0,222.65081787109375,321.457275390625,370.59765625,135.69655690825925,291.9839035301632,0.0,68792.0,0.5796572754501312,-1.5401630668006874
317.0,89768.0,223.07009887695312,321.5870361328125,370.5794372558594,135.91548122208587,292.3249903378762,0.0,69312.0,0.28588050712380664,-1.6122351943588455
318.0,90112.0,223.730712890625,321.7510070800781,371.2271728515625,136.15354540418537,292.6492780680691,0.0,69357.0,0.19578116661568856,-0.5146678367183881
319.0,90532.0,224.20892333984375,322.29840087890625,370.0897521972656,136.46981836849355,293.3231148117317,0.0,69826.0,0.3924440984483226,-1.398185705679623
320.0,90902.0,224.72622680664062,321.556396484375,370.9678955078125,136.77329027465453,293.8655304724637,0.0,69599.0,0.48760883623162954,-1.6483089789595624
321.0,91248.0,225.1457061767578,321.50982666015625,371.44293212890625,137.04625381913553,294.33535295199243,0.0,69998.0,0.47018898100327533,-1.4334835649683555
322.0,91539.0,225.1457061767578,321.50982666015625,371.44293212890625,137.28164788051697,294.8402957253904,0.0,70550.0,0.3799593770456795,-1.3727135716057433
323.0,91900.0,225.68414306640625,321.21197509765625,371.9859924316406,137.58128019226507,295.5769780774879,0.0,70303.0,0.4626137613206538,-1.660082853142569
324.0,92177.0,226.33624267578125,322.1308898925781,371.1791687011719,137.78609972552596,295.8584119890934,0.0,70324.0,0.36027154257772054,-1.8108469399211913
325.0,92528.0,226.4559326171875,321.5088806152344,371.5822448730469,138.04651817884186,296.34371933556776,0.0,70992.0,0.5120940139960339,-1.5754461393059387
326.0,92867.0,226.9550323486328,321.75439453125,371.0196533203125,138.2985771623821,296.6872086637345,0.0,70938.0,0.5894814527871404,-1.8110206624273246
327.0,93196.0,227.1463623046875,320.7125244140625,371.67938232421875,138.54272888913658,297.1089867291477,0.0,71299.0,0.5207788455244327,-1.2414359006938867
328.0,93490.0,227.61497497558594,320.7733154296875,371.1632995605469,138.75797892414988,297.32322478609075,0.0,71224.0,0.7878670471440046,-1.2074859537058273
329.0,93835.0,228.07083129882812,319.9474792480469,372.0109558105469,138.98769871735539,297.57738489241274,0.0,71574.0,0.8626784010457413,-1.1365337142867133
330.0,94225.0,228.78233337402344,319.9989318847656,371.90594482421875,139.24241812621034,297.69816928019293,0.0,75656.0,0.6072061391944317,-1.437136569468123
331.0,94637.0,229.745849609375,320.2677307128906,372.2677307128906,139.52243679764672,298.09662862224525,0.0,75755.0,0.5909468656763011,-1.2247432755298746
332.0,94995.0,230.20462036132812,320.787841796875,372.1856689453125,139.78020536579098,298.44832042127183,0.0,76862.0,0.826804849843711,-1.3649234408842403
333.0,95383.0,230.9738311767578,321.0808410644531,371.8971862792969,140.08073765776726,298.9391242309569,0.0,73478.0,0.6010130302781818,-1.4104670438888434
334.0,95743.0,231.94119262695312,321.74224853515625,371.9060363769531,140.32597227471825,299.229844673716,0.0,73646.0,0.5172244602628098,-1.1465937274598446
335.0,96062.0,232.53025817871094,322.5468444824219,371.42010498046875,140.5709175298081,299.549578533951,0.0,73654.0,0.6989914663139416,-1.3828023557339861
336.0,96362.0,233.03463745117188,322.6898193359375,371.4975891113281,140.7986050784093,299.90140046157114,0.0,73846.0,0.7631071368066387,-1.435463177067163
337.0,96788.0,233.64108276367188,323.53033447265625,370.9658203125,141.1011966295778,300.1666203960727,0.0,73839.0,0.6128934471388447,-1.2372179895709223
338.0,97038.0,233.64108276367188,323.53033447265625,370.9658203125,141.2792480090398,300.5095672353877,0.0,77032.0,0.7520099919264567,-1.348491847540231
339.0,97443.0,234.16697692871094,322.8418273925781,370.8653259277344,141.54494083625357,300.6742423288034,0.0,74381.0,0.8028145412629328,-1.2882036278888904
340.0,97813.0,234.46981811523438,322.9988098144531,370.329833984375,141.8253073008825,301.0398644698074,0.0,74510.0,0.5958596082446093,-1.0756319719811245
341.0,98169.0,234.52857971191406,323.1279296875,370.1412048339844,142.0817537958334,301.41599148035993,0.0,74968.0,0.7316222443814695,-1.6895919563926327
342.0,98554.0,234.76573181152344,323.6441955566406,369.3869934082031,142.35118067877085,301.80846575166777,0.0,75524.0,0.49599475406773763,-1.6438522905202717
343.0,98871.0,235.03053283691406,323.9334411621094,369.36181640625,142.58992055456247,302.1663449150409,0.0,75732.0,0.4658844142918497,-1.6497080249415603
344.0,99197.0,235.56201171875,324.51849365234375,369.2976989746094,142.8169685741173,302.40667980883245,0.0,76097.0,0.38519956622269547,-1.666025561305787
345.0,99477.0,236.10435485839844,324.6971740722656,369.21319580078125,143.01002847033848,302.67639485100256,0.0,76338.0,0.7429232854435668,-1.537605657966651
346.0,99822.0,236.22952270507812,324.45513916015625,369.23114013671875,143.27163004821975,303.0412513173743,0.0,76831.0,0.6917505635015004,-1.5517820921866132
347.0,100165.0,236.77284240722656,324.3434753417969,369.07373046875,143.50494285951373,303.2111475523286,0.0,77350.0,0.5172273274172312,-1.356518371243169
348.0,100669.0,237.42259216308594,324.6710510253906,369.0374755859375,143.82789937121862,303.65407943637706,0.0,80262.0,0.6170290994168681,-1.3184386968364379
349.0,101053.0,237.77796936035156,325.0477294921875,369.0477294921875,144.08676649807202,303.8391021480788,0.0,80456.0,0.7767382486988481,-1.6653392661162911
350.0,101396.0,238.67910766601562,325.7176208496094,368.1750793457031,144.31398722478582,304.1151097724195,0.0,80725.0,0.7408742286692132,-1.2650232240101218
351.0,101761.0,239.10018920898438,324.9418640136719,368.9418640136719,144.56497984175522,304.4010512465422,0.0,78190.0,0.5134197317255484,-1.4582618674340893
352.0,102031.0,239.84861755371094,326.18511962890625,367.8390808105469,144.7681124936227,304.64733709651887,0.0,78458.0,0.6149683510128625,-1.6593680599375489
353.0,102404.0,240.1223907470703,325.6730651855469,368.3445739746094,145.0228767912649,304.9958194811283,0.0,78853.0,0.4952254653954924,-1.3611060144602902
354.0,102923.0,240.44569396972656,325.4709167480469,368.17938232421875,145.3623637793537,305.3779625281243,0.0,81889.0,0.5229404676670129,-1.7372076607539384
355.0,103230.0,240.81715393066406,325.0309143066406,368.7550964355469,145.5694127483122,305.60104711862493,0.0,79278.0,0.5227195280225487,-1.4034550984849261
356.0,103680.0,241.1312713623047,325.545166015625,368.2855224609375,145.84172188205292,305.8512710452582,0.0,79527.0,0.45137298713416385,-1.5103050369066864
357.0,104108.0,241.5670166015625,325.8804626464844,368.2232666015625,146.1421282422916,306.2405100322924,0.0,82649.0,0.42488835563040084,-1.475701400099922
358.0,104432.0,242.23793029785156,326.77935791015625,367.7658386230469,146.34453092180794,306.54004630629316,0.0,79932.0,0.3538468295545272,-1.6294340173669752
359.0,104913.0,242.51629638671875,326.9957275390625,367.9774475097656,146.66836236705376,306.9771976169294,0.0,82471.0,0.46379387705019326,-2.0242270248514274
360.0,105269.0,243.16360473632812,326.77001953125,368.7714538574219,146.9261462691642,307.5386154615384,0.0,82855.0,0.7441469524713966,-1.9106434434921198
361.0,105683.0,243.5013885498047,327.4905090332031,367.8385925292969,147.24164892740973,308.0840794313328,0.0,80530.0,0.4304505092036379,-1.3053975674193907
362.0,106043.0,243.9815673828125,328.128173828125,367.09295654296875,147.49029483761535,308.41530441921975,0.0,80821.0,0.6222259938729167,-1.6832254622945015
363.0,106379.0,244.22348022460938,326.22564697265625,368.1404113769531,147.72692073040918,308.86890422961,0.0,83443.0,0.2374845423712486,-1.7094599695715829
364.0,106688.0,244.95799255371094,327.12860107421875,368.30792236328125,147.93477082518092,309.1988842066637,0.0,81493.0,0.5089423214390081,-1.6485630421950646
365.0,107154.0,245.3076171875,327.6105041503906,367.907958984375,148.23032052794318,309.3757424223912,0.0,81598.0,0.3165490485131386,-1.4827208748822045
366.0,107627.0,245.8015594482422,327.4788513183594,368.3264465332031,148.55151729549402,309.79686878267614,0.0,84650.0,0.45261121518785785,-1.6662937637153732
367.0,108030.0,246.6238250732422,325.68994140625,368.5774230957031,148.83736236877886,310.2316070200034,0.0,82396.0,0.4409338405755534,-1.539050565898549
368.0,108369.0,247.3998260498047,324.9352111816406,368.8731994628906,149.07133982866932,310.542428662136,0.0,82405.0,0.3597735055764133,-1.654218526696809
369.0,108708.0,247.82945251464844,324.9405517578125,369.34130859375,149.3188139731099,310.9340766143203,0.0,82595.0,0.4837389075368037,-1.8504253667497892
370.0,109084.0,248.04994201660156,324.697265625,369.24407958984375,149.58394627162033,311.40006422606916,0.0,85798.0,0.39619385133130436,-1.8101060501003872
371.0,109530.0,248.1815643310547,325.1961364746094,369.16363525390625,149.88149533855614,311.81789550837476,0.0,83302.0,0.5264681183622315,-1.8121401917333628
372.0,109878.0,248.61056518554688,324.8634338378906,368.87506103515625,150.1175929454717,312.11696525501463,0.0,86410.0,0.7013911708751266,-1.7242602447608988
373.0,110361.0,249.02496337890625,324.7088623046875,368.47509765625,150.4553920478679,312.464397971993,0.0,83825.0,0.724750314198559,-1.7999120857136859
374.0,110732.0,249.0797882080078,324.5047302246094,368.5556335449219,150.7193103531728,312.77539864792357,0.0,84187.0,0.6459227469670168,-1.7556057199163888
375.0,111156.0,249.8199920654297,325.9756164550781,367.7569274902344,151.0046950581547,313.2491021535417,0.0,84115.0,0.4967875850978771,-1.9976467077564735
376.0,111552.0,250.17901611328125,327.7412414550781,367.3105163574219,151.27694633986587,313.7151571713643,0.0,85170.0,0.5665918017646163,-2.1503796100160457
377.0,112051.0,250.49386596679688,328.928466796875,367.0841064453125,151.60547947761341,314.23876272668844,0.0,84969.0,0.6282474972238106,-2.142591813571869
378.0,112418.0,250.77615356445312,329.2844543457031,367.192626953125,151.8581183634952,314.79699807920395,0.0,87678.0,0.6468821636665325,-1.9002688588457204
379.0,112859.0,251.27781677246094,329.7477722167969,366.5557861328125,152.17304471527368,315.42130554523214,0.0,88346.0,0.5493882879223975,-1.8512452587099801
380.0,113284.0,251.27781677246094,329.7477722167969,366.5557861328125,152.45213287153226,316.06905886871374,0.0,85617.0,0.5803402394993782,-1.9831286961316437
381.0,113741.0,251.78660583496094,329.6419372558594,366.6823425292969,152.77924389049576,316.6591227171578,0.0,89014.0,0.6548514322095116,-1.869477130633527
382.0,114196.0,252.24411010742188,328.5694274902344,367.2284240722656,153.0909122485886,317.1655719021218,0.0,89528.0,0.6804833889653992,-1.8353615994567463
383.0,114596.0,252.66775512695312,327.4678649902344,367.7506408691406,153.33962786840283,317.5059054568907,0.0,86552.0,0.8736310703510526,-1.8096789141966951
384.0,115058.0,253.06956481933594,328.2517395019531,367.30419921875,153.61285733313156,317.81378194620635,0.0,89669.0,0.6635742343755737,-1.8995346846139682
385.0,115417.0,253.26194763183594,327.1315612792969,368.0627136230469,153.8396903416729,318.173537552103,0.0,90178.0,0.5434184199893934,-1.9840324652772665
386.0,115830.0,253.50927734375,326.1392517089844,368.81329345703125,154.10957699685622,318.6361561405108,0.0,90407.0,0.38565612308127584,-1.9840086303612452
387.0,116237.0,254.29537963867188,326.6201171875,367.9743957519531,154.33474838631105,318.9056286641976,0.0,91017.0,0.38474135296894474,-2.056653393485476
388.0,116703.0,254.95635986328125,326.6504211425781,368.209228515625,154.611764951012,319.3256958025447,0.0,90683.0,0.2575685982187679,-2.0888138747856715
389.0,117168.0,256.6957702636719,324.6730041503906,367.657958984375,154.8896912603665,319.7117451566288,0.0,91282.0,0.330259468127565,-2.0580098307636376
390.0,117503.0,256.7193908691406,324.53277587890625,367.7543029785156,155.1023034128371,320.0278112900834,0.0,91502.0,0.3095153363940426,-1.9239434830700475
391.0,117858.0,256.895263671875,325.2097473144531,367.61236572265625,155.32251730695702,320.25841128251886,0.0,91914.0,0.43152235066759204,-1.8722625749880422
392.0,118274.0,256.895263671875,325.2097473144531,367.61236572265625,155.58059117829245,320.6561242194617,0.0,91986.0,0.39735530407847364,-2.0351837211482007
393.0,118651.0,257.3381652832031,326.29669189453125,367.051025390625,155.8199846289414,320.95170976332247,0.0,91906.0,0.302647783430416,-1.9825313217427833
394.0,119045.0,257.84661865234375,325.6639099121094,366.94427490234375,156.05516961522332,321.25068087280346,0.0,92519.0,0.3603216161010323,-1.8684360752305338
395.0,119382.0,258.4613952636719,325.45147705078125,367.23333740234375,156.26515684871123,321.55971450785376,0.0,93255.0,0.38457006470923716,-1.6055090060357315
396.0,119788.0,258.8956604003906,325.259521484375,367.8183898925781,156.52305588699346,321.90837205639747,0.0,93395.0,0.4288595729988174,-1.701496926819857
397.0,120165.0,258.91058349609375,325.3403625488281,367.7940368652344,156.75007565657393,322.0636583037583,0.0,93868.0,0.5255938683284285,-1.7152588775676918
398.0,120518.0,259.0786437988281,326.241943359375,367.5223388671875,156.9707623266906,322.36850031794285,0.0,93609.0,0.3090261171138309,-1.890962407923439
399.0,120906.0,259.0786437988281,326.241943359375,367.5223388671875,157.19686471387686,322.62206992082855,0.0,93910.0,0.35887367594739317,-1.8745248669703756
400.0,121393.0,259.13134765625,325.9378967285156,367.7371826171875,157.50761222270646,323.10246047224234,0.0,94159.0,0.2675107306810105,-1.9858892884612942
401.0,121852.0,259.4556884765625,326.4566955566406,367.69970703125,157.8094582526166,323.66873497359825,0.0,94386.0,0.24326851687419548,-1.9627365719198906
402.0,122269.0,259.8383483886719,326.2413024902344,367.3761291503906,158.0614184524656,324.13731658048874,0.0,94888.0,0.41767379859641096,-1.9432072259078836
403.0,122774.0,267.7961120605469,324.717041015625,359.5365295410156,158.42586316634268,324.7016322045593,0.0,95321.0,0.23922151700674021,-1.784658677464904
404.0,123175.0,268.0675964355469,321.8810119628906,361.26544189453125,158.67249813716896,325.0384592629002,0.0,95659.0,0.3844407789786146,-1.7579722242534785
405.0,123707.0,268.13226318359375,321.26263427734375,361.6424865722656,159.0006581749069,325.53033652794943,0.0,95858.0,0.2691810288193892,-1.7137099404829996
406.0,124202.0,268.3647155761719,320.2081298828125,362.4162902832031,159.29432431044836,325.9831283977746,0.0,93867.0,0.435516387601524,-1.6293350598600682
407.0,124747.0,268.40972900390625,320.66912841796875,362.24200439453125,159.58073645483697,326.37478454635294,0.0,94442.0,0.47304365883167065,-1.5349623298469623
408.0,125150.0,268.40972900390625,320.66912841796875,362.24200439453125,159.80131262325926,326.5407324845798,0.0,97368.0,0.249317935190561,-1.5401940612626959
409.0,125650.0,269.0269470214844,320.9064636230469,362.8129577636719,160.12037151506036,327.0298915992565,0.0,94548.0,0.44334852288170623,-1.6204074803146113
410.0,125990.0,269.0269470214844,320.9064636230469,362.8129577636719,160.33331963402463,327.365239449762,0.0,94127.0,0.5090021109109557,-1.848274573001902
411.0,126334.0,269.1000671386719,320.2991027832031,363.1894226074219,160.5428521298996,327.734267336759,0.0,94356.0,0.3102839924080172,-1.761591567083201
412.0,126756.0,269.5709533691406,318.8451843261719,364.4098205566406,160.8078075439033,328.2476199430238,0.0,94951.0,0.38975591643770713,-1.6268831210501844
413.0,127180.0,269.5709533691406,318.8451843261719,364.4098205566406,161.04195538765944,328.34288480168084,0.0,94345.0,0.06576849409020724,-1.887209818572785
414.0,127681.0,269.9399108886719,319.3006896972656,364.6014404296875,161.32463117623783,328.7704366271396,0.0,95089.0,0.2961889578150476,-1.8178617366799017
415.0,128067.0,270.15435791015625,320.203369140625,364.40643310546875,161.56610722047424,329.08980536570425,0.0,97716.0,0.444284088601421,-1.70577163318967
416.0,128513.0,270.806396484375,319.90673828125,363.8135681152344,161.84316499532855,329.27860543838347,0.0,95760.0,0.7015992477230384,-1.4432713963222454
417.0,129019.0,270.806396484375,319.90673828125,363.8135681152344,162.12810093634081,329.6209944769902,0.0,99021.0,0.5673777018868122,-1.3599577868874917
418.0,129485.0,270.89410400390625,320.072265625,363.8296203613281,162.41679837909834,330.1030142243479,0.0,96625.0,0.5158798408834855,-1.4838624398128673
419.0,129861.0,271.22540283203125,318.7221374511719,364.8610534667969,162.65589650259756,330.4088376542008,0.0,97292.0,0.7029143555779456,-1.4649618010354288
420.0,130263.0,271.35931396484375,318.74859619140625,364.99713134765625,162.91001693566406,330.6365073533993,0.0,99281.0,0.49696245070458644,-1.4526678746137236
421.0,130602.0,271.7457580566406,320.02813720703125,364.8010559082031,163.1190131894699,330.84739684634064,0.0,97279.0,0.48702282216277126,-1.3568785564050359
422.0,131045.0,272.00238037109375,317.7295227050781,366.2040100097656,163.39140288896778,331.11810580842985,0.0,97349.0,0.5731848164376743,-1.2661837011684725
423.0,131356.0,272.40032958984375,321.9509582519531,364.5771789550781,163.57866915939417,331.306881907957,0.0,97727.0,0.5212284159669025,-1.1808294760829767
424.0,131947.0,272.40032958984375,321.9509582519531,364.5771789550781,163.90527786603212,331.65614722535037,0.0,97369.0,0.5065888116680526,-1.034974727085853
425.0,132308.0,272.533203125,320.61102294921875,365.3916320800781,164.10710664310344,331.7949667812956,0.0,97820.0,0.3391514853398121,-1.1966938923777661
426.0,132650.0,273.1079406738281,316.4239807128906,368.0492858886719,164.3332078634124,332.15568572629127,0.0,98180.0,0.44244907294898894,-1.3394534678773198
427.0,133082.0,273.24566650390625,318.1651611328125,367.3739929199219,164.58838871366657,332.4152523570032,0.0,98475.0,0.4251142160970858,-1.4034728516670043
428.0,133549.0,273.4578857421875,319.8880615234375,366.7763671875,164.85441654802025,332.7398383048273,0.0,100505.0,0.514416174191183,-1.1765868551808012
429.0,133943.0,273.6399230957031,321.71429443359375,366.08038330078125,165.08817414363446,333.00135134830475,0.0,99218.0,0.6072112138471084,-1.3947873590155382
430.0,134354.0,273.89508056640625,320.2911376953125,367.0660705566406,165.33774573646537,333.2877135418465,0.0,99301.0,0.35913751427733587,-1.3735066130744826
431.0,134702.0,274.43414306640625,322.4315185546875,366.6106262207031,165.54050666926466,333.49145415040397,0.0,102208.0,0.6518397067549131,-1.5970739132673657
432.0,135222.0,274.4945983886719,321.7267761230469,367.0281066894531,165.8661234212948,333.87946925402133,0.0,99568.0,0.5549434234145565,-1.509462166927733
433.0,135597.0,275.0760192871094,320.0486755371094,368.49761962890625,166.09592737315964,334.20053859920694,0.0,102435.0,0.44083826264647996,-1.3066641623311739
434.0,136049.0,275.4670715332031,319.1794738769531,369.3511962890625,166.3654379498454,334.5591128122091,0.0,100796.0,0.4114603850274534,-1.523583645935446
435.0,136511.0,275.78436279296875,317.2981262207031,370.5959167480469,166.65653436545725,334.9880594354891,0.0,100838.0,0.3351835548944564,-1.4145708884820465
436.0,136982.0,275.99627685546875,318.20196533203125,370.4036560058594,166.96267745387402,335.5294323900662,0.0,100665.0,0.41080435952392236,-1.3848509281954193
437.0,137413.0,276.2626037597656,319.77239990234375,369.9488830566406,167.228672944767,335.9345174286203,0.0,101466.0,0.6941058453035112,-1.5996927044996596
438.0,137832.0,276.7359313964844,316.98895263671875,371.6449279785156,167.49753327202012,336.3635681809983,0.0,101092.0,0.7364432620490788,-1.8711730010227825
439.0,138278.0,277.0702209472656,317.6344299316406,371.7689514160156,167.7617003220571,336.75747949452125,0.0,103601.0,0.5195049667750027,-1.8693296130836075
440.0,138631.0,277.2252502441406,317.8779602050781,371.8461608886719,167.98757091239696,337.06527536839366,0.0,102105.0,0.6280529552800544,-1.8170228914466406
441.0,139098.0,277.9254150390625,321.0267333984375,370.43865966796875,168.2798164240168,337.56340115020373,0.0,101868.0,0.3925647463779569,-1.9108911368322765
442.0,139540.0,278.50091552734375,320.06683349609375,371.1338195800781,168.5665000431389,338.09022464425084,0.0,105509.0,0.5327714656596072,-1.6599369067645853
443.0,140003.0,278.64678955078125,319.92071533203125,371.3411560058594,168.83970525344228,338.3784863137726,0.0,102845.0,0.7259047803198655,-1.7576585434651406
444.0,140375.0,278.68768310546875,321.68487548828125,370.74639892578125,169.0820066476924,338.71079108879894,0.0,102478.0,0.49574414077324036,-1.7762732663888983
445.0,140775.0,278.863037109375,323.3675842285156,370.0487976074219,169.3258000731633,339.03952569509926,0.0,105886.0,0.548502230405461,-1.7083286669824247
446.0,141241.0,279.7695007324219,322.15509033203125,370.09014892578125,169.6272199817295,339.62332075403776,0.0,103069.0,0.6101246503193352,-1.7525597903231187
447.0,141734.0,280.0935974121094,322.2655029296875,370.0310363769531,169.92969515422163,340.06617003165724,0.0,105627.0,0.6889235637696629,-1.7122833299112017
448.0,142196.0,280.6001281738281,323.5758972167969,369.0880432128906,170.20813598441964,340.46181866289317,0.0,103341.0,0.5474500637188839,-1.7682491793161716
449.0,142683.0,281.442626953125,324.0483703613281,368.0593566894531,170.49630025008773,340.8005281686048,0.0,103611.0,0.41941178080151076,-1.77164458932981
450.0,143111.0,282.1180114746094,325.6534729003906,367.16741943359375,170.74648093281164,341.21987045219277,0.0,104466.0,0.3093760416713849,-1.5631058025837774
451.0,143536.0,282.4046936035156,326.52947998046875,366.9056091308594,171.00209478521492,341.50841848644416,0.0,104068.0,0.22895982057627862,-1.4195260485792005
452.0,143920.0,282.582763671875,327.45269775390625,366.7428894042969,171.22637701851954,341.8844834150857,0.0,106822.0,0.5477367881574082,-1.5007807539188889
453.0,144429.0,283.2580261230469,324.39849853515625,367.986083984375,171.53037640553822,342.23354598196465,0.0,104960.0,0.2868440814741007,-1.4331723847800504
454.0,144872.0,284.0449523925781,324.9524230957031,367.986328125,171.7959530111792,342.6060419751692,0.0,105383.0,0.21911827447092946,-1.4488867834960502
455.0,145246.0,284.7778015136719,320.92181396484375,369.8439025878906,172.0139063748672,342.9533495136166,0.0,105500.0,0.15458933732008973,-1.5384754418121815
456.0,145718.0,284.9433898925781,320.84735107421875,369.6943664550781,172.27683612180726,343.2438634156311,0.0,108546.0,0.05981248186765242,-1.2328620078711765
457.0,146245.0,285.24957275390625,320.7088623046875,369.417724609375,172.55933503381078,343.5709533582957,0.0,108146.0,0.1256932687351764,-1.297403692293301
458.0,146738.0,287.74432373046875,313.441162109375,373.0753173828125,172.87149400538217,344.058570593617,0.0,106161.0,-0.05513656663811162,-1.2128819213367592
459.0,147169.0,288.54559326171875,314.6632080078125,372.2235107421875,173.1288590074249,344.5112477086719,0.0,106809.0,-0.12057977416259291,-1.3652360927742961
460.0,147664.0,288.7498474121094,315.1192321777344,371.65283203125,173.40683101482767,344.84344273887535,0.0,109173.0,-0.0671533386577039,-1.5083465582405893
461.0,148109.0,288.9677734375,315.6015319824219,371.0492248535156,173.66706224369636,345.30653049065955,0.0,107437.0,0.19752868108184884,-1.430308637046494
462.0,148657.0,288.9677734375,315.6015319824219,371.0492248535156,173.98358893259362,345.70912625050966,0.0,110212.0,0.32712081255192516,-1.4279652662935405
463.0,149203.0,289.1874084472656,316.08343505859375,370.4461975097656,174.3011198965752,346.07080200444534,0.0,110601.0,0.3209778113092625,-1.5800486099245177
464.0,149666.0,289.3580017089844,315.0635986328125,370.9491271972656,174.57412719750042,346.44443997593066,0.0,108384.0,0.3886274589090135,-1.3494295820338493
465.0,150210.0,289.4602966308594,315.2884216308594,370.6671447753906,174.87957783481477,346.80909734245085,0.0,108961.0,0.48602796267061876,-1.5110833212309558
466.0,150646.0,289.57073974609375,314.63055419921875,370.9928283691406,175.14224441150114,347.33737201243275,0.0,111205.0,0.48996999491771476,-1.6510807306183892
467.0,151246.0,289.7163391113281,314.4061279296875,371.2167053222656,175.48712963575647,347.89258392948716,0.0,108865.0,0.6465499737586242,-1.6250806524241739
468.0,151419.0,289.8642883300781,314.0,371.5,175.58438752343523,348.0765720331213,0.0,109234.0,0.27322039204796056,-1.7724932934514754
469.0,152005.0,290.520751953125,313.0,371.5,175.90742700574884,348.63792105426245,0.0,108914.0,0.11406790321154858,-1.687708924512492
470.0,152500.0,291.1190490722656,315.0,371.5,176.18115028005747,349.11645620980477,0.0,109326.0,-0.039156348191113466,-1.488343841238077
471.0,152915.0,291.29547119140625,316.0,371.0,176.40972390009543,349.4026330655214,0.0,109779.0,0.2667706858500196,-1.5008397603281765
472.0,153382.0,291.772705078125,315.0,371.5,176.66988953800362,349.7780010167073,0.0,109991.0,0.16764353093060436,-1.37760621189409
473.0,153790.0,291.7734069824219,315.6399230957031,371.300048828125,176.9012604592458,350.07649164074854,0.0,111847.0,0.20726601529509026,-1.4009268158893065
474.0,154133.0,292.1159362792969,316.267333984375,371.1420593261719,177.10378837201532,350.3426893771297,0.0,110287.0,0.45982603892491625,-1.6933538983396375
475.0,154627.0,292.7720947265625,318.7099609375,371.0372619628906,177.38905959654593,350.7206865869192,0.0,110619.0,0.8209817424437915,-1.7436083610282367
476.0,155169.0,293.59173583984375,319.3285217285156,371.6960754394531,177.69952386375815,351.0697936308392,0.0,112136.0,0.501912078042551,-1.8091040273182557
477.0,155674.0,294.42669677734375,317.96734619140625,372.3442687988281,177.9928755899326,351.48598833045133,0.0,111341.0,0.4304466807434437,-1.734566261346174
478.0,156145.0,294.9832763671875,317.3855285644531,372.7944641113281,178.25238854728804,351.91618309950695,0.0,114390.0,0.3761332342778587,-1.7091872459621413
479.0,156517.0,295.5852355957031,317.9896240234375,372.90655517578125,178.46104826384928,352.24593669405704,0.0,111282.0,0.1558060225471536,-1.7171669836804995
480.0,157020.0,296.1827392578125,318.9045104980469,372.234619140625,178.7261430983308,352.6264312184895,0.0,111635.0,0.11876893021849355,-1.5737719597325963
481.0,157425.0,296.2901916503906,319.1393737792969,371.93701171875,178.95636076081348,352.9283213053989,0.0,112854.0,0.2701046101188922,-1.7008051413169483
482.0,157853.0,296.5063781738281,319.6089782714844,371.342041015625,179.21225493613935,353.2409942173648,0.0,112993.0,0.2936314599887737,-1.5779690518973553
483.0,158259.0,297.0511169433594,319.62982177734375,371.23699951171875,179.44476037039945,353.5482993837192,0.0,115210.0,0.2499616496776298,-1.5496877349302167
484.0,158749.0,297.5272216796875,320.442626953125,370.4615173339844,179.7377605247603,354.1155178319319,0.0,112897.0,0.1395100267111502,-1.7301405473341447
485.0,159182.0,297.88134765625,320.98956298828125,370.0282287597656,179.9730802785576,354.37924599977134,0.0,112564.0,0.1379245279197221,-1.8893866026081128
486.0,159688.0,298.3601379394531,321.63262939453125,369.6891174316406,180.2718854184784,354.7846529168443,0.0,113663.0,0.10258279247818791,-1.7552350288756884
487.0,160186.0,298.63043212890625,322.0269470214844,369.4145202636719,180.5470389551378,355.10561809129405,0.0,113489.0,0.033408180475021254,-1.7598142698980155
488.0,160633.0,299.0455322265625,320.9197692871094,370.3123474121094,180.7904217357356,355.2525861733943,0.0,114069.0,0.11907218368105532,-1.5970650632949628
489.0,161152.0,299.3241882324219,321.16400146484375,370.4830627441406,181.07868390984092,355.70978339021116,0.0,113336.0,0.05081545243660912,-1.8839567907336914
490.0,161745.0,299.678466796875,321.52947998046875,370.48291015625,181.39007444000995,356.0407280073447,0.0,113994.0,-0.0752070389481787,-1.8551180240081067
491.0,162178.0,299.9795837402344,320.5001220703125,370.8156433105469,181.63530731582708,356.384623686264,0.0,115480.0,0.41409693963896643,-1.4639344462307236
492.0,162782.0,300.216064453125,320.77117919921875,370.7111511230469,181.9745969374473,356.79952354175987,0.0,115380.0,0.22785540033430607,-1.4525146882035642
493.0,163279.0,300.75830078125,321.2254333496094,371.12152099609375,182.25486932702134,357.2590096834508,0.0,116228.0,0.5293626267239233,-1.4886402871355813
494.0,163702.0,300.75830078125,321.2254333496094,371.12152099609375,182.49249735038183,357.5262228144951,0.0,117821.0,0.6975317912358605,-1.238310919767514
495.0,164368.0,301.4263916015625,320.46929931640625,370.8341064453125,182.82596018370023,357.7973588443625,0.0,116267.0,0.6905086992401266,-1.18044751438174
496.0,164847.0,301.9347839355469,321.0071105957031,370.78814697265625,183.08311477870504,358.04608641905304,0.0,116699.0,0.7079292562298178,-1.5283115205804165
497.0,165432.0,302.46405029296875,320.27423095703125,370.6452331542969,183.43499067593163,358.6267558011063,0.0,117111.0,0.6567268343526393,-1.3498536887611294
498.0,165933.0,302.71270751953125,318.3536376953125,371.656005859375,183.70317693088955,358.9336986123402,0.0,117532.0,0.5086723649125133,-1.4945714038601068
499.0,166451.0,303.7938232421875,317.8431396484375,371.3856201171875,183.9811168899907,359.2005011132362,0.0,117904.0,0.4367395466963444,-1.6727903350775364
500.0,166965.0,304.0210876464844,316.24798583984375,372.2220458984375,184.26152911728957,359.4876910232313,0.0,118027.0,0.3408053254541983,-1.4093868411829362
501.0,167520.0,304.7297668457031,312.6332092285156,373.9261169433594,184.55948797539784,359.8450360816053,0.0,120633.0,0.41306332470185225,-1.3019051809937991
502.0,167986.0,305.1803894042969,310.99481201171875,374.9844665527344,184.81566775489776,360.07881080530365,0.0,118495.0,0.4961667237714664,-1.2798809344161555
503.0,168581.0,305.8066711425781,309.65057373046875,374.7682800292969,185.16243996198057,360.25685281476603,0.0,119006.0,0.3590816791089537,-1.3344116836006492
504.0,169045.0,306.11541748046875,309.507080078125,374.4908447265625,185.40268155247324,360.4713580837854,0.0,118657.0,0.5832865412240835,-1.2256858648657953
505.0,169451.0,306.7450866699219,307.5,375.5,185.62259897139296,360.67644778664,0.0,121650.0,0.44111339572862107,-1.441954155919234
506.0,169920.0,306.747314453125,308.5766296386719,375.13507080078125,185.8778330343639,360.855926929294,0.0,122014.0,0.6434047251281072,-1.4751163838315051
507.0,170350.0,307.53619384765625,307.4013366699219,375.0289001464844,186.12056367504243,361.13584701342273,0.0,121157.0,0.8609110316712076,-1.3174986618689672
508.0,170853.0,308.3262023925781,308.0,374.0,186.39009874362432,361.3660194311863,0.0,121877.0,0.6464968798794644,-1.4207463841981394
509.0,171228.0,309.1137390136719,308.0,373.5,186.59802349132383,361.55020395331013,0.0,119967.0,0.5673635063187703,-1.4288251403281151
510.0,171601.0,309.27667236328125,307.0,374.0,186.80016343802285,361.7803200838874,0.0,120921.0,0.5754254865936446,-1.360716812417877
511.0,172065.0,309.5885314941406,308.0,374.0,187.0268146567983,361.83559802761255,0.0,120435.0,0.6198583673950679,-1.4527441038046618
512.0,172520.0,310.2201843261719,308.5,374.5,187.26121019838325,362.0636684336577,0.0,119587.0,0.9208403083382564,-1.1436337991943901
513.0,173008.0,310.8521423339844,308.0,374.0,187.5214940891656,362.29111218038577,0.0,122833.0,0.6716336954331155,-0.9193068711232968
514.0,173467.0,311.0101318359375,307.5,374.0,187.75387451652307,362.47579222846053,0.0,121317.0,0.5570744607730376,-1.4482192190847059
515.0,173941.0,311.9764404296875,306.5,374.0,188.01898893633955,362.7630080369276,0.0,121824.0,0.43840178467735313,-1.2840344808978443
516.0,174388.0,312.1298828125,306.0,374.0,188.25286542878845,362.9831951176791,0.0,124372.0,0.6230671367966352,-1.3036474469809605
517.0,174884.0,312.4524841308594,305.5,374.5,188.52041437252637,363.2403474255383,0.0,122352.0,0.47864519404504335,-1.3832025139868165
518.0,175330.0,312.6248779296875,306.5,374.0,188.7682478669514,363.5438761977419,0.0,122427.0,0.5396375789930516,-1.2358731906715548
519.0,175777.0,312.9285888671875,302.5,375.0,189.02368959365694,364.00027472475637,0.0,122861.0,0.4647056635390072,-1.3028395769603094
520.0,176307.0,313.42791748046875,304.0,374.0,189.2884396777133,364.21188883387845,0.0,122752.0,0.5116181121278487,-1.2491915642884805
521.0,176723.0,313.5782165527344,303.5,374.0,189.5147122892909,364.5846952355515,0.0,123151.0,0.27468296534766523,-1.1670037688944035
522.0,177196.0,313.57855224609375,303.9559326171875,373.8558654785156,189.75495230514937,364.9058097641746,0.0,123166.0,0.13067961753745294,-1.3447730802881779
523.0,177686.0,313.7576599121094,304.02203369140625,373.72210693359375,190.00174116886322,365.0873183221355,0.0,123807.0,0.2416557134681625,-1.4487822575774203
524.0,178101.0,314.38470458984375,304.4446105957031,373.2422790527344,190.22621103952818,365.3217759729086,0.0,123936.0,0.22753911610004707,-1.3176388401847703
525.0,178485.0,315.0248718261719,303.536865234375,373.5449523925781,190.43498471975113,365.5800869846451,0.0,124017.0,0.18720416764983838,-1.3842053017245348
526.0,178940.0,315.2135009765625,305.5786437988281,372.73638916015625,190.67892898037405,365.83329536825926,0.0,124091.0,0.0477595520998193,-1.2090255431350556
527.0,179329.0,315.8205261230469,304.90216064453125,373.6032409667969,190.8886310442883,366.00628409844563,0.0,126338.0,0.17115237307518782,-1.2667432875633722
528.0,179716.0,315.8393249511719,305.98797607421875,373.2588195800781,191.09701756841088,366.2727808381061,0.0,125098.0,0.40379962847168827,-1.278155422749478
529.0,180157.0,315.9945983886719,306.6772766113281,373.1893310546875,191.32470426627023,366.46336782427574,0.0,125661.0,0.5507281172310741,-1.4208271051754764
530.0,180644.0,316.87884521484375,304.02392578125,375.00543212890625,191.59468882853565,366.7758852458371,0.0,125112.0,0.24881470815557805,-1.3912901036374592
531.0,181046.0,317.3945617675781,305.5,375.0,191.82105998904237,367.0054495508207,0.0,125591.0,0.774172626871632,-1.3328441156114081
532.0,181608.0,317.5437927246094,305.0,375.0,192.11704234084917,367.2283349628379,0.0,126279.0,0.9051797602299985,-1.1707351982370255
533.0,182229.0,317.8719177246094,305.5,374.5,192.4730335365873,367.63242511992337,0.0,125957.0,0.6845480768496373,-1.1126200319925488
534.0,182736.0,318.6476135253906,307.5,374.0,192.75167184150112,367.93783438504124,0.0,125439.0,0.8586931422114503,-1.1979749868986005
535.0,183279.0,318.6476135253906,307.5,374.0,193.03195001753136,368.1649086990015,0.0,126540.0,1.1938433112097755,-1.4518640226833668
536.0,183976.0,318.97540283203125,306.0,374.5,193.3912851064853,368.3561455602685,0.0,126918.0,1.2032946931788047,-1.4341754672879574
537.0,184480.0,319.6346435546875,307.0,373.5,193.65590037146447,368.5824195481928,0.0,126376.0,1.1359791511005142,-1.2084799410961864
538.0,184955.0,319.93035888671875,306.27996826171875,373.4129943847656,193.91073513263143,368.80428406462335,0.0,126529.0,0.9845090880838825,-1.2670636615263788
539.0,185362.0,321.4627685546875,308.5,373.0,194.13492399243464,369.04850629504637,0.0,127449.0,0.7802353084397282,-1.225247680860889
540.0,185867.0,321.9387512207031,308.5,372.5,194.39161631153664,369.19886239510186,0.0,126692.0,0.8157415002458492,-0.9990646778184669
541.0,186540.0,322.414794921875,309.5,372.0,194.71092927760986,369.42387578498494,0.0,128928.0,1.0222209101478938,-1.1827137037082593
542.0,187154.0,323.05780029296875,307.1402282714844,373.42071533203125,195.0069176602647,369.6246744920303,0.0,127698.0,0.848393800206054,-1.0257685464655424
543.0,187640.0,323.51361083984375,304.0,374.0,195.25495966304794,369.8553771408495,0.0,128951.0,0.6090922854539258,-1.2948962164591649
544.0,188122.0,324.0035705566406,305.5,374.0,195.5103121627466,370.10944327320266,0.0,128999.0,0.7502443362857321,-1.3564611492682275
545.0,188551.0,324.475830078125,305.5,373.5,195.73875127845986,370.30865504271463,0.0,128722.0,0.9490642266342775,-1.4473983564861328
546.0,188984.0,324.97125244140625,305.0,373.5,195.98109255880235,370.61064473946004,0.0,129471.0,0.8524765027738113,-1.5160982466794053
547.0,189479.0,325.6413879394531,306.0,373.5,196.24817083861078,370.98018814827384,0.0,128761.0,1.0293573785662602,-1.5666275872846995
548.0,189859.0,325.9437255859375,305.5,374.0,196.45097177628264,371.2322723004936,0.0,129941.0,0.9074885448554824,-1.6055919578534485
549.0,190289.0,326.75152587890625,305.5,373.5,196.67869125140496,371.39736132611387,0.0,130042.0,1.12008534669269,-1.3459403660002067
550.0,190723.0,327.5245056152344,305.0,373.5,196.89234073837855,371.6019375622253,0.0,129884.0,1.1726065666497334,-1.1424956641094468
551.0,191245.0,328.3322448730469,305.0,373.0,197.1596085932364,371.88304612171964,0.0,130221.0,1.0858436191762166,-1.1211208037987035
552.0,191677.0,328.6343994140625,304.5,373.5,197.40654847833432,372.21633494514987,0.0,130068.0,1.2019438713787167,-1.1919284419136602
553.0,192142.0,329.14178466796875,306.0,372.5,197.64106352682452,372.4137484035733,0.0,130357.0,1.0158316240555223,-1.199376643257665
554.0,192613.0,329.61199951171875,306.0,373.0,197.8895283207339,372.83910739084223,0.0,129997.0,0.9515867344234721,-1.0033614798723534
555.0,193096.0,330.082275390625,306.0,373.5,198.13517157076097,373.18628056240226,0.0,130215.0,1.0105660490381752,-1.1303404030801971
556.0,193541.0,330.42291259765625,305.0,373.5,198.3550017728483,373.48360071092816,0.0,131135.0,1.223671073185983,-1.0286058346783307
557.0,193965.0,331.4936828613281,305.0,374.0,198.56690351529016,373.7913856589564,0.0,132056.0,1.2243707797787238,-1.0935580596431578
558.0,194671.0,332.13336181640625,304.5,373.5,198.89891095147192,374.1350022551828,0.0,132506.0,1.5938111137171518,-0.8087333063003825
559.0,195083.0,332.60382080078125,304.5,374.0,199.11647632705157,374.43530816331685,0.0,132769.0,1.2509630781249825,-0.7839052483298019
560.0,195617.0,333.2436218261719,305.0,374.5,199.3931124627679,374.83329627982624,0.0,131917.0,0.886349044892313,-0.9004661782445282
561.0,196115.0,333.2436218261719,305.0,374.5,199.6401517347661,375.217270391436,0.0,132177.0,1.292339515615481,-1.0390084833687752
562.0,196682.0,333.5135803222656,303.0,375.5,199.93062252758753,375.6606846609262,0.0,132969.0,1.2787020179770252,-0.8664232007843111
563.0,197093.0,333.6803283691406,303.5,375.5,200.15872495336018,376.0763220405876,0.0,133411.0,1.6340236953639078,-0.7213105465758076
564.0,197626.0,333.6803283691406,303.5,375.5,200.44977868047732,376.52357163927996,0.0,133362.0,1.4422696029047302,-1.0798618338558867
565.0,198044.0,334.2474365234375,305.1024475097656,375.307373046875,200.66943555283487,376.9681684174408,0.0,134264.0,1.5635986320339725,-0.8620064596632346
566.0,198543.0,334.96435546875,302.5105895996094,375.7830810546875,200.9423948266031,377.4042925034107,0.0,134494.0,1.4506103303195914,-0.7893461056351612
567.0,198972.0,335.8293762207031,307.6031494140625,374.8094787597656,201.15940241060756,377.6945193919902,0.0,134814.0,1.5552743859325346,-0.8647020993774959
568.0,199592.0,337.71392822265625,294.6716613769531,378.0706787109375,201.5170610114473,378.1194916902659,0.0,134012.0,1.2709473035096153,-0.8782322730125429
569.0,200217.0,338.3958435058594,293.8252868652344,379.0436096191406,201.84377736362714,378.65181895736487,0.0,134914.0,1.152271251702473,-0.5903220876611499
570.0,200693.0,338.7442626953125,295.0394592285156,378.2080078125,202.09459602954135,379.15827829548965,0.0,134979.0,1.1980137578702852,-0.8009816646401191
571.0,201236.0,339.09686279296875,296.2471923828125,377.37689208984375,202.36588142692582,379.478260225866,0.0,135233.0,1.0932970748565367,-0.7186627918142108
572.0,201770.0,339.1154479980469,295.8117370605469,377.8973693847656,202.63317224796572,379.84207222009667,0.0,136248.0,1.194732546911382,-1.003641423801355
573.0,202280.0,339.98272705078125,297.77056884765625,376.9857177734375,202.89596553956252,380.2656965859529,0.0,135263.0,0.9891383154490541,-0.7555786691162893
574.0,202695.0,340.80364990234375,299.0582580566406,376.7590637207031,203.10826342971166,380.5693103759156,0.0,136087.0,0.8410407031794875,-0.8717056034956272
575.0,203172.0,341.3118896484375,299.6360778808594,376.8691711425781,203.34590850861048,380.9278146840947,0.0,135257.0,0.8508242712640595,-1.0039916481979958
576.0,203574.0,341.3118896484375,299.6360778808594,376.8691711425781,203.54835936936985,381.1086458937119,0.0,136281.0,1.078206081306007,-0.7445828252873525
577.0,204073.0,341.8858337402344,300.25762939453125,377.0286865234375,203.82336457994464,381.47345910298924,0.0,136002.0,0.8425049186818114,-0.9188207942696636
578.0,204633.0,342.3489990234375,301.6448669433594,376.1307067871094,204.11342336992743,381.9047001495237,0.0,136300.0,1.0199999646988545,-0.9099024820428099
579.0,205180.0,342.6412658691406,301.808349609375,376.3888854980469,204.39719203854114,382.3143340210629,0.0,137006.0,1.15710339199984,-0.9274110522002843
580.0,205689.0,343.0528869628906,302.3514709472656,376.3882751464844,204.65366303425296,382.5799262813472,0.0,138259.0,1.3550975987360516,-1.2023563045823948
581.0,206206.0,343.6943664550781,302.52203369140625,376.0066833496094,204.90678981954568,382.85539040387573,0.0,140112.0,1.277630590901481,-1.056400505560191
582.0,206572.0,344.15325927734375,303.0968322753906,376.03955078125,205.1102044157296,383.2640734483326,0.0,140363.0,0.8576794913146841,-1.0408702798108038
583.0,207202.0,344.6256408691406,304.1642150878906,375.5115051269531,205.4019119871557,383.64827641995214,0.0,140058.0,0.9460894334777095,-0.8913266765395633
584.0,207642.0,344.6256408691406,304.1642150878906,375.5115051269531,205.6381304153332,384.1938963595329,0.0,137967.0,1.0959432245920198,-0.9167563104465444
585.0,208006.0,345.2745666503906,305.0149841308594,375.5096435546875,205.82329401407327,384.4697647410001,0.0,138397.0,1.0923655483602488,-1.023539937646035
586.0,208555.0,346.0285339355469,305.75433349609375,375.80218505859375,206.09813040775222,384.8493211634912,0.0,138712.0,0.9526462968644864,-1.1511498839089427
587.0,209110.0,346.990478515625,296.33953857421875,378.95269775390625,206.37436168705779,385.088820888501,0.0,139930.0,1.2934461060801823,-1.1606640050904389
588.0,209687.0,347.2962951660156,296.58123779296875,379.140625,206.67094652313264,385.5062904763301,0.0,140212.0,1.1255320384960896,-1.3209392869919725
589.0,210184.0,347.88800048828125,297.75994873046875,378.6726989746094,206.9241756186771,385.8108344772085,0.0,139983.0,0.9435697486413801,-1.194387575196572
590.0,210680.0,348.2669372558594,298.52728271484375,378.35540771484375,207.17705748952386,386.2900464676769,0.0,140437.0,1.2608818734995566,-0.8877601325881983
591.0,211069.0,349.02752685546875,300.06072998046875,377.71917724609375,207.38454125751636,386.60031039354703,0.0,140581.0,1.034381603235829,-1.0998486227585431
592.0,211530.0,349.39971923828125,301.2588195800781,376.86895751953125,207.6224888893281,386.9431482789171,0.0,139842.0,0.9840010976773783,-0.9655843158262201
593.0,212208.0,349.8611755371094,302.2738342285156,376.3705139160156,207.99145082942246,387.73612160654665,0.0,140347.0,0.498440734218093,-1.0455537938796624
594.0,212805.0,350.1665344238281,302.790283203125,376.22576904296875,208.29520045118917,388.20741878537046,0.0,142603.0,0.4990663546736869,-1.4267037182761442
595.0,213454.0,350.86151123046875,303.9017639160156,375.9707946777344,208.60514019504296,388.592910359343,0.0,142028.0,0.6780808418910738,-1.401467659867933
596.0,213941.0,350.86151123046875,303.9017639160156,375.9707946777344,208.84368564288573,388.91901470614675,0.0,142564.0,0.46022310910188935,-1.430631032212716
597.0,214507.0,351.65399169921875,303.8923645019531,377.22711181640625,209.1121236508734,389.3712881042977,0.0,142192.0,0.4959607048953103,-1.4025794705643193
598.0,215006.0,351.9539794921875,304.8301696777344,376.56182861328125,209.34788131225852,389.76884171904635,0.0,145697.0,0.6401134967958342,-1.59203519446595
599.0,215467.0,352.3641052246094,304.0416259765625,378.1595764160156,209.60605742412463,390.26657556085945,0.0,142259.0,0.6614244846610973,-2.0488505437594426
600.0,216137.0,352.8971252441406,305.07769775390625,377.744384765625,209.93315939904278,390.6430595825299,1.0,142547.0,0.5281636034088706,-1.9564921791302368
601.0,216758.0,353.2876892089844,305.31451416015625,378.0709533691406,210.25883857193432,391.21605284037105,1.0,144697.0,0.47685817650506124,-1.9729501715403899
602.0,217289.0,354.0602722167969,304.65313720703125,378.6610107421875,210.52375128795566,391.56583098692096,1.0,143636.0,0.7939237867942666,-2.0253572002743
603.0,217750.0,354.0689697265625,303.9300231933594,379.5525817871094,210.75520995070605,391.8923959409955,1.0,144221.0,0.7521436307965814,-1.8567173985878185
604.0,218267.0,354.22027587890625,304.39544677734375,379.22625732421875,211.01089280412808,392.30460102232377,1.0,144410.0,0.8430239614893935,-1.7954893163304178
605.0,218781.0,354.4493103027344,305.09521484375,378.73553466796875,211.27728116197076,392.7340066762745,1.0,144977.0,0.7759097132491206,-1.7135050125591533
606.0,219221.0,355.0005798339844,306.1797180175781,378.2798767089844,211.49516118037155,393.1373805681673,1.0,145304.0,0.599498840019578,-1.2456380811648273
607.0,219844.0,355.950927734375,306.0,378.0,211.79853197138897,393.6741672692187,1.0,145410.0,0.4956947738137387,-1.2278875932187248
608.0,220296.0,356.4094543457031,306.74774169921875,377.58477783203125,212.02047556966713,394.0812099047606,1.0,145082.0,0.18500430991809935,-1.6404205204887603
609.0,220638.0,356.796875,307.2616882324219,377.5660400390625,212.20101219070344,394.46875668007283,1.0,145564.0,0.905098406782713,-1.4064933159211819
610.0,221172.0,359.4698486328125,305.5,375.5,212.4580490390648,394.82502452814356,1.0,145319.0,1.175839463552279,-0.899377677198288
611.0,221633.0,359.8561096191406,305.7976989746094,374.7461242675781,212.67704445138867,395.137444434024,1.0,144960.0,1.011318253214995,-1.2095916506197
612.0,222169.0,362.4176330566406,304.3994140625,373.413818359375,212.93450222293094,395.4309041870476,1.0,146442.0,1.2652363000325977,-1.2124565960758105
613.0,222532.0,363.12774658203125,304.4311218261719,373.47296142578125,213.12593380970307,395.7868744540741,1.0,147454.0,1.2015279053399581,-1.0868066175055446
614.0,223049.0,363.4418640136719,304.996826171875,373.2927551269531,213.3892315252189,396.16637918500766,1.0,147182.0,1.1829646048097402,-1.0445305233765225
615.0,223487.0,363.4527282714844,304.1536560058594,374.2984924316406,213.61369720077337,396.6159351160577,1.0,145630.0,0.9992098468728727,-1.120588247608623
616.0,223918.0,363.83209228515625,304.92669677734375,373.97735595703125,213.83176231166362,396.919576236544,1.0,146805.0,0.9867245984564761,-0.7888187691432336
617.0,224412.0,364.2215881347656,305.0325927734375,374.4534606933594,214.06984698407535,397.26307398569026,1.0,146018.0,0.794885710669746,-1.0139116441937972
618.0,225375.0,364.2905578613281,305.2508850097656,374.3038024902344,214.52355571376222,397.93592449036316,1.0,147629.0,0.7156209781336429,-1.0573085013361379
619.0,225835.0,364.36114501953125,305.4742126464844,374.1504821777344,214.74214665403895,398.2678746769177,1.0,146612.0,1.0079801302159694,-0.8956597254063468
620.0,226306.0,364.36114501953125,305.4742126464844,374.1504821777344,214.95937744817886,398.7204534507855,1.0,148006.0,0.7094894249896697,-0.7220796592553143
621.0,226980.0,365.3095703125,306.04052734375,372.9482727050781,215.27920849527231,399.2242477605788,1.0,148487.0,0.705177961409504,-1.1636062469803505
622.0,227649.0,365.68414306640625,307.2120361328125,372.1471252441406,215.58450535307762,399.7784386081534,1.0,148782.0,1.1181341233160538,-0.6020538460143712
623.0,228104.0,365.6958923339844,306.41058349609375,373.109619140625,215.81473686009122,400.13622680282276,1.0,148101.0,0.8655083731684954,-0.7672970476579053
624.0,228564.0,366.0023193359375,307.3758850097656,372.44610595703125,216.03646519644556,400.39030956907357,1.0,149583.0,0.7078485123182645,-0.7902882149971333
625.0,229069.0,366.32080078125,307.5877685546875,372.6886901855469,216.27265012534812,400.7056276120913,1.0,149236.0,0.7716785044042354,-0.7976444589942844
626.0,229525.0,366.32080078125,307.5877685546875,372.6886901855469,216.49646162634684,401.00099750468354,1.0,149134.0,0.9371947121487665,-0.7352020825042587
627.0,230072.0,366.455078125,307.5,373.0,216.7668573749231,401.5133870744536,1.0,150125.0,0.7584102166541697,-0.6717942158096548
628.0,230649.0,366.455078125,307.5,373.0,217.06096122122602,402.0594483365108,1.0,150853.0,0.16601432729146381,-0.7230483287581251
629.0,231446.0,366.455078125,307.5,373.0,217.4202523770796,402.56552259413377,1.0,150689.0,0.5457822297466919,-0.376173529208927
630.0,231967.0,366.61297607421875,306.0,375.0,217.66788457261342,402.9477633442777,1.0,150833.0,1.2834428711964847,-0.16975906311807876
631.0,232765.0,369.9385986328125,305.5,371.5,218.00910244282667,403.2755881479372,1.0,151452.0,1.2284832814999618,-0.3886814285410196
632.0,233449.0,370.2679138183594,305.5,371.0,218.29301781522838,403.5026641425676,1.0,152043.0,1.5158545556364516,0.2865339462073848
633.0,234307.0,370.2679138183594,305.5,371.0,218.6015148325969,403.77345133131274,1.0,152507.0,1.433449913787399,0.6005636898161129
634.0,234941.0,370.3151550292969,306.0,370.5,218.85726463260494,404.07177580227005,1.0,152128.0,1.2368285821838754,0.4566530852704318
635.0,235337.0,370.6920166015625,306.5,370.5,219.042576174989,404.35825699223483,1.0,152172.0,1.0767809971146107,0.37412073172174587
636.0,235838.0,371.06915283203125,307.0,370.5,219.27546484284474,404.6096884653159,1.0,152474.0,0.820107372562461,0.588555765245701
637.0,236655.0,371.1190185546875,307.5,370.0,219.57635333144293,404.81180812658926,1.0,152377.0,0.8859501027606029,0.8660524823418427
638.0,237119.0,371.44659423828125,307.5,370.5,219.78468911693093,405.123437979093,1.0,152992.0,0.8477551462507336,0.5842461747026846
639.0,237715.0,371.8753967285156,308.5,370.0,220.0136637772015,405.2923636057352,1.0,152713.0,0.8078736572048228,1.2083524944229111
640.0,238353.0,371.8753967285156,308.5,370.0,220.27023883426608,405.51325502380314,1.0,152600.0,1.0186662360868013,1.6650733700556657
641.0,239746.0,371.9278259277344,309.0,369.5,220.70128910530255,405.7597810615443,1.0,153487.0,0.8578829322676711,1.673289053425151
642.0,240120.0,372.2540283203125,309.0,370.0,220.86427021792832,405.8991253990475,1.0,153566.0,0.6822916487080875,1.1028757710184323
643.0,240561.0,372.2540283203125,309.0,370.0,221.0668073037099,406.1095911204265,1.0,153029.0,1.0611622123639108,1.0711766987138276
644.0,240940.0,372.9659729003906,303.32952880859375,376.83709716796875,221.25157121749606,406.32345487778207,1.0,154100.0,1.1064054709357833,0.7286342657122873
645.0,241370.0,373.3506164550781,303.55377197265625,377.1791076660156,221.45722571499022,406.6017707782395,1.0,154970.0,1.4128913281502946,1.3808247268784157
646.0,242006.0,373.7303771972656,305.4140930175781,375.31890869140625,221.73878272518513,406.80830866637916,1.0,155298.0,1.3852245359593098,1.2285511067880748
647.0,242477.0,374.0499267578125,305.662109375,375.5209655761719,221.9425327881132,407.0002456998749,1.0,155781.0,1.5102433892077443,1.6215523408658896
648.0,243061.0,374.3181457519531,310.0,370.0,222.19989538431244,407.265269818088,1.0,155670.0,1.06707160383462,1.4335065551981074
649.0,243818.0,388.2126770019531,297.0,365.0,222.56860608218858,407.4509786455691,1.0,156117.0,1.3771938316288015,1.830277126843498
650.0,244266.0,388.2126770019531,297.0,365.0,222.77289064997757,407.67695543143776,1.0,156230.0,1.0570574260574404,1.4523393036960215
651.0,244729.0,388.5953063964844,297.5,365.0,222.9779860711788,407.9446040784889,1.0,156495.0,1.102329921570231,1.424330730153713
652.0,245189.0,388.9782409667969,298.0,365.0,223.18534166475493,408.18108726000384,1.0,157134.0,0.4363955617186548,1.2900175587325293
653.0,245976.0,389.744873046875,299.0,365.0,223.52886478568064,408.5948482267894,1.0,157204.0,0.265938214594712,0.7938443776252484
654.0,246425.0,390.3870849609375,299.0,366.0,223.74405979908514,409.0029339721757,1.0,156805.0,0.3926710993736151,0.8238085817043839
655.0,246669.0,390.4491882324219,299.5,365.5,223.8534647834473,409.1760012512953,1.0,157717.0,0.13448997221507852,1.4595163340637782
656.0,247487.0,390.8328552246094,300.0,365.5,224.17992741223733,409.5180093719933,1.0,157533.0,0.1035125639226635,0.7797666075534266
657.0,247867.0,391.5371398925781,300.5,366.0,224.34667646805462,409.68890636676997,1.0,156940.0,0.13761661254670798,0.8727561996931854
658.0,248344.0,391.85784912109375,300.5,366.5,224.57411489185333,410.07907773966036,1.0,158610.0,0.6295189224548494,0.29118633896450774
659.0,248771.0,391.9209899902344,301.0,366.0,224.7592104143267,410.26942364284946,1.0,158726.0,0.2726275719843443,0.5905558346062207
660.0,249309.0,391.98541259765625,301.5,365.5,225.00573529354446,410.5696043234385,1.0,159056.0,0.5500713336817853,0.3774273768833041
661.0,249649.0,392.50390625,303.0,364.5,225.16100196639226,410.82502357886864,1.0,159226.0,0.43216746193832023,0.45831942121230895
662.0,250090.0,392.7550964355469,302.5,365.5,225.35327882571028,411.1702810272163,1.0,157913.0,0.055198263990405394,-0.0634428564073346
663.0,250608.0,393.2077331542969,303.5,365.0,225.59609933116417,411.50091129911243,1.0,157612.0,-0.11099623565337424,0.003244938900024863
664.0,251356.0,393.77825927734375,303.0,366.5,225.90602664897233,411.8655727294085,1.0,157627.0,0.07560208523796064,-0.05707611163256843
665.0,251892.0,393.77825927734375,303.0,366.5,226.138715067652,412.146818500398,1.0,158173.0,0.0652400038208043,0.3217337924897379
666.0,252316.0,394.4176940917969,303.0,367.5,226.3226642175233,412.31056256176606,1.0,159671.0,0.8105328423567926,0.25336969390059494
667.0,252869.0,394.80194091796875,303.5,367.5,226.58021972261992,412.61531720763975,1.0,159767.0,1.3165426593531038,0.25913660982268993
668.0,253139.0,395.0586242675781,303.0,368.5,226.70990311013912,412.7980135604722,1.0,158718.0,0.8503284315810333,0.8575265193557584
669.0,253690.0,395.0586242675781,303.0,368.5,226.96093650389267,413.0553836847227,1.0,158765.0,1.0412550182664972,0.847250397027949
670.0,254127.0,395.3796691894531,303.0,369.0,227.15568064349077,413.3194890154588,1.0,159665.0,1.1328749377762506,1.1724481348825861
671.0,254505.0,395.7010498046875,303.0,369.5,227.324652795009,413.5516896350443,1.0,160643.0,1.0838567673839634,1.2629242931417366
672.0,254971.0,396.08404541015625,303.5,369.5,227.53179654925677,413.6828495140989,1.0,160981.0,1.7333534344739974,1.9538233853125462
673.0,255550.0,396.08404541015625,303.5,369.5,227.78390645935255,413.94806437523056,1.0,161177.0,0.8274225214539683,1.348714362558269
674.0,256242.0,396.08404541015625,303.5,369.5,228.05597709805787,414.28106401197346,1.0,161313.0,1.2415420814692197,2.2209727609821925
675.0,257019.0,396.08404541015625,303.5,369.5,228.38914852289733,414.65407269192474,1.0,162039.0,1.5738286067575018,2.751374472563043
676.0,257474.0,396.08404541015625,303.5,369.5,228.59532649721555,414.9379471282019,1.0,161961.0,1.2116529619041785,1.7464668518464919
677.0,257875.0,396.405517578125,303.5,370.0,228.7660586985605,415.1344360037274,1.0,162437.0,0.7954678466286396,1.6299015448592513
678.0,258297.0,396.7884521484375,304.0,370.0,228.954617938651,415.4395262781406,1.0,162336.0,1.0982212011253978,1.663578123407376
679.0,258585.0,396.7884521484375,304.0,370.0,229.07842926397814,415.64528145308174,1.0,163015.0,1.5031114125446265,1.7372947663535
680.0,258930.0,396.7884521484375,304.0,370.0,229.23508030174503,415.9305230375349,1.0,162431.0,1.223094776161588,1.2341121034087337
681.0,259361.0,396.9903259277344,303.0,371.5,229.43138454968994,416.20307543313515,1.0,163309.0,1.2515051931940206,1.5423260954163993
682.0,259722.0,396.9903259277344,303.0,371.5,229.59965571865592,416.4864943788694,1.0,162800.0,1.7123718450035312,1.080847496964111
683.0,260227.0,397.3135681152344,303.0,372.0,229.82556170982122,416.86532597434615,1.0,163835.0,1.4491285740297144,0.7310303548233605
684.0,260623.0,397.5805969238281,302.5,373.0,229.9962466111839,417.1390655404981,1.0,164215.0,1.5871211507087537,0.7474669085368078
685.0,260914.0,398.2854919433594,303.0,373.5,230.12601565958488,417.306841544684,1.0,163616.0,1.0503255814371641,0.7696612027262972
686.0,261385.0,399.0467529296875,304.0,373.5,230.34232875187644,417.7379561399706,1.0,164311.0,0.9658964942576631,0.8103791293711993
687.0,261786.0,399.1044006347656,304.5,373.0,230.52179053700553,418.0011961705373,1.0,164277.0,0.7329943052014869,1.2316428330736926
688.0,262333.0,399.8678894042969,305.5,373.0,230.76787926829923,418.31041102538444,1.0,164553.0,0.8434931018608722,1.3841192658675254
689.0,262804.0,400.132568359375,305.0,374.0,230.97965041199564,418.63229689072006,1.0,163679.0,0.6124046753393486,1.4762162071123157
690.0,263208.0,400.190673828125,305.5,373.5,231.16147391077885,419.00077565522,1.0,165261.0,1.1124050675069839,1.3225553647156403
691.0,263566.0,400.5724792480469,306.0,373.5,231.32460322664974,419.1718024867608,1.0,163610.0,2.002672398472214,0.33573108727262024
692.0,264387.0,400.89532470703125,306.0,374.0,231.6590002232651,419.54236972590456,1.0,164402.0,1.9211739794657205,0.6466207611954928
693.0,264712.0,401.2771301269531,306.5,374.0,231.8139215301085,419.86902719776793,1.0,165106.0,1.4234186332980698,0.5868151410959399
694.0,265068.0,401.6591491699219,307.0,374.0,231.97222599053893,420.1380725428249,1.0,164759.0,1.6754450337214166,0.4784859785317508
695.0,265314.0,401.98175048828125,307.0,374.5,232.0827359639191,420.32451748466,1.0,165225.0,1.724843404529679,1.1166315349599358
696.0,265863.0,401.98175048828125,307.0,374.5,232.31982773345283,420.69632752785384,1.0,165577.0,1.972919578917299,0.801617448485672
697.0,266161.0,401.98175048828125,307.0,374.5,232.46321740325,420.9429890139519,1.0,165836.0,0.8847943526436666,0.5369270876806809
698.0,266815.0,402.2469177246094,306.5,375.5,232.74355629215225,421.4363534376426,1.0,166233.0,1.0303444937599124,0.6062182796068782
699.0,267225.0,402.2469177246094,306.5,375.5,232.91901185322405,421.7226576791909,1.0,166832.0,1.1601234831337024,-0.2877230704128806
700.0,267878.0,402.4603271484375,305.5,377.0,233.1997225643526,422.1670285562339,1.0,167248.0,0.4334966727236633,-0.5728531892045794
701.0,269033.0,402.88006591796875,311.1899719238281,370.8770751953125,233.66059299720365,422.7590329945825,1.0,165591.0,0.9127269194391374,-1.0690909134810909
702.0,269539.0,402.88006591796875,311.1899719238281,370.8770751953125,233.878929406602,423.12385892544137,1.0,168009.0,0.3032975459068439,-1.3063930940430168
703.0,270125.0,403.3886413574219,305.7286376953125,378.1583251953125,234.1154702584035,423.51505286117043,1.0,168520.0,0.5675044744785964,-1.700197612138254
704.0,270594.0,403.5843811035156,311.6559143066406,371.4193420410156,234.31363810556607,423.79830108201236,1.0,168707.0,0.5019827743449241,-1.293387521411205
705.0,270849.0,403.970703125,312.5,371.0,234.42593660009297,423.9971697877059,1.0,166677.0,-0.052720599562576353,-0.3398242835685892
706.0,271578.0,403.970703125,312.5,371.0,234.73097832606038,424.4403373822627,1.0,167597.0,0.06784500859055242,-0.8195010880144196
707.0,272107.0,404.35760498046875,313.0,371.0,234.94282240367593,424.7469835090062,1.0,168952.0,-0.2047659199363352,-0.49846072340619685
708.0,272632.0,404.991455078125,313.0,372.0,235.16672637494614,425.1082802913472,1.0,168123.0,-0.17179198082203584,-0.922123525092843
709.0,272877.0,404.991455078125,313.0,372.0,235.27027421990542,425.2305257151702,1.0,167179.0,0.545359387935946,-0.9693006456944886
710.0,273235.0,405.3089294433594,313.0,372.5,235.4317724947972,425.60251408180625,1.0,168635.0,0.41046572618859045,-0.6562542719122462
711.0,273484.0,405.3089294433594,313.0,372.5,235.5445975006996,425.77576257931827,1.0,167016.0,0.011472788320816107,-1.1769962818619888
712.0,273952.0,406.0127258300781,313.5,373.0,235.74441300606784,426.1998944121575,1.0,168080.0,0.198582556313454,-1.209144919424432
713.0,274329.0,406.33062744140625,313.5,373.5,235.91707643853184,426.5662902727221,1.0,168594.0,0.25240949989108685,-1.6837279042804312
714.0,274641.0,406.6488952636719,313.5,374.0,236.052834796219,426.81377672235465,1.0,168786.0,0.19386992829186056,-1.2976482040043607
715.0,274969.0,407.03448486328125,314.0,374.0,236.19544708858967,427.12059187072686,1.0,170358.0,-0.46933354237933145,-1.2933612808871544
716.0,275637.0,407.7383728027344,314.5,374.5,236.46486374162419,427.479122296194,1.0,171512.0,-0.36381948072175874,-1.3859616827622858
717.0,275930.0,408.1241455078125,315.0,374.5,236.59773199025233,427.6739412215806,1.0,169917.0,-0.06868595839887348,-0.9554730756690333
718.0,276374.0,408.1241455078125,315.0,374.5,236.7869195387213,427.93106921559223,1.0,170593.0,0.10301624806663767,-0.8283213669424754
719.0,276904.0,408.4422607421875,315.0,375.0,236.99115551878242,428.1413318052813,1.0,169857.0,0.07674589400824061,-0.9800338407479217
720.0,277232.0,408.4422607421875,315.0,375.0,237.1300780505931,428.3608292082739,1.0,170688.0,0.11336412508092053,-0.31436538637302647
721.0,277730.0,408.8280029296875,315.5,375.0,237.33608476811125,428.65487282894617,1.0,171374.0,-0.9736085951437872,-0.9985710728803951
722.0,278743.0,409.5318298339844,316.0,375.5,237.74690501600656,429.1966915057843,1.0,172121.0,-0.6966212867811237,-1.2152146242407866
723.0,279198.0,409.8500671386719,316.0,376.0,237.9166220239842,429.424032862624,1.0,171753.0,-0.7707908497411609,-0.6596630323868453
724.0,279504.0,409.9177551269531,316.5,375.5,238.04740023746194,429.57682665116096,1.0,172671.0,-0.20134821503279454,0.48968256644161556
725.0,279864.0,409.9177551269531,316.5,375.5,238.19475668117698,429.79064671069796,1.0,172261.0,-0.037051109384265146,-0.4929167538051047
726.0,280299.0,409.9177551269531,316.5,375.5,238.3557225985165,430.08173641635284,1.0,173695.0,0.28693807817091965,-0.547637349403999
727.0,280664.0,409.9866638183594,317.0,375.0,238.4870936777961,430.17438324474875,1.0,174278.0,-0.4405441422063632,-0.32048407558164627
728.0,281194.0,410.3733825683594,317.5,375.0,238.69383026369778,430.4917536668285,1.0,173586.0,-0.47286098742119975,-0.21580874743170853
729.0,281642.0,410.4440612792969,318.0,374.5,238.88748808573934,430.78051255764126,1.0,172194.0,-0.1356515869207442,0.13626844537930083
730.0,281880.0,410.4440612792969,318.0,374.5,238.99299225844874,431.02784132814435,1.0,173575.0,-0.04758031626704451,-0.572404597378636
731.0,282302.0,411.0076904296875,317.5,376.0,239.1729699197329,431.3722290551398,1.0,174413.0,0.22521219907127943,-0.44759138153722233
732.0,282604.0,411.32537841796875,317.5,376.5,239.30506029485363,431.6167281280928,1.0,172468.0,-0.0108470793215929,-0.33488054607084905
733.0,282960.0,411.32537841796875,317.5,376.5,239.45278965597697,431.8858066629192,1.0,172606.0,0.3021039159881411,-0.018377950409956156
734.0,283266.0,411.32537841796875,317.5,376.5,239.57800335117278,432.1351061875776,1.0,174787.0,0.6934394607843615,0.5086234092403288
735.0,283666.0,411.6434326171875,317.5,377.0,239.75117469696113,432.4618480256313,1.0,173823.0,-0.041251083085285245,-0.06805902206559722
736.0,284100.0,411.6434326171875,317.5,377.0,239.91975916461777,432.7494078562518,1.0,172635.0,0.10385335742057578,-0.011478748419847307
737.0,284398.0,412.41522216796875,318.5,377.0,240.04185000419628,432.90645640831,1.0,175471.0,0.5551002880055194,0.2776490873265516
738.0,284784.0,412.41522216796875,318.5,377.0,240.1915373453528,433.1794085564109,1.0,175058.0,0.7373223148252919,-0.28254607026701706
739.0,285200.0,412.41522216796875,318.5,377.0,240.35474500841073,433.4295790540703,1.0,173937.0,0.8733165909774243,0.04657683713514871
740.0,285470.0,412.4843444824219,319.0,376.5,240.45479217392312,433.5308524199864,1.0,175103.0,0.4365299839676027,-0.8832970054787666
741.0,286067.0,412.6658020019531,318.0,378.0,240.69183038074738,433.8853535129161,1.0,175019.0,0.0924239414874819,-1.1392235404532016
742.0,286502.0,413.4369201660156,319.0,378.0,240.87803976854727,434.28331766256,1.0,175770.0,0.2949149616512159,-0.9208349462317074
743.0,286818.0,413.5052185058594,319.5,377.5,241.00822491389982,434.53423340399775,1.0,174597.0,0.019403710638698612,-1.0096978721519463
744.0,287316.0,413.5747375488281,320.0,377.0,241.2164671124638,434.9925286703314,1.0,175665.0,0.004045706695819717,-0.7265982072053703
745.0,287789.0,413.69683837890625,316.0,382.0,241.40808648868526,435.34928505741226,1.0,176840.0,0.22378254142824971,-0.4928985078915389
746.0,288152.0,414.01971435546875,316.0,382.5,241.5643674038198,435.6902569486722,1.0,176548.0,-0.0015649542073106204,-0.7018630467869116
747.0,288414.0,414.01971435546875,316.0,382.5,241.6698983965762,435.9006194073377,1.0,176517.0,0.37401390725301553,-0.9869904508994409
748.0,288734.0,414.01971435546875,316.0,382.5,241.80038051414522,436.23084485132534,1.0,177088.0,0.3955543103788841,-0.8988828104435811
749.0,289141.0,414.208984375,320.0,378.0,241.9664453603402,436.4825311510187,1.0,177313.0,0.6536513861324238,-0.10687518522092887
750.0,289644.0,414.208984375,320.0,378.0,242.16363065363745,436.6595355634586,1.0,177177.0,0.805008832143244,-0.5987434397985112
751.0,289908.0,414.208984375,320.0,378.0,242.27585173749608,436.9862698071874,1.0,176942.0,0.9555020204993525,-1.1178368824543554
752.0,290303.0,414.3489685058594,321.0,377.0,242.44219899039192,437.2687960511246,1.0,176815.0,0.8651102745702701,-1.099155275956889
753.0,290709.0,414.3489685058594,321.0,377.0,242.6017084347332,437.53582709158434,1.0,177978.0,0.789699267439687,-1.107716992367159
754.0,291069.0,414.9820251464844,321.0,378.0,242.74604007684866,437.7990406567835,1.0,178356.0,0.4945726919786466,-1.3033000622747863
755.0,291477.0,415.052490234375,321.5,377.5,242.89893668591804,438.0589001090759,1.0,178884.0,0.5517980794143114,-1.4457137100257569
756.0,291875.0,415.368896484375,321.5,378.0,243.05890851304957,438.32065887886233,1.0,178337.0,0.9242891579934849,-1.313194365572258
757.0,292172.0,415.53106689453125,315.0,386.0,243.17726390506155,438.5430423573039,1.0,178119.0,1.4321804963549312,-1.0290222165295972
758.0,292814.0,415.53106689453125,315.0,386.0,243.41610280018196,438.8496325622251,1.0,178275.0,1.5134534174245573,-0.883137530245051
759.0,293100.0,415.8056335449219,314.5,387.0,243.53261750470008,439.1379623756591,1.0,179148.0,1.2449795852398893,-1.458363626558878
760.0,293556.0,416.13287353515625,314.5,387.5,243.71542869111968,439.52815609469206,1.0,179047.0,1.5240125403479396,-1.4788331071226253
761.0,293807.0,416.5108947753906,315.0,387.5,243.81358335477768,439.6986467874265,1.0,178270.0,1.2515166524847245,-1.2778313688379512
762.0,294167.0,416.5625,315.5,387.0,243.9508163575089,439.8920322079044,1.0,178974.0,1.355089297836571,-1.7447390553814444
763.0,294417.0,416.83819580078125,315.0,388.0,244.04870456181916,440.06590415527535,1.0,177711.0,1.0404591721004408,-1.1347932018294387
764.0,294824.0,416.83819580078125,315.0,388.0,244.20691818210707,440.3033613001525,1.0,179356.0,1.1620914415352672,-0.5480529424429506
765.0,295240.0,416.83819580078125,315.0,388.0,244.37495692873233,440.62013117849637,1.0,179447.0,0.6882633665645699,-0.8361239380398047
766.0,295779.0,417.5943908691406,316.0,388.0,244.59041001565492,441.0045351240733,1.0,179573.0,0.8813544547639367,-0.7285732762495627
767.0,296098.0,418.29962158203125,316.5,388.5,244.7229392882611,441.2493626057719,1.0,178778.0,1.0141242404758941,-1.2294354536227843
768.0,296505.0,418.29962158203125,316.5,388.5,244.88450812817484,441.49337480663627,1.0,179706.0,0.7014764242286446,-1.117860828291441
769.0,296861.0,418.29962158203125,316.5,388.5,245.02925108334088,441.7023884925233,1.0,179679.0,0.8992816835262829,-1.1697478986393435
770.0,297223.0,418.29962158203125,316.5,388.5,245.1862000109983,441.9237490534061,1.0,181253.0,0.8212931904075731,-1.5969411073219817
771.0,297629.0,418.626708984375,316.5,389.0,245.3473209851334,442.225960338421,1.0,181248.0,0.7232182502862088,-1.578289530227778
772.0,297909.0,418.90460205078125,316.0,390.0,245.4617986894657,442.45225731145274,1.0,181351.0,0.7215817050679334,-1.3314200853159832
773.0,298281.0,418.9541320800781,316.5,389.5,245.6090203627988,442.7053195975851,1.0,181370.0,0.4531002079246491,-1.2271849511678852
774.0,298643.0,419.28192138671875,316.5,390.0,245.75511544462108,442.9716694659263,1.0,181407.0,0.6020637472605586,-1.212958219681127
775.0,298888.0,419.6100158691406,316.5,390.5,245.84551627020443,443.0406301909566,1.0,181351.0,0.8627084022432427,-1.6877774245967885
776.0,299481.0,419.8908386230469,316.0,391.5,246.06195749120795,443.3700486049999,1.0,182052.0,0.5098060092257128,-1.5415360019297282
777.0,299706.0,419.8908386230469,316.0,391.5,246.15521774640806,443.5414298574599,1.0,180795.0,0.8621159249867105,-1.0165762438458046
778.0,300218.0,419.8908386230469,316.0,391.5,246.34482968923172,444.00259008180706,1.0,182681.0,0.4793557965066384,-0.7014140016353849
779.0,300698.0,419.8908386230469,316.0,391.5,246.5212178913456,444.2217914510723,1.0,181087.0,0.152083485999583,-0.22747821465776497
780.0,301623.0,419.89105224609375,316.1085510253906,391.37615966796875,246.84434547079297,444.7752241301217,1.0,181056.0,0.2502412301015511,-0.38918099462654254
781.0,301836.0,419.8997497558594,317.7595520019531,389.4897155761719,246.92113922196327,444.8932456219132,1.0,181800.0,0.07659447108460427,-0.7089462930322838
782.0,302120.0,421.3980712890625,318.0,388.5,247.03613467530843,445.1359342942333,1.0,182131.0,0.055068988693051324,-1.0785621762105961
783.0,302443.0,422.10345458984375,318.5,388.0,247.1649781393156,445.3574968432003,1.0,183301.0,0.25807300184442283,-1.28074828116047
784.0,302817.0,422.8585205078125,319.5,388.0,247.3216725834304,445.7149313145999,1.0,183293.0,-0.14163096201434655,-1.270132915837337
785.0,303230.0,423.5638427734375,320.0,387.5,247.50264183074827,446.15787562786414,1.0,183466.0,0.16373498190353075,-1.4202171755926543
786.0,303545.0,423.8426208496094,319.5,388.5,247.62842821861642,446.37428241331287,1.0,183234.0,-0.2720368376278657,-1.0198483782643848
787.0,303920.0,423.8426208496094,319.5,388.5,247.78554038438014,446.7773494706284,1.0,184494.0,0.32473845355536923,-1.2510349740068705
788.0,304249.0,423.8426208496094,319.5,388.5,247.92097572433892,447.0011185668331,1.0,184495.0,-0.13532924322896633,-0.5528977063843854
789.0,305015.0,423.94171142578125,320.5,387.5,248.22215159643343,447.6004915053236,1.0,183141.0,0.010107372436891637,0.0910956271715122
790.0,305767.0,424.6982116699219,321.5,386.5,248.51086483220413,448.1948236908515,1.0,182345.0,-0.33466258619512246,-0.1977184566327992
791.0,306014.0,425.07684326171875,322.0,386.5,248.60716232401083,448.32811643907996,1.0,184604.0,-0.050269700961848685,-0.5508497451572225
792.0,306323.0,425.7303466796875,322.0,387.5,248.72016823217865,448.48745801861617,1.0,184949.0,-0.2618628235760525,-0.42279512746387127
793.0,306612.0,426.108642578125,322.5,387.5,248.84197707047971,448.75990239736524,1.0,185150.0,-0.2644681155035187,-0.42940686479329315
794.0,306881.0,426.4871826171875,323.0,387.5,248.950355710097,448.98663677218724,1.0,182935.0,-0.15664441818194064,-0.19515080268035945
795.0,307160.0,426.4871826171875,323.0,387.5,249.06135611497066,449.1382303917917,1.0,185062.0,0.28657783918151836,-0.630014711393585
796.0,307584.0,426.8138732910156,323.0,388.0,249.21959044311834,449.4178456597767,1.0,184953.0,0.2211306708753682,-0.4428777077028485
797.0,307839.0,427.24505615234375,324.0,387.5,249.33407422002037,449.6976762225929,1.0,185071.0,-0.18582638839109222,-0.6820258713987641
798.0,308097.0,428.2243347167969,324.0,389.0,249.44102824718655,449.909324196787,1.0,185358.0,0.11788695909467606,-1.3462012289573977
799.0,308498.0,428.9814453125,325.0,389.0,249.59597415984857,450.1390340770756,1.0,185991.0,0.027766298647406984,-1.4670493375061255
800.0,308767.0,429.63482666015625,325.0,389.0,249.70521873842313,450.3620765561861,1.0,186167.0,0.40541688083635563,-1.4689484789223002
801.0,309116.0,430.340087890625,325.5,388.5,249.83318930156778,450.5532709838285,1.0,185881.0,0.2263706760320474,-1.686747161206256
802.0,309479.0,430.340087890625,325.5,388.5,249.9775333108404,450.86827344531264,1.0,186784.0,-0.22657918679306022,-1.6117917624357005
803.0,309924.0,430.7706298828125,326.5,388.0,250.14997622898554,451.0926179828153,1.0,187345.0,-0.27048042755825463,-1.411780177992398
804.0,310269.0,431.0453186035156,326.0,389.0,250.28910432470173,451.3490888436577,1.0,186359.0,-0.16991888627694607,-1.6396501483166617
805.0,310635.0,431.4236145019531,326.5,389.0,250.42352805032385,451.63945797049433,1.0,186835.0,-0.21856291789333682,-1.7641202506975446
806.0,311031.0,431.8021240234375,327.0,389.0,250.57721989706033,451.93251708499133,1.0,187277.0,-0.46656725209345495,-1.8499614031904912
807.0,311553.0,432.12884521484375,327.0,389.5,250.7585862661752,452.23489470565886,1.0,186718.0,-0.488805072826608,-1.8401190751876584
808.0,312024.0,432.45587158203125,327.0,390.0,250.95838287618062,452.5397772529048,1.0,186387.0,-0.14076877434081325,-2.108608159937546
809.0,312375.0,432.45587158203125,327.0,390.0,251.10919153020745,452.8670886683818,1.0,186093.0,-0.2283526933944131,-1.9204901211568313
810.0,312722.0,433.1611328125,327.5,390.5,251.24403578098523,453.1103618325231,1.0,186648.0,-0.33758728141185657,-1.8995876417019986
811.0,313083.0,433.4885559082031,327.5,391.0,251.39403408044237,453.4750268738613,1.0,186515.0,-0.10306472298827885,-2.0563734321791003
812.0,313423.0,433.8664245605469,328.0,391.0,251.5197362913981,453.71466804589863,1.0,187545.0,-0.4262448717025791,-1.8750584938035217
813.0,313805.0,434.6229248046875,329.0,391.0,251.66764252039735,454.00440526497096,1.0,187911.0,-0.23099508829693605,-1.8511468944658418
814.0,314060.0,434.6752624511719,329.5,390.5,251.77343018356905,454.189442853907,1.0,188365.0,-0.020368524582977443,-1.3902550064617571
815.0,314453.0,434.6752624511719,329.5,390.5,251.9359643810079,454.5098458750766,1.0,187837.0,-0.07585841074160271,-1.3817825422174792
816.0,314779.0,435.0544128417969,330.0,390.5,252.07286029361325,454.78148597357693,1.0,188896.0,0.2020350026214146,-1.1750272896495062
817.0,315235.0,435.43377685546875,330.5,390.5,252.26131622381848,455.0835088200846,1.0,188600.0,0.06967066891979812,-1.1806714822491244
818.0,315543.0,435.4883117675781,331.0,390.0,252.39286074883992,455.38653910704414,1.0,188761.0,0.5942282065230984,-1.3210389594880212
819.0,316040.0,435.4883117675781,331.0,390.0,252.5767705192566,455.72486216958293,1.0,188931.0,0.9046645406443758,-1.482415418602045
820.0,316279.0,435.7594909667969,330.5,391.0,252.67792089766047,456.00109648990974,1.0,188731.0,0.8592003378226991,-2.1561597382605555
821.0,316812.0,436.1388244628906,331.0,391.0,252.89031415125396,456.35561791184614,1.0,189439.0,0.6369012132278158,-2.2154531605597185
822.0,317213.0,436.4645690917969,331.0,391.5,253.03321350771856,456.64471965592827,1.0,189291.0,0.6472890910006299,-2.071850925426702
823.0,317564.0,436.4645690917969,331.0,391.5,253.17286213670113,456.84680145536754,1.0,188497.0,0.9354468400072165,-2.040124065184557
824.0,317878.0,436.5184326171875,331.5,391.0,253.30633498568048,457.08861285313156,1.0,190533.0,0.716369495615254,-2.2471258999256065
825.0,318210.0,436.6378173828125,329.5,393.5,253.45984647757928,457.4986338777418,1.0,189538.0,1.0296048190051579,-2.773595196349163
826.0,318926.0,437.6714782714844,330.0,394.5,253.6730759075245,457.7693196298849,1.0,189947.0,1.1996600515296905,-2.824012504715654
827.0,319132.0,437.7708740234375,331.0,393.5,253.7701638208727,458.0502155877672,1.0,189838.0,1.0992367213516445,-1.9020892670978355
828.0,319704.0,437.7708740234375,331.0,393.5,254.0066947853942,458.59301128411875,1.0,189240.0,1.0306255535226683,-2.0448844964625437
829.0,320062.0,438.42596435546875,331.0,394.5,254.1548571661947,459.0043572777932,1.0,190255.0,0.906129038796962,-1.9794248199162325
830.0,320319.0,438.8035888671875,331.5,394.5,254.2672057671429,459.2922816663626,1.0,190704.0,0.9167759793207324,-2.574197238012573
831.0,320761.0,439.5089111328125,332.0,395.0,254.45383015901703,459.67379738244813,1.0,192001.0,1.3937386994816734,-2.5864517561721527
832.0,321147.0,439.5089111328125,332.0,395.0,254.60883796088208,460.03695503731,1.0,191265.0,1.6274040924007522,-2.819991651701173
833.0,321437.0,439.8367004394531,332.0,395.5,254.72441247115086,460.2977297358743,1.0,191192.0,1.232393555920794,-2.7310385552908656
834.0,321725.0,440.1165466308594,331.5,396.5,254.84804062881798,460.56943015899657,1.0,191986.0,1.2818546295764008,-2.445861725472639
835.0,322043.0,440.44561767578125,331.5,397.0,254.97639033418582,460.81883642056124,1.0,191683.0,1.4451541313918597,-2.75619731998529
836.0,322412.0,440.77496337890625,331.5,397.5,255.11734952246556,461.10351332397045,1.0,192216.0,1.2089654169756159,-2.712650448939087
837.0,322777.0,440.8220520019531,332.0,397.0,255.25554308661268,461.4293011935848,1.0,190732.0,1.01266874565556,-2.9544748118418056
838.0,323118.0,441.4805603027344,332.0,398.0,255.38413154931703,461.6925383845834,1.0,192269.0,1.085824067624003,-2.7221339522066614
839.0,323450.0,441.4805603027344,332.0,398.0,255.51028124786652,461.9491313986855,1.0,193302.0,1.359524998323991,-2.3027592533703682
840.0,324007.0,441.5275573730469,332.5,397.5,255.72108216122132,462.423939614987,1.0,191312.0,0.9532936000880454,-2.0427107001883655
841.0,324486.0,441.9042053222656,333.0,397.5,255.91029957675295,462.909278368883,1.0,193693.0,0.43098706002922427,-2.2950987884420897
842.0,324951.0,442.5622253417969,333.0,398.5,256.0988067019906,463.314687873921,1.0,193849.0,0.4078884281622095,-2.5029634160786145
843.0,325329.0,442.8917236328125,333.0,399.0,256.25238725777024,463.6729450806041,1.0,194026.0,0.4135010307945777,-2.6005876297633677
844.0,325584.0,443.2215270996094,333.0,399.5,256.3635200983276,463.9676712875586,1.0,194236.0,0.5187892374766534,-2.4467289465281965
845.0,325910.0,443.50714111328125,332.5,400.5,256.4892244793658,464.2628565801921,1.0,194248.0,0.3913162220583217,-2.5263773724053635
846.0,326257.0,443.9271545410156,333.5,400.0,256.63294217655175,464.631682086287,1.0,194423.0,0.7598642577365808,-2.424702031436027
847.0,326620.0,444.1273193359375,332.0,402.0,256.7798341881565,465.0270422238966,1.0,195019.0,0.5995645540352825,-2.3423012272435813
848.0,326928.0,444.501220703125,332.5,402.0,256.9127850757112,465.36824128403725,1.0,194251.0,1.205022130639577,-2.547567520712107
849.0,327276.0,444.8332214355469,332.5,402.5,257.05192198229133,465.590216802807,1.0,194201.0,1.1882121585882714,-2.5234190094689097
850.0,327571.0,444.8332214355469,332.5,402.5,257.1834132792115,465.92381350349046,1.0,194029.0,0.962863522958628,-2.573100525085863
851.0,328009.0,445.4981384277344,332.5,403.5,257.3759969898255,466.4343469342711,1.0,194335.0,0.885256754119041,-2.7570213730667774
852.0,328318.0,445.4981384277344,332.5,403.5,257.4981294607655,466.7001178487102,1.0,194590.0,1.12478817502722,-2.60572802708424
853.0,328666.0,445.4981384277344,332.5,403.5,257.64510007882916,467.06851745755677,1.0,194944.0,0.8177613983682477,-2.565537528956213
854.0,329064.0,445.668701171875,334.5,401.5,257.8106961603902,467.51647028547256,1.0,194997.0,0.7391566576582136,-2.2494359648389946
855.0,329435.0,445.668701171875,334.5,401.5,257.9697010288394,467.89849326536626,1.0,195607.0,0.9393477188117458,-2.2940939837651513
856.0,329849.0,446.33013916015625,334.5,402.5,258.143083825815,468.3539259957403,1.0,194227.0,1.040272979077713,-2.1135071515815866
857.0,330239.0,446.66131591796875,334.5,403.0,258.30346345124184,468.7355331100897,1.0,196130.0,1.45528500994169,-2.4457430025399844
858.0,330632.0,446.66131591796875,334.5,403.0,258.4542000021669,469.01812331721254,1.0,196327.0,1.5912549513352587,-2.417670924461504
859.0,330938.0,446.95086669921875,334.0,404.0,258.5806734473283,469.3340494772327,1.0,195817.0,1.8853026583644805,-2.2970421650402386
860.0,331437.0,447.2430419921875,333.5,405.0,258.77271479992436,469.8435909959824,1.0,196113.0,1.7541890622391065,-2.186811727117231
861.0,331828.0,447.2430419921875,333.5,405.0,258.9475345239565,470.34375726012615,1.0,197668.0,1.6458445289367774,-1.756717631443621
862.0,332250.0,447.2430419921875,333.5,405.0,259.11960483974053,470.791886081313,1.0,195701.0,1.8693701742262192,-1.8756736398667044
863.0,332701.0,447.42047119140625,339.0,399.0,259.3035691914998,471.2080220030215,1.0,197576.0,1.5496011430057024,-1.6961077813775205
864.0,333031.0,447.42047119140625,339.0,399.0,259.4398371980916,471.5978159260601,1.0,197477.0,1.6050179388479364,-1.5660641701709892
865.0,333313.0,448.1256408691406,339.5,399.5,259.5623875646731,471.8400152594097,1.0,197388.0,1.6234874178891232,-1.7132211346158215
866.0,333648.0,448.4521484375,339.5,400.0,259.70508810070913,472.21377571957765,1.0,197777.0,1.5427344295513876,-1.2120878845108223
867.0,334242.0,448.4521484375,339.5,400.0,259.9204473979226,472.6489183315667,1.0,198247.0,1.5845505447214236,-1.146416807050855
868.0,334578.0,448.8307800292969,340.0,400.0,260.05274435449377,473.0013742045894,1.0,197114.0,1.272802223802728,-1.0408309826777327
869.0,334987.0,449.2096862792969,340.5,400.0,260.21969587497364,473.4792497934965,1.0,197282.0,0.8645531665233648,-1.171895823975774
870.0,335451.0,449.9681396484375,341.5,400.0,260.4145815970652,474.05379441108806,1.0,198264.0,0.8080382724621131,-1.3995501429653245
871.0,335827.0,450.6731872558594,342.0,400.5,260.5775378383101,474.55768880084537,1.0,197846.0,1.0142768795371921,-1.6858866455328325
872.0,336188.0,456.96014404296875,342.5,391.5,260.7612257513541,475.11856414977933,1.0,199257.0,0.4457121508525006,-1.5994847268542571
873.0,336718.0,457.71014404296875,343.5,391.5,260.9788262630236,475.7343796605267,1.0,199218.0,0.5929585701049973,-1.5641539224190524
874.0,337199.0,457.7554931640625,344.0,391.0,261.18353189731016,476.4147352780839,1.0,199008.0,0.46852045088223804,-1.8508456688571187
875.0,337534.0,458.5074462890625,345.0,391.0,261.32646920594874,476.83451005536335,1.0,199533.0,0.4424961367950573,-1.29369443052218
876.0,338075.0,458.8837890625,345.5,391.0,261.5510944206255,477.59815745038213,1.0,199717.0,0.4787690479425919,-1.4563533926919376
877.0,338350.0,459.2603759765625,346.0,391.0,261.6832034254105,478.0097279242874,1.0,199944.0,0.6570464701991341,-1.3492230483449248
878.0,338683.0,459.6371765136719,346.5,391.0,261.822139911813,478.29771061900095,1.0,199554.0,0.8543653026088123,-1.5477961256466415
879.0,338982.0,459.6371765136719,346.5,391.0,261.95704668881336,478.71165642747167,1.0,199894.0,0.8861815022378323,-1.5362712977490105
880.0,339286.0,460.3915100097656,347.5,391.0,262.0934330369747,479.0258343761803,1.0,199771.0,1.2290152236880658,-1.381135385664379
881.0,339590.0,460.7196350097656,347.5,391.5,262.22369313814596,479.43273771538605,1.0,200152.0,1.144230095094258,-1.5187698058232968
882.0,339922.0,460.7196350097656,347.5,391.5,262.3662596715163,479.7707786016151,1.0,200615.0,1.0820608823163411,-1.4220132818423394
883.0,340291.0,461.474365234375,348.5,391.5,262.5191720659518,480.1369596246054,1.0,201531.0,0.7824130177822326,-1.535934556766506
884.0,340683.0,461.8520812988281,349.0,391.5,262.68547809746093,480.6037869180808,1.0,201269.0,0.7550368466587543,-1.646239251783527
885.0,340962.0,462.2300109863281,349.5,391.5,262.79117567320986,480.8655737294481,1.0,200842.0,0.8468419622920464,-1.2370925643833743
886.0,341389.0,462.2300109863281,349.5,391.5,262.96149366482865,481.39962609015504,1.0,201711.0,0.6122822093930154,-1.3846033593803213
887.0,341833.0,462.6081848144531,350.0,391.5,263.1314377426673,481.814279572534,1.0,200806.0,1.0022266278066354,-1.3648797377360893
888.0,342179.0,462.6600646972656,350.5,391.0,263.29097659082976,482.26548705044195,1.0,201545.0,0.8853200330147502,-1.346217418806873
889.0,342549.0,462.9866027832031,350.5,391.5,263.4536096847569,482.75190313363424,1.0,201413.0,0.9207329849274402,-1.3788620127673994
890.0,342915.0,463.365234375,351.0,391.5,263.6002327540588,483.18216026670524,1.0,202573.0,0.613366287412191,-1.354916638400141
891.0,343305.0,463.4180908203125,351.5,391.0,263.76799471349443,483.7267823799128,1.0,202249.0,0.8513938187735448,-1.1999289205018613
892.0,343705.0,463.7974548339844,352.0,391.0,263.9405878151465,484.29371253245176,1.0,201177.0,1.0443238591865338,-0.952994319475863
893.0,344410.0,463.7974548339844,352.0,391.0,264.2002119381702,485.0807149233346,1.0,202643.0,1.223673766465481,-0.8868233578260742
894.0,344820.0,465.0498352050781,354.5,390.0,264.35971559819,485.5183312707664,1.0,203624.0,1.1191573065458442,-0.5469818318048851
895.0,345086.0,465.0498352050781,354.5,390.0,264.47829640691117,485.904568809835,1.0,203718.0,0.696995766559553,-1.24632643428248
896.0,345635.0,465.75457763671875,355.0,390.5,264.69552427451674,486.49799588464714,1.0,202716.0,0.8171620480801494,-1.0979972673746374
897.0,346008.0,466.1942443847656,356.0,390.0,264.8489783566143,486.94311768607577,1.0,203090.0,0.8815290673990148,-0.837320415139061
898.0,346287.0,466.5172424316406,356.0,390.5,264.96991989753303,487.30698742990575,1.0,202293.0,1.0407650978186211,-1.0474470055635834
899.0,346665.0,466.576171875,356.5,390.0,265.12416540599787,487.798318966336,1.0,203315.0,1.2248310870685373,-1.0476776578105387
900.0,347041.0,466.576171875,356.5,390.0,265.2968489557793,488.3943079111385,1.0,204348.0,0.7847423411153613,-1.3364436244786475
901.0,347357.0,466.9583435058594,357.0,390.0,265.42384499365784,488.84864733371205,1.0,204216.0,0.7746476792298154,-1.198044675299002
902.0,347679.0,466.9583435058594,357.0,390.0,265.5667165771349,489.3597858426865,1.0,203894.0,0.9269904146192403,-1.326257150152287
903.0,348013.0,466.9583435058594,357.0,390.0,265.70949458352334,489.81608792254434,1.0,204731.0,1.099175269571333,-1.3917229393358639
904.0,348368.0,467.40167236328125,358.0,389.5,265.8585168040358,490.2039881496985,1.0,204663.0,1.1069304669141502,-1.3756294262164488
905.0,348762.0,467.7847595214844,358.5,389.5,266.0303670326392,490.7105562340759,1.0,204943.0,1.134999522627254,-1.3694130735876229
906.0,349108.0,467.8472900390625,359.0,389.0,266.1675219543168,491.0959682120229,1.0,204398.0,1.0489147697317094,-1.1480309617193143
907.0,349449.0,467.8472900390625,359.0,389.0,266.31566020340824,491.6927902502907,1.0,204558.0,0.9768951737976295,-1.157716999483057
908.0,349784.0,468.2310791015625,359.5,389.0,266.4598563900828,492.2000101583384,1.0,204627.0,1.1603506228904052,-1.115944599161935
909.0,350077.0,468.2310791015625,359.5,389.0,266.5831912191871,492.6877307119266,1.0,205433.0,0.8669938391946062,-1.0771821757467137
910.0,350450.0,468.2951354980469,360.0,388.5,266.7313508986594,493.1338053504243,1.0,206345.0,1.2641472638756568,-1.2419855465577143
911.0,350830.0,468.6150817871094,360.0,389.0,266.8744580672025,493.5659023786551,1.0,205742.0,1.120291409905576,-0.8621988166289043
912.0,351294.0,468.6150817871094,360.0,389.0,267.0660935981008,494.1760819788833,1.0,205464.0,0.9435570821701731,-1.0331038346191121
913.0,351627.0,468.67962646484375,360.5,388.5,267.21048662786,494.5836632967167,1.0,206013.0,0.9168829440417312,-1.1798053228000072
914.0,351971.0,468.7452392578125,361.0,388.0,267.363793215575,495.1110986064497,1.0,206146.0,0.9155492239831347,-1.0643802529393156
915.0,352254.0,469.51580810546875,362.0,388.0,267.47648355218905,495.49591316845556,1.0,207671.0,0.7805689128662152,-0.8046132901629335
916.0,352695.0,470.15325927734375,362.0,389.0,267.6507904359806,495.99395157602476,1.0,206012.0,0.9984743391264601,-1.070518336101884
917.0,353068.0,470.72772216796875,361.5,390.5,267.8038349170711,496.4070910049533,1.0,207845.0,0.7146416680787979,-1.2062023495657854
918.0,353426.0,470.72772216796875,361.5,390.5,267.9507721734827,496.8138484351673,1.0,207786.0,0.745113984379941,-1.1981135081272214
919.0,353784.0,470.7919921875,362.0,390.0,268.0926548686945,497.27658299984324,1.0,208681.0,0.7070150362818595,-1.3775106199596507
920.0,354130.0,471.0595397949219,364.0,388.0,268.22873144139805,497.5791394341206,1.0,208408.0,1.0696108910583462,-1.2921114342224769
921.0,354508.0,471.0595397949219,364.0,388.0,268.37822119282504,498.0219372491792,1.0,208494.0,0.8740578971389823,-1.6625918222968608
922.0,354850.0,471.43194580078125,362.0,391.0,268.5143671772947,498.45090028109536,1.0,208640.0,1.1886013125356385,-1.9303197353652877
923.0,355280.0,471.8160095214844,362.5,391.0,268.67506271535785,498.9078071147013,1.0,208091.0,1.123476922908253,-2.107478963115909
924.0,355589.0,472.20025634765625,363.0,391.0,268.80396172854205,499.26746339011515,1.0,208300.0,0.9728902048332202,-2.2096882166027854
925.0,355915.0,472.52020263671875,363.0,391.5,268.94395007208715,499.62766135636315,1.0,209797.0,1.2864680094049845,-1.9461707235882955
926.0,356298.0,472.5847473144531,363.5,391.0,269.0884799822083,500.0583465853507,1.0,209781.0,1.1534815773369473,-2.480340218533229
927.0,356637.0,472.96942138671875,364.0,391.0,269.2256462413325,500.4448021510464,1.0,209208.0,1.582193477173746,-1.9742007376523247
928.0,356930.0,472.96942138671875,364.0,391.0,269.3521664539691,500.75642781695774,1.0,209211.0,1.1071277998273672,-1.8893566135033666
929.0,357543.0,476.6207580566406,365.0,385.5,269.60257825358934,501.49576269396334,1.0,209405.0,0.9532279996775515,-1.8500531719506625
930.0,357943.0,476.6826477050781,365.5,385.0,269.76316571138096,501.9732064490761,1.0,209577.0,1.0346354542539302,-1.1695120068366691
931.0,358399.0,476.6826477050781,365.5,385.0,269.92685738527143,502.3086700426342,1.0,210669.0,1.0108090586257958,-1.4187296313579623
932.0,358658.0,477.0037536621094,365.5,385.5,270.0287727723669,502.63525542079236,1.0,210988.0,1.2309574957542964,-1.412147885940442
933.0,358951.0,477.0037536621094,365.5,385.5,270.14669233289953,502.9234534201005,1.0,211691.0,1.2430196480961513,-1.633804988258646
934.0,359228.0,477.3869934082031,366.0,385.5,270.24759008789124,503.19374995917656,1.0,211371.0,1.375303750267335,-1.455150266429996
935.0,359545.0,477.3869934082031,366.0,385.5,270.37191227826327,503.52537175383947,1.0,211715.0,1.2908825628977638,-1.4455858319740855
936.0,359832.0,477.3869934082031,366.0,385.5,270.48296497263823,503.8496303459558,1.0,211911.0,0.8364397428154007,-1.6794995913652997
937.0,360251.0,478.215576171875,362.06292724609375,391.4107666015625,270.63656440940036,504.2866248474175,1.0,212286.0,0.5991256533143314,-1.64583264184364
938.0,360646.0,478.5513000488281,358.5,396.0,270.7898753167485,504.7204671747472,1.0,213080.0,0.6248569774588759,-1.8007622056968557
939.0,361025.0,478.8826599121094,358.5,396.5,270.95357639152104,505.12770662477027,1.0,211870.0,0.83838753615305,-1.7807195778419214
940.0,361402.0,479.257080078125,359.0,396.5,271.09640202011764,505.585798851194,1.0,211337.0,0.9981062852942841,-1.8153219859300407
941.0,361739.0,479.6317138671875,359.5,396.5,271.2513951475003,506.10769604897337,1.0,212354.0,0.8561790913945515,-1.8670573395872907
942.0,362080.0,480.2942810058594,359.5,396.5,271.39230227512974,506.50962478515646,1.0,212651.0,1.1095405705461872,-1.6281088247938555
943.0,362423.0,480.2942810058594,359.5,396.5,271.5426839260553,507.00631159468685,1.0,213448.0,1.2170859253363915,-1.5981738865864372
944.0,362685.0,481.0000915527344,360.0,396.0,271.6631231968928,507.35096333800334,1.0,212268.0,1.0877825398443974,-2.019365084141725
945.0,363006.0,481.66387939453125,360.0,397.0,271.7951035084836,507.71793348454366,1.0,212876.0,0.8499798452750156,-1.9077184874736872
946.0,363321.0,483.3468017578125,386.7733459472656,366.8800048828125,271.92875949727403,508.05117852436877,1.0,213187.0,1.1062069863676243,-1.837041454723817
947.0,363657.0,483.3468017578125,386.7733459472656,366.8800048828125,272.058246934197,508.4142012178653,1.0,213120.0,1.1501594319429387,-1.9239628117222765
948.0,363978.0,483.3468017578125,386.7733459472656,366.8800048828125,272.1774972595528,508.6935718090772,1.0,213237.0,1.1194667591274765,-1.8017789792990584
949.0,364292.0,484.009765625,387.2652282714844,367.3291320800781,272.311186300306,509.0878116451241,1.0,214394.0,1.197972540558908,-1.6789449715663523
950.0,364778.0,485.0312805175781,393.5,360.0,272.5179887402844,509.74704510569643,1.0,215141.0,1.393200652044925,-1.4996112160762323
951.0,365090.0,485.0312805175781,393.5,360.0,272.63044653074655,510.00975478978006,1.0,215199.0,1.7864568897961135,-1.6420249425488578
952.0,365413.0,485.3973388671875,393.5,360.5,272.76537904733584,510.3285216386857,1.0,213815.0,1.0042433290151394,-1.9191120305318918
953.0,365766.0,486.157470703125,393.0,362.0,272.9025229027169,510.5800622821067,1.0,215233.0,1.1610566022627609,-1.4752269964416769
954.0,366162.0,486.3962707519531,395.5,360.0,273.0525680392887,510.9060579010588,1.0,215391.0,0.8838072417718195,-1.5579455096965944
955.0,366674.0,486.73822021484375,396.0,360.0,273.2621024898362,511.5662224971465,1.0,216720.0,0.5940682573166214,-1.5658664895914853
956.0,367007.0,486.73822021484375,396.0,360.0,273.40422465777266,511.9736321335309,1.0,214315.0,0.9481319184523045,-1.8013401160412172
957.0,367295.0,486.73822021484375,396.0,360.0,273.5199351665525,512.1816084163897,1.0,217054.0,1.519523167285115,-1.5907599250362523
958.0,367642.0,486.73822021484375,396.0,360.0,273.65175174785486,512.6059402695148,1.0,216436.0,1.1745244421531424,-1.584215057202016
959.0,367902.0,486.73822021484375,396.0,360.0,273.75652836114824,512.8635296060737,1.0,217078.0,1.750716513481052,-2.4460827000606287
960.0,368344.0,486.8368225097656,394.0,362.0,273.91987871422276,513.3673148925631,1.0,217331.0,1.3809437418233301,-2.4008624951362663
961.0,368597.0,487.42327880859375,396.55255126953125,360.4209899902344,274.02733590026344,513.6232081960219,1.0,216839.0,1.459651460998316,-2.108546088848584
962.0,368963.0,487.42327880859375,396.55255126953125,360.4209899902344,274.1833542592014,514.2304930670681,1.0,216431.0,1.7700844472857398,-1.5615996621674526
963.0,369369.0,487.42327880859375,396.55255126953125,360.4209899902344,274.3383551329923,514.7591669897681,1.0,216531.0,1.6855666970342327,-2.0339056146613075
964.0,369690.0,487.42327880859375,396.55255126953125,360.4209899902344,274.4707544630359,514.8834819646091,1.0,216724.0,1.4816181967993316,-1.776927741999259
965.0,369874.0,487.7666015625,396.8121643066406,360.64813232421875,274.5477281513398,514.9951456081892,1.0,217705.0,2.245997910914525,-2.4645514110463864
966.0,370748.0,487.8097229003906,396.5,361.0,274.82965456115244,515.3665199695886,1.0,217148.0,2.212345551397334,-2.436349209446064
967.0,371072.0,488.4325256347656,394.0,363.5,274.95277539920795,515.5385533594941,1.0,216492.0,2.178001567759793,-2.518080046044986
968.0,371243.0,488.7955627441406,394.0,363.0,275.0214639166353,515.6438693503937,1.0,218536.0,1.5978626675309897,-2.487249029719976
969.0,371453.0,489.1393737792969,394.5,363.0,275.1022376947503,515.8373774607347,1.0,218219.0,1.5499168657665905,-2.376626484855251
970.0,371764.0,489.1588134765625,394.0,363.5,275.22719638996784,516.1856739491225,1.0,217244.0,1.4022759580700495,-2.7000465861187877
971.0,372055.0,489.50238037109375,394.5,363.5,275.33117791476235,516.3816418115579,1.0,218401.0,0.659955407542725,-2.29054987014149
972.0,372681.0,489.50238037109375,394.5,363.5,275.5678585211386,516.9796901233161,1.0,218645.0,0.8971372476171382,-2.3599614389423778
973.0,373043.0,490.5531005859375,396.5,362.0,275.69825223118534,517.2852211304707,1.0,217956.0,0.8442056796154702,-2.3555005843088566
974.0,373279.0,490.91607666015625,397.5,361.5,275.7870449773934,517.5413026996009,1.0,217375.0,1.0626760155299735,-2.3772376069854886
975.0,373686.0,490.9359436035156,397.0,362.0,275.9287318672723,517.8868119443122,1.0,219653.0,0.8471016491943146,-2.500251578303107
